#pragma once

namespace resources::particles::custom {

	inline unsigned char autopeek[ 3454 ]
	{
		0x7E, 0x0D, 0x00, 0x00, 0x0C, 0x00, 0x01, 0x00, 0x08, 0x00, 0x00, 0x00,
		0x03, 0x00, 0x00, 0x00, 0x52, 0x45, 0x52, 0x4C, 0x20, 0x00, 0x00, 0x00,
		0x53, 0x00, 0x00, 0x00, 0x52, 0x45, 0x44, 0x32, 0x70, 0x00, 0x00, 0x00,
		0xC1, 0x02, 0x00, 0x00, 0x44, 0x41, 0x54, 0x41, 0x34, 0x03, 0x00, 0x00,
		0x1E, 0x0A, 0x00, 0x00, 0x0C, 0x00, 0x00, 0x00, 0x01, 0x00, 0x00, 0x00,
		0x00, 0x00, 0x00, 0x00, 0xD3, 0x8D, 0x95, 0x19, 0x76, 0x16, 0xB0, 0xF7,
		0x08, 0x00, 0x00, 0x00, 0x00, 0x00, 0x00, 0x00, 0x6D, 0x61, 0x74, 0x65,
		0x72, 0x69, 0x61, 0x6C, 0x73, 0x2F, 0x70, 0x61, 0x72, 0x74, 0x69, 0x63,
		0x6C, 0x65, 0x2F, 0x70, 0x61, 0x72, 0x74, 0x69, 0x63, 0x6C, 0x65, 0x5F,
		0x66, 0x6C, 0x61, 0x72, 0x65, 0x73, 0x2F, 0x61, 0x69, 0x72, 0x63, 0x72,
		0x61, 0x66, 0x74, 0x5F, 0x77, 0x68, 0x69, 0x74, 0x65, 0x2E, 0x76, 0x74,
		0x65, 0x78, 0x00, 0x00, 0x00, 0x00, 0x00, 0x00, 0x00, 0x00, 0x00, 0x00,
		0x05, 0x33, 0x56, 0x4B, 0x7C, 0x16, 0x12, 0x74, 0xE9, 0x06, 0x98, 0x46,
		0xAF, 0xF2, 0xE6, 0x3E, 0xB5, 0x90, 0x37, 0xE7, 0x01, 0x00, 0x00, 0x00,
		0x00, 0x00, 0x00, 0x40, 0x37, 0x02, 0x00, 0x00, 0x01, 0x00, 0x00, 0x00,
		0x00, 0x00, 0x00, 0x00, 0x21, 0x00, 0x00, 0x00, 0x06, 0x00, 0x07, 0x00,
		0x2D, 0x03, 0x00, 0x00, 0x49, 0x02, 0x00, 0x00, 0x00, 0x00, 0x00, 0x00,
		0x00, 0x00, 0x00, 0x00, 0x00, 0x00, 0x00, 0x00, 0x00, 0x00, 0x00, 0x00,
		0x3C, 0x02, 0x00, 0x00, 0x9A, 0x01, 0x00, 0x00, 0xF1, 0x00, 0x00, 0x00,
		0xAF, 0x00, 0x00, 0x00, 0x03, 0x00, 0x00, 0x00, 0x00, 0x00, 0x00, 0x00,
		0x2C, 0x00, 0x00, 0x00, 0x00, 0x00, 0x00, 0x00, 0x1E, 0x00, 0x00, 0x00,
		0x06, 0x00, 0x00, 0x00, 0x07, 0x00, 0x00, 0x00, 0x08, 0x00, 0x00, 0x00,
		0xF0, 0x48, 0x6D, 0x5F, 0x49, 0x6E, 0x70, 0x75, 0x74, 0x44, 0x65, 0x70,
		0x65, 0x6E, 0x64, 0x65, 0x6E, 0x63, 0x69, 0x65, 0x73, 0x00, 0x6D, 0x5F,
		0x52, 0x65, 0x6C, 0x61, 0x74, 0x69, 0x76, 0x65, 0x46, 0x69, 0x6C, 0x65,
		0x6E, 0x61, 0x6D, 0x65, 0x00, 0x61, 0x75, 0x74, 0x6F, 0x70, 0x65, 0x65,
		0x6B, 0x2E, 0x76, 0x70, 0x63, 0x66, 0x00, 0x6D, 0x5F, 0x53, 0x65, 0x61,
		0x72, 0x63, 0x68, 0x50, 0x61, 0x74, 0x68, 0x00, 0x63, 0x73, 0x67, 0x6F,
		0x5F, 0x61, 0x64, 0x64, 0x6F, 0x6E, 0x73, 0x2F, 0x63, 0x68, 0x6C, 0x65,
		0x6E, 0x00, 0x6D, 0x5F, 0x6E, 0x39, 0x00, 0xF0, 0x00, 0x43, 0x52, 0x43,
		0x00, 0x6D, 0x5F, 0x62, 0x4F, 0x70, 0x74, 0x69, 0x6F, 0x6E, 0x61, 0x6C,
		0x0C, 0x00, 0x00, 0x17, 0x00, 0x60, 0x45, 0x78, 0x69, 0x73, 0x74, 0x73,
		0x0E, 0x00, 0x51, 0x49, 0x73, 0x47, 0x61, 0x6D, 0x64, 0x00, 0x72, 0x00,
		0x6D, 0x5F, 0x41, 0x64, 0x64, 0x69, 0x29, 0x00, 0x0F, 0x91, 0x00, 0x01,
		0x7C, 0x41, 0x72, 0x67, 0x75, 0x6D, 0x65, 0x6E, 0x17, 0x00, 0xA0, 0x50,
		0x61, 0x72, 0x61, 0x6D, 0x65, 0x74, 0x65, 0x72, 0x4E, 0xA5, 0x00, 0xB2,
		0x5F, 0x5F, 0x5F, 0x4F, 0x76, 0x65, 0x72, 0x72, 0x69, 0x64, 0x65, 0x44,
		0x00, 0x68, 0x61, 0x74, 0x61, 0x5F, 0x5F, 0x5F, 0x28, 0x00, 0xF2, 0x03,
		0x54, 0x79, 0x70, 0x65, 0x00, 0x42, 0x69, 0x6E, 0x61, 0x72, 0x79, 0x42,
		0x6C, 0x6F, 0x62, 0x41, 0x72, 0x67, 0xAE, 0x00, 0x9B, 0x6E, 0x67, 0x65,
		0x72, 0x70, 0x72, 0x69, 0x6E, 0x74, 0x0F, 0x00, 0x70, 0x44, 0x65, 0x66,
		0x61, 0x75, 0x6C, 0x74, 0xF2, 0x00, 0x6B, 0x70, 0x65, 0x63, 0x69, 0x61,
		0x6C, 0x81, 0x00, 0xF0, 0x0B, 0x53, 0x74, 0x72, 0x69, 0x6E, 0x67, 0x00,
		0x4B, 0x56, 0x33, 0x20, 0x43, 0x6F, 0x6D, 0x70, 0x69, 0x6C, 0x65, 0x72,
		0x20, 0x56, 0x65, 0x72, 0x73, 0x69, 0x6F, 0x07, 0x01, 0x04, 0x13, 0x00,
		0xB3, 0x49, 0x64, 0x65, 0x6E, 0x74, 0x69, 0x66, 0x69, 0x65, 0x72, 0x00,
		0x13, 0x00, 0x61, 0x50, 0x61, 0x72, 0x74, 0x69, 0x63, 0xF9, 0x00, 0x50,
		0x6E, 0x55, 0x73, 0x65, 0x72, 0xAB, 0x00, 0x14, 0x00, 0x15, 0x00, 0x0E,
		0x4B, 0x00, 0x08, 0x1F, 0x01, 0x01, 0x9C, 0x01, 0x20, 0x65, 0x64, 0x37,
		0x01, 0x10, 0x73, 0x64, 0x00, 0xF0, 0x00, 0x68, 0x69, 0x6C, 0x64, 0x52,
		0x65, 0x73, 0x6F, 0x75, 0x72, 0x63, 0x65, 0x4C, 0x69, 0x73, 0xAC, 0x00,
		0xB5, 0x57, 0x65, 0x61, 0x6B, 0x52, 0x65, 0x66, 0x65, 0x72, 0x65, 0x6E,
		0x14, 0x00, 0x02, 0xB2, 0x01, 0x45, 0x61, 0x62, 0x6C, 0x65, 0x70, 0x00,
		0x29, 0x49, 0x73, 0x3D, 0x00, 0x00, 0x25, 0x00, 0x75, 0x75, 0x62, 0x61,
		0x73, 0x73, 0x65, 0x74, 0x3D, 0x00, 0x16, 0x73, 0x15, 0x00, 0x00, 0x0C,
		0x01, 0x21, 0x69, 0x6E, 0x85, 0x00, 0x70, 0x73, 0x00, 0x00, 0x1F, 0x00,
		0x00, 0x00, 0x97, 0x0A, 0x00, 0x00, 0x00, 0x06, 0x00, 0x00, 0x00, 0x04,
		0x04, 0x00, 0x10, 0x01, 0x04, 0x00, 0x43, 0x01, 0x02, 0x00, 0x00, 0x0C,
		0x00, 0x00, 0x0A, 0x00, 0x13, 0x03, 0x1C, 0x00, 0x80, 0x05, 0x00, 0x00,
		0x00, 0x3C, 0xA1, 0x78, 0x0E, 0x34, 0x00, 0xA2, 0x07, 0x00, 0x00, 0x00,
		0x08, 0x00, 0x00, 0x00, 0x09, 0x00, 0x01, 0x00, 0x00, 0x4C, 0x00, 0xF3,
		0x1A, 0x0B, 0x00, 0x00, 0x00, 0x0C, 0x00, 0x00, 0x00, 0x0D, 0x00, 0x00,
		0x00, 0x0E, 0x00, 0x00, 0x00, 0x0F, 0x00, 0x00, 0x00, 0x10, 0x00, 0x00,
		0x00, 0x11, 0x00, 0x00, 0x00, 0x12, 0x00, 0x00, 0x00, 0x13, 0x00, 0x00,
		0x00, 0x14, 0x00, 0x00, 0x00, 0x15, 0x1C, 0x00, 0x00, 0x5C, 0x00, 0x13,
		0x16, 0x1C, 0x00, 0x1F, 0x17, 0x1C, 0x00, 0x04, 0x13, 0x18, 0x60, 0x00,
		0x13, 0x19, 0x08, 0x00, 0x13, 0x1A, 0x08, 0x00, 0xD0, 0x1B, 0x00, 0x00,
		0x00, 0x1C, 0x00, 0x00, 0x00, 0x1D, 0x00, 0x00, 0x00, 0x1E, 0x88, 0x00,
		0x90, 0x18, 0x09, 0x06, 0x06, 0x0C, 0x0E, 0x0D, 0x0E, 0x08, 0x09, 0x00,
		0x21, 0x0F, 0x0F, 0x0F, 0x00, 0x10, 0x0F, 0x04, 0x00, 0xB0, 0x08, 0x08,
		0x08, 0x09, 0x0F, 0x01, 0x01, 0x00, 0xDD, 0xEE, 0xFF, 0x00, 0x00, 0x00,
		0x00, 0x00, 0x00, 0x00, 0x00, 0x00, 0x00, 0x00, 0x00, 0x00, 0x00, 0x00,
		0x05, 0x33, 0x56, 0x4B, 0x1D, 0xCE, 0xD3, 0x39, 0x42, 0x94, 0x07, 0x44,
		0x9B, 0x78, 0x83, 0x17, 0x14, 0x5B, 0x17, 0x32, 0x01, 0x00, 0x00, 0x00,
		0x00, 0x00, 0x00, 0x40, 0x0F, 0x09, 0x00, 0x00, 0x0D, 0x00, 0x00, 0x00,
		0x5C, 0x00, 0x00, 0x00, 0x21, 0x02, 0x00, 0x00, 0x26, 0x00, 0x40, 0x00,
		0x15, 0x1A, 0x00, 0x00, 0xA6, 0x09, 0x00, 0x00, 0x00, 0x00, 0x00, 0x00,
		0x00, 0x00, 0x00, 0x00, 0x00, 0x00, 0x00, 0x00, 0x00, 0x00, 0x00, 0x00,
		0x28, 0x0C, 0x00, 0x00, 0x08, 0x06, 0x00, 0x00, 0xED, 0x0D, 0x00, 0x00,
		0x9E, 0x03, 0x00, 0x00, 0x2F, 0x00, 0x00, 0x00, 0x00, 0x00, 0x00, 0x00,
		0x89, 0x02, 0x00, 0x00, 0x1B, 0x00, 0x00, 0x00, 0xF1, 0x01, 0x00, 0x00,
		0x26, 0x00, 0x00, 0x00, 0x18, 0x00, 0x00, 0x00, 0x20, 0x00, 0x00, 0x00,
		0xF4, 0x40, 0x5F, 0x63, 0x6C, 0x61, 0x73, 0x73, 0x00, 0x43, 0x50, 0x61,
		0x72, 0x74, 0x69, 0x63, 0x6C, 0x65, 0x53, 0x79, 0x73, 0x74, 0x65, 0x6D,
		0x44, 0x65, 0x66, 0x69, 0x6E, 0x69, 0x74, 0x69, 0x6F, 0x6E, 0x00, 0x6D,
		0x5F, 0x62, 0x53, 0x68, 0x6F, 0x75, 0x6C, 0x64, 0x48, 0x69, 0x74, 0x62,
		0x6F, 0x78, 0x65, 0x73, 0x46, 0x61, 0x6C, 0x6C, 0x62, 0x61, 0x63, 0x6B,
		0x54, 0x6F, 0x52, 0x65, 0x6E, 0x64, 0x65, 0x72, 0x42, 0x6F, 0x75, 0x6E,
		0x64, 0x73, 0x00, 0x6D, 0x5F, 0x6E, 0x4D, 0x61, 0x78, 0x47, 0x00, 0x01,
		0x10, 0x00, 0xC2, 0x42, 0x65, 0x68, 0x61, 0x76, 0x69, 0x6F, 0x72, 0x56,
		0x65, 0x72, 0x73, 0x4B, 0x00, 0xF0, 0x2E, 0x6E, 0x46, 0x69, 0x72, 0x73,
		0x74, 0x4D, 0x75, 0x6C, 0x74, 0x69, 0x70, 0x6C, 0x65, 0x4F, 0x76, 0x65,
		0x72, 0x72, 0x69, 0x64, 0x65, 0x5F, 0x42, 0x61, 0x63, 0x6B, 0x77, 0x61,
		0x72, 0x64, 0x43, 0x6F, 0x6D, 0x70, 0x61, 0x74, 0x00, 0x6D, 0x5F, 0x63,
		0x6F, 0x6E, 0x74, 0x72, 0x6F, 0x6C, 0x50, 0x6F, 0x69, 0x6E, 0x74, 0x43,
		0x6F, 0x6E, 0x66, 0x69, 0x67, 0x75, 0x72, 0x61, 0x8F, 0x00, 0x01, 0x58,
		0x00, 0xF0, 0x05, 0x61, 0x6D, 0x65, 0x00, 0x70, 0x72, 0x65, 0x76, 0x69,
		0x65, 0x77, 0x00, 0x6D, 0x5F, 0x64, 0x72, 0x69, 0x76, 0x65, 0x72, 0x19,
		0x00, 0xF0, 0x1A, 0x69, 0x41, 0x74, 0x74, 0x61, 0x63, 0x68, 0x54, 0x79,
		0x70, 0x65, 0x00, 0x50, 0x41, 0x54, 0x54, 0x41, 0x43, 0x48, 0x5F, 0x57,
		0x4F, 0x52, 0x4C, 0x44, 0x4F, 0x52, 0x49, 0x47, 0x49, 0x4E, 0x00, 0x6D,
		0x5F, 0x65, 0x6E, 0x74, 0x69, 0x74, 0x79, 0x4E, 0x41, 0x00, 0xC0, 0x73,
		0x65, 0x6C, 0x66, 0x00, 0x6D, 0x5F, 0x45, 0x6D, 0x69, 0x74, 0x74, 0x3F,
		0x00, 0xA3, 0x43, 0x5F, 0x4F, 0x50, 0x5F, 0x4E, 0x6F, 0x69, 0x73, 0x65,
		0x13, 0x00, 0xF0, 0x03, 0x00, 0x6D, 0x5F, 0x66, 0x6C, 0x4F, 0x75, 0x74,
		0x70, 0x75, 0x74, 0x4D, 0x61, 0x78, 0x00, 0x6D, 0x5F, 0x49, 0x12, 0x01,
		0x42, 0x61, 0x6C, 0x69, 0x7A, 0x2F, 0x00, 0x41, 0x49, 0x4E, 0x49, 0x54,
		0x14, 0x00, 0x51, 0x46, 0x6C, 0x6F, 0x61, 0x74, 0x20, 0x00, 0x80, 0x70,
		0x75, 0x74, 0x56, 0x61, 0x6C, 0x75, 0x65, 0xA5, 0x00, 0x02, 0x86, 0x00,
		0xF2, 0x05, 0x46, 0x5F, 0x54, 0x59, 0x50, 0x45, 0x5F, 0x52, 0x41, 0x4E,
		0x44, 0x4F, 0x4D, 0x5F, 0x42, 0x49, 0x41, 0x53, 0x45, 0x44, 0x2B, 0x01,
		0x14, 0x70, 0x21, 0x00, 0x32, 0x4D, 0x41, 0x50, 0x25, 0x00, 0x61, 0x44,
		0x49, 0x52, 0x45, 0x43, 0x54, 0x77, 0x00, 0x74, 0x4C, 0x69, 0x74, 0x65,
		0x72, 0x61, 0x6C, 0x4D, 0x00, 0x00, 0xB1, 0x00, 0x15, 0x64, 0x5A, 0x00,
		0x17, 0x43, 0x1D, 0x01, 0x00, 0x10, 0x00, 0xE1, 0x53, 0x63, 0x61, 0x6C,
		0x61, 0x72, 0x41, 0x74, 0x74, 0x72, 0x69, 0x62, 0x75, 0x74, 0x23, 0x00,
		0x5F, 0x56, 0x65, 0x63, 0x74, 0x6F, 0x13, 0x00, 0x01, 0x00, 0x62, 0x01,
		0x51, 0x6F, 0x6E, 0x65, 0x6E, 0x74, 0x67, 0x00, 0x98, 0x52, 0x61, 0x6E,
		0x64, 0x6F, 0x6D, 0x4D, 0x69, 0x6E, 0x0E, 0x00, 0x01, 0xEC, 0x00, 0x42,
		0x62, 0x48, 0x61, 0x73, 0x10, 0x00, 0x80, 0x53, 0x69, 0x67, 0x6E, 0x46,
		0x6C, 0x69, 0x70, 0x44, 0x00, 0x03, 0x12, 0x00, 0x36, 0x65, 0x65, 0x64,
		0x0E, 0x00, 0x31, 0x4D, 0x6F, 0x64, 0xC7, 0x00, 0x03, 0xE3, 0x00, 0xC3,
		0x4D, 0x4F, 0x44, 0x45, 0x5F, 0x43, 0x4F, 0x4E, 0x53, 0x54, 0x41, 0x4E,
		0xCC, 0x00, 0x34, 0x4F, 0x44, 0x30, 0x09, 0x00, 0x14, 0x31, 0x09, 0x00,
		0x14, 0x32, 0x09, 0x00, 0x10, 0x33, 0x4A, 0x00, 0x01, 0x77, 0x01, 0x02,
		0x3F, 0x01, 0x0D, 0xB9, 0x00, 0x21, 0x66, 0x6C, 0x1E, 0x00, 0x03, 0x89,
		0x01, 0x2D, 0x69, 0x6E, 0x13, 0x00, 0x26, 0x61, 0x78, 0x13, 0x00, 0x00,
		0x0B, 0x01, 0x00, 0x35, 0x00, 0x32, 0x76, 0x65, 0x63, 0x23, 0x00, 0x79,
		0x66, 0x66, 0x73, 0x65, 0x74, 0x52, 0x61, 0x4A, 0x00, 0x01, 0x14, 0x00,
		0x05, 0x77, 0x00, 0x75, 0x4F, 0x63, 0x74, 0x61, 0x76, 0x65, 0x73, 0x10,
		0x00, 0x91, 0x54, 0x75, 0x72, 0x62, 0x75, 0x6C, 0x65, 0x6E, 0x63, 0xD6,
		0x00, 0xF6, 0x00, 0x4E, 0x4F, 0x49, 0x53, 0x45, 0x5F, 0x54, 0x55, 0x52,
		0x42, 0x5F, 0x4E, 0x4F, 0x4E, 0x45, 0x26, 0x00, 0x28, 0x79, 0x70, 0x20,
		0x00, 0x00, 0xBF, 0x01, 0x65, 0x50, 0x45, 0x52, 0x4C, 0x49, 0x4E, 0x22,
		0x00, 0x85, 0x4D, 0x6F, 0x64, 0x69, 0x66, 0x69, 0x65, 0x72, 0x26, 0x00,
		0x00, 0x1B, 0x01, 0x54, 0x49, 0x46, 0x49, 0x45, 0x52, 0x4A, 0x00, 0x2B,
		0x66, 0x6C, 0x71, 0x00, 0x04, 0xBE, 0x00, 0x0D, 0x19, 0x00, 0x27, 0x4D,
		0x69, 0xE4, 0x00, 0x42, 0x49, 0x6D, 0x67, 0x50, 0xFD, 0x02, 0x04, 0x30,
		0x00, 0x1B, 0x62, 0x18, 0x00, 0x34, 0x4C, 0x69, 0x76, 0x47, 0x00, 0x64,
		0x43, 0x61, 0x6D, 0x65, 0x72, 0x61, 0xB3, 0x03, 0x00, 0x2C, 0x00, 0x32,
		0x55, 0x73, 0x65, 0xB2, 0x03, 0x32, 0x43, 0x65, 0x6E, 0xE6, 0x02, 0x11,
		0x6E, 0x7A, 0x01, 0x04, 0xC8, 0x01, 0x53, 0x49, 0x4E, 0x50, 0x55, 0x54,
		0xC7, 0x01, 0x61, 0x4C, 0x41, 0x4D, 0x50, 0x45, 0x44, 0x4B, 0x00, 0x00,
		0xB4, 0x03, 0x20, 0x46, 0x61, 0x9D, 0x01, 0x01, 0x0F, 0x00, 0x01, 0x33,
		0x00, 0x16, 0x30, 0x0B, 0x00, 0x17, 0x31, 0x2E, 0x03, 0x17, 0x30, 0x0C,
		0x00, 0x13, 0x31, 0x88, 0x00, 0xA6, 0x74, 0x63, 0x68, 0x65, 0x64, 0x52,
		0x61, 0x6E, 0x67, 0x65, 0xC3, 0x01, 0x07, 0x14, 0x00, 0x28, 0x61, 0x78,
		0x14, 0x00, 0x02, 0x3B, 0x00, 0x7E, 0x4F, 0x75, 0x74, 0x73, 0x69, 0x64,
		0x65, 0x19, 0x00, 0x23, 0x49, 0x6E, 0x18, 0x00, 0x20, 0x6E, 0x52, 0xC9,
		0x00, 0x04, 0x8B, 0x01, 0x52, 0x52, 0x4F, 0x55, 0x4E, 0x44, 0x8B, 0x01,
		0x71, 0x4E, 0x45, 0x41, 0x52, 0x45, 0x53, 0x54, 0x84, 0x04, 0x34, 0x69,
		0x61, 0x73, 0x22, 0x00, 0x00, 0x7F, 0x03, 0x02, 0x21, 0x00, 0xB1, 0x45,
		0x58, 0x50, 0x4F, 0x4E, 0x45, 0x4E, 0x54, 0x49, 0x41, 0x4C, 0x60, 0x00,
		0x00, 0x26, 0x00, 0x62, 0x50, 0x61, 0x72, 0x61, 0x6D, 0x65, 0x13, 0x01,
		0x31, 0x43, 0x75, 0x72, 0x43, 0x01, 0x50, 0x73, 0x70, 0x6C, 0x69, 0x6E,
		0x09, 0x00, 0x10, 0x74, 0xA7, 0x00, 0x30, 0x6E, 0x74, 0x73, 0x5C, 0x02,
		0x98, 0x44, 0x6F, 0x6D, 0x61, 0x69, 0x6E, 0x4D, 0x69, 0x6E, 0x0E, 0x00,
		0x21, 0x61, 0x78, 0x43, 0x02, 0x02, 0xA2, 0x00, 0x5C, 0x46, 0x69, 0x65,
		0x6C, 0x64, 0xFD, 0x03, 0x74, 0x55, 0x4E, 0x49, 0x46, 0x4F, 0x52, 0x4D,
		0x3A, 0x04, 0x02, 0x3E, 0x03, 0x31, 0x43, 0x6F, 0x6C, 0x52, 0x01, 0x01,
		0x08, 0x00, 0x02, 0x1B, 0x01, 0x02, 0x0B, 0x00, 0x01, 0x12, 0x01, 0x31,
		0x54, 0x69, 0x6E, 0xE0, 0x02, 0x04, 0x4A, 0x00, 0x77, 0x4C, 0x49, 0x54,
		0x45, 0x52, 0x41, 0x4C, 0x7D, 0x04, 0x00, 0x91, 0x04, 0x50, 0x56, 0x65,
		0x6C, 0x6F, 0x63, 0xD7, 0x04, 0x00, 0x06, 0x02, 0x02, 0xFD, 0x02, 0x08,
		0x1B, 0x03, 0x06, 0x0F, 0x00, 0x01, 0x5F, 0x00, 0x91, 0x54, 0x72, 0x61,
		0x6E, 0x73, 0x66, 0x6F, 0x72, 0x6D, 0xB8, 0x01, 0x05, 0x8E, 0x00, 0x53,
		0x69, 0x6E, 0x67, 0x57, 0x61, 0x37, 0x02, 0x03, 0x58, 0x00, 0x6A, 0x52,
		0x61, 0x64, 0x69, 0x75, 0x73, 0x39, 0x01, 0x00, 0xD7, 0x03, 0x32, 0x44,
		0x41, 0x52, 0x14, 0x02, 0x80, 0x54, 0x68, 0x69, 0x63, 0x6B, 0x6E, 0x65,
		0x73, 0xFA, 0x00, 0x74, 0x4F, 0x70, 0x65, 0x72, 0x61, 0x74, 0x6F, 0x49,
		0x05, 0xB1, 0x46, 0x61, 0x64, 0x65, 0x41, 0x6E, 0x64, 0x4B, 0x69, 0x6C,
		0x6C, 0x2B, 0x00, 0x80, 0x53, 0x74, 0x61, 0x72, 0x74, 0x46, 0x61, 0x64,
		0xB5, 0x03, 0x32, 0x54, 0x69, 0x6D, 0x68, 0x00, 0x30, 0x45, 0x6E, 0x64,
		0x13, 0x00, 0x21, 0x49, 0x6E, 0x12, 0x00, 0x01, 0x38, 0x00, 0xA2, 0x42,
		0x61, 0x73, 0x69, 0x63, 0x4D, 0x6F, 0x76, 0x65, 0x6D, 0xA4, 0x04, 0x73,
		0x47, 0x72, 0x61, 0x76, 0x69, 0x74, 0x79, 0x5E, 0x06, 0xE0, 0x43, 0x6F,
		0x6E, 0x73, 0x74, 0x72, 0x61, 0x69, 0x6E, 0x74, 0x50, 0x61, 0x73, 0x73,
		0xB5, 0x03, 0x00, 0x69, 0x02, 0x92, 0x70, 0x53, 0x74, 0x72, 0x65, 0x6E,
		0x67, 0x74, 0x68, 0x43, 0x00, 0x10, 0x49, 0xD7, 0x02, 0x63, 0x70, 0x6F,
		0x6C, 0x61, 0x74, 0x65, 0xC2, 0x00, 0x04, 0xE2, 0x01, 0x04, 0x75, 0x00,
		0x04, 0x38, 0x03, 0x02, 0xC0, 0x06, 0x05, 0xFD, 0x05, 0x02, 0x0F, 0x00,
		0x72, 0x53, 0x70, 0x72, 0x69, 0x74, 0x65, 0x73, 0x39, 0x01, 0x82, 0x54,
		0x65, 0x78, 0x74, 0x75, 0x72, 0x65, 0x73, 0x2C, 0x01, 0x33, 0x6D, 0x5F,
		0x68, 0x11, 0x00, 0xC3, 0x00, 0x6D, 0x61, 0x74, 0x65, 0x72, 0x69, 0x61,
		0x6C, 0x73, 0x2F, 0x70, 0xF2, 0x06, 0x05, 0x09, 0x00, 0xF6, 0x0C, 0x5F,
		0x66, 0x6C, 0x61, 0x72, 0x65, 0x73, 0x2F, 0x61, 0x69, 0x72, 0x63, 0x72,
		0x61, 0x66, 0x74, 0x5F, 0x77, 0x68, 0x69, 0x74, 0x65, 0x2E, 0x76, 0x74,
		0x65, 0x78, 0x22, 0x02, 0x52, 0x42, 0x6C, 0x65, 0x6E, 0x64, 0x73, 0x03,
		0xB0, 0x41, 0x52, 0x54, 0x49, 0x43, 0x4C, 0x45, 0x5F, 0x4F, 0x55, 0x54,
		0x7A, 0x03, 0x52, 0x42, 0x4C, 0x45, 0x4E, 0x44, 0x80, 0x03, 0x32, 0x41,
		0x44, 0x44, 0x87, 0x00, 0x01, 0x13, 0x02, 0x02, 0xB6, 0x00, 0x42, 0x50,
		0x56, 0x45, 0x43, 0x8B, 0x01, 0x80, 0x43, 0x50, 0x5F, 0x56, 0x41, 0x4C,
		0x55, 0x45, 0x23, 0x00, 0x0B, 0x30, 0x06, 0x03, 0x0F, 0x00, 0x04, 0x5D,
		0x02, 0x79, 0x62, 0x46, 0x6F, 0x6C, 0x6C, 0x6F, 0x77, 0x46, 0x06, 0x1B,
		0x76, 0x6A, 0x05, 0x04, 0x14, 0x01, 0x6B, 0x6E, 0x44, 0x65, 0x6C, 0x74,
		0x61, 0x63, 0x06, 0x31, 0x76, 0x43, 0x50, 0x38, 0x00, 0x05, 0x5F, 0x05,
		0xD4, 0x43, 0x50, 0x52, 0x65, 0x6C, 0x61, 0x74, 0x69, 0x76, 0x65, 0x50,
		0x6F, 0x73, 0x28, 0x08, 0x07, 0x16, 0x00, 0x20, 0x44, 0x69, 0x78, 0x00,
		0x01, 0x19, 0x07, 0x05, 0x72, 0x06, 0x1D, 0x58, 0x12, 0x00, 0x1D, 0x59,
		0x12, 0x00, 0x14, 0x5A, 0x12, 0x00, 0x02, 0xC5, 0x01, 0x03, 0x8E, 0x02,
		0x00, 0x0B, 0x00, 0x09, 0x71, 0x04, 0x05, 0x11, 0x00, 0x10, 0x31, 0x77,
		0x00, 0x02, 0x10, 0x00, 0x06, 0x7C, 0x04, 0x09, 0x11, 0x00, 0x12, 0x31,
		0x45, 0x02, 0x22, 0x64, 0x69, 0x50, 0x02, 0x41, 0x53, 0x74, 0x6F, 0x70,
		0xDC, 0x01, 0x08, 0xFB, 0x06, 0x16, 0x76, 0xFA, 0x06, 0x32, 0x00, 0x87,
		0x00, 0x04, 0x00, 0x5B, 0xCE, 0x00, 0x00, 0x00, 0xFA, 0x0C, 0x00, 0x00,
		0x01, 0x00, 0xFF, 0x03, 0xBF, 0x00, 0x00, 0x00, 0xFF, 0x00, 0x00, 0x00,
		0xDA, 0x00, 0x00, 0x00, 0x70, 0x00, 0x00, 0x00, 0xD6, 0x00, 0x01, 0x00,
		0x41, 0x2F, 0x59, 0x40, 0x18, 0x00, 0x1B, 0x0F, 0x01, 0x00, 0x5D, 0x2F,
		0x59, 0xC0, 0x58, 0x00, 0x43, 0x2F, 0xF0, 0x3F, 0x08, 0x00, 0x1B, 0x0F,
		0x48, 0x00, 0x0D, 0x0F, 0x01, 0x00, 0xF5, 0x0F, 0x40, 0x01, 0x1D, 0x09,
		0x01, 0x00, 0x50, 0x00, 0x00, 0x00, 0x00, 0x00, 0x57, 0x0A, 0x00, 0x00,
		0x00, 0x02, 0x04, 0x00, 0x93, 0x03, 0x00, 0x00, 0x00, 0x2F, 0x00, 0x00,
		0x00, 0x04, 0x10, 0x00, 0x13, 0x04, 0x04, 0x00, 0x17, 0x03, 0x20, 0x00,
		0x13, 0x05, 0x14, 0x00, 0x1B, 0x00, 0x30, 0x00, 0x17, 0x2F, 0x2C, 0x00,
		0x0F, 0x10, 0x00, 0x01, 0x5E, 0x01, 0x00, 0x00, 0x00, 0x17, 0x30, 0x00,
		0x0D, 0x08, 0x00, 0x10, 0x01, 0x04, 0x00, 0x71, 0x01, 0x01, 0x07, 0x03,
		0x02, 0x02, 0x03, 0x01, 0x00, 0x22, 0x02, 0x02, 0x0B, 0x00, 0x58, 0x02,
		0x02, 0x01, 0x01, 0x03, 0x13, 0x00, 0x04, 0x19, 0x00, 0x11, 0x03, 0x8C,
		0x00, 0x17, 0x01, 0xA4, 0x00, 0x22, 0x88, 0x13, 0x4C, 0x00, 0x13, 0x05,
		0x04, 0x00, 0x13, 0x06, 0x04, 0x00, 0xC0, 0x07, 0x00, 0x00, 0x00, 0x08,
		0x00, 0x00, 0x00, 0x09, 0x00, 0x00, 0x00, 0xFC, 0x00, 0xD3, 0x0B, 0x00,
		0x00, 0x00, 0x0C, 0x00, 0x00, 0x00, 0x0D, 0x00, 0x00, 0x00, 0x0E, 0xD4,
		0x00, 0x93, 0x0F, 0x00, 0x00, 0x00, 0x10, 0x00, 0x00, 0x00, 0x11, 0x10,
		0x00, 0xF3, 0x02, 0x12, 0x00, 0x00, 0x00, 0x13, 0x00, 0x00, 0x00, 0x14,
		0x00, 0x00, 0x00, 0x15, 0x00, 0x00, 0x00, 0x16, 0xC8, 0x00, 0xF3, 0x02,
		0x18, 0x00, 0x00, 0x00, 0x19, 0x00, 0x00, 0x00, 0xFF, 0xFF, 0xFF, 0xFF,
		0x1A, 0x00, 0x00, 0x00, 0x1B, 0x7C, 0x00, 0x13, 0x1C, 0x6C, 0x00, 0xF3,
		0x02, 0x1D, 0x00, 0x00, 0x00, 0x1E, 0x00, 0x00, 0x00, 0x1F, 0x00, 0x00,
		0x00, 0x20, 0x00, 0x00, 0x00, 0x21, 0x2C, 0x00, 0xF3, 0x22, 0x22, 0x00,
		0x00, 0x00, 0x23, 0x00, 0x00, 0x00, 0x24, 0x00, 0x00, 0x00, 0x25, 0x00,
		0x00, 0x00, 0x26, 0x00, 0x00, 0x00, 0x27, 0x00, 0x00, 0x00, 0x28, 0x00,
		0x00, 0x00, 0x29, 0x00, 0x00, 0x00, 0x2A, 0x00, 0x00, 0x00, 0x2B, 0x00,
		0x00, 0x00, 0x2C, 0x00, 0x00, 0x00, 0x2D, 0x00, 0x00, 0x00, 0x2E, 0x1C,
		0x01, 0xF3, 0x62, 0x30, 0x00, 0x00, 0x00, 0x31, 0x00, 0x00, 0x00, 0x32,
		0x00, 0x00, 0x00, 0x33, 0x00, 0x00, 0x00, 0x34, 0x00, 0x00, 0x00, 0x35,
		0x00, 0x00, 0x00, 0x36, 0x00, 0x00, 0x00, 0x37, 0x00, 0x00, 0x00, 0x38,
		0x00, 0x00, 0x00, 0x39, 0x00, 0x00, 0x00, 0x3A, 0x00, 0x00, 0x00, 0x3B,
		0x00, 0x00, 0x00, 0x3C, 0x00, 0x00, 0x00, 0x3D, 0x00, 0x00, 0x00, 0x3E,
		0x00, 0x00, 0x00, 0x3F, 0x00, 0x00, 0x00, 0x40, 0x00, 0x00, 0x00, 0x41,
		0x00, 0x00, 0x00, 0x42, 0x00, 0x00, 0x00, 0x43, 0x00, 0x00, 0x00, 0x44,
		0x00, 0x00, 0x00, 0x45, 0x00, 0x00, 0x00, 0x46, 0x00, 0x00, 0x00, 0x47,
		0x00, 0x00, 0x00, 0x48, 0x00, 0x00, 0x00, 0x49, 0x00, 0x00, 0x00, 0x4A,
		0x00, 0x00, 0x00, 0x4B, 0x00, 0x00, 0x00, 0x4C, 0x00, 0x01, 0x13, 0x4D,
		0x08, 0x00, 0xAE, 0x4E, 0x00, 0x00, 0x00, 0x4F, 0x00, 0x00, 0x00, 0x50,
		0x00, 0x18, 0x01, 0x17, 0x51, 0xEC, 0x00, 0x04, 0xE0, 0x00, 0x00, 0x01,
		0x00, 0xEE, 0x52, 0x00, 0x00, 0x00, 0x53, 0x00, 0x00, 0x00, 0x54, 0x00,
		0x00, 0x00, 0x55, 0x00, 0x38, 0x00, 0x13, 0x56, 0x48, 0x01, 0x13, 0x50,
		0x9C, 0x01, 0x0F, 0x58, 0x00, 0x11, 0x13, 0x20, 0x30, 0x00, 0x04, 0x84,
		0x02, 0xD3, 0x57, 0x00, 0x00, 0x00, 0x58, 0x00, 0x00, 0x00, 0x59, 0x00,
		0x00, 0x00, 0x5A, 0x14, 0x00, 0x57, 0x5B, 0x00, 0x00, 0x00, 0x5C, 0x64,
		0x00, 0x0F, 0xB4, 0x01, 0xC9, 0x1F, 0x5D, 0xB4, 0x01, 0x10, 0x1F, 0x5E,
		0x0C, 0x01, 0xF8, 0x13, 0x5F, 0x10, 0x00, 0x93, 0x60, 0x00, 0x00, 0x00,
		0x61, 0x00, 0x00, 0x00, 0x62, 0x10, 0x00, 0xDF, 0x63, 0x00, 0x00, 0x00,
		0x64, 0x00, 0x00, 0x00, 0x65, 0x00, 0x00, 0x00, 0x66, 0x30, 0x01, 0xF8,
		0x00, 0x01, 0x00, 0xD3, 0x67, 0x00, 0x00, 0x00, 0x68, 0x00, 0x00, 0x00,
		0x69, 0x00, 0x00, 0x00, 0x6A, 0x14, 0x00, 0xF3, 0x0A, 0x6B, 0x00, 0x00,
		0x00, 0x6C, 0x00, 0x00, 0x00, 0x6D, 0x00, 0x00, 0x00, 0x6E, 0x00, 0x00,
		0x00, 0x6F, 0x00, 0x00, 0x00, 0x70, 0x00, 0x00, 0x00, 0x71, 0x3C, 0x01,
		0x97, 0x72, 0x00, 0x00, 0x00, 0x73, 0x00, 0x00, 0x00, 0x74, 0x38, 0x01,
		0x17, 0x75, 0x30, 0x01, 0x53, 0x76, 0x00, 0x00, 0x00, 0x1A, 0xB4, 0x05,
		0xFF, 0x02, 0x77, 0x00, 0x00, 0x00, 0x78, 0x00, 0x00, 0x00, 0x79, 0x00,
		0x00, 0x00, 0x7A, 0x00, 0x00, 0x00, 0x7B, 0x80, 0x01, 0xF8, 0x1F, 0x7C,
		0x0C, 0x01, 0xF8, 0x1F, 0x7D, 0x0C, 0x01, 0xF8, 0x1F, 0x7E, 0x0C, 0x01,
		0xF8, 0xF3, 0x06, 0x7F, 0x00, 0x00, 0x00, 0x80, 0x00, 0x00, 0x00, 0x81,
		0x00, 0x00, 0x00, 0x82, 0x00, 0x00, 0x00, 0x83, 0x00, 0x00, 0x00, 0x84,
		0x24, 0x00, 0x67, 0x85, 0x00, 0x00, 0x00, 0x86, 0x00, 0x01, 0x00, 0x50,
		0x88, 0xB3, 0x40, 0x9A, 0x99, 0x01, 0x00, 0x24, 0xB9, 0x3F, 0x08, 0x00,
		0x02, 0x19, 0x00, 0x95, 0xE0, 0x3F, 0x94, 0x4F, 0x8F, 0x6D, 0x19, 0x70,
		0xD0, 0x10, 0x00, 0x02, 0x08, 0x00, 0x21, 0x18, 0x40, 0x07, 0x00, 0x32,
		0x80, 0x76, 0x40, 0x10, 0x00, 0x15, 0x36, 0x40, 0x00, 0x0A, 0x28, 0x00,
		0x1D, 0xF8, 0x50, 0x00, 0x11, 0x66, 0x01, 0x00, 0x1D, 0xE6, 0x18, 0x00,
		0x20, 0xCD, 0xCC, 0x01, 0x00, 0x13, 0xE4, 0x10, 0x00, 0x1D, 0xD0, 0x20,
		0x00, 0x0F, 0x10, 0x00, 0x1D, 0xC0, 0x09, 0x06, 0x0E, 0x0B, 0x0B, 0x0B,
		0x18, 0x09, 0x06, 0x18, 0x09, 0x06, 0x04, 0x00, 0xF3, 0x1B, 0x05, 0x18,
		0x09, 0x06, 0x09, 0x06, 0x06, 0x11, 0x06, 0x0F, 0x0B, 0x0B, 0x0F, 0x05,
		0x12, 0x0E, 0x0B, 0x06, 0x11, 0x11, 0x11, 0x11, 0x0F, 0x11, 0x12, 0x05,
		0x19, 0x05, 0x11, 0x10, 0x06, 0x06, 0x06, 0x12, 0x05, 0x12, 0x0D, 0x11,
		0x0E, 0x06, 0x12, 0x11, 0x02, 0x00, 0xF0, 0x05, 0x06, 0x06, 0x05, 0x09,
		0x08, 0x08, 0x19, 0x05, 0x19, 0x05, 0x10, 0x06, 0x09, 0x06, 0x05, 0x05,
		0x06, 0x06, 0x19, 0x0B, 0x02, 0x00, 0x40, 0x06, 0x09, 0x06, 0x12, 0x05,
		0x00, 0x60, 0x11, 0x05, 0x06, 0x0D, 0x0B, 0x06, 0x20, 0x00, 0x01, 0x59,
		0x00, 0x11, 0x05, 0x59, 0x00, 0x1F, 0x11, 0x59, 0x00, 0x12, 0x13, 0x11,
		0x59, 0x00, 0x0F, 0x37, 0x00, 0x24, 0x00, 0xCE, 0x00, 0x55, 0x11, 0x06,
		0x19, 0x05, 0x0F, 0xD0, 0x00, 0x0F, 0x40, 0x00, 0x1B, 0x31, 0x06, 0x05,
		0x05, 0x18, 0x01, 0x40, 0x86, 0x01, 0x06, 0x09, 0xC1, 0x00, 0xA3, 0x0B,
		0x06, 0x0E, 0x0B, 0x19, 0x05, 0x0B, 0x0F, 0x19, 0x05, 0x95, 0x00, 0x0F,
		0x55, 0x00, 0x21, 0x0F, 0x37, 0x00, 0x92, 0x21, 0x11, 0x12, 0x3D, 0x00,
		0x90, 0x08, 0x19, 0x05, 0x19, 0x05, 0x00, 0xDD, 0xEE, 0xFF
	};

	inline unsigned char bluetime[ 4462 ]
	{
		0x6E, 0x11, 0x00, 0x00, 0x0C, 0x00, 0x01, 0x00, 0x08, 0x00, 0x00, 0x00,
		0x03, 0x00, 0x00, 0x00, 0x52, 0x45, 0x52, 0x4C, 0x20, 0x00, 0x00, 0x00,
		0x8C, 0x00, 0x00, 0x00, 0x52, 0x45, 0x44, 0x32, 0xA0, 0x00, 0x00, 0x00,
		0xD6, 0x02, 0x00, 0x00, 0x44, 0x41, 0x54, 0x41, 0x74, 0x03, 0x00, 0x00,
		0xCE, 0x0D, 0x00, 0x00, 0x0C, 0x00, 0x00, 0x00, 0x02, 0x00, 0x00, 0x00,
		0x00, 0x00, 0x00, 0x00, 0xA2, 0x57, 0x82, 0x70, 0x5E, 0xFD, 0x45, 0xDC,
		0x18, 0x00, 0x00, 0x00, 0x00, 0x00, 0x00, 0x00, 0x17, 0xB7, 0x44, 0xE9,
		0xF5, 0x97, 0x77, 0x94, 0x3E, 0x00, 0x00, 0x00, 0x00, 0x00, 0x00, 0x00,
		0x6D, 0x61, 0x74, 0x65, 0x72, 0x69, 0x61, 0x6C, 0x73, 0x2F, 0x70, 0x61,
		0x72, 0x74, 0x69, 0x63, 0x6C, 0x65, 0x2F, 0x66, 0x69, 0x72, 0x65, 0x5F,
		0x6F, 0x6E, 0x73, 0x75, 0x72, 0x66, 0x61, 0x63, 0x65, 0x2F, 0x66, 0x69,
		0x72, 0x65, 0x5F, 0x6F, 0x6E, 0x73, 0x75, 0x72, 0x66, 0x61, 0x63, 0x65,
		0x2E, 0x76, 0x74, 0x65, 0x78, 0x00, 0x6D, 0x61, 0x74, 0x65, 0x72, 0x69,
		0x61, 0x6C, 0x73, 0x2F, 0x70, 0x61, 0x72, 0x74, 0x69, 0x63, 0x6C, 0x65,
		0x2F, 0x69, 0x6D, 0x70, 0x61, 0x63, 0x74, 0x2F, 0x66, 0x6C, 0x65, 0x6B,
		0x73, 0x5F, 0x67, 0x6C, 0x6F, 0x77, 0x2E, 0x76, 0x74, 0x65, 0x78, 0x00,
		0x05, 0x33, 0x56, 0x4B, 0x7C, 0x16, 0x12, 0x74, 0xE9, 0x06, 0x98, 0x46,
		0xAF, 0xF2, 0xE6, 0x3E, 0xB5, 0x90, 0x37, 0xE7, 0x01, 0x00, 0x00, 0x00,
		0x00, 0x00, 0x00, 0x40, 0x4B, 0x02, 0x00, 0x00, 0x01, 0x00, 0x00, 0x00,
		0x00, 0x00, 0x00, 0x00, 0x21, 0x00, 0x00, 0x00, 0x06, 0x00, 0x07, 0x00,
		0x41, 0x03, 0x00, 0x00, 0x5E, 0x02, 0x00, 0x00, 0x00, 0x00, 0x00, 0x00,
		0x00, 0x00, 0x00, 0x00, 0x00, 0x00, 0x00, 0x00, 0x00, 0x00, 0x00, 0x00,
		0x50, 0x02, 0x00, 0x00, 0xAF, 0x01, 0x00, 0x00, 0xF1, 0x00, 0x00, 0x00,
		0xAF, 0x00, 0x00, 0x00, 0x03, 0x00, 0x00, 0x00, 0x00, 0x00, 0x00, 0x00,
		0x2C, 0x00, 0x00, 0x00, 0x00, 0x00, 0x00, 0x00, 0x1E, 0x00, 0x00, 0x00,
		0x06, 0x00, 0x00, 0x00, 0x07, 0x00, 0x00, 0x00, 0x08, 0x00, 0x00, 0x00,
		0xF0, 0x5C, 0x6D, 0x5F, 0x49, 0x6E, 0x70, 0x75, 0x74, 0x44, 0x65, 0x70,
		0x65, 0x6E, 0x64, 0x65, 0x6E, 0x63, 0x69, 0x65, 0x73, 0x00, 0x6D, 0x5F,
		0x52, 0x65, 0x6C, 0x61, 0x74, 0x69, 0x76, 0x65, 0x46, 0x69, 0x6C, 0x65,
		0x6E, 0x61, 0x6D, 0x65, 0x00, 0x63, 0x68, 0x69, 0x63, 0x6B, 0x65, 0x6E,
		0x5F, 0x67, 0x6F, 0x6E, 0x65, 0x5F, 0x66, 0x65, 0x61, 0x74, 0x68, 0x65,
		0x72, 0x73, 0x5F, 0x66, 0x69, 0x72, 0x65, 0x2E, 0x76, 0x70, 0x63, 0x66,
		0x00, 0x6D, 0x5F, 0x53, 0x65, 0x61, 0x72, 0x63, 0x68, 0x50, 0x61, 0x74,
		0x68, 0x00, 0x63, 0x73, 0x67, 0x6F, 0x5F, 0x61, 0x64, 0x64, 0x6F, 0x6E,
		0x73, 0x2F, 0x73, 0x6F, 0x73, 0x69, 0x73, 0x6B, 0x61, 0x00, 0x6D, 0x5F,
		0x6E, 0x4D, 0x00, 0xF0, 0x00, 0x43, 0x52, 0x43, 0x00, 0x6D, 0x5F, 0x62,
		0x4F, 0x70, 0x74, 0x69, 0x6F, 0x6E, 0x61, 0x6C, 0x0C, 0x00, 0x00, 0x17,
		0x00, 0x60, 0x45, 0x78, 0x69, 0x73, 0x74, 0x73, 0x0E, 0x00, 0x51, 0x49,
		0x73, 0x47, 0x61, 0x6D, 0x78, 0x00, 0x72, 0x00, 0x6D, 0x5F, 0x41, 0x64,
		0x64, 0x69, 0x29, 0x00, 0x0F, 0xA5, 0x00, 0x01, 0x7C, 0x41, 0x72, 0x67,
		0x75, 0x6D, 0x65, 0x6E, 0x17, 0x00, 0xA0, 0x50, 0x61, 0x72, 0x61, 0x6D,
		0x65, 0x74, 0x65, 0x72, 0x4E, 0xB9, 0x00, 0xB2, 0x5F, 0x5F, 0x5F, 0x4F,
		0x76, 0x65, 0x72, 0x72, 0x69, 0x64, 0x65, 0x44, 0x00, 0x68, 0x61, 0x74,
		0x61, 0x5F, 0x5F, 0x5F, 0x28, 0x00, 0xF2, 0x03, 0x54, 0x79, 0x70, 0x65,
		0x00, 0x42, 0x69, 0x6E, 0x61, 0x72, 0x79, 0x42, 0x6C, 0x6F, 0x62, 0x41,
		0x72, 0x67, 0xAE, 0x00, 0x9B, 0x6E, 0x67, 0x65, 0x72, 0x70, 0x72, 0x69,
		0x6E, 0x74, 0x0F, 0x00, 0x70, 0x44, 0x65, 0x66, 0x61, 0x75, 0x6C, 0x74,
		0xF4, 0x00, 0x6B, 0x70, 0x65, 0x63, 0x69, 0x61, 0x6C, 0x81, 0x00, 0xF4,
		0x0F, 0x53, 0x74, 0x72, 0x69, 0x6E, 0x67, 0x00, 0x4B, 0x56, 0x33, 0x20,
		0x43, 0x6F, 0x6D, 0x70, 0x69, 0x6C, 0x65, 0x72, 0x20, 0x56, 0x65, 0x72,
		0x73, 0x69, 0x6F, 0x6E, 0x00, 0x6D, 0x5F, 0x13, 0x00, 0xB3, 0x49, 0x64,
		0x65, 0x6E, 0x74, 0x69, 0x66, 0x69, 0x65, 0x72, 0x00, 0x13, 0x00, 0x61,
		0x50, 0x61, 0x72, 0x74, 0x69, 0x63, 0xF9, 0x00, 0x50, 0x6E, 0x55, 0x73,
		0x65, 0x72, 0xAB, 0x00, 0x14, 0x00, 0x15, 0x00, 0x0E, 0x4B, 0x00, 0x08,
		0x1F, 0x01, 0x01, 0xB0, 0x01, 0x20, 0x65, 0x64, 0x37, 0x01, 0x10, 0x73,
		0x64, 0x00, 0xF0, 0x00, 0x68, 0x69, 0x6C, 0x64, 0x52, 0x65, 0x73, 0x6F,
		0x75, 0x72, 0x63, 0x65, 0x4C, 0x69, 0x73, 0xAC, 0x00, 0xB5, 0x57, 0x65,
		0x61, 0x6B, 0x52, 0x65, 0x66, 0x65, 0x72, 0x65, 0x6E, 0x14, 0x00, 0x02,
		0xB4, 0x01, 0x45, 0x61, 0x62, 0x6C, 0x65, 0x70, 0x00, 0x29, 0x49, 0x73,
		0x3D, 0x00, 0x00, 0x25, 0x00, 0x75, 0x75, 0x62, 0x61, 0x73, 0x73, 0x65,
		0x74, 0x3D, 0x00, 0x16, 0x73, 0x15, 0x00, 0x00, 0x0C, 0x01, 0x21, 0x69,
		0x6E, 0x85, 0x00, 0x70, 0x73, 0x00, 0x00, 0x1F, 0x00, 0x00, 0x00, 0x97,
		0x0A, 0x00, 0x00, 0x00, 0x06, 0x00, 0x00, 0x00, 0x04, 0x04, 0x00, 0x10,
		0x01, 0x04, 0x00, 0x43, 0x01, 0x02, 0x00, 0x00, 0x0C, 0x00, 0x00, 0x0A,
		0x00, 0x13, 0x03, 0x1C, 0x00, 0x80, 0x05, 0x00, 0x00, 0x00, 0x96, 0xB2,
		0xF5, 0xFD, 0x34, 0x00, 0xA2, 0x07, 0x00, 0x00, 0x00, 0x08, 0x00, 0x00,
		0x00, 0x09, 0x00, 0x01, 0x00, 0x00, 0x4C, 0x00, 0xF3, 0x1A, 0x0B, 0x00,
		0x00, 0x00, 0x0C, 0x00, 0x00, 0x00, 0x0D, 0x00, 0x00, 0x00, 0x0E, 0x00,
		0x00, 0x00, 0x0F, 0x00, 0x00, 0x00, 0x10, 0x00, 0x00, 0x00, 0x11, 0x00,
		0x00, 0x00, 0x12, 0x00, 0x00, 0x00, 0x13, 0x00, 0x00, 0x00, 0x14, 0x00,
		0x00, 0x00, 0x15, 0x1C, 0x00, 0x00, 0x5C, 0x00, 0x13, 0x16, 0x1C, 0x00,
		0x1F, 0x17, 0x1C, 0x00, 0x04, 0x13, 0x18, 0x60, 0x00, 0x13, 0x19, 0x08,
		0x00, 0x13, 0x1A, 0x08, 0x00, 0xD0, 0x1B, 0x00, 0x00, 0x00, 0x1C, 0x00,
		0x00, 0x00, 0x1D, 0x00, 0x00, 0x00, 0x1E, 0x88, 0x00, 0x90, 0x18, 0x09,
		0x06, 0x06, 0x0C, 0x0E, 0x0D, 0x0E, 0x08, 0x09, 0x00, 0x21, 0x0F, 0x0F,
		0x0F, 0x00, 0x10, 0x0F, 0x04, 0x00, 0xB0, 0x08, 0x08, 0x08, 0x09, 0x0F,
		0x01, 0x01, 0x00, 0xDD, 0xEE, 0xFF, 0x00, 0x00, 0x00, 0x00, 0x00, 0x00,
		0x00, 0x00, 0x00, 0x00, 0x05, 0x33, 0x56, 0x4B, 0x1D, 0xCE, 0xD3, 0x39,
		0x42, 0x94, 0x07, 0x44, 0x9B, 0x78, 0x83, 0x17, 0x14, 0x5B, 0x17, 0x32,
		0x01, 0x00, 0x00, 0x00, 0x00, 0x00, 0x00, 0x40, 0xDE, 0x0B, 0x00, 0x00,
		0x25, 0x00, 0x00, 0x00, 0xEF, 0x01, 0x00, 0x00, 0xDA, 0x08, 0x00, 0x00,
		0x76, 0x00, 0x22, 0x01, 0x66, 0x53, 0x00, 0x00, 0x56, 0x0D, 0x00, 0x00,
		0x00, 0x00, 0x00, 0x00, 0x00, 0x00, 0x00, 0x00, 0x00, 0x00, 0x00, 0x00,
		0x00, 0x00, 0x00, 0x00, 0xF0, 0x1B, 0x00, 0x00, 0x18, 0x08, 0x00, 0x00,
		0x76, 0x37, 0x00, 0x00, 0x3E, 0x05, 0x00, 0x00, 0xD2, 0x00, 0x00, 0x00,
		0x00, 0x00, 0x00, 0x00, 0x31, 0x0A, 0x00, 0x00, 0x65, 0x00, 0x00, 0x00,
		0x06, 0x08, 0x00, 0x00, 0x76, 0x00, 0x00, 0x00, 0x59, 0x00, 0x00, 0x00,
		0x68, 0x00, 0x00, 0x00, 0xF4, 0x40, 0x5F, 0x63, 0x6C, 0x61, 0x73, 0x73,
		0x00, 0x43, 0x50, 0x61, 0x72, 0x74, 0x69, 0x63, 0x6C, 0x65, 0x53, 0x79,
		0x73, 0x74, 0x65, 0x6D, 0x44, 0x65, 0x66, 0x69, 0x6E, 0x69, 0x74, 0x69,
		0x6F, 0x6E, 0x00, 0x6D, 0x5F, 0x62, 0x53, 0x68, 0x6F, 0x75, 0x6C, 0x64,
		0x48, 0x69, 0x74, 0x62, 0x6F, 0x78, 0x65, 0x73, 0x46, 0x61, 0x6C, 0x6C,
		0x62, 0x61, 0x63, 0x6B, 0x54, 0x6F, 0x52, 0x65, 0x6E, 0x64, 0x65, 0x72,
		0x42, 0x6F, 0x75, 0x6E, 0x64, 0x73, 0x00, 0x6D, 0x5F, 0x6E, 0x4D, 0x61,
		0x78, 0x47, 0x00, 0x00, 0x10, 0x00, 0x01, 0x19, 0x00, 0x9B, 0x69, 0x6E,
		0x67, 0x42, 0x6F, 0x78, 0x4D, 0x69, 0x6E, 0x11, 0x00, 0xF2, 0x02, 0x61,
		0x78, 0x00, 0x6D, 0x5F, 0x66, 0x6C, 0x43, 0x75, 0x6C, 0x6C, 0x52, 0x61,
		0x64, 0x69, 0x75, 0x73, 0x0F, 0x00, 0x77, 0x6F, 0x6E, 0x73, 0x74, 0x61,
		0x6E, 0x74, 0x13, 0x00, 0x90, 0x4D, 0x61, 0x78, 0x44, 0x72, 0x61, 0x77,
		0x44, 0x69, 0x19, 0x00, 0x26, 0x63, 0x65, 0x90, 0x00, 0x46, 0x53, 0x6F,
		0x72, 0x74, 0x0E, 0x00, 0x51, 0x42, 0x61, 0x74, 0x63, 0x68, 0x31, 0x00,
		0x95, 0x41, 0x67, 0x67, 0x72, 0x65, 0x67, 0x61, 0x74, 0x65, 0x45, 0x00,
		0xD2, 0x6E, 0x42, 0x65, 0x68, 0x61, 0x76, 0x69, 0x6F, 0x72, 0x56, 0x65,
		0x72, 0x73, 0xD4, 0x00, 0xF0, 0x15, 0x6E, 0x46, 0x69, 0x72, 0x73, 0x74,
		0x4D, 0x75, 0x6C, 0x74, 0x69, 0x70, 0x6C, 0x65, 0x4F, 0x76, 0x65, 0x72,
		0x72, 0x69, 0x64, 0x65, 0x5F, 0x42, 0x61, 0x63, 0x6B, 0x77, 0x61, 0x72,
		0x64, 0x43, 0x6F, 0x6D, 0x70, 0x61, 0x5E, 0x00, 0xF0, 0x06, 0x63, 0x6F,
		0x6E, 0x74, 0x72, 0x6F, 0x6C, 0x50, 0x6F, 0x69, 0x6E, 0x74, 0x43, 0x6F,
		0x6E, 0x66, 0x69, 0x67, 0x75, 0x72, 0x61, 0x18, 0x01, 0x01, 0x58, 0x00,
		0xF0, 0x05, 0x61, 0x6D, 0x65, 0x00, 0x70, 0x72, 0x65, 0x76, 0x69, 0x65,
		0x77, 0x00, 0x6D, 0x5F, 0x64, 0x72, 0x69, 0x76, 0x65, 0x72, 0x19, 0x00,
		0xF0, 0x1A, 0x69, 0x41, 0x74, 0x74, 0x61, 0x63, 0x68, 0x54, 0x79, 0x70,
		0x65, 0x00, 0x50, 0x41, 0x54, 0x54, 0x41, 0x43, 0x48, 0x5F, 0x57, 0x4F,
		0x52, 0x4C, 0x44, 0x4F, 0x52, 0x49, 0x47, 0x49, 0x4E, 0x00, 0x6D, 0x5F,
		0x65, 0x6E, 0x74, 0x69, 0x74, 0x79, 0x4E, 0x41, 0x00, 0xC0, 0x73, 0x65,
		0x6C, 0x66, 0x00, 0x6D, 0x5F, 0x45, 0x6D, 0x69, 0x74, 0x74, 0x3F, 0x00,
		0x62, 0x43, 0x5F, 0x4F, 0x50, 0x5F, 0x49, 0x08, 0x01, 0x63, 0x61, 0x6E,
		0x65, 0x6F, 0x75, 0x73, 0x1B, 0x00, 0x03, 0x63, 0x01, 0x02, 0x0E, 0x00,
		0x90, 0x64, 0x50, 0x65, 0x72, 0x46, 0x72, 0x61, 0x6D, 0x65, 0x16, 0x00,
		0x05, 0x76, 0x01, 0x20, 0x54, 0x6F, 0x1E, 0x00, 0x00, 0x13, 0x00, 0x02,
		0x7C, 0x00, 0xE1, 0x46, 0x5F, 0x54, 0x59, 0x50, 0x45, 0x5F, 0x4C, 0x49,
		0x54, 0x45, 0x52, 0x41, 0x4C, 0x1F, 0x01, 0xB0, 0x4C, 0x69, 0x74, 0x65,
		0x72, 0x61, 0x6C, 0x56, 0x61, 0x6C, 0x75, 0x3C, 0x00, 0x10, 0x49, 0xE7,
		0x01, 0x42, 0x61, 0x6C, 0x69, 0x7A, 0x7B, 0x00, 0xF0, 0x11, 0x49, 0x4E,
		0x49, 0x54, 0x5F, 0x43, 0x72, 0x65, 0x61, 0x74, 0x65, 0x57, 0x69, 0x74,
		0x68, 0x69, 0x6E, 0x53, 0x70, 0x68, 0x65, 0x72, 0x65, 0x54, 0x72, 0x61,
		0x6E, 0x73, 0x66, 0x6F, 0x72, 0x6D, 0x43, 0x00, 0x51, 0x53, 0x70, 0x65,
		0x65, 0x64, 0xC1, 0x01, 0x00, 0x90, 0x00, 0x14, 0x70, 0x6A, 0x00, 0x32,
		0x4D, 0x41, 0x50, 0x6E, 0x00, 0x90, 0x44, 0x49, 0x52, 0x45, 0x43, 0x54,
		0x00, 0x6D, 0x5F, 0xDF, 0x00, 0x14, 0x64, 0x69, 0x00, 0x27, 0x6E, 0x43,
		0x4B, 0x01, 0x00, 0x10, 0x00, 0xE1, 0x53, 0x63, 0x61, 0x6C, 0x61, 0x72,
		0x41, 0x74, 0x74, 0x72, 0x69, 0x62, 0x75, 0x74, 0x23, 0x00, 0x5F, 0x56,
		0x65, 0x63, 0x74, 0x6F, 0x13, 0x00, 0x01, 0x00, 0x90, 0x01, 0x51, 0x6F,
		0x6E, 0x65, 0x6E, 0x74, 0xC3, 0x00, 0x62, 0x52, 0x61, 0x6E, 0x64, 0x6F,
		0x6D, 0x54, 0x02, 0x05, 0x0E, 0x00, 0x01, 0x90, 0x00, 0x42, 0x62, 0x48,
		0x61, 0x73, 0x10, 0x00, 0x80, 0x53, 0x69, 0x67, 0x6E, 0x46, 0x6C, 0x69,
		0x70, 0x44, 0x00, 0x03, 0x22, 0x00, 0x21, 0x6F, 0x64, 0xA8, 0x00, 0xF2,
		0x05, 0x52, 0x41, 0x4E, 0x44, 0x4F, 0x4D, 0x5F, 0x4D, 0x4F, 0x44, 0x45,
		0x5F, 0x43, 0x4F, 0x4E, 0x53, 0x54, 0x41, 0x4E, 0x54, 0x1A, 0x01, 0x34,
		0x4F, 0x44, 0x30, 0x09, 0x00, 0x14, 0x31, 0x09, 0x00, 0x14, 0x32, 0x09,
		0x00, 0x10, 0x33, 0x4A, 0x00, 0xAE, 0x4E, 0x6F, 0x69, 0x73, 0x65, 0x49,
		0x6E, 0x70, 0x75, 0x74, 0xAB, 0x00, 0x21, 0x66, 0x6C, 0x1E, 0x00, 0x64,
		0x4F, 0x75, 0x74, 0x70, 0x75, 0x74, 0x9D, 0x00, 0x08, 0x13, 0x00, 0x26,
		0x61, 0x78, 0x13, 0x00, 0x00, 0xFD, 0x00, 0x00, 0x35, 0x00, 0x32, 0x76,
		0x65, 0x63, 0x23, 0x00, 0x79, 0x66, 0x66, 0x73, 0x65, 0x74, 0x52, 0x61,
		0x4A, 0x00, 0x01, 0x14, 0x00, 0x05, 0x77, 0x00, 0x75, 0x4F, 0x63, 0x74,
		0x61, 0x76, 0x65, 0x73, 0x10, 0x00, 0x91, 0x54, 0x75, 0x72, 0x62, 0x75,
		0x6C, 0x65, 0x6E, 0x63, 0xD6, 0x00, 0xF6, 0x00, 0x4E, 0x4F, 0x49, 0x53,
		0x45, 0x5F, 0x54, 0x55, 0x52, 0x42, 0x5F, 0x4E, 0x4F, 0x4E, 0x45, 0x26,
		0x00, 0x28, 0x79, 0x70, 0x20, 0x00, 0x00, 0xA0, 0x01, 0x65, 0x50, 0x45,
		0x52, 0x4C, 0x49, 0x4E, 0x22, 0x00, 0x85, 0x4D, 0x6F, 0x64, 0x69, 0x66,
		0x69, 0x65, 0x72, 0x26, 0x00, 0x00, 0x1B, 0x01, 0x54, 0x49, 0x46, 0x49,
		0x45, 0x52, 0x4A, 0x00, 0x2B, 0x66, 0x6C, 0x71, 0x00, 0x04, 0xBE, 0x00,
		0x0D, 0x19, 0x00, 0x27, 0x4D, 0x69, 0xE4, 0x00, 0x42, 0x49, 0x6D, 0x67,
		0x50, 0x1D, 0x03, 0x04, 0x30, 0x00, 0x1B, 0x62, 0x18, 0x00, 0x31, 0x4C,
		0x69, 0x76, 0x17, 0x00, 0x32, 0x55, 0x73, 0x65, 0x46, 0x04, 0x33, 0x43,
		0x65, 0x6E, 0xE9, 0x02, 0x01, 0x65, 0x01, 0x04, 0xB3, 0x01, 0x53, 0x49,
		0x4E, 0x50, 0x55, 0x54, 0xB2, 0x01, 0x61, 0x4C, 0x41, 0x4D, 0x50, 0x45,
		0x44, 0x1B, 0x04, 0x00, 0xBF, 0x03, 0x20, 0x46, 0x61, 0x88, 0x01, 0x01,
		0x0F, 0x00, 0x01, 0x33, 0x00, 0x16, 0x30, 0x0B, 0x00, 0x02, 0xC4, 0x01,
		0x02, 0x7D, 0x01, 0x17, 0x30, 0x0C, 0x00, 0x13, 0x31, 0xA3, 0x00, 0xA6,
		0x74, 0x63, 0x68, 0x65, 0x64, 0x52, 0x61, 0x6E, 0x67, 0x65, 0xAE, 0x01,
		0x07, 0x14, 0x00, 0x28, 0x61, 0x78, 0x14, 0x00, 0x02, 0x3B, 0x00, 0x7E,
		0x4F, 0x75, 0x74, 0x73, 0x69, 0x64, 0x65, 0x19, 0x00, 0x23, 0x49, 0x6E,
		0x18, 0x00, 0x54, 0x6E, 0x42, 0x69, 0x61, 0x73, 0x75, 0x01, 0x42, 0x42,
		0x49, 0x41, 0x53, 0x74, 0x01, 0x00, 0x66, 0x02, 0x32, 0x44, 0x41, 0x52,
		0xB8, 0x00, 0x00, 0x23, 0x00, 0x20, 0x50, 0x61, 0xBD, 0x03, 0x02, 0xED,
		0x00, 0x31, 0x43, 0x75, 0x72, 0x08, 0x01, 0x50, 0x73, 0x70, 0x6C, 0x69,
		0x6E, 0x09, 0x00, 0x10, 0x74, 0x81, 0x00, 0x30, 0x6E, 0x74, 0x73, 0x21,
		0x02, 0x98, 0x44, 0x6F, 0x6D, 0x61, 0x69, 0x6E, 0x4D, 0x69, 0x6E, 0x0E,
		0x00, 0x32, 0x61, 0x78, 0x73, 0x3D, 0x02, 0x04, 0x17, 0x05, 0x00, 0x53,
		0x00, 0x20, 0x41, 0x62, 0x15, 0x00, 0xE3, 0x4C, 0x6F, 0x63, 0x61, 0x6C,
		0x43, 0x6F, 0x6F, 0x72, 0x64, 0x69, 0x6E, 0x61, 0x74, 0xD0, 0x05, 0x07,
		0xB3, 0x03, 0x0F, 0x20, 0x00, 0x08, 0x24, 0x69, 0x6E, 0x02, 0x04, 0x03,
		0x44, 0x03, 0x42, 0x65, 0x71, 0x75, 0x65, 0x74, 0x05, 0x14, 0x6E, 0x0C,
		0x00, 0x00, 0x45, 0x00, 0x03, 0x25, 0x00, 0x00, 0x3B, 0x04, 0x31, 0x46,
		0x6C, 0x6F, 0x28, 0x05, 0x02, 0x14, 0x03, 0x01, 0xEB, 0x03, 0x04, 0x75,
		0x04, 0x03, 0x68, 0x03, 0x70, 0x55, 0x4E, 0x49, 0x46, 0x4F, 0x52, 0x4D,
		0x44, 0x00, 0x02, 0x2B, 0x01, 0x5C, 0x46, 0x69, 0x65, 0x6C, 0x64, 0x26,
		0x00, 0x00, 0x2A, 0x01, 0x2A, 0x45, 0x44, 0x7F, 0x00, 0x33, 0x43, 0x6F,
		0x6C, 0xDA, 0x01, 0xF0, 0x00, 0x55, 0x70, 0x64, 0x61, 0x74, 0x65, 0x54,
		0x68, 0x72, 0x65, 0x73, 0x68, 0x6F, 0x6C, 0x64, 0x33, 0x01, 0x00, 0x1C,
		0x00, 0x02, 0xD1, 0x00, 0x02, 0x0B, 0x00, 0x01, 0xC2, 0x01, 0x4D, 0x54,
		0x69, 0x6E, 0x74, 0xC6, 0x00, 0x33, 0x59, 0x61, 0x77, 0x09, 0x04, 0x74,
		0x4F, 0x70, 0x65, 0x72, 0x61, 0x74, 0x6F, 0x64, 0x05, 0xA3, 0x42, 0x61,
		0x73, 0x69, 0x63, 0x4D, 0x6F, 0x76, 0x65, 0x6D, 0x59, 0x04, 0xE2, 0x44,
		0x72, 0x61, 0x67, 0x00, 0x6D, 0x5F, 0x47, 0x72, 0x61, 0x76, 0x69, 0x74,
		0x79, 0x25, 0x00, 0x43, 0x44, 0x65, 0x63, 0x61, 0x0B, 0x00, 0x30, 0x46,
		0x61, 0x64, 0xCB, 0x03, 0x01, 0x92, 0x00, 0x03, 0x0C, 0x00, 0x35, 0x54,
		0x69, 0x6D, 0x29, 0x02, 0x08, 0x13, 0x00, 0x22, 0x69, 0x6E, 0x33, 0x00,
		0x31, 0x53, 0x70, 0x69, 0x6E, 0x06, 0x00, 0x08, 0x00, 0x00, 0xDD, 0x03,
		0x63, 0x44, 0x65, 0x67, 0x72, 0x65, 0x65, 0x80, 0x00, 0x92, 0x4F, 0x73,
		0x63, 0x69, 0x6C, 0x6C, 0x61, 0x74, 0x65, 0x4C, 0x04, 0x02, 0xA2, 0x02,
		0x50, 0x73, 0x63, 0x4D, 0x75, 0x6C, 0x64, 0x00, 0x22, 0x46, 0x72, 0x72,
		0x01, 0x12, 0x79, 0x60, 0x00, 0x06, 0x0F, 0x00, 0x01, 0x52, 0x00, 0x00,
		0x4D, 0x00, 0x02, 0x8B, 0x01, 0x08, 0x49, 0x00, 0x02, 0x53, 0x05, 0x02,
		0xDF, 0x06, 0x00, 0x65, 0x01, 0x03, 0x28, 0x00, 0x04, 0x8E, 0x00, 0x01,
		0x2A, 0x01, 0x10, 0x49, 0x62, 0x03, 0x20, 0x70, 0x6F, 0x2F, 0x00, 0x04,
		0x3D, 0x01, 0x00, 0xBA, 0x00, 0x05, 0xC3, 0x00, 0x41, 0x53, 0x74, 0x61,
		0x72, 0xC5, 0x00, 0x05, 0x12, 0x00, 0x31, 0x45, 0x6E, 0x64, 0x10, 0x00,
		0x03, 0x99, 0x06, 0x05, 0x3F, 0x00, 0x07, 0xA5, 0x07, 0x36, 0x45, 0x6E,
		0x64, 0x14, 0x04, 0x00, 0x8C, 0x02, 0x00, 0xB2, 0x00, 0x78, 0x6F, 0x72,
		0x63, 0x65, 0x47, 0x65, 0x6E, 0x74, 0x01, 0x00, 0xEB, 0x02, 0x02, 0x1D,
		0x04, 0x00, 0x1E, 0x00, 0x00, 0x1D, 0x07, 0x51, 0x52, 0x54, 0x49, 0x43,
		0x4C, 0x34, 0x06, 0x03, 0x7D, 0x04, 0x47, 0x43, 0x55, 0x52, 0x4C, 0x19,
		0x05, 0x00, 0xF8, 0x00, 0x5C, 0x00, 0x50, 0x56, 0x45, 0x43, 0xCA, 0x06,
		0x1B, 0x76, 0xC9, 0x06, 0x03, 0x0F, 0x00, 0x04, 0x35, 0x02, 0x79, 0x62,
		0x46, 0x6F, 0x6C, 0x6C, 0x6F, 0x77, 0x83, 0x06, 0x1B, 0x76, 0xB5, 0x05,
		0x05, 0x85, 0x05, 0x21, 0x43, 0x50, 0x23, 0x00, 0x07, 0x10, 0x00, 0xB4,
		0x52, 0x65, 0x6C, 0x61, 0x74, 0x69, 0x76, 0x65, 0x50, 0x6F, 0x73, 0x07,
		0x09, 0x07, 0x16, 0x00, 0x20, 0x44, 0x69, 0x63, 0x00, 0x01, 0xFC, 0x02,
		0x05, 0x9A, 0x06, 0x1D, 0x58, 0x12, 0x00, 0x1D, 0x59, 0x12, 0x00, 0x14,
		0x5A, 0x12, 0x00, 0x02, 0x46, 0x01, 0x03, 0xAB, 0x04, 0x00, 0x0B, 0x00,
		0x09, 0xBC, 0x04, 0x05, 0x11, 0x00, 0x10, 0x31, 0x77, 0x00, 0x02, 0x10,
		0x00, 0x06, 0xC7, 0x04, 0x09, 0x11, 0x00, 0x12, 0x31, 0xB0, 0x02, 0x22,
		0x64, 0x69, 0xC3, 0x02, 0x41, 0x53, 0x74, 0x6F, 0x70, 0x1A, 0x04, 0x08,
		0x23, 0x07, 0x18, 0x76, 0x22, 0x07, 0x04, 0x58, 0x01, 0x07, 0x81, 0x06,
		0x09, 0x7C, 0x06, 0x02, 0xD4, 0x09, 0x05, 0x88, 0x08, 0x02, 0x0F, 0x00,
		0xF1, 0x03, 0x53, 0x70, 0x72, 0x69, 0x74, 0x65, 0x73, 0x00, 0x56, 0x69,
		0x73, 0x69, 0x62, 0x69, 0x6C, 0x69, 0x74, 0x79, 0x9F, 0x00, 0x02, 0xFC,
		0x01, 0x02, 0x07, 0x02, 0x01, 0x50, 0x00, 0x04, 0x48, 0x05, 0x55, 0x50,
		0x72, 0x6F, 0x78, 0x79, 0x1F, 0x02, 0x61, 0x62, 0x42, 0x6C, 0x65, 0x6E,
		0x64, 0xAD, 0x08, 0x52, 0x73, 0x53, 0x65, 0x71, 0x30, 0x76, 0x00, 0x80,
		0x54, 0x65, 0x78, 0x74, 0x75, 0x72, 0x65, 0x73, 0x4A, 0x00, 0x00, 0xBB,
		0x00, 0x13, 0x68, 0x11, 0x00, 0xC3, 0x00, 0x6D, 0x61, 0x74, 0x65, 0x72,
		0x69, 0x61, 0x6C, 0x73, 0x2F, 0x70, 0xD7, 0x08, 0xF2, 0x07, 0x2F, 0x69,
		0x6D, 0x70, 0x61, 0x63, 0x74, 0x2F, 0x66, 0x6C, 0x65, 0x6B, 0x73, 0x5F,
		0x67, 0x6C, 0x6F, 0x77, 0x2E, 0x76, 0x74, 0x65, 0x76, 0x03, 0xA0, 0x53,
		0x68, 0x61, 0x64, 0x6F, 0x77, 0x44, 0x65, 0x6E, 0x73, 0xB3, 0x03, 0x01,
		0x5A, 0x00, 0x01, 0x03, 0x02, 0x02, 0xE0, 0x00, 0x0D, 0x39, 0x02, 0x60,
		0x5F, 0x43, 0x4F, 0x4C, 0x4F, 0x52, 0x22, 0x03, 0x5C, 0x44, 0x65, 0x6C,
		0x74, 0x61, 0x94, 0x08, 0x04, 0xF8, 0x04, 0x23, 0x65, 0x64, 0xE3, 0x05,
		0x64, 0x43, 0x61, 0x6D, 0x65, 0x72, 0x61, 0xF3, 0x0A, 0x01, 0x23, 0x00,
		0x00, 0xA9, 0x06, 0x04, 0xE1, 0x05, 0x52, 0x52, 0x4F, 0x55, 0x4E, 0x44,
		0x61, 0x00, 0x7F, 0x4E, 0x45, 0x41, 0x52, 0x45, 0x53, 0x54, 0xBF, 0x00,
		0x01, 0xDC, 0x66, 0x69, 0x72, 0x65, 0x5F, 0x6F, 0x6E, 0x73, 0x75, 0x72,
		0x66, 0x61, 0x63, 0x0F, 0x00, 0x06, 0xCB, 0x00, 0x00, 0x86, 0x0A, 0x56,
		0x62, 0x72, 0x69, 0x67, 0x68, 0xD5, 0x06, 0x52, 0x62, 0x4F, 0x6E, 0x6C,
		0x79, 0x84, 0x01, 0xFD, 0x02, 0x49, 0x6E, 0x45, 0x66, 0x66, 0x65, 0x63,
		0x74, 0x73, 0x42, 0x6C, 0x6F, 0x6F, 0x6D, 0x50, 0x61, 0x73, 0x7E, 0x01,
		0x02, 0xFE, 0x0A, 0x31, 0x6E, 0x69, 0x6D, 0xA1, 0x0A, 0x01, 0xD0, 0x01,
		0x77, 0x00, 0x00, 0xAE, 0x00, 0x00, 0x00, 0xEB, 0x04, 0x00, 0xD3, 0x1E,
		0x00, 0x00, 0x00, 0x90, 0x00, 0x00, 0x00, 0xFF, 0x00, 0x00, 0x00, 0x1C,
		0x04, 0x00, 0x2F, 0x1E, 0x00, 0x01, 0x00, 0x43, 0x08, 0x6C, 0x00, 0x08,
		0x0C, 0x00, 0x06, 0x01, 0x00, 0x2F, 0x10, 0xC0, 0x08, 0x00, 0x04, 0x1E,
		0x40, 0x08, 0x00, 0x0F, 0x01, 0x00, 0x39, 0x22, 0xF0, 0x3F, 0x08, 0x00,
		0x2A, 0x24, 0x40, 0x08, 0x00, 0x14, 0x49, 0x10, 0x00, 0x1B, 0xC0, 0x08,
		0x00, 0x0F, 0x80, 0x00, 0x3C, 0x13, 0x4E, 0x50, 0x00, 0x1F, 0x08, 0x08,
		0x00, 0x04, 0x2F, 0xE0, 0x3F, 0x08, 0x00, 0x03, 0x1B, 0xE8, 0x08, 0x00,
		0x95, 0xD0, 0x3F, 0xB8, 0x1E, 0x85, 0xEB, 0x51, 0xB8, 0x9E, 0x08, 0x00,
		0x8A, 0x7B, 0x14, 0xAE, 0x47, 0xE1, 0x7A, 0x84, 0x3F, 0xE8, 0x00, 0x0F,
		0x08, 0x00, 0x15, 0x0F, 0x30, 0x01, 0x0D, 0x0F, 0x01, 0x00, 0xF5, 0x0E,
		0x40, 0x01, 0x0F, 0x47, 0x00, 0x22, 0x3E, 0xC0, 0x62, 0x40, 0x08, 0x00,
		0x0F, 0xB8, 0x01, 0xFF, 0x8C, 0x02, 0x60, 0x03, 0x24, 0x94, 0x3F, 0x08,
		0x00, 0x20, 0x9A, 0x99, 0x01, 0x00, 0x2F, 0xA9, 0x3F, 0xB8, 0x01, 0xFF,
		0x94, 0x15, 0x84, 0x20, 0x05, 0x0F, 0x28, 0x05, 0xFF, 0x9B, 0x39, 0x40,
		0x8F, 0x40, 0x08, 0x00, 0x2F, 0x70, 0x97, 0x28, 0x05, 0xFF, 0x8F, 0x02,
		0x18, 0x05, 0x2C, 0xC9, 0x3F, 0x08, 0x00, 0x0F, 0x70, 0x03, 0xFF, 0x93,
		0x0F, 0x60, 0x00, 0x1E, 0x0F, 0xB8, 0x01, 0xFF, 0x8E, 0x0F, 0xD0, 0x00,
		0x75, 0x0F, 0x28, 0x02, 0xFF, 0x6B, 0x50, 0x00, 0x00, 0x00, 0x00, 0x00,
		0x53, 0x13, 0x00, 0x00, 0x00, 0x02, 0x04, 0x00, 0x13, 0x03, 0x08, 0x00,
		0x97, 0x05, 0x00, 0x00, 0x00, 0x2C, 0x00, 0x00, 0x00, 0x04, 0x1C, 0x00,
		0x13, 0x04, 0x20, 0x00, 0x13, 0x05, 0x08, 0x00, 0x04, 0x20, 0x00, 0x00,
		0x10, 0x00, 0x13, 0x01, 0x14, 0x00, 0x1B, 0x01, 0x44, 0x00, 0x1B, 0x05,
		0x38, 0x00, 0x17, 0x16, 0x38, 0x00, 0x0F, 0x08, 0x00, 0x05, 0x1F, 0x01,
		0x28, 0x00, 0x40, 0x1F, 0x04, 0x7C, 0x00, 0x68, 0x13, 0x06, 0x10, 0x01,
		0x00, 0x0C, 0x00, 0x53, 0x17, 0x00, 0x00, 0x00, 0x2F, 0x1C, 0x00, 0x0E,
		0x08, 0x00, 0x06, 0x34, 0x00, 0x13, 0x0A, 0x08, 0x00, 0x08, 0x84, 0x01,
		0x04, 0x0C, 0x00, 0x0F, 0x44, 0x00, 0x15, 0xC2, 0x03, 0x03, 0x01, 0x01,
		0x01, 0x07, 0x03, 0x02, 0x02, 0x03, 0x03, 0x03, 0x06, 0x00, 0x21, 0x08,
		0x03, 0x0B, 0x00, 0x01, 0x06, 0x00, 0x01, 0x13, 0x00, 0x05, 0x03, 0x00,
		0x06, 0x01, 0x00, 0x0F, 0x16, 0x00, 0x54, 0x2F, 0x02, 0x01, 0x18, 0x00,
		0x03, 0x19, 0x01, 0x39, 0x00, 0x0B, 0x1D, 0x00, 0x11, 0x00, 0x01, 0x00,
		0x17, 0x01, 0xAC, 0x02, 0x17, 0x80, 0x84, 0x02, 0x00, 0x68, 0x01, 0x93,
		0x07, 0x00, 0x00, 0x00, 0x08, 0x00, 0x00, 0x00, 0x09, 0x44, 0x01, 0x53,
		0x0B, 0x00, 0x00, 0x00, 0x0C, 0x04, 0x00, 0x13, 0x0D, 0x24, 0x00, 0xF0,
		0x05, 0x0E, 0x00, 0x00, 0x00, 0x0F, 0x00, 0x00, 0x00, 0x10, 0x00, 0x00,
		0x00, 0x11, 0x00, 0x00, 0x00, 0x12, 0x00, 0x00, 0x00, 0x04, 0x03, 0x53,
		0x14, 0x00, 0x00, 0x00, 0x15, 0xD8, 0x01, 0x13, 0x00, 0x68, 0x01, 0x13,
		0x18, 0x64, 0x00, 0xF3, 0x02, 0x19, 0x00, 0x00, 0x00, 0x1A, 0x00, 0x00,
		0x00, 0x1B, 0x00, 0x00, 0x00, 0x1C, 0x00, 0x00, 0x00, 0x1D, 0x24, 0x00,
		0x57, 0x1E, 0x00, 0x00, 0x00, 0x1F, 0x1C, 0x00, 0x53, 0x20, 0x00, 0x00,
		0x00, 0x21, 0x24, 0x00, 0xD3, 0x22, 0x00, 0x00, 0x00, 0xFF, 0xFF, 0xFF,
		0xFF, 0x23, 0x00, 0x00, 0x00, 0x24, 0xB0, 0x00, 0x13, 0x25, 0x84, 0x00,
		0xF3, 0x06, 0x26, 0x00, 0x00, 0x00, 0x27, 0x00, 0x00, 0x00, 0x28, 0x00,
		0x00, 0x00, 0x29, 0x00, 0x00, 0x00, 0x2A, 0x00, 0x00, 0x00, 0x2B, 0xE4,
		0x01, 0x53, 0x2D, 0x00, 0x00, 0x00, 0x2E, 0xCC, 0x01, 0xF3, 0x76, 0x30,
		0x00, 0x00, 0x00, 0x31, 0x00, 0x00, 0x00, 0x32, 0x00, 0x00, 0x00, 0x33,
		0x00, 0x00, 0x00, 0x34, 0x00, 0x00, 0x00, 0x35, 0x00, 0x00, 0x00, 0x36,
		0x00, 0x00, 0x00, 0x37, 0x00, 0x00, 0x00, 0x38, 0x00, 0x00, 0x00, 0x39,
		0x00, 0x00, 0x00, 0x3A, 0x00, 0x00, 0x00, 0x3B, 0x00, 0x00, 0x00, 0x3C,
		0x00, 0x00, 0x00, 0x3D, 0x00, 0x00, 0x00, 0x3E, 0x00, 0x00, 0x00, 0x3F,
		0x00, 0x00, 0x00, 0x40, 0x00, 0x00, 0x00, 0x41, 0x00, 0x00, 0x00, 0x42,
		0x00, 0x00, 0x00, 0x43, 0x00, 0x00, 0x00, 0x44, 0x00, 0x00, 0x00, 0x45,
		0x00, 0x00, 0x00, 0x46, 0x00, 0x00, 0x00, 0x47, 0x00, 0x00, 0x00, 0x48,
		0x00, 0x00, 0x00, 0x49, 0x00, 0x00, 0x00, 0x4A, 0x00, 0x00, 0x00, 0x4B,
		0x00, 0x00, 0x00, 0x4C, 0x00, 0x00, 0x00, 0x4D, 0x00, 0x00, 0x00, 0x4E,
		0x00, 0x00, 0x00, 0x4F, 0x00, 0x00, 0x00, 0x50, 0x00, 0x00, 0x00, 0x51,
		0xEC, 0x00, 0x13, 0x52, 0x08, 0x00, 0xF3, 0x02, 0x53, 0x00, 0x00, 0x00,
		0x54, 0x00, 0x00, 0x00, 0x55, 0x00, 0x00, 0x00, 0x56, 0x00, 0x00, 0x00,
		0x57, 0x18, 0x00, 0x53, 0x58, 0x00, 0x00, 0x00, 0x59, 0x7C, 0x01, 0x00,
		0x01, 0x00, 0x53, 0x5A, 0x00, 0x00, 0x00, 0x5B, 0x1C, 0x01, 0x17, 0x5C,
		0xF0, 0x00, 0x04, 0xEC, 0x00, 0x0F, 0x24, 0x00, 0x11, 0x00, 0x1C, 0x01,
		0x13, 0x5D, 0xE4, 0x01, 0x0C, 0x30, 0x00, 0x1F, 0x5E, 0x70, 0x01, 0xDC,
		0x13, 0x5D, 0x10, 0x00, 0xF3, 0x02, 0x5F, 0x00, 0x00, 0x00, 0x60, 0x00,
		0x00, 0x00, 0x61, 0x00, 0x00, 0x00, 0x62, 0x00, 0x00, 0x00, 0x63, 0x18,
		0x00, 0x53, 0x64, 0x00, 0x00, 0x00, 0x65, 0x0C, 0x00, 0x93, 0x66, 0x00,
		0x00, 0x00, 0x67, 0x00, 0x00, 0x00, 0x68, 0x10, 0x00, 0x13, 0x69, 0x08,
		0x00, 0x93, 0x6A, 0x00, 0x00, 0x00, 0x6B, 0x00, 0x00, 0x00, 0x6C, 0x10,
		0x00, 0x53, 0x6D, 0x00, 0x00, 0x00, 0x6E, 0xFC, 0x02, 0x00, 0x01, 0x00,
		0xF3, 0x02, 0x6F, 0x00, 0x00, 0x00, 0x70, 0x00, 0x00, 0x00, 0x71, 0x00,
		0x00, 0x00, 0x72, 0x00, 0x00, 0x00, 0x73, 0x18, 0x00, 0x53, 0x74, 0x00,
		0x00, 0x00, 0x75, 0x48, 0x03, 0x13, 0x76, 0x18, 0x00, 0x13, 0x71, 0x1C,
		0x00, 0xD3, 0x77, 0x00, 0x00, 0x00, 0x78, 0x00, 0x00, 0x00, 0x79, 0x00,
		0x00, 0x00, 0x7A, 0x14, 0x00, 0xD3, 0x7B, 0x00, 0x00, 0x00, 0x7C, 0x00,
		0x00, 0x00, 0x7D, 0x00, 0x00, 0x00, 0x7E, 0x14, 0x00, 0x13, 0x7F, 0x3C,
		0x01, 0x00, 0x50, 0x03, 0x13, 0x81, 0xC4, 0x01, 0x97, 0x82, 0x00, 0x00,
		0x00, 0x83, 0x00, 0x00, 0x00, 0x84, 0xC0, 0x01, 0x17, 0x85, 0xB8, 0x01,
		0x40, 0x86, 0x00, 0x00, 0x00, 0xD0, 0x01, 0xDF, 0x87, 0x00, 0x00, 0x00,
		0x88, 0x00, 0x00, 0x00, 0x89, 0x00, 0x00, 0x00, 0x8A, 0x70, 0x03, 0xE4,
		0x1F, 0x8B, 0xF8, 0x00, 0xE4, 0x1F, 0x8C, 0xF8, 0x00, 0xE4, 0x1F, 0x8D,
		0xF8, 0x00, 0xE4, 0xF3, 0x06, 0x8E, 0x00, 0x00, 0x00, 0x8F, 0x00, 0x00,
		0x00, 0x90, 0x00, 0x00, 0x00, 0x91, 0x00, 0x00, 0x00, 0x92, 0x00, 0x00,
		0x00, 0x93, 0x24, 0x00, 0x9F, 0x94, 0x00, 0x00, 0x00, 0x95, 0x00, 0x00,
		0x00, 0x96, 0x40, 0x04, 0xFF, 0xFF, 0xFF, 0xFF, 0x30, 0x1F, 0x97, 0x40,
		0x04, 0xFF, 0xFF, 0xFF, 0xFF, 0x30, 0x03, 0xD0, 0x0C, 0x0F, 0xC8, 0x0C,
		0xFF, 0xFF, 0xFF, 0xFF, 0xFF, 0xFF, 0xFF, 0xFF, 0xFF, 0xFF, 0xFF, 0xFF,
		0xBA, 0x13, 0x98, 0x10, 0x00, 0xF3, 0x16, 0x99, 0x00, 0x00, 0x00, 0x9A,
		0x00, 0x00, 0x00, 0x9B, 0x00, 0x00, 0x00, 0x9C, 0x00, 0x00, 0x00, 0x9D,
		0x00, 0x00, 0x00, 0x9E, 0x00, 0x00, 0x00, 0x9F, 0x00, 0x00, 0x00, 0xA0,
		0x00, 0x00, 0x00, 0xA1, 0x00, 0x00, 0x00, 0xA2, 0x48, 0x01, 0x1F, 0xA3,
		0x6C, 0x04, 0x14, 0x1F, 0xA4, 0x70, 0x04, 0x40, 0x13, 0xA5, 0x2C, 0x00,
		0x0F, 0x90, 0x01, 0x49, 0x1F, 0xA6, 0x94, 0x01, 0x20, 0x5F, 0xA7, 0x00,
		0x00, 0x00, 0xA8, 0x84, 0x04, 0x5C, 0x0F, 0x0C, 0x01, 0xB5, 0x1F, 0x8C,
		0x0C, 0x01, 0xF8, 0x1F, 0x8D, 0x0C, 0x01, 0xF8, 0x0F, 0x88, 0x11, 0x15,
		0x13, 0x99, 0xA0, 0x04, 0x04, 0xB0, 0x04, 0x5F, 0xA9, 0x00, 0x00, 0x00,
		0xAA, 0xF4, 0x05, 0xE4, 0x13, 0xAB, 0xBC, 0x05, 0x08, 0xCC, 0x05, 0x1F,
		0xAC, 0x0C, 0x01, 0xE4, 0x0F, 0xB0, 0x06, 0xFF, 0xFF, 0xFF, 0xFF, 0x85,
		0x24, 0xAD, 0x00, 0x01, 0x00, 0x22, 0x54, 0x40, 0x08, 0x00, 0x21, 0xE8,
		0x3F, 0x07, 0x00, 0x23, 0x40, 0x8F, 0x10, 0x00, 0x13, 0x80, 0x08, 0x00,
		0x12, 0x60, 0x08, 0x00, 0x50, 0x70, 0x87, 0x40, 0x9A, 0x99, 0x01, 0x00,
		0x22, 0xB9, 0x3F, 0x18, 0x00, 0x13, 0xE0, 0x08, 0x00, 0x22, 0x04, 0x40,
		0x2F, 0x00, 0x2A, 0x76, 0x40, 0x18, 0x00, 0x1D, 0x10, 0x30, 0x00, 0x89,
		0x71, 0x3D, 0x0A, 0xD7, 0xA3, 0x70, 0xE1, 0xBF, 0x58, 0x00, 0x32, 0x00,
		0xD0, 0x3F, 0x28, 0x00, 0x13, 0xD9, 0x08, 0x00, 0x13, 0xC9, 0x30, 0x00,
		0x13, 0x08, 0x20, 0x00, 0x23, 0x14, 0xC0, 0x08, 0x00, 0x13, 0x40, 0xB1,
		0x00, 0x05, 0x38, 0x00, 0x20, 0xCD, 0xCC, 0x01, 0x00, 0x24, 0xE4, 0x3F,
		0x10, 0x00, 0x0A, 0x50, 0x00, 0x06, 0x78, 0x00, 0x0F, 0x10, 0x00, 0xFF,
		0x5E, 0x02, 0x08, 0x00, 0x15, 0x20, 0xB0, 0x01, 0x0F, 0x50, 0x00, 0x33,
		0x2E, 0x00, 0x40, 0x58, 0x02, 0x0E, 0x70, 0x00, 0x00, 0x38, 0x02, 0x0F,
		0xD0, 0x00, 0x3D, 0xF0, 0x07, 0x09, 0x06, 0x0E, 0x0B, 0x19, 0x05, 0x19,
		0x05, 0x05, 0x05, 0x05, 0x0E, 0x0D, 0x05, 0x0B, 0x0B, 0x18, 0x09, 0x06,
		0x18, 0x09, 0x06, 0x04, 0x00, 0xF3, 0x1C, 0x0B, 0x09, 0x06, 0x05, 0x18,
		0x09, 0x06, 0x09, 0x06, 0x06, 0x05, 0x06, 0x0F, 0x0B, 0x0B, 0x0F, 0x11,
		0x12, 0x0E, 0x06, 0x11, 0x11, 0x11, 0x11, 0x0F, 0x11, 0x12, 0x05, 0x19,
		0x05, 0x11, 0x10, 0x06, 0x06, 0x06, 0x12, 0x05, 0x12, 0x0D, 0x0E, 0x06,
		0x12, 0x11, 0x02, 0x00, 0x74, 0x06, 0x11, 0x09, 0x08, 0x08, 0x19, 0x05,
		0x02, 0x00, 0xF0, 0x01, 0x06, 0x0B, 0x06, 0x09, 0x06, 0x12, 0x05, 0x06,
		0x06, 0x09, 0x06, 0x11, 0x05, 0x06, 0x0D, 0x0B, 0x4B, 0x00, 0x11, 0x11,
		0x4B, 0x00, 0x2F, 0x05, 0x05, 0x4B, 0x00, 0x0E, 0x13, 0x05, 0x4B, 0x00,
		0x50, 0x10, 0x06, 0x05, 0x19, 0x0B, 0x02, 0x00, 0x00, 0x93, 0x00, 0x00,
		0x55, 0x00, 0x20, 0x06, 0x05, 0x59, 0x00, 0x05, 0x63, 0x00, 0xD0, 0x05,
		0x05, 0x05, 0x06, 0x19, 0x0B, 0x05, 0x05, 0x06, 0x05, 0x05, 0x18, 0x09,
		0x6B, 0x00, 0x41, 0x19, 0x05, 0x19, 0x0B, 0xD4, 0x00, 0x12, 0x0F, 0x23,
		0x00, 0x05, 0x75, 0x00, 0x0F, 0xC0, 0x00, 0x18, 0x0F, 0x34, 0x00, 0x89,
		0x21, 0x11, 0x12, 0x3A, 0x00, 0x03, 0x40, 0x00, 0x0F, 0xEE, 0x00, 0xFF,
		0xC8, 0x0F, 0xCB, 0x02, 0xFF, 0xFF, 0xBA, 0x00, 0x46, 0x06, 0x79, 0x11,
		0x05, 0x0E, 0x18, 0x09, 0x86, 0x01, 0xFA, 0x00, 0x1E, 0x0F, 0xFB, 0x00,
		0x1F, 0x0B, 0x60, 0x00, 0x01, 0x18, 0x11, 0x61, 0x00, 0x0E, 0x96, 0x00,
		0x0F, 0x37, 0x00, 0x89, 0x09, 0xD2, 0x03, 0x10, 0x05, 0x02, 0x01, 0x0F,
		0x50, 0x07, 0x21, 0x5F, 0x0D, 0x0E, 0x09, 0x11, 0x05, 0x39, 0x00, 0x21,
		0x0F, 0x6E, 0x01, 0xE8, 0x50, 0x12, 0x00, 0xDD, 0xEE, 0xFF
	};

	inline unsigned char explosion_particle_with_color[ 5711 ]
	{
		0x4F, 0x16, 0x00, 0x00, 0x0C, 0x00, 0x01, 0x00, 0x08, 0x00, 0x00, 0x00,
		0x03, 0x00, 0x00, 0x00, 0x52, 0x45, 0x52, 0x4C, 0x20, 0x00, 0x00, 0x00,
		0x24, 0x01, 0x00, 0x00, 0x52, 0x45, 0x44, 0x32, 0x40, 0x01, 0x00, 0x00,
		0xD5, 0x02, 0x00, 0x00, 0x44, 0x41, 0x54, 0x41, 0x14, 0x04, 0x00, 0x00,
		0x0F, 0x12, 0x00, 0x00, 0x0C, 0x00, 0x00, 0x00, 0x04, 0x00, 0x00, 0x00,
		0x00, 0x00, 0x00, 0x00, 0x59, 0xDA, 0xB4, 0x0A, 0x8B, 0xE1, 0xE2, 0x46,
		0x38, 0x00, 0x00, 0x00, 0x00, 0x00, 0x00, 0x00, 0x98, 0x02, 0x26, 0x93,
		0x87, 0x94, 0xAC, 0xDA, 0x4B, 0x00, 0x00, 0x00, 0x00, 0x00, 0x00, 0x00,
		0x11, 0x02, 0x2E, 0xCC, 0xC1, 0xBA, 0x52, 0x78, 0x83, 0x00, 0x00, 0x00,
		0x00, 0x00, 0x00, 0x00, 0x8E, 0x70, 0xD0, 0x56, 0xBE, 0x52, 0x95, 0xD5,
		0xAB, 0x00, 0x00, 0x00, 0x00, 0x00, 0x00, 0x00, 0x6D, 0x61, 0x74, 0x65,
		0x72, 0x69, 0x61, 0x6C, 0x73, 0x2F, 0x65, 0x66, 0x66, 0x65, 0x63, 0x74,
		0x73, 0x2F, 0x79, 0x65, 0x6C, 0x6C, 0x6F, 0x77, 0x66, 0x6C, 0x61, 0x72,
		0x65, 0x2E, 0x76, 0x74, 0x65, 0x78, 0x00, 0x6D, 0x61, 0x74, 0x65, 0x72,
		0x69, 0x61, 0x6C, 0x73, 0x2F, 0x70, 0x61, 0x72, 0x74, 0x69, 0x63, 0x6C,
		0x65, 0x2F, 0x66, 0x61, 0x6E, 0x63, 0x79, 0x5F, 0x66, 0x69, 0x72, 0x65,
		0x5F, 0x70, 0x61, 0x72, 0x74, 0x69, 0x63, 0x6C, 0x65, 0x5F, 0x30, 0x30,
		0x32, 0x2F, 0x66, 0x61, 0x6E, 0x63, 0x79, 0x5F, 0x66, 0x69, 0x72, 0x65,
		0x5F, 0x70, 0x61, 0x72, 0x74, 0x69, 0x63, 0x6C, 0x65, 0x5F, 0x30, 0x30,
		0x32, 0x2E, 0x76, 0x74, 0x65, 0x78, 0x00, 0x6D, 0x61, 0x74, 0x65, 0x72,
		0x69, 0x61, 0x6C, 0x73, 0x2F, 0x70, 0x61, 0x72, 0x74, 0x69, 0x63, 0x6C,
		0x65, 0x2F, 0x66, 0x69, 0x72, 0x65, 0x5F, 0x70, 0x61, 0x72, 0x74, 0x69,
		0x63, 0x6C, 0x65, 0x5F, 0x33, 0x2F, 0x66, 0x69, 0x72, 0x65, 0x5F, 0x70,
		0x61, 0x72, 0x74, 0x69, 0x63, 0x6C, 0x65, 0x5F, 0x33, 0x2E, 0x76, 0x74,
		0x65, 0x78, 0x00, 0x6D, 0x61, 0x74, 0x65, 0x72, 0x69, 0x61, 0x6C, 0x73,
		0x2F, 0x70, 0x61, 0x72, 0x74, 0x69, 0x63, 0x6C, 0x65, 0x2F, 0x70, 0x61,
		0x72, 0x74, 0x69, 0x63, 0x6C, 0x65, 0x5F, 0x66, 0x6C, 0x61, 0x72, 0x65,
		0x73, 0x2F, 0x61, 0x69, 0x72, 0x63, 0x72, 0x61, 0x66, 0x74, 0x5F, 0x68,
		0x6F, 0x74, 0x2E, 0x76, 0x74, 0x65, 0x78, 0x00, 0x00, 0x00, 0x00, 0x00,
		0x00, 0x00, 0x00, 0x00, 0x05, 0x33, 0x56, 0x4B, 0x7C, 0x16, 0x12, 0x74,
		0xE9, 0x06, 0x98, 0x46, 0xAF, 0xF2, 0xE6, 0x3E, 0xB5, 0x90, 0x37, 0xE7,
		0x01, 0x00, 0x00, 0x00, 0x00, 0x00, 0x00, 0x40, 0x4B, 0x02, 0x00, 0x00,
		0x01, 0x00, 0x00, 0x00, 0x00, 0x00, 0x00, 0x00, 0x21, 0x00, 0x00, 0x00,
		0x06, 0x00, 0x07, 0x00, 0x41, 0x03, 0x00, 0x00, 0x5D, 0x02, 0x00, 0x00,
		0x00, 0x00, 0x00, 0x00, 0x00, 0x00, 0x00, 0x00, 0x00, 0x00, 0x00, 0x00,
		0x00, 0x00, 0x00, 0x00, 0x50, 0x02, 0x00, 0x00, 0xAE, 0x01, 0x00, 0x00,
		0xF1, 0x00, 0x00, 0x00, 0xAF, 0x00, 0x00, 0x00, 0x03, 0x00, 0x00, 0x00,
		0x00, 0x00, 0x00, 0x00, 0x2C, 0x00, 0x00, 0x00, 0x00, 0x00, 0x00, 0x00,
		0x1E, 0x00, 0x00, 0x00, 0x06, 0x00, 0x00, 0x00, 0x07, 0x00, 0x00, 0x00,
		0x08, 0x00, 0x00, 0x00, 0xF0, 0x5C, 0x6D, 0x5F, 0x49, 0x6E, 0x70, 0x75,
		0x74, 0x44, 0x65, 0x70, 0x65, 0x6E, 0x64, 0x65, 0x6E, 0x63, 0x69, 0x65,
		0x73, 0x00, 0x6D, 0x5F, 0x52, 0x65, 0x6C, 0x61, 0x74, 0x69, 0x76, 0x65,
		0x46, 0x69, 0x6C, 0x65, 0x6E, 0x61, 0x6D, 0x65, 0x00, 0x65, 0x78, 0x70,
		0x6C, 0x6F, 0x73, 0x69, 0x6F, 0x6E, 0x5F, 0x69, 0x6E, 0x63, 0x65, 0x6E,
		0x64, 0x5F, 0x61, 0x69, 0x72, 0x5F, 0x66, 0x61, 0x6C, 0x6C, 0x69, 0x6E,
		0x67, 0x2E, 0x76, 0x70, 0x63, 0x66, 0x00, 0x6D, 0x5F, 0x53, 0x65, 0x61,
		0x72, 0x63, 0x68, 0x50, 0x61, 0x74, 0x68, 0x00, 0x63, 0x73, 0x67, 0x6F,
		0x5F, 0x61, 0x64, 0x64, 0x6F, 0x6E, 0x73, 0x2F, 0x63, 0x68, 0x6C, 0x65,
		0x6E, 0x00, 0x6D, 0x5F, 0x6E, 0x4D, 0x00, 0xF0, 0x00, 0x43, 0x52, 0x43,
		0x00, 0x6D, 0x5F, 0x62, 0x4F, 0x70, 0x74, 0x69, 0x6F, 0x6E, 0x61, 0x6C,
		0x0C, 0x00, 0x00, 0x17, 0x00, 0x60, 0x45, 0x78, 0x69, 0x73, 0x74, 0x73,
		0x0E, 0x00, 0x51, 0x49, 0x73, 0x47, 0x61, 0x6D, 0x78, 0x00, 0x72, 0x00,
		0x6D, 0x5F, 0x41, 0x64, 0x64, 0x69, 0x29, 0x00, 0x0F, 0xA5, 0x00, 0x01,
		0x7C, 0x41, 0x72, 0x67, 0x75, 0x6D, 0x65, 0x6E, 0x17, 0x00, 0xA0, 0x50,
		0x61, 0x72, 0x61, 0x6D, 0x65, 0x74, 0x65, 0x72, 0x4E, 0xB9, 0x00, 0xB2,
		0x5F, 0x5F, 0x5F, 0x4F, 0x76, 0x65, 0x72, 0x72, 0x69, 0x64, 0x65, 0x44,
		0x00, 0x68, 0x61, 0x74, 0x61, 0x5F, 0x5F, 0x5F, 0x28, 0x00, 0xF2, 0x03,
		0x54, 0x79, 0x70, 0x65, 0x00, 0x42, 0x69, 0x6E, 0x61, 0x72, 0x79, 0x42,
		0x6C, 0x6F, 0x62, 0x41, 0x72, 0x67, 0xAE, 0x00, 0x9B, 0x6E, 0x67, 0x65,
		0x72, 0x70, 0x72, 0x69, 0x6E, 0x74, 0x0F, 0x00, 0x70, 0x44, 0x65, 0x66,
		0x61, 0x75, 0x6C, 0x74, 0xF2, 0x00, 0x6B, 0x70, 0x65, 0x63, 0x69, 0x61,
		0x6C, 0x81, 0x00, 0xF0, 0x0B, 0x53, 0x74, 0x72, 0x69, 0x6E, 0x67, 0x00,
		0x4B, 0x56, 0x33, 0x20, 0x43, 0x6F, 0x6D, 0x70, 0x69, 0x6C, 0x65, 0x72,
		0x20, 0x56, 0x65, 0x72, 0x73, 0x69, 0x6F, 0x07, 0x01, 0x04, 0x13, 0x00,
		0xB3, 0x49, 0x64, 0x65, 0x6E, 0x74, 0x69, 0x66, 0x69, 0x65, 0x72, 0x00,
		0x13, 0x00, 0x61, 0x50, 0x61, 0x72, 0x74, 0x69, 0x63, 0xF9, 0x00, 0x50,
		0x6E, 0x55, 0x73, 0x65, 0x72, 0xAB, 0x00, 0x14, 0x00, 0x15, 0x00, 0x0E,
		0x4B, 0x00, 0x08, 0x1F, 0x01, 0x01, 0xB0, 0x01, 0x20, 0x65, 0x64, 0x37,
		0x01, 0x10, 0x73, 0x64, 0x00, 0xF0, 0x00, 0x68, 0x69, 0x6C, 0x64, 0x52,
		0x65, 0x73, 0x6F, 0x75, 0x72, 0x63, 0x65, 0x4C, 0x69, 0x73, 0xAC, 0x00,
		0xB5, 0x57, 0x65, 0x61, 0x6B, 0x52, 0x65, 0x66, 0x65, 0x72, 0x65, 0x6E,
		0x14, 0x00, 0x02, 0xB2, 0x01, 0x45, 0x61, 0x62, 0x6C, 0x65, 0x70, 0x00,
		0x29, 0x49, 0x73, 0x3D, 0x00, 0x00, 0x25, 0x00, 0x75, 0x75, 0x62, 0x61,
		0x73, 0x73, 0x65, 0x74, 0x3D, 0x00, 0x16, 0x73, 0x15, 0x00, 0x00, 0x0C,
		0x01, 0x21, 0x69, 0x6E, 0x85, 0x00, 0x70, 0x73, 0x00, 0x00, 0x1F, 0x00,
		0x00, 0x00, 0x97, 0x0A, 0x00, 0x00, 0x00, 0x06, 0x00, 0x00, 0x00, 0x04,
		0x04, 0x00, 0x10, 0x01, 0x04, 0x00, 0x43, 0x01, 0x02, 0x00, 0x00, 0x0C,
		0x00, 0x00, 0x0A, 0x00, 0x13, 0x03, 0x1C, 0x00, 0x80, 0x05, 0x00, 0x00,
		0x00, 0x4D, 0xC6, 0xAA, 0x73, 0x34, 0x00, 0xA2, 0x07, 0x00, 0x00, 0x00,
		0x08, 0x00, 0x00, 0x00, 0x09, 0x00, 0x01, 0x00, 0x00, 0x4C, 0x00, 0xF3,
		0x1A, 0x0B, 0x00, 0x00, 0x00, 0x0C, 0x00, 0x00, 0x00, 0x0D, 0x00, 0x00,
		0x00, 0x0E, 0x00, 0x00, 0x00, 0x0F, 0x00, 0x00, 0x00, 0x10, 0x00, 0x00,
		0x00, 0x11, 0x00, 0x00, 0x00, 0x12, 0x00, 0x00, 0x00, 0x13, 0x00, 0x00,
		0x00, 0x14, 0x00, 0x00, 0x00, 0x15, 0x1C, 0x00, 0x00, 0x5C, 0x00, 0x13,
		0x16, 0x1C, 0x00, 0x1F, 0x17, 0x1C, 0x00, 0x04, 0x13, 0x18, 0x60, 0x00,
		0x13, 0x19, 0x08, 0x00, 0x13, 0x1A, 0x08, 0x00, 0xD0, 0x1B, 0x00, 0x00,
		0x00, 0x1C, 0x00, 0x00, 0x00, 0x1D, 0x00, 0x00, 0x00, 0x1E, 0x88, 0x00,
		0x90, 0x18, 0x09, 0x06, 0x06, 0x0C, 0x0E, 0x0D, 0x0E, 0x08, 0x09, 0x00,
		0x21, 0x0F, 0x0F, 0x0F, 0x00, 0x10, 0x0F, 0x04, 0x00, 0xB0, 0x08, 0x08,
		0x08, 0x09, 0x0F, 0x01, 0x01, 0x00, 0xDD, 0xEE, 0xFF, 0x00, 0x00, 0x00,
		0x00, 0x00, 0x00, 0x00, 0x00, 0x00, 0x00, 0x00, 0x05, 0x33, 0x56, 0x4B,
		0x1D, 0xCE, 0xD3, 0x39, 0x42, 0x94, 0x07, 0x44, 0x9B, 0x78, 0x83, 0x17,
		0x14, 0x5B, 0x17, 0x32, 0x01, 0x00, 0x00, 0x00, 0x00, 0x00, 0x00, 0x40,
		0xDC, 0x0E, 0x00, 0x00, 0x2D, 0x00, 0x00, 0x00, 0xF8, 0x02, 0x00, 0x00,
		0x9D, 0x0F, 0x00, 0x00, 0xC8, 0x00, 0xDD, 0x01, 0x01, 0x8C, 0x00, 0x00,
		0x97, 0x11, 0x00, 0x00, 0x00, 0x00, 0x00, 0x00, 0x00, 0x00, 0x00, 0x00,
		0x00, 0x00, 0x00, 0x00, 0x00, 0x00, 0x00, 0x00, 0x50, 0x27, 0x00, 0x00,
		0xC3, 0x09, 0x00, 0x00, 0xB1, 0x64, 0x00, 0x00, 0xD4, 0x07, 0x00, 0x00,
		0x47, 0x01, 0x00, 0x00, 0x00, 0x00, 0x00, 0x00, 0x75, 0x12, 0x00, 0x00,
		0xDA, 0x00, 0x00, 0x00, 0x51, 0x0E, 0x00, 0x00, 0xC8, 0x00, 0x00, 0x00,
		0xA3, 0x00, 0x00, 0x00, 0xB8, 0x00, 0x00, 0x00, 0xF3, 0x21, 0x5F, 0x63,
		0x6C, 0x61, 0x73, 0x73, 0x00, 0x43, 0x50, 0x61, 0x72, 0x74, 0x69, 0x63,
		0x6C, 0x65, 0x53, 0x79, 0x73, 0x74, 0x65, 0x6D, 0x44, 0x65, 0x66, 0x69,
		0x6E, 0x69, 0x74, 0x69, 0x6F, 0x6E, 0x00, 0x6D, 0x5F, 0x6E, 0x42, 0x65,
		0x68, 0x61, 0x76, 0x69, 0x6F, 0x72, 0x56, 0x65, 0x72, 0x73, 0x13, 0x00,
		0x34, 0x4D, 0x61, 0x78, 0x32, 0x00, 0xF0, 0x04, 0x73, 0x00, 0x6D, 0x5F,
		0x66, 0x6C, 0x43, 0x6F, 0x6E, 0x73, 0x74, 0x61, 0x6E, 0x74, 0x52, 0x61,
		0x64, 0x69, 0x75, 0x13, 0x00, 0xF0, 0x06, 0x63, 0x6F, 0x6E, 0x74, 0x72,
		0x6F, 0x6C, 0x50, 0x6F, 0x69, 0x6E, 0x74, 0x43, 0x6F, 0x6E, 0x66, 0x69,
		0x67, 0x75, 0x72, 0x61, 0x52, 0x00, 0x10, 0x73, 0x40, 0x00, 0xF0, 0x05,
		0x61, 0x6D, 0x65, 0x00, 0x70, 0x72, 0x65, 0x76, 0x69, 0x65, 0x77, 0x00,
		0x6D, 0x5F, 0x64, 0x72, 0x69, 0x76, 0x65, 0x72, 0x19, 0x00, 0xF0, 0x26,
		0x69, 0x41, 0x74, 0x74, 0x61, 0x63, 0x68, 0x54, 0x79, 0x70, 0x65, 0x00,
		0x50, 0x41, 0x54, 0x54, 0x41, 0x43, 0x48, 0x5F, 0x57, 0x4F, 0x52, 0x4C,
		0x44, 0x4F, 0x52, 0x49, 0x47, 0x49, 0x4E, 0x00, 0x6D, 0x5F, 0x76, 0x65,
		0x63, 0x4F, 0x66, 0x66, 0x73, 0x65, 0x74, 0x00, 0x6D, 0x5F, 0x65, 0x6E,
		0x74, 0x69, 0x74, 0x79, 0x4E, 0x4D, 0x00, 0xC0, 0x73, 0x65, 0x6C, 0x66,
		0x00, 0x6D, 0x5F, 0x45, 0x6D, 0x69, 0x74, 0x74, 0x4B, 0x00, 0x62, 0x43,
		0x5F, 0x4F, 0x50, 0x5F, 0x49, 0x94, 0x00, 0x63, 0x61, 0x6E, 0x65, 0x6F,
		0x75, 0x73, 0x1B, 0x00, 0x00, 0x7E, 0x00, 0x05, 0xBB, 0x00, 0x20, 0x54,
		0x6F, 0x16, 0x00, 0x00, 0x13, 0x00, 0x02, 0x72, 0x00, 0xF2, 0x0D, 0x46,
		0x5F, 0x54, 0x59, 0x50, 0x45, 0x5F, 0x50, 0x41, 0x52, 0x54, 0x49, 0x43,
		0x4C, 0x45, 0x5F, 0x44, 0x45, 0x54, 0x41, 0x49, 0x4C, 0x5F, 0x4C, 0x45,
		0x56, 0x45, 0x4C, 0xF7, 0x00, 0x14, 0x70, 0x29, 0x00, 0x32, 0x4D, 0x41,
		0x50, 0x2D, 0x00, 0x61, 0x44, 0x49, 0x52, 0x45, 0x43, 0x54, 0x05, 0x01,
		0xF0, 0x00, 0x4C, 0x69, 0x74, 0x65, 0x72, 0x61, 0x6C, 0x56, 0x61, 0x6C,
		0x75, 0x65, 0x00, 0x6D, 0x5F, 0x99, 0x00, 0x14, 0x64, 0x0D, 0x00, 0x27,
		0x6E, 0x43, 0x11, 0x01, 0x00, 0x10, 0x00, 0xE1, 0x53, 0x63, 0x61, 0x6C,
		0x61, 0x72, 0x41, 0x74, 0x74, 0x72, 0x69, 0x62, 0x75, 0x74, 0x23, 0x00,
		0x5F, 0x56, 0x65, 0x63, 0x74, 0x6F, 0x13, 0x00, 0x01, 0x91, 0x43, 0x6F,
		0x6D, 0x70, 0x6F, 0x6E, 0x65, 0x6E, 0x74, 0x67, 0x00, 0x98, 0x52, 0x61,
		0x6E, 0x64, 0x6F, 0x6D, 0x4D, 0x69, 0x6E, 0x0E, 0x00, 0x92, 0x61, 0x78,
		0x00, 0x6D, 0x5F, 0x62, 0x48, 0x61, 0x73, 0x10, 0x00, 0x80, 0x53, 0x69,
		0x67, 0x6E, 0x46, 0x6C, 0x69, 0x70, 0x44, 0x00, 0x03, 0x12, 0x00, 0x36,
		0x65, 0x65, 0x64, 0x0E, 0x00, 0x31, 0x4D, 0x6F, 0x64, 0xC7, 0x00, 0xF3,
		0x04, 0x52, 0x41, 0x4E, 0x44, 0x4F, 0x4D, 0x5F, 0x4D, 0x4F, 0x44, 0x45,
		0x5F, 0x43, 0x4F, 0x4E, 0x53, 0x54, 0x41, 0x4E, 0xCC, 0x00, 0x34, 0x4F,
		0x44, 0x30, 0x09, 0x00, 0x14, 0x31, 0x09, 0x00, 0x14, 0x32, 0x09, 0x00,
		0x10, 0x33, 0x4A, 0x00, 0xAE, 0x4E, 0x6F, 0x69, 0x73, 0x65, 0x49, 0x6E,
		0x70, 0x75, 0x74, 0xB9, 0x00, 0x21, 0x66, 0x6C, 0x1E, 0x00, 0x64, 0x4F,
		0x75, 0x74, 0x70, 0x75, 0x74, 0xAB, 0x00, 0x08, 0x13, 0x00, 0x26, 0x61,
		0x78, 0x13, 0x00, 0x00, 0x0B, 0x01, 0x12, 0x65, 0xDC, 0x01, 0x02, 0x23,
		0x00, 0x01, 0xE1, 0x01, 0x29, 0x52, 0x61, 0x4A, 0x00, 0x04, 0xF5, 0x01,
		0x12, 0x6E, 0x0F, 0x00, 0x65, 0x63, 0x74, 0x61, 0x76, 0x65, 0x73, 0x10,
		0x00, 0x91, 0x54, 0x75, 0x72, 0x62, 0x75, 0x6C, 0x65, 0x6E, 0x63, 0xD6,
		0x00, 0xF6, 0x00, 0x4E, 0x4F, 0x49, 0x53, 0x45, 0x5F, 0x54, 0x55, 0x52,
		0x42, 0x5F, 0x4E, 0x4F, 0x4E, 0x45, 0x26, 0x00, 0x28, 0x79, 0x70, 0x20,
		0x00, 0x01, 0xEC, 0x01, 0x55, 0x45, 0x52, 0x4C, 0x49, 0x4E, 0x22, 0x00,
		0x85, 0x4D, 0x6F, 0x64, 0x69, 0x66, 0x69, 0x65, 0x72, 0x26, 0x00, 0x00,
		0x1B, 0x01, 0x54, 0x49, 0x46, 0x49, 0x45, 0x52, 0x4A, 0x00, 0x2B, 0x66,
		0x6C, 0x71, 0x00, 0x04, 0xBE, 0x00, 0x0D, 0x19, 0x00, 0x27, 0x4D, 0x69,
		0xE4, 0x00, 0x42, 0x49, 0x6D, 0x67, 0x50, 0xF1, 0x02, 0x04, 0x30, 0x00,
		0x1B, 0x62, 0x18, 0x00, 0x34, 0x4C, 0x69, 0x76, 0x47, 0x00, 0xE0, 0x43,
		0x61, 0x6D, 0x65, 0x72, 0x61, 0x46, 0x61, 0x6C, 0x6C, 0x62, 0x61, 0x63,
		0x6B, 0x2C, 0x00, 0xC3, 0x55, 0x73, 0x65, 0x42, 0x6F, 0x75, 0x6E, 0x64,
		0x73, 0x43, 0x65, 0x6E, 0xC6, 0x02, 0x01, 0x7A, 0x01, 0x04, 0xC8, 0x01,
		0x53, 0x49, 0x4E, 0x50, 0x55, 0x54, 0xC7, 0x01, 0x61, 0x4C, 0x41, 0x4D,
		0x50, 0x45, 0x44, 0x4B, 0x00, 0x60, 0x4D, 0x75, 0x6C, 0x74, 0x46, 0x61,
		0x9D, 0x01, 0x01, 0x0F, 0x00, 0x01, 0x33, 0x00, 0x16, 0x30, 0x0B, 0x00,
		0x02, 0xD9, 0x01, 0x02, 0x92, 0x01, 0x17, 0x30, 0x0C, 0x00, 0x13, 0x31,
		0x88, 0x00, 0xA6, 0x74, 0x63, 0x68, 0x65, 0x64, 0x52, 0x61, 0x6E, 0x67,
		0x65, 0xC3, 0x01, 0x07, 0x14, 0x00, 0x28, 0x61, 0x78, 0x14, 0x00, 0x02,
		0x3B, 0x00, 0x7E, 0x4F, 0x75, 0x74, 0x73, 0x69, 0x64, 0x65, 0x19, 0x00,
		0x23, 0x49, 0x6E, 0x18, 0x00, 0x20, 0x6E, 0x52, 0xC9, 0x00, 0x04, 0x8B,
		0x01, 0x52, 0x52, 0x4F, 0x55, 0x4E, 0x44, 0x8B, 0x01, 0x71, 0x4E, 0x45,
		0x41, 0x52, 0x45, 0x53, 0x54, 0x73, 0x04, 0x34, 0x69, 0x61, 0x73, 0x22,
		0x00, 0x42, 0x42, 0x49, 0x41, 0x53, 0x21, 0x00, 0x00, 0x9E, 0x02, 0x32,
		0x44, 0x41, 0x52, 0xDB, 0x00, 0x00, 0x23, 0x00, 0x62, 0x50, 0x61, 0x72,
		0x61, 0x6D, 0x65, 0x10, 0x01, 0x31, 0x43, 0x75, 0x72, 0x40, 0x01, 0x50,
		0x73, 0x70, 0x6C, 0x69, 0x6E, 0x09, 0x00, 0x10, 0x74, 0xA4, 0x00, 0x30,
		0x6E, 0x74, 0x73, 0x59, 0x02, 0x98, 0x44, 0x6F, 0x6D, 0x61, 0x69, 0x6E,
		0x4D, 0x69, 0x6E, 0x0E, 0x00, 0x20, 0x61, 0x78, 0x0E, 0x00, 0x10, 0x49,
		0xE9, 0x04, 0x42, 0x61, 0x6C, 0x69, 0x7A, 0x37, 0x04, 0x41, 0x49, 0x4E,
		0x49, 0x54, 0x14, 0x00, 0x40, 0x46, 0x6C, 0x6F, 0x61, 0x70, 0x02, 0x02,
		0xE1, 0x02, 0x01, 0xC6, 0x03, 0x04, 0x20, 0x04, 0x03, 0x35, 0x03, 0x70,
		0x55, 0x4E, 0x49, 0x46, 0x4F, 0x52, 0x4D, 0xB0, 0x00, 0x02, 0xE3, 0x00,
		0x54, 0x46, 0x69, 0x65, 0x6C, 0x64, 0x44, 0x00, 0x63, 0x52, 0x69, 0x6E,
		0x67, 0x57, 0x61, 0xD3, 0x01, 0x03, 0x65, 0x00, 0x03, 0x1E, 0x05, 0x04,
		0x48, 0x00, 0x78, 0x4C, 0x49, 0x54, 0x45, 0x52, 0x41, 0x4C, 0x22, 0x00,
		0x54, 0x53, 0x70, 0x65, 0x65, 0x64, 0x6D, 0x01, 0x09, 0x14, 0x00, 0x03,
		0x6D, 0x01, 0x85, 0x54, 0x68, 0x69, 0x63, 0x6B, 0x6E, 0x65, 0x73, 0xAC,
		0x00, 0x04, 0xDE, 0x03, 0x21, 0x71, 0x75, 0xFE, 0x02, 0x00, 0x5A, 0x04,
		0x03, 0x0C, 0x00, 0x02, 0x47, 0x00, 0x06, 0x0F, 0x00, 0x2C, 0x61, 0x78,
		0xC2, 0x00, 0x00, 0x5B, 0x01, 0x2A, 0x45, 0x44, 0x65, 0x01, 0xB7, 0x45,
		0x58, 0x50, 0x4F, 0x4E, 0x45, 0x4E, 0x54, 0x49, 0x41, 0x4C, 0x0F, 0x01,
		0x00, 0x88, 0x00, 0x50, 0x56, 0x65, 0x6C, 0x6F, 0x63, 0x71, 0x05, 0x00,
		0xB8, 0x02, 0x03, 0x8B, 0x05, 0x05, 0xE0, 0x03, 0x4C, 0x50, 0x56, 0x45,
		0x43, 0xD6, 0x00, 0x1B, 0x76, 0x11, 0x05, 0x03, 0x0F, 0x00, 0x31, 0x43,
		0x6F, 0x6C, 0x90, 0x02, 0x79, 0x62, 0x46, 0x6F, 0x6C, 0x6C, 0x6F, 0x77,
		0x27, 0x05, 0x1B, 0x76, 0x4B, 0x04, 0x04, 0x2D, 0x03, 0x6B, 0x6E, 0x44,
		0x65, 0x6C, 0x74, 0x61, 0x44, 0x05, 0x31, 0x76, 0x43, 0x50, 0x38, 0x00,
		0x05, 0x40, 0x04, 0xD4, 0x43, 0x50, 0x52, 0x65, 0x6C, 0x61, 0x74, 0x69,
		0x76, 0x65, 0x50, 0x6F, 0x73, 0xC0, 0x06, 0x07, 0x16, 0x00, 0x20, 0x44,
		0x69, 0x78, 0x00, 0x01, 0xDA, 0x01, 0x05, 0x53, 0x05, 0x1D, 0x58, 0x12,
		0x00, 0x1D, 0x59, 0x12, 0x00, 0x14, 0x5A, 0x12, 0x00, 0x10, 0x49, 0x7D,
		0x03, 0x13, 0x70, 0x9D, 0x01, 0x00, 0x0B, 0x00, 0x09, 0x52, 0x03, 0x05,
		0x11, 0x00, 0x10, 0x31, 0x77, 0x00, 0x02, 0x10, 0x00, 0x06, 0x5D, 0x03,
		0x09, 0x11, 0x00, 0x00, 0x22, 0x00, 0x52, 0x47, 0x72, 0x61, 0x64, 0x69,
		0xD5, 0x05, 0x41, 0x53, 0x74, 0x6F, 0x70, 0x9B, 0x02, 0x08, 0xDC, 0x05,
		0x18, 0x76, 0xDB, 0x05, 0x06, 0x6D, 0x01, 0x0D, 0x3A, 0x05, 0xF1, 0x00,
		0x4C, 0x6F, 0x63, 0x00, 0x6D, 0x5F, 0x54, 0x72, 0x61, 0x6E, 0x73, 0x66,
		0x6F, 0x72, 0x6D, 0x82, 0x00, 0x32, 0x00, 0x50, 0x54, 0x8E, 0x01, 0x7A,
		0x49, 0x4E, 0x56, 0x41, 0x4C, 0x49, 0x44, 0x2E, 0x02, 0x04, 0x82, 0x01,
		0x01, 0x08, 0x00, 0x02, 0x6D, 0x00, 0x02, 0x0B, 0x00, 0x24, 0x61, 0x78,
		0x29, 0x00, 0x31, 0x43, 0x72, 0x65, 0xAF, 0x07, 0x04, 0xED, 0x01, 0x11,
		0x6E, 0xDD, 0x02, 0x01, 0x83, 0x00, 0x00, 0xB1, 0x00, 0x74, 0x4F, 0x70,
		0x65, 0x72, 0x61, 0x74, 0x6F, 0x6A, 0x07, 0xA3, 0x42, 0x61, 0x73, 0x69,
		0x63, 0x4D, 0x6F, 0x76, 0x65, 0x6D, 0xA5, 0x06, 0x42, 0x44, 0x72, 0x61,
		0x67, 0xE3, 0x00, 0x43, 0x76, 0x69, 0x74, 0x79, 0x33, 0x08, 0x01, 0x25,
		0x08, 0xA5, 0x72, 0x61, 0x69, 0x6E, 0x74, 0x50, 0x61, 0x73, 0x73, 0x65,
		0xA6, 0x07, 0x00, 0x17, 0x01, 0x55, 0x6F, 0x6C, 0x61, 0x74, 0x65, 0x3E,
		0x08, 0x56, 0x66, 0x6C, 0x45, 0x6E, 0x64, 0x59, 0x05, 0x00, 0xEC, 0x03,
		0x02, 0x2D, 0x00, 0x30, 0x46, 0x61, 0x64, 0x42, 0x06, 0x43, 0x53, 0x69,
		0x6D, 0x70, 0x1C, 0x00, 0x03, 0x12, 0x00, 0x42, 0x54, 0x69, 0x6D, 0x65,
		0x23, 0x00, 0x01, 0xCA, 0x00, 0x07, 0x55, 0x00, 0x04, 0xDD, 0x00, 0x00,
		0x29, 0x00, 0x05, 0x32, 0x00, 0x42, 0x53, 0x74, 0x61, 0x72, 0x34, 0x00,
		0x04, 0x12, 0x00, 0x36, 0x45, 0x6E, 0x64, 0x44, 0x00, 0x33, 0x53, 0x65,
		0x74, 0x02, 0x02, 0x41, 0x6C, 0x6C, 0x65, 0x63, 0x49, 0x02, 0x04, 0x3B,
		0x03, 0xE9, 0x43, 0x4F, 0x4C, 0x4C, 0x45, 0x43, 0x54, 0x49, 0x4F, 0x4E,
		0x5F, 0x41, 0x47, 0x45, 0x0B, 0x08, 0x52, 0x52, 0x45, 0x4D, 0x41, 0x50,
		0x73, 0x03, 0x85, 0x74, 0x4D, 0x65, 0x74, 0x68, 0x6F, 0x64, 0x00, 0x4B,
		0x08, 0x90, 0x53, 0x45, 0x54, 0x5F, 0x53, 0x43, 0x41, 0x4C, 0x45, 0x5F,
		0x01, 0x00, 0x5D, 0x03, 0x62, 0x5F, 0x56, 0x41, 0x4C, 0x55, 0x45, 0x6F,
		0x00, 0x34, 0x4D, 0x61, 0x78, 0x5D, 0x03, 0x02, 0xB7, 0x05, 0x07, 0x10,
		0x00, 0x01, 0x21, 0x00, 0x50, 0x44, 0x65, 0x63, 0x61, 0x79, 0x85, 0x02,
		0x79, 0x6F, 0x72, 0x63, 0x65, 0x47, 0x65, 0x6E, 0x7D, 0x01, 0x02, 0xD4,
		0x01, 0x00, 0x1B, 0x00, 0x00, 0xCE, 0x00, 0x35, 0x4D, 0x69, 0x6E, 0x0B,
		0x00, 0x24, 0x61, 0x78, 0x0B, 0x00, 0x06, 0x7B, 0x01, 0x03, 0x35, 0x00,
		0xA6, 0x57, 0x6F, 0x72, 0x6C, 0x64, 0x54, 0x72, 0x61, 0x63, 0x65, 0x1B,
		0x00, 0x02, 0x67, 0x02, 0x25, 0x43, 0x70, 0x6C, 0x07, 0x61, 0x62, 0x4B,
		0x69, 0x6C, 0x6C, 0x6F, 0xBB, 0x08, 0x22, 0x61, 0x63, 0x7D, 0x08, 0x00,
		0x12, 0x01, 0x10, 0x69, 0x07, 0x0A, 0x01, 0xD5, 0x09, 0x21, 0x72, 0x6D,
		0x25, 0x02, 0x22, 0x53, 0x70, 0x5D, 0x08, 0x05, 0x1D, 0x00, 0x51, 0x47,
		0x72, 0x6F, 0x75, 0x70, 0x99, 0x09, 0x62, 0x44, 0x45, 0x42, 0x52, 0x49,
		0x53, 0x01, 0x09, 0x03, 0x1D, 0x00, 0x00, 0xB4, 0x06, 0x00, 0x75, 0x02,
		0x00, 0x4A, 0x01, 0x20, 0x49, 0x53, 0x49, 0x01, 0x00, 0xB8, 0x06, 0x00,
		0x8A, 0x07, 0xFC, 0x00, 0x5F, 0x46, 0x52, 0x41, 0x4D, 0x45, 0x5F, 0x50,
		0x4C, 0x41, 0x4E, 0x45, 0x53, 0x45, 0x54, 0x36, 0x00, 0x00, 0xC9, 0x00,
		0x65, 0x52, 0x65, 0x6E, 0x64, 0x65, 0x72, 0xE3, 0x09, 0x02, 0x0F, 0x00,
		0x53, 0x53, 0x70, 0x72, 0x69, 0x74, 0x8A, 0x0A, 0x32, 0x41, 0x6E, 0x69,
		0x95, 0x00, 0x03, 0x40, 0x08, 0xB2, 0x6E, 0x46, 0x65, 0x61, 0x74, 0x68,
		0x65, 0x72, 0x69, 0x6E, 0x67, 0x2D, 0x07, 0x06, 0xDD, 0x09, 0xF0, 0x05,
		0x50, 0x54, 0x48, 0x5F, 0x46, 0x45, 0x41, 0x54, 0x48, 0x45, 0x52, 0x49,
		0x4E, 0x47, 0x5F, 0x4F, 0x4E, 0x5F, 0x4F, 0x50, 0xD9, 0x01, 0x03, 0x93,
		0x05, 0xD3, 0x53, 0x65, 0x6C, 0x66, 0x49, 0x6C, 0x6C, 0x75, 0x6D, 0x41,
		0x6D, 0x6F, 0x75, 0x7C, 0x09, 0x77, 0x44, 0x69, 0x66, 0x66, 0x75, 0x73,
		0x65, 0x12, 0x00, 0x30, 0x41, 0x64, 0x64, 0x29, 0x00, 0x07, 0x12, 0x00,
		0x07, 0x71, 0x00, 0x62, 0x61, 0x78, 0x44, 0x69, 0x73, 0x74, 0xD4, 0x01,
		0x53, 0x69, 0x6E, 0x53, 0x69, 0x7A, 0x38, 0x05, 0xA2, 0x54, 0x65, 0x78,
		0x74, 0x75, 0x72, 0x65, 0x73, 0x49, 0x6E, 0x4F, 0x03, 0x13, 0x68, 0x11,
		0x00, 0xC3, 0x00, 0x6D, 0x61, 0x74, 0x65, 0x72, 0x69, 0x61, 0x6C, 0x73,
		0x2F, 0x70, 0xA5, 0x0A, 0xC4, 0x2F, 0x66, 0x61, 0x6E, 0x63, 0x79, 0x5F,
		0x66, 0x69, 0x72, 0x65, 0x5F, 0x14, 0x00, 0x4F, 0x5F, 0x30, 0x30, 0x32,
		0x18, 0x00, 0x05, 0x52, 0x2E, 0x76, 0x74, 0x65, 0x78, 0xC0, 0x00, 0x93,
		0x68, 0x61, 0x64, 0x6F, 0x77, 0x44, 0x65, 0x6E, 0x73, 0x83, 0x03, 0x02,
		0xBE, 0x03, 0x5A, 0x42, 0x6C, 0x65, 0x6E, 0x64, 0x0B, 0x01, 0x30, 0x4F,
		0x55, 0x54, 0x3F, 0x08, 0x52, 0x42, 0x4C, 0x45, 0x4E, 0x44, 0x8D, 0x01,
		0x32, 0x41, 0x44, 0x44, 0x77, 0x08, 0x00, 0xC6, 0x08, 0x81, 0x65, 0x64,
		0x52, 0x65, 0x73, 0x6F, 0x6C, 0x75, 0x56, 0x01, 0x00, 0x71, 0x01, 0x00,
		0xDC, 0x00, 0x03, 0x2D, 0x02, 0x00, 0x5A, 0x03, 0x02, 0xA9, 0x03, 0x06,
		0x02, 0x06, 0x23, 0x43, 0x50, 0xDD, 0x02, 0x02, 0xA0, 0x0A, 0x00, 0xD4,
		0x03, 0x03, 0xCC, 0x03, 0x0E, 0xDE, 0x00, 0x05, 0xBB, 0x00, 0xF2, 0x04,
		0x66, 0x6C, 0x61, 0x72, 0x65, 0x73, 0x2F, 0x61, 0x69, 0x72, 0x63, 0x72,
		0x61, 0x66, 0x74, 0x5F, 0x68, 0x6F, 0x74, 0xCB, 0x00, 0x07, 0xE8, 0x01,
		0x57, 0x54, 0x72, 0x61, 0x69, 0x6C, 0x71, 0x0C, 0x00, 0xB6, 0x02, 0x02,
		0x60, 0x00, 0x90, 0x54, 0x6F, 0x4C, 0x65, 0x6E, 0x67, 0x74, 0x68, 0x52,
		0xFB, 0x01, 0x02, 0xA6, 0x0A, 0x01, 0x10, 0x00, 0x00, 0xDA, 0x03, 0x23,
		0x49, 0x6E, 0xE9, 0x03, 0x10, 0x62, 0x12, 0x0B, 0xF0, 0x02, 0x55, 0x56,
		0x42, 0x61, 0x73, 0x65, 0x64, 0x4F, 0x6E, 0x50, 0x69, 0x74, 0x63, 0x68,
		0x59, 0x61, 0x77, 0x19, 0x00, 0xF1, 0x03, 0x47, 0x61, 0x6D, 0x6D, 0x61,
		0x43, 0x6F, 0x72, 0x72, 0x65, 0x63, 0x74, 0x56, 0x65, 0x72, 0x74, 0x65,
		0x78, 0xD9, 0x00, 0x1F, 0x73, 0x90, 0x01, 0x02, 0x09, 0x72, 0x01, 0x1C,
		0x33, 0x10, 0x00, 0x06, 0x80, 0x01, 0x95, 0x54, 0x61, 0x69, 0x6C, 0x41,
		0x6C, 0x70, 0x68, 0x61, 0xF2, 0x09, 0xF5, 0x05, 0x45, 0x6E, 0x61, 0x62,
		0x6C, 0x65, 0x46, 0x61, 0x64, 0x69, 0x6E, 0x67, 0x41, 0x6E, 0x64, 0x43,
		0x6C, 0x61, 0x6D, 0x70, 0x4B, 0x01, 0x00, 0x2F, 0x00, 0x0E, 0x4F, 0x01,
		0x06, 0x51, 0x07, 0x00, 0x7A, 0x04, 0x22, 0x4F, 0x52, 0xDA, 0x01, 0x00,
		0xBE, 0x04, 0x01, 0xC7, 0x04, 0x02, 0x52, 0x02, 0x01, 0x2F, 0x05, 0x09,
		0x10, 0x00, 0x08, 0x78, 0x00, 0x00, 0xD7, 0x09, 0x88, 0x76, 0x65, 0x72,
		0x62, 0x72, 0x69, 0x67, 0x68, 0x0E, 0x0A, 0x02, 0x3A, 0x01, 0x88, 0x48,
		0x65, 0x61, 0x64, 0x54, 0x61, 0x70, 0x65, 0x14, 0x00, 0x06, 0x10, 0x00,
		0x53, 0x44, 0x65, 0x73, 0x61, 0x74, 0xBA, 0x0D, 0x02, 0xA7, 0x00, 0x00,
		0x30, 0x00, 0x06, 0xA7, 0x00, 0x00, 0xD6, 0x00, 0x42, 0x4F, 0x6E, 0x6C,
		0x79, 0xA0, 0x01, 0xE0, 0x49, 0x6E, 0x45, 0x66, 0x66, 0x65, 0x63, 0x74,
		0x73, 0x42, 0x6C, 0x6F, 0x6F, 0x6D, 0xE5, 0x05, 0x04, 0xCF, 0x04, 0x02,
		0x99, 0x00, 0x05, 0x4D, 0x01, 0x12, 0x65, 0x27, 0x00, 0x30, 0x2F, 0x79,
		0x65, 0x02, 0x08, 0x01, 0xFB, 0x01, 0x04, 0x38, 0x01, 0x22, 0x62, 0x53,
		0x71, 0x00, 0x11, 0x65, 0x65, 0x00, 0x31, 0x50, 0x72, 0x65, 0xCB, 0x00,
		0x01, 0xB5, 0x02, 0x03, 0x92, 0x00, 0x31, 0x70, 0x74, 0x68, 0x11, 0x06,
		0xA1, 0x56, 0x69, 0x73, 0x69, 0x62, 0x69, 0x6C, 0x69, 0x74, 0x79, 0x47,
		0x03, 0x03, 0x18, 0x02, 0x01, 0x3B, 0x0B, 0x01, 0x20, 0x00, 0x2F, 0xCF,
		0x00, 0x01, 0x00, 0x0F, 0xFB, 0x06, 0xFA, 0x00, 0x00, 0x00, 0xD5, 0x00,
		0x00, 0x00, 0xC9, 0x00, 0x00, 0x00, 0xE9, 0x00, 0x00, 0x00, 0xD7, 0x00,
		0x00, 0x00, 0xC5, 0x24, 0x00, 0x9E, 0xFF, 0x00, 0x00, 0x00, 0xE4, 0x00,
		0x00, 0x00, 0xB5, 0x18, 0x00, 0x0E, 0x04, 0x00, 0x0F, 0x24, 0x00, 0x08,
		0x0F, 0x3C, 0x00, 0x09, 0xFF, 0x12, 0xFE, 0x00, 0x00, 0x00, 0xDC, 0x00,
		0x00, 0x00, 0x44, 0xC2, 0xF7, 0xFE, 0x06, 0xAF, 0x51, 0xC0, 0x2F, 0x50,
		0x52, 0x60, 0x01, 0x86, 0x61, 0x40, 0xD5, 0xE8, 0xD5, 0x00, 0xA5, 0x69,
		0x24, 0x40, 0x00, 0x01, 0x00, 0xFF, 0x7A, 0x39, 0xC0, 0x62, 0xC0, 0x08,
		0x00, 0x32, 0x40, 0x8F, 0xC0, 0x19, 0x00, 0x2F, 0xF0, 0x3F, 0x08, 0x00,
		0x1B, 0x0E, 0x01, 0x00, 0x0E, 0x20, 0x00, 0x0F, 0x01, 0x00, 0xF1, 0x0E,
		0x40, 0x01, 0x0F, 0xB8, 0x01, 0x24, 0x19, 0x40, 0x08, 0x00, 0x3F, 0x40,
		0x8F, 0x40, 0xB8, 0x01, 0xFF, 0x93, 0x0F, 0x01, 0x00, 0x3E, 0x2F, 0x79,
		0xC0, 0xF8, 0x01, 0xFF, 0xCB, 0x3F, 0x40, 0x5F, 0xC0, 0x08, 0x00, 0x04,
		0x1F, 0x40, 0x08, 0x00, 0x02, 0x0D, 0x28, 0x04, 0x2F, 0x72, 0xC0, 0x38,
		0x02, 0x0B, 0x0F, 0x00, 0x02, 0x1D, 0x0F, 0x68, 0x02, 0xFF, 0xA6, 0x0F,
		0x18, 0x06, 0xFF, 0xDE, 0x0F, 0x28, 0x02, 0xFF, 0xFE, 0x0F, 0x01, 0x00,
		0xFF, 0x5E, 0x0F, 0x70, 0x05, 0xFF, 0xFF, 0xFF, 0xFF, 0xFF, 0xFE, 0x0F,
		0x98, 0x0C, 0xFF, 0xFF, 0xA0, 0x50, 0x00, 0x00, 0x00, 0x00, 0x00, 0x93,
		0x0B, 0x00, 0x00, 0x00, 0x02, 0x00, 0x00, 0x00, 0x03, 0x08, 0x00, 0x53,
		0x2F, 0x00, 0x00, 0x00, 0x04, 0x10, 0x00, 0x13, 0x05, 0x14, 0x00, 0x13,
		0x04, 0x0C, 0x00, 0x13, 0x24, 0x0C, 0x00, 0x0E, 0x08, 0x00, 0x06, 0x34,
		0x00, 0x1B, 0x03, 0x44, 0x00, 0x08, 0x0C, 0x00, 0x13, 0x02, 0x48, 0x00,
		0x17, 0x17, 0x18, 0x00, 0x0F, 0x08, 0x00, 0x05, 0x5F, 0x01, 0x00, 0x00,
		0x00, 0x12, 0x74, 0x00, 0x10, 0x1B, 0x01, 0x0C, 0x00, 0x13, 0x03, 0x0C,
		0x00, 0x08, 0x4C, 0x00, 0x0F, 0x70, 0x00, 0x15, 0x17, 0x03, 0xF0, 0x00,
		0x0C, 0xD8, 0x00, 0x17, 0x02, 0x24, 0x00, 0x00, 0x04, 0x00, 0x53, 0x07,
		0x00, 0x00, 0x00, 0x0D, 0x14, 0x00, 0x0F, 0x60, 0x00, 0x15, 0x0F, 0x30,
		0x00, 0x1D, 0x1B, 0x19, 0xDC, 0x00, 0x13, 0x2E, 0x0C, 0x00, 0x0F, 0x18,
		0x01, 0x1D, 0x0F, 0x08, 0x00, 0x05, 0x1F, 0x2E, 0x08, 0x00, 0x0C, 0x0F,
		0xA8, 0x00, 0x25, 0x1F, 0x24, 0xA8, 0x00, 0x84, 0x1F, 0x0F, 0x2C, 0x00,
		0x18, 0x05, 0x04, 0x00, 0xAC, 0x01, 0x03, 0x01, 0x03, 0x02, 0x02, 0x0A,
		0x03, 0x02, 0x02, 0x03, 0x00, 0x20, 0x04, 0x03, 0x01, 0x00, 0x08, 0x12,
		0x00, 0x00, 0x01, 0x00, 0x0F, 0x16, 0x00, 0x01, 0x00, 0x05, 0x00, 0x14,
		0x08, 0x21, 0x00, 0x0E, 0x33, 0x00, 0x01, 0x0B, 0x00, 0x00, 0x08, 0x00,
		0x4F, 0x01, 0x03, 0x05, 0x01, 0x24, 0x00, 0x03, 0x0F, 0x17, 0x00, 0x03,
		0x00, 0x10, 0x00, 0x1F, 0x01, 0x58, 0x00, 0x05, 0x0E, 0xB1, 0x00, 0x07,
		0x72, 0x00, 0x0F, 0x49, 0x00, 0x47, 0x0F, 0xBF, 0x00, 0x03, 0x23, 0x00,
		0x00, 0x50, 0x01, 0x00, 0x48, 0x03, 0x13, 0x0C, 0x44, 0x03, 0x26, 0xF4,
		0x01, 0x5C, 0x04, 0x13, 0x06, 0x54, 0x03, 0xD3, 0x08, 0x00, 0x00, 0x00,
		0x09, 0x00, 0x00, 0x00, 0x0A, 0x00, 0x00, 0x00, 0x0B, 0x2C, 0x00, 0x00,
		0x38, 0x03, 0x11, 0x0E, 0x42, 0x00, 0x02, 0xC4, 0x01, 0x53, 0x10, 0x00,
		0x00, 0x00, 0x11, 0x60, 0x02, 0xF0, 0x05, 0x13, 0x00, 0x00, 0x00, 0x14,
		0x00, 0x00, 0x00, 0x15, 0x00, 0x00, 0x00, 0x16, 0x00, 0x00, 0x00, 0xFF,
		0xFF, 0xFF, 0xFF, 0xE4, 0x01, 0x13, 0x18, 0x64, 0x00, 0x13, 0x19, 0x5C,
		0x00, 0xF3, 0x02, 0x1A, 0x00, 0x00, 0x00, 0x1B, 0x00, 0x00, 0x00, 0x1C,
		0x00, 0x00, 0x00, 0x1D, 0x00, 0x00, 0x00, 0x1E, 0x2C, 0x00, 0xF3, 0x02,
		0x1F, 0x00, 0x00, 0x00, 0x20, 0x00, 0x00, 0x00, 0x21, 0x00, 0x00, 0x00,
		0x22, 0x00, 0x00, 0x00, 0x23, 0x78, 0x02, 0xF3, 0x12, 0x25, 0x00, 0x00,
		0x00, 0x26, 0x00, 0x00, 0x00, 0x27, 0x00, 0x00, 0x00, 0x28, 0x00, 0x00,
		0x00, 0x29, 0x00, 0x00, 0x00, 0x2A, 0x00, 0x00, 0x00, 0x2B, 0x00, 0x00,
		0x00, 0x2C, 0x00, 0x00, 0x00, 0x2D, 0x80, 0x02, 0x00, 0x34, 0x02, 0xF3,
		0x56, 0x30, 0x00, 0x00, 0x00, 0x31, 0x00, 0x00, 0x00, 0x32, 0x00, 0x00,
		0x00, 0x33, 0x00, 0x00, 0x00, 0x34, 0x00, 0x00, 0x00, 0x35, 0x00, 0x00,
		0x00, 0x36, 0x00, 0x00, 0x00, 0x37, 0x00, 0x00, 0x00, 0x38, 0x00, 0x00,
		0x00, 0x39, 0x00, 0x00, 0x00, 0x3A, 0x00, 0x00, 0x00, 0x3B, 0x00, 0x00,
		0x00, 0x3C, 0x00, 0x00, 0x00, 0x3D, 0x00, 0x00, 0x00, 0x3E, 0x00, 0x00,
		0x00, 0x3F, 0x00, 0x00, 0x00, 0x40, 0x00, 0x00, 0x00, 0x41, 0x00, 0x00,
		0x00, 0x42, 0x00, 0x00, 0x00, 0x43, 0x00, 0x00, 0x00, 0x44, 0x00, 0x00,
		0x00, 0x45, 0x00, 0x00, 0x00, 0x46, 0x00, 0x00, 0x00, 0x47, 0x00, 0x00,
		0x00, 0x48, 0x00, 0x00, 0x00, 0x49, 0x00, 0x01, 0x13, 0x4A, 0x08, 0x00,
		0x93, 0x4B, 0x00, 0x00, 0x00, 0x4C, 0x00, 0x00, 0x00, 0x4D, 0x10, 0x00,
		0x53, 0x4E, 0x00, 0x00, 0x00, 0x4F, 0x18, 0x01, 0x17, 0x50, 0xEC, 0x00,
		0x04, 0xE0, 0x00, 0x00, 0xF4, 0x00, 0x13, 0x51, 0xE0, 0x02, 0x0F, 0x30,
		0x00, 0x11, 0x00, 0x01, 0x00, 0x53, 0x52, 0x00, 0x00, 0x00, 0x53, 0x24,
		0x00, 0x1B, 0x54, 0x6C, 0x01, 0x0F, 0x64, 0x01, 0x0D, 0x0F, 0x58, 0x01,
		0x05, 0x0F, 0x54, 0x01, 0x2D, 0x0F, 0x4C, 0x01, 0x09, 0x0F, 0x34, 0x01,
		0x15, 0x1F, 0x55, 0xD4, 0x00, 0xC0, 0x1F, 0x56, 0xD4, 0x00, 0xC0, 0x1F,
		0x57, 0xD4, 0x00, 0xC0, 0x00, 0x01, 0x00, 0x93, 0x58, 0x00, 0x00, 0x00,
		0x59, 0x00, 0x00, 0x00, 0x5A, 0xEC, 0x04, 0x0C, 0x90, 0x03, 0x1F, 0x5B,
		0xD8, 0x04, 0xCC, 0x1F, 0x5C, 0x28, 0x01, 0x10, 0x1F, 0x51, 0xA8, 0x04,
		0x04, 0x0F, 0xF0, 0x05, 0xED, 0x13, 0x51, 0x1C, 0x07, 0x0C, 0x1C, 0x01,
		0x13, 0x54, 0x14, 0x01, 0x13, 0x51, 0x20, 0x01, 0x00, 0x01, 0x00, 0x53,
		0x5D, 0x00, 0x00, 0x00, 0x5E, 0x20, 0x00, 0x97, 0x5F, 0x00, 0x00, 0x00,
		0x60, 0x00, 0x00, 0x00, 0x61, 0x38, 0x01, 0x17, 0x62, 0x30, 0x01, 0x13,
		0x63, 0x58, 0x03, 0xFE, 0x02, 0x64, 0x00, 0x00, 0x00, 0x65, 0x00, 0x00,
		0x00, 0x66, 0x00, 0x00, 0x00, 0x67, 0x00, 0x00, 0x00, 0x68, 0x84, 0x03,
		0x0F, 0x7C, 0x01, 0xE6, 0x1F, 0x69, 0x0C, 0x01, 0xF8, 0x1F, 0x6A, 0x0C,
		0x01, 0xF8, 0x1F, 0x6B, 0x0C, 0x01, 0xF8, 0xF3, 0x06, 0x6C, 0x00, 0x00,
		0x00, 0x6D, 0x00, 0x00, 0x00, 0x6E, 0x00, 0x00, 0x00, 0x6F, 0x00, 0x00,
		0x00, 0x70, 0x00, 0x00, 0x00, 0x71, 0x24, 0x00, 0x9E, 0x72, 0x00, 0x00,
		0x00, 0x73, 0x00, 0x00, 0x00, 0x74, 0x94, 0x04, 0x0D, 0x88, 0x04, 0x0E,
		0x84, 0x04, 0x0F, 0x08, 0x08, 0xBB, 0x1F, 0x69, 0xD4, 0x00, 0xC0, 0x1F,
		0x6A, 0xD4, 0x00, 0xC0, 0x1F, 0x6B, 0xD4, 0x00, 0xC0, 0x0F, 0xA4, 0x03,
		0x09, 0x1F, 0x75, 0xF0, 0x00, 0xC0, 0x13, 0x76, 0xD4, 0x00, 0x13, 0x77,
		0x18, 0x00, 0x93, 0x78, 0x00, 0x00, 0x00, 0x79, 0x00, 0x00, 0x00, 0x7A,
		0x10, 0x00, 0x53, 0x7B, 0x00, 0x00, 0x00, 0x7C, 0xB8, 0x00, 0x13, 0x75,
		0xAC, 0x00, 0x13, 0x7D, 0x1C, 0x00, 0x5F, 0x7E, 0x00, 0x00, 0x00, 0x7F,
		0xE0, 0x05, 0xF8, 0x1F, 0x80, 0x50, 0x0A, 0xFF, 0xFF, 0xFF, 0xFF, 0x84,
		0x13, 0x81, 0x9C, 0x00, 0x00, 0x01, 0x00, 0x93, 0x82, 0x00, 0x00, 0x00,
		0x83, 0x00, 0x00, 0x00, 0x84, 0x10, 0x00, 0x53, 0x85, 0x00, 0x00, 0x00,
		0x86, 0x0C, 0x00, 0xD3, 0x87, 0x00, 0x00, 0x00, 0x88, 0x00, 0x00, 0x00,
		0x89, 0x00, 0x00, 0x00, 0x8A, 0x14, 0x00, 0x17, 0x8B, 0x44, 0x0F, 0x13,
		0x8C, 0x70, 0x01, 0x1F, 0x8D, 0xF4, 0x06, 0xB0, 0x04, 0x28, 0x10, 0x5E,
		0x8E, 0x00, 0x00, 0x00, 0x8F, 0x00, 0x01, 0x01, 0x01, 0x00, 0x53, 0x90,
		0x00, 0x00, 0x00, 0x91, 0x0C, 0x00, 0x53, 0x92, 0x00, 0x00, 0x00, 0x93,
		0x0C, 0x00, 0xAE, 0x94, 0x00, 0x00, 0x00, 0x95, 0x00, 0x00, 0x00, 0x96,
		0x00, 0x10, 0x00, 0x13, 0x97, 0x14, 0x00, 0xF3, 0x12, 0x98, 0x00, 0x00,
		0x00, 0x99, 0x00, 0x00, 0x00, 0x9A, 0x00, 0x00, 0x00, 0x9B, 0x00, 0x00,
		0x00, 0x9C, 0x00, 0x00, 0x00, 0x9D, 0x00, 0x00, 0x00, 0x9E, 0x00, 0x00,
		0x00, 0x9F, 0x00, 0x00, 0x00, 0xA0, 0x08, 0x00, 0x13, 0xA1, 0x30, 0x00,
		0xF3, 0x32, 0xA2, 0x00, 0x00, 0x00, 0xA3, 0x00, 0x00, 0x00, 0xA4, 0x00,
		0x00, 0x00, 0xA5, 0x00, 0x00, 0x00, 0xA6, 0x00, 0x00, 0x00, 0xA7, 0x00,
		0x00, 0x00, 0xA8, 0x00, 0x00, 0x00, 0xA9, 0x00, 0x00, 0x00, 0xAA, 0x00,
		0x00, 0x00, 0xAB, 0x00, 0x00, 0x00, 0xAC, 0x00, 0x00, 0x00, 0xAD, 0x00,
		0x00, 0x00, 0xAE, 0x00, 0x00, 0x00, 0xAF, 0x00, 0x00, 0x00, 0xB0, 0x00,
		0x00, 0x00, 0xB1, 0x00, 0x00, 0x00, 0xB2, 0xA4, 0x01, 0x1F, 0xB3, 0x78,
		0x06, 0x14, 0x1F, 0x02, 0x7C, 0x06, 0xFF, 0xFF, 0xFF, 0xFF, 0x58, 0x04,
		0xDC, 0x04, 0x13, 0xB4, 0xE0, 0x04, 0x04, 0xD8, 0x04, 0x04, 0xE8, 0x04,
		0x0C, 0xDC, 0x04, 0x17, 0xB5, 0xD8, 0x04, 0x1F, 0xAE, 0xDC, 0x04, 0xFF,
		0xFF, 0xFF, 0xFF, 0x94, 0xDB, 0xB6, 0x00, 0x00, 0x00, 0xB7, 0x00, 0x00,
		0x00, 0xB8, 0x00, 0x00, 0x00, 0xB9, 0xE4, 0x04, 0x13, 0xBA, 0xF8, 0x04,
		0x0F, 0x30, 0x12, 0xBD, 0x04, 0xAC, 0x05, 0x17, 0xBB, 0xAC, 0x05, 0x1F,
		0xBC, 0x3C, 0x02, 0xC8, 0x0F, 0x18, 0x01, 0x15, 0x53, 0xBD, 0x00, 0x00,
		0x00, 0xBE, 0x08, 0x01, 0x1F, 0xBF, 0xBC, 0x17, 0xFF, 0xFF, 0xFF, 0x83,
		0x1F, 0xC0, 0xF0, 0x00, 0xC0, 0x1F, 0xC1, 0xD4, 0x00, 0xC0, 0x1F, 0xC2,
		0xD4, 0x00, 0xC0, 0x08, 0xF0, 0x0C, 0x0F, 0xDC, 0x00, 0xBD, 0x1F, 0xC3,
		0xFC, 0x07, 0xF0, 0x00, 0xA8, 0x0E, 0x1F, 0xC4, 0x08, 0x01, 0xF0, 0x1F,
		0xC5, 0x04, 0x01, 0xF0, 0x1F, 0xC6, 0x04, 0x01, 0xF0, 0x1F, 0xC7, 0xB4,
		0x11, 0xFF, 0xFF, 0xFF, 0xFF, 0x9C, 0x0F, 0xA4, 0x11, 0xCD, 0x08, 0x94,
		0x12, 0x04, 0xB0, 0x11, 0x00, 0x9C, 0x12, 0x1E, 0xC8, 0xB8, 0x11, 0x0F,
		0xFC, 0x00, 0xB2, 0x0F, 0x88, 0x11, 0xFF, 0xFF, 0xFF, 0xFF, 0xFF, 0xFF,
		0xFF, 0xEF, 0x0F, 0x84, 0x11, 0xFF, 0xFF, 0xFF, 0xFF, 0xFF, 0xFF, 0xFF,
		0x9D, 0x13, 0xA2, 0xF8, 0x27, 0x1F, 0xC9, 0xE0, 0x27, 0xFF, 0xFF, 0xFF,
		0xFF, 0x8C, 0x04, 0x44, 0x15, 0x2E, 0xCA, 0x00, 0x40, 0x15, 0x13, 0xCB,
		0x70, 0x0D, 0x1B, 0xB1, 0x54, 0x0E, 0xA8, 0xCC, 0x00, 0x00, 0x00, 0xCD,
		0x00, 0x00, 0x00, 0xCE, 0x00, 0x01, 0x00, 0x22, 0x08, 0x40, 0x08, 0x00,
		0x12, 0x79, 0x08, 0x00, 0x22, 0x60, 0x88, 0x08, 0x00, 0x2F, 0x40, 0x6F,
		0x08, 0x00, 0x06, 0x20, 0x9A, 0x99, 0x01, 0x00, 0x22, 0xB9, 0x3F, 0x38,
		0x00, 0x13, 0xF4, 0x08, 0x00, 0x12, 0xE0, 0x08, 0x00, 0x33, 0x80, 0x76,
		0x40, 0x59, 0x00, 0x03, 0x08, 0x00, 0x1F, 0x24, 0x30, 0x00, 0x0B, 0x2F,
		0xE0, 0x75, 0x20, 0x00, 0x0B, 0x2F, 0x70, 0x97, 0x20, 0x00, 0x0B, 0x0F,
		0x60, 0x00, 0x0D, 0x34, 0x00, 0x10, 0x40, 0x08, 0x00, 0x0A, 0x28, 0x00,
		0x93, 0xE0, 0x3F, 0x80, 0x47, 0x54, 0xA8, 0x6E, 0x2E, 0x9E, 0x10, 0x00,
		0x15, 0xD0, 0x08, 0x00, 0x0C, 0x28, 0x00, 0x02, 0xD8, 0x00, 0x1F, 0x66,
		0x68, 0x00, 0x06, 0x0F, 0x18, 0x00, 0x95, 0x02, 0xE1, 0x12, 0x1F, 0x60,
		0x30, 0x01, 0x0C, 0x0E, 0x00, 0x01, 0x0F, 0x10, 0x00, 0x2D, 0x11, 0x33,
		0x01, 0x00, 0x13, 0xD3, 0x18, 0x00, 0x13, 0xC9, 0x08, 0x00, 0x1E, 0xA9,
		0x68, 0x01, 0x09, 0x90, 0x02, 0x1A, 0xE0, 0x98, 0x01, 0x32, 0x40, 0x8F,
		0x40, 0xC0, 0x00, 0x2A, 0xA2, 0x40, 0x28, 0x00, 0x04, 0x68, 0x02, 0x13,
		0x14, 0x08, 0x00, 0x9F, 0x20, 0x40, 0xFA, 0x7E, 0x6A, 0xBC, 0x74, 0x93,
		0x48, 0xB8, 0x00, 0x2E, 0x0A, 0x58, 0x00, 0x15, 0x10, 0x60, 0x00, 0x7F,
		0x7B, 0x14, 0xAE, 0x47, 0xE1, 0x7A, 0x54, 0x60, 0x00, 0x34, 0x15, 0xD0,
		0x10, 0x01, 0x0E, 0xD0, 0x02, 0x0F, 0x98, 0x01, 0x4B, 0x0F, 0xF0, 0x02,
		0x0A, 0x2E, 0x00, 0xE8, 0x18, 0x00, 0x0F, 0x48, 0x00, 0x0A, 0x1E, 0x34,
		0xB8, 0x00, 0x0E, 0x78, 0x03, 0x0F, 0x48, 0x00, 0x0A, 0x0F, 0x28, 0x00,
		0x25, 0x0F, 0x78, 0x01, 0x45, 0x0F, 0x70, 0x01, 0xCD, 0x0E, 0x90, 0x00,
		0x0F, 0x70, 0x02, 0x4B, 0x02, 0x38, 0x03, 0x13, 0x64, 0x08, 0x00, 0x1F,
		0x84, 0x50, 0x01, 0x34, 0x15, 0x00, 0xA0, 0x03, 0xD0, 0x09, 0x06, 0x0B,
		0x0B, 0x11, 0x18, 0x09, 0x06, 0x18, 0x09, 0x06, 0x19, 0x05, 0x06, 0x00,
		0xF3, 0x17, 0x09, 0x06, 0x06, 0x05, 0x06, 0x0F, 0x0B, 0x0B, 0x0F, 0x05,
		0x05, 0x0E, 0x0B, 0x06, 0x05, 0x05, 0x05, 0x05, 0x0F, 0x11, 0x12, 0x05,
		0x19, 0x05, 0x11, 0x10, 0x06, 0x06, 0x06, 0x05, 0x05, 0x12, 0x0D, 0x11,
		0x0E, 0x06, 0x12, 0x11, 0x02, 0x00, 0xA1, 0x06, 0x06, 0x11, 0x09, 0x08,
		0x08, 0x19, 0x05, 0x19, 0x05, 0x3A, 0x00, 0xB1, 0x11, 0x05, 0x06, 0x0D,
		0x0B, 0x06, 0x09, 0x06, 0x12, 0x05, 0x06, 0x48, 0x00, 0x00, 0x47, 0x00,
		0x40, 0x11, 0x12, 0x06, 0x11, 0x01, 0x00, 0x09, 0x44, 0x00, 0x02, 0x42,
		0x00, 0x05, 0x3D, 0x00, 0x0F, 0x2C, 0x00, 0x71, 0x30, 0x06, 0x10, 0x0B,
		0xB4, 0x00, 0x16, 0x11, 0xFC, 0x00, 0x00, 0x32, 0x00, 0x07, 0xFC, 0x00,
		0x1D, 0x12, 0xFC, 0x00, 0x13, 0x05, 0x3B, 0x00, 0x1F, 0x10, 0x39, 0x00,
		0x1D, 0x04, 0x74, 0x00, 0x00, 0x72, 0x00, 0x01, 0x05, 0x00, 0xD3, 0x19,
		0x05, 0x19, 0x0B, 0x06, 0x0E, 0x0B, 0x19, 0x05, 0x0F, 0x0F, 0x19, 0x05,
		0xBA, 0x00, 0x22, 0x11, 0x06, 0xBB, 0x00, 0x0E, 0x51, 0x00, 0x0F, 0x86,
		0x01, 0x07, 0x0F, 0x37, 0x00, 0x92, 0x21, 0x11, 0x12, 0x3D, 0x00, 0x03,
		0x43, 0x00, 0x00, 0xFB, 0x00, 0x00, 0xF9, 0x00, 0x06, 0xF8, 0x00, 0x0F,
		0xDE, 0x01, 0x18, 0x0F, 0x2C, 0x00, 0x6E, 0x04, 0xCC, 0x00, 0x0F, 0x96,
		0x02, 0x1C, 0x88, 0x19, 0x0B, 0x19, 0x0B, 0x06, 0x0B, 0x12, 0x12, 0x70,
		0x03, 0x2F, 0x11, 0x12, 0x3B, 0x02, 0x19, 0x0F, 0x34, 0x02, 0x1D, 0x0F,
		0x4A, 0x00, 0x09, 0x0F, 0x37, 0x00, 0x90, 0x08, 0x34, 0x02, 0x10, 0x0B,
		0x68, 0x04, 0x7F, 0x12, 0x06, 0x19, 0x0B, 0x05, 0x05, 0x06, 0xAC, 0x01,
		0x06, 0x12, 0x12, 0x78, 0x01, 0x37, 0x05, 0x12, 0x05, 0x6E, 0x03, 0x00,
		0x34, 0x00, 0x11, 0x06, 0xE6, 0x04, 0x01, 0xF2, 0x03, 0x03, 0xB8, 0x04,
		0x60, 0x19, 0x05, 0x0D, 0x05, 0x06, 0x06, 0x16, 0x00, 0xE7, 0x05, 0x06,
		0x05, 0x11, 0x05, 0x05, 0x05, 0x18, 0x09, 0x86, 0x01, 0x11, 0x06, 0x0D,
		0x63, 0x01, 0x1F, 0x0B, 0x63, 0x01, 0xDC, 0x00, 0xB7, 0x02, 0x22, 0x11,
		0x06, 0x0A, 0x01, 0x2F, 0x06, 0x11, 0x0A, 0x01, 0xEC, 0x5F, 0x0D, 0x12,
		0x12, 0x11, 0x0E, 0xE1, 0x03, 0x06, 0x1E, 0x12, 0xE1, 0x03, 0x01, 0x36,
		0x01, 0x0F, 0xD8, 0x03, 0x1B, 0x04, 0x3B, 0x00, 0x1F, 0x0D, 0x11, 0x05,
		0x16, 0x0E, 0x78, 0x00, 0x0F, 0x2C, 0x00, 0x72, 0x0E, 0x11, 0x05, 0x0F,
		0x60, 0x00, 0x12, 0x0F, 0x2C, 0x00, 0x42, 0x1F, 0x06, 0x59, 0x00, 0x1D,
		0x0F, 0xB0, 0x01, 0x22, 0x0F, 0x37, 0x00, 0x21, 0x0F, 0x99, 0x02, 0x1B,
		0x0F, 0xA3, 0x00, 0x2B, 0x0F, 0xBD, 0x03, 0xEC, 0x0F, 0xB9, 0x03, 0x1D,
		0x6F, 0x12, 0x12, 0x11, 0x06, 0x0E, 0x0D, 0xF3, 0x02, 0x19, 0x0F, 0xB4,
		0x03, 0xFF, 0x9E, 0x0F, 0x36, 0x00, 0x91, 0x0F, 0xB3, 0x03, 0xE9, 0x0F,
		0xFE, 0x00, 0xE8, 0x00, 0x81, 0x04, 0xF0, 0x00, 0x05, 0x11, 0x06, 0x0E,
		0x05, 0x0D, 0x06, 0x12, 0x12, 0x09, 0x12, 0x00, 0xDD, 0xEE, 0xFF
	};

	inline unsigned char explosionblue[ 5206 ]
	{
		0x56, 0x14, 0x00, 0x00, 0x0C, 0x00, 0x01, 0x00, 0x08, 0x00, 0x00, 0x00,
		0x03, 0x00, 0x00, 0x00, 0x52, 0x45, 0x52, 0x4C, 0x20, 0x00, 0x00, 0x00,
		0xF1, 0x00, 0x00, 0x00, 0x52, 0x45, 0x44, 0x32, 0x10, 0x01, 0x00, 0x00,
		0xD1, 0x02, 0x00, 0x00, 0x44, 0x41, 0x54, 0x41, 0xE4, 0x03, 0x00, 0x00,
		0x46, 0x10, 0x00, 0x00, 0x0C, 0x00, 0x00, 0x00, 0x03, 0x00, 0x00, 0x00,
		0x00, 0x00, 0x00, 0x00, 0x98, 0x02, 0x26, 0x93, 0x87, 0x94, 0xAC, 0xDA,
		0x28, 0x00, 0x00, 0x00, 0x00, 0x00, 0x00, 0x00, 0x11, 0x02, 0x2E, 0xCC,
		0xC1, 0xBA, 0x52, 0x78, 0x60, 0x00, 0x00, 0x00, 0x00, 0x00, 0x00, 0x00,
		0x8E, 0x70, 0xD0, 0x56, 0xBE, 0x52, 0x95, 0xD5, 0x88, 0x00, 0x00, 0x00,
		0x00, 0x00, 0x00, 0x00, 0x6D, 0x61, 0x74, 0x65, 0x72, 0x69, 0x61, 0x6C,
		0x73, 0x2F, 0x70, 0x61, 0x72, 0x74, 0x69, 0x63, 0x6C, 0x65, 0x2F, 0x66,
		0x61, 0x6E, 0x63, 0x79, 0x5F, 0x66, 0x69, 0x72, 0x65, 0x5F, 0x70, 0x61,
		0x72, 0x74, 0x69, 0x63, 0x6C, 0x65, 0x5F, 0x30, 0x30, 0x32, 0x2F, 0x66,
		0x61, 0x6E, 0x63, 0x79, 0x5F, 0x66, 0x69, 0x72, 0x65, 0x5F, 0x70, 0x61,
		0x72, 0x74, 0x69, 0x63, 0x6C, 0x65, 0x5F, 0x30, 0x30, 0x32, 0x2E, 0x76,
		0x74, 0x65, 0x78, 0x00, 0x6D, 0x61, 0x74, 0x65, 0x72, 0x69, 0x61, 0x6C,
		0x73, 0x2F, 0x70, 0x61, 0x72, 0x74, 0x69, 0x63, 0x6C, 0x65, 0x2F, 0x66,
		0x69, 0x72, 0x65, 0x5F, 0x70, 0x61, 0x72, 0x74, 0x69, 0x63, 0x6C, 0x65,
		0x5F, 0x33, 0x2F, 0x66, 0x69, 0x72, 0x65, 0x5F, 0x70, 0x61, 0x72, 0x74,
		0x69, 0x63, 0x6C, 0x65, 0x5F, 0x33, 0x2E, 0x76, 0x74, 0x65, 0x78, 0x00,
		0x6D, 0x61, 0x74, 0x65, 0x72, 0x69, 0x61, 0x6C, 0x73, 0x2F, 0x70, 0x61,
		0x72, 0x74, 0x69, 0x63, 0x6C, 0x65, 0x2F, 0x70, 0x61, 0x72, 0x74, 0x69,
		0x63, 0x6C, 0x65, 0x5F, 0x66, 0x6C, 0x61, 0x72, 0x65, 0x73, 0x2F, 0x61,
		0x69, 0x72, 0x63, 0x72, 0x61, 0x66, 0x74, 0x5F, 0x68, 0x6F, 0x74, 0x2E,
		0x76, 0x74, 0x65, 0x78, 0x00, 0x00, 0x00, 0x00, 0x00, 0x00, 0x00, 0x00,
		0x00, 0x00, 0x00, 0x00, 0x05, 0x33, 0x56, 0x4B, 0x7C, 0x16, 0x12, 0x74,
		0xE9, 0x06, 0x98, 0x46, 0xAF, 0xF2, 0xE6, 0x3E, 0xB5, 0x90, 0x37, 0xE7,
		0x01, 0x00, 0x00, 0x00, 0x00, 0x00, 0x00, 0x40, 0x46, 0x02, 0x00, 0x00,
		0x01, 0x00, 0x00, 0x00, 0x00, 0x00, 0x00, 0x00, 0x21, 0x00, 0x00, 0x00,
		0x06, 0x00, 0x07, 0x00, 0x3D, 0x03, 0x00, 0x00, 0x59, 0x02, 0x00, 0x00,
		0x00, 0x00, 0x00, 0x00, 0x00, 0x00, 0x00, 0x00, 0x00, 0x00, 0x00, 0x00,
		0x00, 0x00, 0x00, 0x00, 0x4C, 0x02, 0x00, 0x00, 0xAA, 0x01, 0x00, 0x00,
		0xF1, 0x00, 0x00, 0x00, 0xAF, 0x00, 0x00, 0x00, 0x03, 0x00, 0x00, 0x00,
		0x00, 0x00, 0x00, 0x00, 0x2C, 0x00, 0x00, 0x00, 0x00, 0x00, 0x00, 0x00,
		0x1E, 0x00, 0x00, 0x00, 0x06, 0x00, 0x00, 0x00, 0x07, 0x00, 0x00, 0x00,
		0x08, 0x00, 0x00, 0x00, 0xF0, 0x57, 0x6D, 0x5F, 0x49, 0x6E, 0x70, 0x75,
		0x74, 0x44, 0x65, 0x70, 0x65, 0x6E, 0x64, 0x65, 0x6E, 0x63, 0x69, 0x65,
		0x73, 0x00, 0x6D, 0x5F, 0x52, 0x65, 0x6C, 0x61, 0x74, 0x69, 0x76, 0x65,
		0x46, 0x69, 0x6C, 0x65, 0x6E, 0x61, 0x6D, 0x65, 0x00, 0x65, 0x78, 0x70,
		0x6C, 0x6F, 0x73, 0x69, 0x6F, 0x6E, 0x5F, 0x68, 0x65, 0x67, 0x72, 0x65,
		0x6E, 0x61, 0x64, 0x65, 0x5F, 0x68, 0x2E, 0x76, 0x70, 0x63, 0x66, 0x00,
		0x6D, 0x5F, 0x53, 0x65, 0x61, 0x72, 0x63, 0x68, 0x50, 0x61, 0x74, 0x68,
		0x00, 0x63, 0x73, 0x67, 0x6F, 0x5F, 0x61, 0x64, 0x64, 0x6F, 0x6E, 0x73,
		0x2F, 0x73, 0x6F, 0x73, 0x69, 0x73, 0x6B, 0x61, 0x00, 0x6D, 0x5F, 0x6E,
		0x48, 0x00, 0xF0, 0x00, 0x43, 0x52, 0x43, 0x00, 0x6D, 0x5F, 0x62, 0x4F,
		0x70, 0x74, 0x69, 0x6F, 0x6E, 0x61, 0x6C, 0x0C, 0x00, 0x00, 0x17, 0x00,
		0x60, 0x45, 0x78, 0x69, 0x73, 0x74, 0x73, 0x0E, 0x00, 0x51, 0x49, 0x73,
		0x47, 0x61, 0x6D, 0x73, 0x00, 0x72, 0x00, 0x6D, 0x5F, 0x41, 0x64, 0x64,
		0x69, 0x29, 0x00, 0x0F, 0xA0, 0x00, 0x01, 0x7C, 0x41, 0x72, 0x67, 0x75,
		0x6D, 0x65, 0x6E, 0x17, 0x00, 0xA0, 0x50, 0x61, 0x72, 0x61, 0x6D, 0x65,
		0x74, 0x65, 0x72, 0x4E, 0xB4, 0x00, 0xB2, 0x5F, 0x5F, 0x5F, 0x4F, 0x76,
		0x65, 0x72, 0x72, 0x69, 0x64, 0x65, 0x44, 0x00, 0x68, 0x61, 0x74, 0x61,
		0x5F, 0x5F, 0x5F, 0x28, 0x00, 0xF2, 0x03, 0x54, 0x79, 0x70, 0x65, 0x00,
		0x42, 0x69, 0x6E, 0x61, 0x72, 0x79, 0x42, 0x6C, 0x6F, 0x62, 0x41, 0x72,
		0x67, 0xAE, 0x00, 0x9B, 0x6E, 0x67, 0x65, 0x72, 0x70, 0x72, 0x69, 0x6E,
		0x74, 0x0F, 0x00, 0x70, 0x44, 0x65, 0x66, 0x61, 0x75, 0x6C, 0x74, 0xF4,
		0x00, 0x6B, 0x70, 0x65, 0x63, 0x69, 0x61, 0x6C, 0x81, 0x00, 0xF0, 0x08,
		0x53, 0x74, 0x72, 0x69, 0x6E, 0x67, 0x00, 0x4B, 0x56, 0x33, 0x20, 0x43,
		0x6F, 0x6D, 0x70, 0x69, 0x6C, 0x65, 0x72, 0x20, 0x56, 0x65, 0x72, 0x39,
		0x01, 0x34, 0x00, 0x6D, 0x5F, 0x13, 0x00, 0xB3, 0x49, 0x64, 0x65, 0x6E,
		0x74, 0x69, 0x66, 0x69, 0x65, 0x72, 0x00, 0x13, 0x00, 0x61, 0x50, 0x61,
		0x72, 0x74, 0x69, 0x63, 0xF9, 0x00, 0x50, 0x6E, 0x55, 0x73, 0x65, 0x72,
		0xAB, 0x00, 0x14, 0x00, 0x15, 0x00, 0x0E, 0x4B, 0x00, 0x08, 0x1F, 0x01,
		0x01, 0xAB, 0x01, 0x20, 0x65, 0x64, 0x37, 0x01, 0x10, 0x73, 0x64, 0x00,
		0xF0, 0x00, 0x68, 0x69, 0x6C, 0x64, 0x52, 0x65, 0x73, 0x6F, 0x75, 0x72,
		0x63, 0x65, 0x4C, 0x69, 0x73, 0xAC, 0x00, 0xB5, 0x57, 0x65, 0x61, 0x6B,
		0x52, 0x65, 0x66, 0x65, 0x72, 0x65, 0x6E, 0x14, 0x00, 0x02, 0xB4, 0x01,
		0x45, 0x61, 0x62, 0x6C, 0x65, 0x70, 0x00, 0x29, 0x49, 0x73, 0x3D, 0x00,
		0x00, 0x25, 0x00, 0x75, 0x75, 0x62, 0x61, 0x73, 0x73, 0x65, 0x74, 0x3D,
		0x00, 0x16, 0x73, 0x15, 0x00, 0x00, 0x0C, 0x01, 0x21, 0x69, 0x6E, 0x85,
		0x00, 0x80, 0x73, 0x00, 0x00, 0x00, 0x1F, 0x00, 0x00, 0x00, 0x97, 0x0A,
		0x00, 0x00, 0x00, 0x06, 0x00, 0x00, 0x00, 0x04, 0x04, 0x00, 0x10, 0x01,
		0x04, 0x00, 0x43, 0x01, 0x02, 0x00, 0x00, 0x0C, 0x00, 0x00, 0x0A, 0x00,
		0x13, 0x03, 0x1C, 0x00, 0x80, 0x05, 0x00, 0x00, 0x00, 0x95, 0x04, 0x71,
		0x92, 0x34, 0x00, 0xA2, 0x07, 0x00, 0x00, 0x00, 0x08, 0x00, 0x00, 0x00,
		0x09, 0x00, 0x01, 0x00, 0x00, 0x4C, 0x00, 0xF3, 0x1A, 0x0B, 0x00, 0x00,
		0x00, 0x0C, 0x00, 0x00, 0x00, 0x0D, 0x00, 0x00, 0x00, 0x0E, 0x00, 0x00,
		0x00, 0x0F, 0x00, 0x00, 0x00, 0x10, 0x00, 0x00, 0x00, 0x11, 0x00, 0x00,
		0x00, 0x12, 0x00, 0x00, 0x00, 0x13, 0x00, 0x00, 0x00, 0x14, 0x00, 0x00,
		0x00, 0x15, 0x1C, 0x00, 0x00, 0x5C, 0x00, 0x13, 0x16, 0x1C, 0x00, 0x1F,
		0x17, 0x1C, 0x00, 0x04, 0x13, 0x18, 0x60, 0x00, 0x13, 0x19, 0x08, 0x00,
		0x13, 0x1A, 0x08, 0x00, 0xD0, 0x1B, 0x00, 0x00, 0x00, 0x1C, 0x00, 0x00,
		0x00, 0x1D, 0x00, 0x00, 0x00, 0x1E, 0x88, 0x00, 0x90, 0x18, 0x09, 0x06,
		0x06, 0x0C, 0x0E, 0x0D, 0x0E, 0x08, 0x09, 0x00, 0x21, 0x0F, 0x0F, 0x0F,
		0x00, 0x10, 0x0F, 0x04, 0x00, 0xB0, 0x08, 0x08, 0x08, 0x09, 0x0F, 0x01,
		0x01, 0x00, 0xDD, 0xEE, 0xFF, 0x00, 0x00, 0x00, 0x00, 0x00, 0x00, 0x00,
		0x00, 0x00, 0x00, 0x00, 0x00, 0x00, 0x00, 0x00, 0x05, 0x33, 0x56, 0x4B,
		0x1D, 0xCE, 0xD3, 0x39, 0x42, 0x94, 0x07, 0x44, 0x9B, 0x78, 0x83, 0x17,
		0x14, 0x5B, 0x17, 0x32, 0x01, 0x00, 0x00, 0x00, 0x00, 0x00, 0x00, 0x40,
		0xC1, 0x0D, 0x00, 0x00, 0x1F, 0x00, 0x00, 0x00, 0x83, 0x01, 0x00, 0x00,
		0xAD, 0x07, 0x00, 0x00, 0x84, 0x00, 0x02, 0x01, 0xD9, 0x4D, 0x00, 0x00,
		0xCE, 0x0F, 0x00, 0x00, 0x00, 0x00, 0x00, 0x00, 0x00, 0x00, 0x00, 0x00,
		0x00, 0x00, 0x00, 0x00, 0x00, 0x00, 0x00, 0x00, 0x58, 0x1A, 0x00, 0x00,
		0x32, 0x09, 0x00, 0x00, 0x81, 0x33, 0x00, 0x00, 0x9C, 0x06, 0x00, 0x00,
		0xB0, 0x00, 0x00, 0x00, 0x00, 0x00, 0x00, 0x00, 0x15, 0x09, 0x00, 0x00,
		0x97, 0x00, 0x00, 0x00, 0xF9, 0x06, 0x00, 0x00, 0x84, 0x00, 0x00, 0x00,
		0x5E, 0x00, 0x00, 0x00, 0x77, 0x00, 0x00, 0x00, 0xF2, 0x21, 0x5F, 0x63,
		0x6C, 0x61, 0x73, 0x73, 0x00, 0x43, 0x50, 0x61, 0x72, 0x74, 0x69, 0x63,
		0x6C, 0x65, 0x53, 0x79, 0x73, 0x74, 0x65, 0x6D, 0x44, 0x65, 0x66, 0x69,
		0x6E, 0x69, 0x74, 0x69, 0x6F, 0x6E, 0x00, 0x6D, 0x5F, 0x6E, 0x42, 0x65,
		0x68, 0x61, 0x76, 0x69, 0x6F, 0x72, 0x56, 0x65, 0x72, 0x73, 0x13, 0x00,
		0xD0, 0x43, 0x6F, 0x6E, 0x73, 0x74, 0x61, 0x6E, 0x74, 0x43, 0x6F, 0x6C,
		0x6F, 0x72, 0x23, 0x00, 0x34, 0x4D, 0x61, 0x78, 0x42, 0x00, 0xE0, 0x73,
		0x00, 0x6D, 0x5F, 0x63, 0x6F, 0x6E, 0x74, 0x72, 0x6F, 0x6C, 0x50, 0x6F,
		0x69, 0x24, 0x00, 0x70, 0x6E, 0x66, 0x69, 0x67, 0x75, 0x72, 0x61, 0x4F,
		0x00, 0x10, 0x73, 0x2D, 0x00, 0xF0, 0x05, 0x61, 0x6D, 0x65, 0x00, 0x70,
		0x72, 0x65, 0x76, 0x69, 0x65, 0x77, 0x00, 0x6D, 0x5F, 0x64, 0x72, 0x69,
		0x76, 0x65, 0x72, 0x19, 0x00, 0xF0, 0x26, 0x69, 0x41, 0x74, 0x74, 0x61,
		0x63, 0x68, 0x54, 0x79, 0x70, 0x65, 0x00, 0x50, 0x41, 0x54, 0x54, 0x41,
		0x43, 0x48, 0x5F, 0x57, 0x4F, 0x52, 0x4C, 0x44, 0x4F, 0x52, 0x49, 0x47,
		0x49, 0x4E, 0x00, 0x6D, 0x5F, 0x76, 0x65, 0x63, 0x4F, 0x66, 0x66, 0x73,
		0x65, 0x74, 0x00, 0x6D, 0x5F, 0x65, 0x6E, 0x74, 0x69, 0x74, 0x79, 0x4E,
		0x4D, 0x00, 0xC0, 0x73, 0x65, 0x6C, 0x66, 0x00, 0x6D, 0x5F, 0x45, 0x6D,
		0x69, 0x74, 0x74, 0x4B, 0x00, 0x62, 0x43, 0x5F, 0x4F, 0x50, 0x5F, 0x49,
		0xA3, 0x00, 0x63, 0x61, 0x6E, 0x65, 0x6F, 0x75, 0x73, 0x1B, 0x00, 0x00,
		0x7E, 0x00, 0x05, 0xA8, 0x00, 0x20, 0x54, 0x6F, 0x16, 0x00, 0x00, 0x13,
		0x00, 0x02, 0x72, 0x00, 0xF2, 0x0D, 0x46, 0x5F, 0x54, 0x59, 0x50, 0x45,
		0x5F, 0x50, 0x41, 0x52, 0x54, 0x49, 0x43, 0x4C, 0x45, 0x5F, 0x44, 0x45,
		0x54, 0x41, 0x49, 0x4C, 0x5F, 0x4C, 0x45, 0x56, 0x45, 0x4C, 0xE4, 0x00,
		0x14, 0x70, 0x29, 0x00, 0x32, 0x4D, 0x41, 0x50, 0x2D, 0x00, 0xF0, 0x08,
		0x44, 0x49, 0x52, 0x45, 0x43, 0x54, 0x00, 0x6D, 0x5F, 0x66, 0x6C, 0x4C,
		0x69, 0x74, 0x65, 0x72, 0x61, 0x6C, 0x56, 0x61, 0x6C, 0x75, 0x65, 0x2F,
		0x00, 0x17, 0x43, 0x04, 0x01, 0x00, 0x10, 0x00, 0xE1, 0x53, 0x63, 0x61,
		0x6C, 0x61, 0x72, 0x41, 0x74, 0x74, 0x72, 0x69, 0x62, 0x75, 0x74, 0x23,
		0x00, 0x5F, 0x56, 0x65, 0x63, 0x74, 0x6F, 0x13, 0x00, 0x01, 0x91, 0x43,
		0x6F, 0x6D, 0x70, 0x6F, 0x6E, 0x65, 0x6E, 0x74, 0x5A, 0x00, 0x98, 0x52,
		0x61, 0x6E, 0x64, 0x6F, 0x6D, 0x4D, 0x69, 0x6E, 0x0E, 0x00, 0x20, 0x61,
		0x78, 0x2F, 0x00, 0x03, 0x0D, 0x00, 0x21, 0x6F, 0x64, 0x97, 0x00, 0xF3,
		0x04, 0x52, 0x41, 0x4E, 0x44, 0x4F, 0x4D, 0x5F, 0x4D, 0x4F, 0x44, 0x45,
		0x5F, 0x43, 0x4F, 0x4E, 0x53, 0x54, 0x41, 0x4E, 0x9C, 0x00, 0x34, 0x4F,
		0x44, 0x30, 0x09, 0x00, 0x14, 0x31, 0x09, 0x00, 0x14, 0x32, 0x09, 0x00,
		0x11, 0x33, 0x09, 0x00, 0xB4, 0x4E, 0x6F, 0x69, 0x73, 0x65, 0x4F, 0x75,
		0x74, 0x70, 0x75, 0x74, 0x6B, 0x00, 0x08, 0x13, 0x00, 0x26, 0x61, 0x78,
		0x13, 0x00, 0x00, 0xCB, 0x00, 0x12, 0x65, 0x8F, 0x01, 0x02, 0x23, 0x00,
		0x01, 0x94, 0x01, 0x47, 0x52, 0x61, 0x74, 0x65, 0x37, 0x00, 0x04, 0xA8,
		0x01, 0x12, 0x6E, 0x0F, 0x00, 0x65, 0x63, 0x74, 0x61, 0x76, 0x65, 0x73,
		0x10, 0x00, 0x91, 0x54, 0x75, 0x72, 0x62, 0x75, 0x6C, 0x65, 0x6E, 0x63,
		0xB9, 0x00, 0xF6, 0x00, 0x4E, 0x4F, 0x49, 0x53, 0x45, 0x5F, 0x54, 0x55,
		0x52, 0x42, 0x5F, 0x4E, 0x4F, 0x4E, 0x45, 0x26, 0x00, 0x28, 0x79, 0x70,
		0x20, 0x00, 0x01, 0x9F, 0x01, 0x55, 0x45, 0x52, 0x4C, 0x49, 0x4E, 0x22,
		0x00, 0x85, 0x4D, 0x6F, 0x64, 0x69, 0x66, 0x69, 0x65, 0x72, 0x26, 0x00,
		0x00, 0xFE, 0x00, 0x54, 0x49, 0x46, 0x49, 0x45, 0x52, 0x4A, 0x00, 0x2B,
		0x66, 0x6C, 0x71, 0x00, 0x04, 0xBE, 0x00, 0x0D, 0x19, 0x00, 0x27, 0x4D,
		0x69, 0xE4, 0x00, 0x42, 0x49, 0x6D, 0x67, 0x50, 0xA4, 0x02, 0x04, 0x30,
		0x00, 0x1B, 0x62, 0x18, 0x00, 0x31, 0x4C, 0x69, 0x76, 0xB3, 0x01, 0x20,
		0x49, 0x6E, 0x20, 0x01, 0x03, 0x83, 0x01, 0x53, 0x49, 0x4E, 0x50, 0x55,
		0x54, 0x82, 0x01, 0x61, 0x4C, 0x41, 0x4D, 0x50, 0x45, 0x44, 0x53, 0x00,
		0x60, 0x4D, 0x75, 0x6C, 0x74, 0x46, 0x61, 0xDB, 0x01, 0x01, 0x0F, 0x00,
		0x01, 0x33, 0x00, 0x16, 0x30, 0x0B, 0x00, 0x02, 0x94, 0x01, 0x02, 0x6A,
		0x01, 0x17, 0x30, 0x0C, 0x00, 0x11, 0x31, 0x7F, 0x03, 0x34, 0x69, 0x61,
		0x73, 0x09, 0x01, 0x42, 0x42, 0x49, 0x41, 0x53, 0x08, 0x01, 0x00, 0xDD,
		0x01, 0x32, 0x44, 0x41, 0x52, 0x5F, 0x00, 0x00, 0x23, 0x00, 0x62, 0x50,
		0x61, 0x72, 0x61, 0x6D, 0x65, 0xE5, 0x02, 0x31, 0x43, 0x75, 0x72, 0x9C,
		0x00, 0x50, 0x73, 0x70, 0x6C, 0x69, 0x6E, 0x09, 0x00, 0x80, 0x74, 0x61,
		0x6E, 0x67, 0x65, 0x6E, 0x74, 0x73, 0xB5, 0x01, 0x98, 0x44, 0x6F, 0x6D,
		0x61, 0x69, 0x6E, 0x4D, 0x69, 0x6E, 0x0E, 0x00, 0x20, 0x61, 0x78, 0x0E,
		0x00, 0x10, 0x49, 0xF5, 0x03, 0x42, 0x61, 0x6C, 0x69, 0x7A, 0x46, 0x03,
		0x41, 0x49, 0x4E, 0x49, 0x54, 0x14, 0x00, 0x40, 0x46, 0x6C, 0x6F, 0x61,
		0xCC, 0x01, 0x01, 0xAD, 0x00, 0x02, 0xE2, 0x02, 0x04, 0x2F, 0x03, 0x03,
		0x74, 0x02, 0x70, 0x55, 0x4E, 0x49, 0x46, 0x4F, 0x52, 0x4D, 0x27, 0x01,
		0x32, 0x48, 0x61, 0x73, 0x97, 0x02, 0x80, 0x53, 0x69, 0x67, 0x6E, 0x46,
		0x6C, 0x69, 0x70, 0xC5, 0x00, 0x02, 0xD0, 0x00, 0x54, 0x46, 0x69, 0x65,
		0x6C, 0x64, 0x59, 0x00, 0x72, 0x52, 0x69, 0x6E, 0x67, 0x57, 0x61, 0x76,
		0x8B, 0x01, 0x03, 0x7A, 0x00, 0x65, 0x52, 0x61, 0x64, 0x69, 0x75, 0x73,
		0x5D, 0x00, 0x78, 0x4C, 0x49, 0x54, 0x45, 0x52, 0x41, 0x4C, 0x22, 0x00,
		0x54, 0x53, 0x70, 0x65, 0x65, 0x64, 0xA1, 0x02, 0x09, 0x14, 0x00, 0x03,
		0xA2, 0x02, 0x85, 0x54, 0x68, 0x69, 0x63, 0x6B, 0x6E, 0x65, 0x73, 0xC1,
		0x00, 0x03, 0x8D, 0x00, 0x31, 0x65, 0x71, 0x75, 0x6F, 0x02, 0x00, 0x8B,
		0x03, 0x03, 0x0C, 0x00, 0x02, 0x47, 0x00, 0x06, 0x0F, 0x00, 0x2C, 0x61,
		0x78, 0xD7, 0x00, 0x00, 0x70, 0x01, 0x2A, 0x45, 0x44, 0x7A, 0x01, 0xB7,
		0x45, 0x58, 0x50, 0x4F, 0x4E, 0x45, 0x4E, 0x54, 0x49, 0x41, 0x4C, 0x24,
		0x01, 0x00, 0x88, 0x00, 0x50, 0x56, 0x65, 0x6C, 0x6F, 0x63, 0x95, 0x04,
		0x00, 0x29, 0x02, 0x03, 0xAF, 0x04, 0x05, 0x51, 0x03, 0x4C, 0x50, 0x56,
		0x45, 0x43, 0xD6, 0x00, 0x1B, 0x76, 0x35, 0x04, 0x03, 0x0F, 0x00, 0x04,
		0x57, 0x05, 0x1B, 0x76, 0x21, 0x04, 0x05, 0x78, 0x03, 0x21, 0x43, 0x50,
		0x32, 0x00, 0x07, 0x10, 0x00, 0xB4, 0x52, 0x65, 0x6C, 0x61, 0x74, 0x69,
		0x76, 0x65, 0x50, 0x6F, 0x73, 0xB8, 0x05, 0x07, 0x16, 0x00, 0x20, 0x44,
		0x69, 0x4F, 0x00, 0x01, 0xC6, 0x01, 0x05, 0x5B, 0x04, 0x1D, 0x58, 0x12,
		0x00, 0x1D, 0x59, 0x12, 0x00, 0x14, 0x5A, 0x12, 0x00, 0x63, 0x49, 0x6E,
		0x74, 0x65, 0x72, 0x70, 0x74, 0x01, 0x00, 0x0B, 0x00, 0x09, 0xC2, 0x02,
		0x05, 0x11, 0x00, 0x10, 0x31, 0x77, 0x00, 0x02, 0x10, 0x00, 0x06, 0xCD,
		0x02, 0x09, 0x11, 0x00, 0x00, 0x22, 0x00, 0x52, 0x47, 0x72, 0x61, 0x64,
		0x69, 0xDD, 0x04, 0x59, 0x53, 0x74, 0x6F, 0x70, 0x73, 0x2A, 0x01, 0x0D,
		0x68, 0x04, 0xF1, 0x00, 0x4C, 0x6F, 0x63, 0x00, 0x6D, 0x5F, 0x54, 0x72,
		0x61, 0x6E, 0x73, 0x66, 0x6F, 0x72, 0x6D, 0x68, 0x00, 0x32, 0x00, 0x50,
		0x54, 0x4B, 0x01, 0x74, 0x49, 0x4E, 0x56, 0x41, 0x4C, 0x49, 0x44, 0x88,
		0x01, 0x04, 0xFE, 0x00, 0x42, 0x57, 0x61, 0x72, 0x70, 0x56, 0x00, 0x00,
		0x0A, 0x00, 0x02, 0xE7, 0x01, 0x04, 0x0D, 0x00, 0x2A, 0x61, 0x78, 0x19,
		0x02, 0x04, 0x6D, 0x01, 0x01, 0x08, 0x00, 0x02, 0x2B, 0x00, 0x02, 0x0B,
		0x00, 0x06, 0x29, 0x00, 0x31, 0x43, 0x72, 0x65, 0xBE, 0x06, 0x04, 0xD8,
		0x01, 0x11, 0x6E, 0xC8, 0x02, 0x02, 0xB1, 0x00, 0x07, 0xAE, 0x03, 0x02,
		0x3D, 0x00, 0x74, 0x4F, 0x70, 0x65, 0x72, 0x61, 0x74, 0x6F, 0x87, 0x06,
		0xA3, 0x42, 0x61, 0x73, 0x69, 0x63, 0x4D, 0x6F, 0x76, 0x65, 0x6D, 0xCF,
		0x05, 0x42, 0x44, 0x72, 0x61, 0x67, 0x05, 0x01, 0x44, 0x76, 0x69, 0x74,
		0x79, 0xAC, 0x06, 0x00, 0x22, 0x01, 0x53, 0x6F, 0x6C, 0x61, 0x74, 0x65,
		0x02, 0x03, 0x00, 0x56, 0x00, 0x36, 0x45, 0x6E, 0x64, 0xAC, 0x04, 0x00,
		0xE3, 0x03, 0x02, 0x2D, 0x00, 0x30, 0x46, 0x61, 0x64, 0x95, 0x05, 0x43,
		0x53, 0x69, 0x6D, 0x70, 0x1C, 0x00, 0x03, 0x12, 0x00, 0x42, 0x54, 0x69,
		0x6D, 0x65, 0x23, 0x00, 0x01, 0xC1, 0x00, 0x07, 0x55, 0x00, 0x04, 0xD4,
		0x00, 0x00, 0x29, 0x00, 0x05, 0x32, 0x00, 0x42, 0x53, 0x74, 0x61, 0x72,
		0x34, 0x00, 0x04, 0x12, 0x00, 0x36, 0x45, 0x6E, 0x64, 0x44, 0x00, 0x04,
		0xED, 0x00, 0x2A, 0x66, 0x6C, 0x9A, 0x01, 0x17, 0x34, 0x03, 0x06, 0x01,
		0x29, 0x00, 0x33, 0x53, 0x65, 0x74, 0x36, 0x02, 0x41, 0x6C, 0x6C, 0x65,
		0x63, 0x7D, 0x02, 0x04, 0x46, 0x03, 0xE9, 0x43, 0x4F, 0x4C, 0x4C, 0x45,
		0x43, 0x54, 0x49, 0x4F, 0x4E, 0x5F, 0x41, 0x47, 0x45, 0x3A, 0x07, 0x52,
		0x52, 0x45, 0x4D, 0x41, 0x50, 0x7E, 0x03, 0x85, 0x74, 0x4D, 0x65, 0x74,
		0x68, 0x6F, 0x64, 0x00, 0x7A, 0x07, 0x90, 0x53, 0x45, 0x54, 0x5F, 0x53,
		0x43, 0x41, 0x4C, 0x45, 0x7F, 0x01, 0x00, 0x68, 0x03, 0x62, 0x5F, 0x56,
		0x41, 0x4C, 0x55, 0x45, 0x6F, 0x00, 0x34, 0x4D, 0x61, 0x78, 0x68, 0x03,
		0x02, 0x5B, 0x05, 0x07, 0x10, 0x00, 0x01, 0x21, 0x00, 0x50, 0x44, 0x65,
		0x63, 0x61, 0x79, 0xB9, 0x02, 0x78, 0x6F, 0x72, 0x63, 0x65, 0x47, 0x65,
		0x6E, 0x8F, 0x01, 0x00, 0x1A, 0x05, 0x02, 0x5C, 0x02, 0x01, 0x1E, 0x00,
		0x05, 0x73, 0x00, 0x00, 0xC9, 0x07, 0x03, 0x40, 0x06, 0x47, 0x43, 0x55,
		0x52, 0x4C, 0xDC, 0x06, 0x47, 0x46, 0x72, 0x65, 0x71, 0x0F, 0x00, 0x07,
		0xFB, 0x06, 0x07, 0xF6, 0x06, 0x01, 0x5B, 0x00, 0x00, 0xA7, 0x03, 0x5B,
		0x61, 0x63, 0x74, 0x54, 0x6F, 0xFA, 0x07, 0x11, 0x66, 0x6B, 0x00, 0x43,
		0x41, 0x6D, 0x6F, 0x75, 0x0F, 0x00, 0xB2, 0x61, 0x6C, 0x6C, 0x6F, 0x66,
		0x66, 0x50, 0x6F, 0x77, 0x65, 0x72, 0x3A, 0x00, 0x34, 0x50, 0x65, 0x72,
		0x96, 0x08, 0x02, 0x97, 0x00, 0x01, 0x91, 0x01, 0x00, 0x0A, 0x00, 0x05,
		0x6F, 0x00, 0x02, 0x18, 0x00, 0x01, 0x2E, 0x00, 0x02, 0xB7, 0x02, 0x04,
		0x29, 0x00, 0x35, 0x4D, 0x69, 0x6E, 0x0B, 0x00, 0x24, 0x61, 0x78, 0x0B,
		0x00, 0x01, 0xA1, 0x09, 0x53, 0x72, 0x61, 0x69, 0x6E, 0x74, 0xF8, 0x00,
		0xA6, 0x57, 0x6F, 0x72, 0x6C, 0x64, 0x54, 0x72, 0x61, 0x63, 0x65, 0x1B,
		0x00, 0x02, 0xC7, 0x00, 0x25, 0x43, 0x70, 0xAB, 0x07, 0x61, 0x62, 0x4B,
		0x69, 0x6C, 0x6C, 0x6F, 0xBA, 0x08, 0x22, 0x61, 0x63, 0xDA, 0x02, 0x00,
		0xD5, 0x01, 0x10, 0x69, 0xF6, 0x09, 0x01, 0xC7, 0x09, 0x21, 0x72, 0x6D,
		0x08, 0x03, 0x01, 0x70, 0x05, 0x02, 0x54, 0x02, 0x02, 0x1D, 0x00, 0x51,
		0x47, 0x72, 0x6F, 0x75, 0x70, 0x8B, 0x09, 0x62, 0x44, 0x45, 0x42, 0x52,
		0x49, 0x53, 0x00, 0x09, 0x03, 0x1D, 0x00, 0x00, 0x1B, 0x07, 0x00, 0x1B,
		0x03, 0x00, 0x0D, 0x02, 0x20, 0x49, 0x53, 0x0C, 0x02, 0x00, 0x1F, 0x07,
		0x00, 0xC9, 0x07, 0xE0, 0x5F, 0x46, 0x52, 0x41, 0x4D, 0x45, 0x5F, 0x50,
		0x4C, 0x41, 0x4E, 0x45, 0x53, 0x45, 0xAB, 0x08, 0x65, 0x52, 0x65, 0x6E,
		0x64, 0x65, 0x72, 0xC4, 0x09, 0x02, 0x0F, 0x00, 0x62, 0x53, 0x70, 0x72,
		0x69, 0x74, 0x65, 0x14, 0x03, 0x32, 0x41, 0x6E, 0x69, 0x84, 0x00, 0x03,
		0x6E, 0x08, 0xB2, 0x6E, 0x46, 0x65, 0x61, 0x74, 0x68, 0x65, 0x72, 0x69,
		0x6E, 0x67, 0x83, 0x07, 0x06, 0xBE, 0x09, 0xF0, 0x05, 0x50, 0x54, 0x48,
		0x5F, 0x46, 0x45, 0x41, 0x54, 0x48, 0x45, 0x52, 0x49, 0x4E, 0x47, 0x5F,
		0x4F, 0x4E, 0x5F, 0x4F, 0x50, 0x8B, 0x02, 0x03, 0x50, 0x06, 0x96, 0x53,
		0x65, 0x6C, 0x66, 0x49, 0x6C, 0x6C, 0x75, 0x6D, 0x9A, 0x01, 0x87, 0x6C,
		0x44, 0x69, 0x66, 0x66, 0x75, 0x73, 0x65, 0x12, 0x00, 0x30, 0x41, 0x64,
		0x64, 0x29, 0x00, 0x07, 0x12, 0x00, 0x07, 0x71, 0x00, 0x62, 0x61, 0x78,
		0x44, 0x69, 0x73, 0x74, 0x86, 0x02, 0x53, 0x69, 0x6E, 0x53, 0x69, 0x7A,
		0x1A, 0x02, 0xA2, 0x54, 0x65, 0x78, 0x74, 0x75, 0x72, 0x65, 0x73, 0x49,
		0x6E, 0x21, 0x04, 0x13, 0x68, 0x11, 0x00, 0xC3, 0x00, 0x6D, 0x61, 0x74,
		0x65, 0x72, 0x69, 0x61, 0x6C, 0x73, 0x2F, 0x70, 0xF0, 0x01, 0xC4, 0x2F,
		0x66, 0x61, 0x6E, 0x63, 0x79, 0x5F, 0x66, 0x69, 0x72, 0x65, 0x5F, 0x14,
		0x00, 0x4F, 0x5F, 0x30, 0x30, 0x32, 0x18, 0x00, 0x05, 0x52, 0x2E, 0x76,
		0x74, 0x65, 0x78, 0xC0, 0x00, 0x92, 0x68, 0x61, 0x64, 0x6F, 0x77, 0x44,
		0x65, 0x6E, 0x73, 0x0A, 0x03, 0x03, 0x63, 0x07, 0x5A, 0x42, 0x6C, 0x65,
		0x6E, 0x64, 0x0B, 0x01, 0x30, 0x4F, 0x55, 0x54, 0x95, 0x08, 0x52, 0x42,
		0x4C, 0x45, 0x4E, 0x44, 0x7C, 0x01, 0x32, 0x41, 0x44, 0x44, 0xF0, 0x00,
		0x43, 0x65, 0x73, 0x61, 0x74, 0x9B, 0x0B, 0x03, 0x5D, 0x0A, 0x00, 0x7E,
		0x04, 0x03, 0x76, 0x02, 0x0E, 0xAD, 0x00, 0x05, 0x8A, 0x00, 0xF2, 0x04,
		0x66, 0x6C, 0x61, 0x72, 0x65, 0x73, 0x2F, 0x61, 0x69, 0x72, 0x63, 0x72,
		0x61, 0x66, 0x74, 0x5F, 0x68, 0x6F, 0x74, 0x9A, 0x00, 0x07, 0xB7, 0x01,
		0x52, 0x54, 0x72, 0x61, 0x69, 0x6C, 0xB6, 0x01, 0x05, 0x74, 0x02, 0x02,
		0x60, 0x00, 0x90, 0x54, 0x6F, 0x4C, 0x65, 0x6E, 0x67, 0x74, 0x68, 0x52,
		0x79, 0x00, 0x02, 0x86, 0x0A, 0x01, 0x10, 0x00, 0x00, 0x84, 0x04, 0x26,
		0x49, 0x6E, 0x93, 0x04, 0xA1, 0x6F, 0x72, 0x77, 0x61, 0x72, 0x64, 0x53,
		0x68, 0x69, 0x66, 0x9E, 0x02, 0x00, 0x4C, 0x08, 0xF0, 0x02, 0x55, 0x56,
		0x42, 0x61, 0x73, 0x65, 0x64, 0x4F, 0x6E, 0x50, 0x69, 0x74, 0x63, 0x68,
		0x59, 0x61, 0x77, 0x19, 0x00, 0xF1, 0x03, 0x47, 0x61, 0x6D, 0x6D, 0x61,
		0x43, 0x6F, 0x72, 0x72, 0x65, 0x63, 0x74, 0x56, 0x65, 0x72, 0x74, 0x65,
		0x78, 0xEE, 0x04, 0x1F, 0x73, 0x70, 0x01, 0x02, 0x09, 0x52, 0x01, 0x1C,
		0x33, 0x10, 0x00, 0x06, 0x60, 0x01, 0x95, 0x54, 0x61, 0x69, 0x6C, 0x41,
		0x6C, 0x70, 0x68, 0x61, 0x00, 0x0A, 0xF3, 0x08, 0x45, 0x6E, 0x61, 0x62,
		0x6C, 0x65, 0x46, 0x61, 0x64, 0x69, 0x6E, 0x67, 0x41, 0x6E, 0x64, 0x43,
		0x6C, 0x61, 0x6D, 0x70, 0x69, 0x6E, 0x67, 0xF4, 0x01, 0x22, 0x61, 0x69,
		0xB8, 0x07, 0x02, 0x2F, 0x00, 0x0D, 0xEE, 0x07, 0x00, 0x0C, 0x05, 0x22,
		0x4F, 0x52, 0xBA, 0x01, 0x00, 0x79, 0x05, 0x01, 0x82, 0x05, 0x02, 0x32,
		0x02, 0x01, 0xEA, 0x05, 0x09, 0x10, 0x00, 0x0A, 0x78, 0x00, 0x42, 0x4F,
		0x6E, 0x6C, 0x79, 0x53, 0x01, 0xF0, 0x00, 0x49, 0x6E, 0x45, 0x66, 0x66,
		0x65, 0x63, 0x74, 0x73, 0x42, 0x6C, 0x6F, 0x6F, 0x6D, 0x50, 0xBA, 0x0D,
		0xFF, 0x06, 0x00, 0x00, 0x00, 0xC4, 0x00, 0x00, 0x00, 0xFA, 0x00, 0x00,
		0x00, 0x69, 0x00, 0x00, 0x00, 0x48, 0x00, 0x00, 0x00, 0xFF, 0x00, 0x01,
		0x00, 0x0F, 0x5B, 0x1E, 0x00, 0x00, 0x00, 0x90, 0x2C, 0x00, 0x2F, 0xFF,
		0x00, 0x01, 0x00, 0x1F, 0xFF, 0x0A, 0x44, 0xC2, 0xF7, 0xFE, 0x06, 0xAF,
		0x51, 0xC0, 0x2F, 0x50, 0x52, 0x60, 0x01, 0x86, 0x61, 0x40, 0xD5, 0xE8,
		0xD5, 0x00, 0xA5, 0x69, 0x24, 0x40, 0x00, 0x01, 0x00, 0xFF, 0x0A, 0x39,
		0xC0, 0x62, 0xC0, 0x08, 0x00, 0x23, 0x00, 0x59, 0x08, 0x00, 0x2F, 0xF0,
		0x3F, 0x08, 0x00, 0x1B, 0x0E, 0x01, 0x00, 0x0E, 0x20, 0x00, 0x0F, 0x01,
		0x00, 0xF1, 0x0E, 0x40, 0x01, 0x03, 0x80, 0x01, 0x19, 0x40, 0x08, 0x00,
		0x3F, 0x40, 0x9F, 0x40, 0x88, 0x01, 0xFF, 0x63, 0x0F, 0x50, 0x00, 0x27,
		0x1B, 0xBF, 0x08, 0x00, 0x1F, 0x3F, 0x18, 0x00, 0x0B, 0x0B, 0x01, 0x00,
		0x3F, 0x40, 0x6F, 0xC0, 0x62, 0x00, 0x0D, 0xA1, 0x5A, 0x64, 0x3B, 0xDF,
		0x4F, 0x8D, 0x97, 0x3F, 0x9A, 0x99, 0x01, 0x00, 0x82, 0x3F, 0x39, 0xB4,
		0xC8, 0x76, 0xBE, 0x9F, 0x8A, 0x50, 0x00, 0x39, 0x80, 0x46, 0x40, 0x08,
		0x00, 0x32, 0x00, 0x14, 0x40, 0x28, 0x00, 0x13, 0xE9, 0x70, 0x00, 0x13,
		0x08, 0x10, 0x00, 0x1F, 0x01, 0x10, 0x05, 0x44, 0x22, 0x69, 0xC0, 0xC8,
		0x00, 0x1F, 0x5F, 0x08, 0x00, 0x05, 0x1F, 0x40, 0x08, 0x00, 0x02, 0x0D,
		0x90, 0x04, 0x1F, 0x72, 0x08, 0x01, 0x04, 0x2F, 0x79, 0xC0, 0xD8, 0x02,
		0xFE, 0x0F, 0x20, 0x04, 0xFF, 0x9B, 0x0F, 0x01, 0x00, 0xFE, 0x0F, 0xD8,
		0x02, 0xFF, 0xFF, 0x53, 0x50, 0x00, 0x00, 0x00, 0x00, 0x00, 0x93, 0x0B,
		0x00, 0x00, 0x00, 0x02, 0x00, 0x00, 0x00, 0x03, 0x08, 0x00, 0x53, 0x24,
		0x00, 0x00, 0x00, 0x04, 0x10, 0x00, 0x13, 0x05, 0x14, 0x00, 0x13, 0x04,
		0x0C, 0x00, 0x04, 0x1C, 0x00, 0x0F, 0x08, 0x00, 0x05, 0x13, 0x03, 0x04,
		0x00, 0x13, 0x06, 0x08, 0x00, 0x17, 0x04, 0x58, 0x00, 0x00, 0x40, 0x00,
		0x1F, 0x12, 0x44, 0x00, 0x10, 0x1F, 0x01, 0x28, 0x00, 0x18, 0x08, 0x0C,
		0x00, 0x1B, 0x03, 0x74, 0x00, 0x1B, 0x03, 0xBC, 0x00, 0x13, 0x04, 0x58,
		0x00, 0x08, 0x94, 0x00, 0x13, 0x01, 0x1C, 0x00, 0x1B, 0x03, 0x1C, 0x00,
		0x2E, 0x12, 0x00, 0xD0, 0x00, 0x1B, 0x0C, 0x74, 0x00, 0x0C, 0x10, 0x00,
		0x17, 0x15, 0x54, 0x00, 0x0C, 0xAC, 0x00, 0x0F, 0xD0, 0x00, 0x1D, 0x0F,
		0x08, 0x00, 0x05, 0x1F, 0x16, 0x64, 0x00, 0x50, 0xC6, 0x04, 0x01, 0x01,
		0x03, 0x01, 0x03, 0x02, 0x02, 0x0B, 0x03, 0x02, 0x02, 0x03, 0x00, 0x20,
		0x04, 0x03, 0x01, 0x00, 0x08, 0x12, 0x00, 0x1F, 0x03, 0x14, 0x00, 0x02,
		0x01, 0x05, 0x00, 0x21, 0x03, 0x09, 0x09, 0x00, 0x11, 0x05, 0x10, 0x00,
		0x02, 0x12, 0x00, 0x40, 0x03, 0x01, 0x03, 0x04, 0x56, 0x00, 0x04, 0x04,
		0x00, 0x03, 0x29, 0x00, 0x0E, 0x40, 0x00, 0x06, 0x0E, 0x00, 0x0F, 0x27,
		0x00, 0x14, 0x13, 0x00, 0xD8, 0x00, 0x13, 0x02, 0x94, 0x01, 0x04, 0x04,
		0x02, 0x22, 0x20, 0x03, 0xDC, 0x01, 0x00, 0xBC, 0x01, 0xF3, 0x02, 0x07,
		0x00, 0x00, 0x00, 0x08, 0x00, 0x00, 0x00, 0x09, 0x00, 0x00, 0x00, 0x0A,
		0x00, 0x00, 0x00, 0x0B, 0x2C, 0x00, 0x62, 0x0D, 0x00, 0x00, 0x00, 0x0E,
		0x00, 0x01, 0x00, 0x93, 0x0F, 0x00, 0x00, 0x00, 0x10, 0x00, 0x00, 0x00,
		0x11, 0x4C, 0x01, 0x53, 0x13, 0x00, 0x00, 0x00, 0x14, 0xD8, 0x01, 0x00,
		0x78, 0x01, 0x13, 0x17, 0x5C, 0x00, 0x13, 0x18, 0x54, 0x00, 0xF0, 0x0A,
		0x19, 0x00, 0x00, 0x00, 0x1A, 0x00, 0x00, 0x00, 0x1B, 0x00, 0x00, 0x00,
		0x1C, 0x00, 0x00, 0x00, 0x1D, 0x00, 0x00, 0x00, 0x1E, 0x00, 0x00, 0x00,
		0x1F, 0x7C, 0x00, 0xC3, 0x00, 0x00, 0x00, 0x21, 0x00, 0x00, 0x00, 0x22,
		0x00, 0x00, 0x00, 0x23, 0x5C, 0x01, 0xF3, 0x52, 0x25, 0x00, 0x00, 0x00,
		0x26, 0x00, 0x00, 0x00, 0x27, 0x00, 0x00, 0x00, 0x28, 0x00, 0x00, 0x00,
		0x29, 0x00, 0x00, 0x00, 0x2A, 0x00, 0x00, 0x00, 0x2B, 0x00, 0x00, 0x00,
		0x2C, 0x00, 0x00, 0x00, 0x2D, 0x00, 0x00, 0x00, 0x2E, 0x00, 0x00, 0x00,
		0x2F, 0x00, 0x00, 0x00, 0x30, 0x00, 0x00, 0x00, 0x31, 0x00, 0x00, 0x00,
		0x32, 0x00, 0x00, 0x00, 0x33, 0x00, 0x00, 0x00, 0x34, 0x00, 0x00, 0x00,
		0x35, 0x00, 0x00, 0x00, 0x36, 0x00, 0x00, 0x00, 0x37, 0x00, 0x00, 0x00,
		0x38, 0x00, 0x00, 0x00, 0x39, 0x00, 0x00, 0x00, 0x3A, 0x00, 0x00, 0x00,
		0x3B, 0x00, 0x00, 0x00, 0x3C, 0x00, 0x00, 0x00, 0x3D, 0xC8, 0x00, 0x13,
		0x3E, 0x08, 0x00, 0x93, 0x3F, 0x00, 0x00, 0x00, 0x40, 0x00, 0x00, 0x00,
		0x41, 0x10, 0x00, 0x53, 0x42, 0x00, 0x00, 0x00, 0x43, 0xE0, 0x00, 0x2E,
		0x44, 0x00, 0xBC, 0x00, 0x53, 0x45, 0x00, 0x00, 0x00, 0x46, 0x3C, 0x01,
		0x0F, 0x30, 0x00, 0x11, 0x00, 0x01, 0x00, 0x53, 0x47, 0x00, 0x00, 0x00,
		0x48, 0x24, 0x00, 0x1F, 0x49, 0x34, 0x01, 0xB8, 0x1F, 0x4A, 0xD4, 0x00,
		0xC0, 0x1F, 0x4B, 0xD4, 0x00, 0xC0, 0x1F, 0x4C, 0xD4, 0x00, 0xC0, 0x00,
		0x01, 0x00, 0x93, 0x4D, 0x00, 0x00, 0x00, 0x4E, 0x00, 0x00, 0x00, 0x4F,
		0xB4, 0x04, 0x0C, 0x90, 0x03, 0x1E, 0x50, 0xCC, 0x00, 0x01, 0x60, 0x00,
		0x13, 0x51, 0x60, 0x00, 0x1F, 0x46, 0xC4, 0x03, 0x14, 0x13, 0x46, 0x10,
		0x05, 0x0C, 0x2C, 0x00, 0x13, 0x49, 0x48, 0x01, 0x13, 0x46, 0x54, 0x01,
		0x00, 0x01, 0x00, 0x53, 0x52, 0x00, 0x00, 0x00, 0x53, 0x20, 0x00, 0x97,
		0x54, 0x00, 0x00, 0x00, 0x55, 0x00, 0x00, 0x00, 0x56, 0x60, 0x01, 0x13,
		0x57, 0x78, 0x01, 0xDF, 0x58, 0x00, 0x00, 0x00, 0x59, 0x00, 0x00, 0x00,
		0x5A, 0x00, 0x00, 0x00, 0x5B, 0xA0, 0x01, 0xC0, 0x1F, 0x5C, 0xD4, 0x00,
		0xC0, 0x1F, 0x5D, 0xD4, 0x00, 0xC0, 0x1F, 0x5E, 0xD4, 0x00, 0xC0, 0xF3,
		0x06, 0x5F, 0x00, 0x00, 0x00, 0x60, 0x00, 0x00, 0x00, 0x61, 0x00, 0x00,
		0x00, 0x62, 0x00, 0x00, 0x00, 0x63, 0x00, 0x00, 0x00, 0x64, 0x24, 0x00,
		0x1F, 0x65, 0x9C, 0x03, 0xFF, 0xFF, 0xFF, 0x8B, 0x1F, 0x66, 0xF0, 0x00,
		0xC0, 0x13, 0x67, 0xD4, 0x00, 0x13, 0x68, 0x18, 0x00, 0x93, 0x69, 0x00,
		0x00, 0x00, 0x6A, 0x00, 0x00, 0x00, 0x6B, 0x10, 0x00, 0x93, 0x6C, 0x00,
		0x00, 0x00, 0x6D, 0x00, 0x00, 0x00, 0x6E, 0x10, 0x00, 0x53, 0x6F, 0x00,
		0x00, 0x00, 0x70, 0xBC, 0x00, 0x13, 0x71, 0x14, 0x01, 0x13, 0x72, 0x1C,
		0x00, 0x93, 0x73, 0x00, 0x00, 0x00, 0x74, 0x00, 0x00, 0x00, 0x75, 0x10,
		0x00, 0x93, 0x76, 0x00, 0x00, 0x00, 0x77, 0x00, 0x00, 0x00, 0x78, 0x10,
		0x00, 0x53, 0x79, 0x00, 0x00, 0x00, 0x7A, 0x0C, 0x00, 0xD3, 0x7B, 0x00,
		0x00, 0x00, 0x7C, 0x00, 0x00, 0x00, 0x7D, 0x00, 0x00, 0x00, 0x7E, 0x14,
		0x00, 0x13, 0x7F, 0x5C, 0x00, 0x13, 0x10, 0x5C, 0x00, 0x53, 0x80, 0x00,
		0x00, 0x00, 0x81, 0x1C, 0x00, 0x17, 0x82, 0xD8, 0x08, 0x13, 0x83, 0x80,
		0x01, 0x1F, 0x84, 0x80, 0x01, 0x1C, 0x0F, 0x28, 0x01, 0x29, 0x04, 0x64,
		0x09, 0x5E, 0x85, 0x00, 0x00, 0x00, 0x86, 0xC4, 0x00, 0x01, 0x01, 0x00,
		0x53, 0x87, 0x00, 0x00, 0x00, 0x88, 0x0C, 0x00, 0x53, 0x89, 0x00, 0x00,
		0x00, 0x8A, 0x0C, 0x00, 0x13, 0x8B, 0xCC, 0x01, 0xD3, 0x8C, 0x00, 0x00,
		0x00, 0x8D, 0x00, 0x00, 0x00, 0x8E, 0x00, 0x00, 0x00, 0x8F, 0x1C, 0x00,
		0x5E, 0x90, 0x00, 0x00, 0x00, 0x91, 0x58, 0x02, 0x0F, 0xD8, 0x00, 0x56,
		0x13, 0x92, 0x10, 0x00, 0x57, 0x93, 0x00, 0x00, 0x00, 0x94, 0x64, 0x0A,
		0x0F, 0x88, 0x00, 0x5D, 0x13, 0x95, 0x10, 0x00, 0xAE, 0x96, 0x00, 0x00,
		0x00, 0x97, 0x00, 0x00, 0x00, 0x98, 0x00, 0x10, 0x00, 0x13, 0x99, 0x14,
		0x00, 0xF3, 0x12, 0x9A, 0x00, 0x00, 0x00, 0x9B, 0x00, 0x00, 0x00, 0x9C,
		0x00, 0x00, 0x00, 0x9D, 0x00, 0x00, 0x00, 0x9E, 0x00, 0x00, 0x00, 0x9F,
		0x00, 0x00, 0x00, 0xA0, 0x00, 0x00, 0x00, 0xA1, 0x00, 0x00, 0x00, 0xA2,
		0x28, 0x00, 0xFF, 0x2E, 0xA3, 0x00, 0x00, 0x00, 0xA4, 0x00, 0x00, 0x00,
		0xA5, 0x00, 0x00, 0x00, 0xA6, 0x00, 0x00, 0x00, 0xA7, 0x00, 0x00, 0x00,
		0xA8, 0x00, 0x00, 0x00, 0xA9, 0x00, 0x00, 0x00, 0xAA, 0x00, 0x00, 0x00,
		0xAB, 0x00, 0x00, 0x00, 0xAC, 0x00, 0x00, 0x00, 0xAD, 0x00, 0x00, 0x00,
		0xAE, 0x00, 0x00, 0x00, 0xAF, 0x00, 0x00, 0x00, 0xB0, 0x00, 0x00, 0x00,
		0xB1, 0x00, 0x00, 0x00, 0xB2, 0x94, 0x0C, 0xC4, 0x00, 0x14, 0x01, 0x13,
		0xB3, 0x18, 0x01, 0x04, 0x10, 0x01, 0x04, 0x20, 0x01, 0x0C, 0x14, 0x01,
		0x17, 0xB4, 0x10, 0x01, 0x1F, 0xAF, 0x14, 0x01, 0xC8, 0xFB, 0x02, 0xB5,
		0x00, 0x00, 0x00, 0xB6, 0x00, 0x00, 0x00, 0xB7, 0x00, 0x00, 0x00, 0xB8,
		0x00, 0x00, 0x00, 0xB9, 0x20, 0x01, 0x13, 0xBA, 0x34, 0x01, 0x08, 0x54,
		0x0D, 0x04, 0x24, 0x01, 0x17, 0xBB, 0x24, 0x01, 0x1F, 0xBC, 0x20, 0x01,
		0xC0, 0x0F, 0xF4, 0x01, 0xC1, 0x53, 0xBD, 0x00, 0x00, 0x00, 0xBE, 0xD8,
		0x00, 0x1F, 0xBF, 0x68, 0x0B, 0xFF, 0xFF, 0xFF, 0x83, 0x1F, 0xC0, 0xF0,
		0x00, 0xC0, 0x1F, 0xC1, 0xD4, 0x00, 0xC0, 0x1F, 0xC2, 0xD4, 0x00, 0xC0,
		0x08, 0x0C, 0x09, 0x0F, 0xEC, 0x08, 0xD5, 0x0F, 0xDC, 0x08, 0x09, 0x08,
		0x08, 0x09, 0x04, 0xE8, 0x08, 0x00, 0x10, 0x09, 0x1F, 0xC3, 0xF0, 0x08,
		0xFF, 0xFF, 0xFF, 0xFF, 0xFF, 0xFF, 0xFF, 0xFF, 0x9C, 0x02, 0x01, 0x00,
		0x23, 0x08, 0x40, 0x82, 0x16, 0x02, 0x08, 0x00, 0x23, 0x60, 0x88, 0x10,
		0x00, 0x23, 0x24, 0x40, 0x3A, 0x00, 0x03, 0x08, 0x00, 0x12, 0x4E, 0x08,
		0x00, 0x50, 0x80, 0x61, 0x40, 0x9A, 0x99, 0x01, 0x00, 0x22, 0xB9, 0x3F,
		0x18, 0x00, 0x13, 0xF4, 0x08, 0x00, 0x22, 0xE0, 0x3F, 0x20, 0x00, 0x14,
		0x76, 0x5F, 0x00, 0x03, 0x08, 0x00, 0x1F, 0x14, 0x30, 0x00, 0x0B, 0x3F,
		0x40, 0x7F, 0xC0, 0x20, 0x00, 0x0A, 0x2F, 0x88, 0xA3, 0x20, 0x00, 0x06,
		0x0F, 0x38, 0x00, 0x0A, 0xB4, 0x00, 0x10, 0x40, 0xC8, 0x95, 0x7A, 0x16,
		0x84, 0xF2, 0xCA, 0xBF, 0x28, 0x00, 0x11, 0x33, 0x01, 0x00, 0x13, 0xC3,
		0xA8, 0x00, 0x1F, 0x66, 0x98, 0x00, 0x06, 0x0F, 0x18, 0x00, 0x95, 0x02,
		0x21, 0x05, 0x2F, 0x60, 0x40, 0x08, 0x01, 0x0B, 0x2B, 0xD0, 0xBF, 0x10,
		0x00, 0x03, 0x08, 0x01, 0x13, 0xD3, 0x58, 0x00, 0x13, 0xC9, 0x08, 0x00,
		0x27, 0xA9, 0x3F, 0x73, 0x05, 0x07, 0xC0, 0x01, 0x2A, 0xE0, 0x3F, 0x28,
		0x02, 0x12, 0xD0, 0x10, 0x00, 0x32, 0x30, 0xA1, 0x40, 0x2E, 0x00, 0x23,
		0x7C, 0xC0, 0x28, 0x00, 0x03, 0x68, 0x00, 0x13, 0xF8, 0x98, 0x00, 0x2A,
		0xA2, 0x40, 0x38, 0x00, 0x06, 0x10, 0x02, 0x02, 0x08, 0x00, 0x95, 0x20,
		0x40, 0xFA, 0x7E, 0x6A, 0xBC, 0x74, 0x93, 0x48, 0x98, 0x00, 0x0A, 0xC8,
		0x00, 0x2A, 0xE0, 0x3F, 0x30, 0x00, 0x15, 0x10, 0x38, 0x00, 0x7F, 0x7B,
		0x14, 0xAE, 0x47, 0xE1, 0x7A, 0x54, 0x38, 0x00, 0x0C, 0x15, 0xD0, 0xD8,
		0x00, 0x0A, 0x20, 0x00, 0x06, 0x50, 0x00, 0x0E, 0x38, 0x00, 0x0E, 0x70,
		0x01, 0x0F, 0x10, 0x00, 0x31, 0x0F, 0xA8, 0x00, 0x0B, 0x1E, 0xE8, 0x18,
		0x00, 0x0F, 0x48, 0x00, 0x0A, 0x2F, 0x34, 0x40, 0xF0, 0x00, 0x1B, 0x1E,
		0x10, 0x88, 0x03, 0x0F, 0xF0, 0x00, 0xAC, 0xE0, 0x09, 0x06, 0x0B, 0x19,
		0x0B, 0x0B, 0x18, 0x09, 0x06, 0x18, 0x09, 0x06, 0x19, 0x05, 0x06, 0x00,
		0xF1, 0x1D, 0x09, 0x06, 0x06, 0x05, 0x0F, 0x0B, 0x0B, 0x0F, 0x05, 0x05,
		0x06, 0x05, 0x05, 0x05, 0x05, 0x11, 0x12, 0x05, 0x19, 0x05, 0x11, 0x10,
		0x06, 0x06, 0x06, 0x05, 0x05, 0x12, 0x0D, 0x06, 0x12, 0x11, 0x12, 0x11,
		0x12, 0x06, 0x11, 0x09, 0x08, 0x08, 0x19, 0x05, 0x19, 0x05, 0x2F, 0x00,
		0xB5, 0x11, 0x05, 0x06, 0x0D, 0x0B, 0x06, 0x09, 0x06, 0x12, 0x05, 0x06,
		0x3D, 0x00, 0x00, 0x24, 0x00, 0x00, 0x01, 0x00, 0x0F, 0x3D, 0x00, 0x09,
		0x0F, 0x2C, 0x00, 0x48, 0x1F, 0x12, 0x2C, 0x00, 0x15, 0x24, 0x06, 0x10,
		0xBA, 0x00, 0x90, 0x05, 0x10, 0x06, 0x09, 0x06, 0x05, 0x05, 0x06, 0x0B,
		0x07, 0x00, 0x20, 0x0B, 0x06, 0x0E, 0x01, 0x83, 0x19, 0x0B, 0x0B, 0x19,
		0x05, 0x0F, 0x19, 0x05, 0x55, 0x00, 0x1F, 0x11, 0x81, 0x00, 0x18, 0x0F,
		0x2C, 0x00, 0x6E, 0x21, 0x11, 0x12, 0x32, 0x00, 0x1F, 0x08, 0xC8, 0x00,
		0xB7, 0x0F, 0x01, 0x02, 0x1A, 0x01, 0xDC, 0x01, 0x70, 0x19, 0x0B, 0x19,
		0x0B, 0x06, 0x0B, 0x05, 0xA6, 0x02, 0x30, 0x05, 0x19, 0x05, 0xA8, 0x02,
		0x60, 0x12, 0x06, 0x19, 0x0B, 0x05, 0x05, 0x14, 0x00, 0x27, 0x05, 0x06,
		0x86, 0x00, 0x55, 0x12, 0x11, 0x05, 0x12, 0x11, 0x3F, 0x00, 0x20, 0x0B,
		0x06, 0x26, 0x00, 0x11, 0x06, 0x0D, 0x03, 0x12, 0x06, 0x36, 0x01, 0x08,
		0xD8, 0x02, 0x0B, 0xA0, 0x00, 0x14, 0x06, 0x6F, 0x02, 0x2B, 0x05, 0x05,
		0x1B, 0x00, 0x00, 0x82, 0x00, 0x04, 0x05, 0x00, 0x01, 0x5E, 0x03, 0x40,
		0x0D, 0x05, 0x06, 0x06, 0x8C, 0x00, 0x40, 0x06, 0x05, 0x11, 0x05, 0x96,
		0x00, 0x3F, 0x86, 0x01, 0x11, 0x31, 0x03, 0x07, 0x2E, 0x12, 0x05, 0xAD,
		0x02, 0x10, 0x05, 0xA7, 0x00, 0x02, 0x3A, 0x00, 0x2F, 0x06, 0x11, 0x3A,
		0x00, 0x1C, 0x82, 0x05, 0x0D, 0x05, 0x12, 0x11, 0x0E, 0x09, 0x06, 0x3E,
		0x00, 0x0E, 0x83, 0x01, 0x0F, 0x3D, 0x00, 0x07, 0x0F, 0x69, 0x00, 0x19,
		0x1E, 0x0D, 0x70, 0x02, 0x0F, 0x69, 0x00, 0x1A, 0x0F, 0x2C, 0x00, 0x6E,
		0x0E, 0x70, 0x02, 0x0F, 0x21, 0x01, 0x3B, 0x0F, 0xB6, 0x01, 0x1A, 0x0F,
		0xE3, 0x01, 0x1E, 0x03, 0xDF, 0x01, 0x00, 0x27, 0x02, 0x2F, 0x0E, 0x0D,
		0xE4, 0x01, 0xFF, 0xBF, 0x50, 0x05, 0x00, 0xDD, 0xEE, 0xFF
	};

	inline unsigned char explosiongreen[ 5217 ]
	{
		0x61, 0x14, 0x00, 0x00, 0x0C, 0x00, 0x01, 0x00, 0x08, 0x00, 0x00, 0x00,
		0x03, 0x00, 0x00, 0x00, 0x52, 0x45, 0x52, 0x4C, 0x20, 0x00, 0x00, 0x00,
		0xF1, 0x00, 0x00, 0x00, 0x52, 0x45, 0x44, 0x32, 0x10, 0x01, 0x00, 0x00,
		0xD1, 0x02, 0x00, 0x00, 0x44, 0x41, 0x54, 0x41, 0xE4, 0x03, 0x00, 0x00,
		0x51, 0x10, 0x00, 0x00, 0x0C, 0x00, 0x00, 0x00, 0x03, 0x00, 0x00, 0x00,
		0x00, 0x00, 0x00, 0x00, 0x98, 0x02, 0x26, 0x93, 0x87, 0x94, 0xAC, 0xDA,
		0x28, 0x00, 0x00, 0x00, 0x00, 0x00, 0x00, 0x00, 0x11, 0x02, 0x2E, 0xCC,
		0xC1, 0xBA, 0x52, 0x78, 0x60, 0x00, 0x00, 0x00, 0x00, 0x00, 0x00, 0x00,
		0x8E, 0x70, 0xD0, 0x56, 0xBE, 0x52, 0x95, 0xD5, 0x88, 0x00, 0x00, 0x00,
		0x00, 0x00, 0x00, 0x00, 0x6D, 0x61, 0x74, 0x65, 0x72, 0x69, 0x61, 0x6C,
		0x73, 0x2F, 0x70, 0x61, 0x72, 0x74, 0x69, 0x63, 0x6C, 0x65, 0x2F, 0x66,
		0x61, 0x6E, 0x63, 0x79, 0x5F, 0x66, 0x69, 0x72, 0x65, 0x5F, 0x70, 0x61,
		0x72, 0x74, 0x69, 0x63, 0x6C, 0x65, 0x5F, 0x30, 0x30, 0x32, 0x2F, 0x66,
		0x61, 0x6E, 0x63, 0x79, 0x5F, 0x66, 0x69, 0x72, 0x65, 0x5F, 0x70, 0x61,
		0x72, 0x74, 0x69, 0x63, 0x6C, 0x65, 0x5F, 0x30, 0x30, 0x32, 0x2E, 0x76,
		0x74, 0x65, 0x78, 0x00, 0x6D, 0x61, 0x74, 0x65, 0x72, 0x69, 0x61, 0x6C,
		0x73, 0x2F, 0x70, 0x61, 0x72, 0x74, 0x69, 0x63, 0x6C, 0x65, 0x2F, 0x66,
		0x69, 0x72, 0x65, 0x5F, 0x70, 0x61, 0x72, 0x74, 0x69, 0x63, 0x6C, 0x65,
		0x5F, 0x33, 0x2F, 0x66, 0x69, 0x72, 0x65, 0x5F, 0x70, 0x61, 0x72, 0x74,
		0x69, 0x63, 0x6C, 0x65, 0x5F, 0x33, 0x2E, 0x76, 0x74, 0x65, 0x78, 0x00,
		0x6D, 0x61, 0x74, 0x65, 0x72, 0x69, 0x61, 0x6C, 0x73, 0x2F, 0x70, 0x61,
		0x72, 0x74, 0x69, 0x63, 0x6C, 0x65, 0x2F, 0x70, 0x61, 0x72, 0x74, 0x69,
		0x63, 0x6C, 0x65, 0x5F, 0x66, 0x6C, 0x61, 0x72, 0x65, 0x73, 0x2F, 0x61,
		0x69, 0x72, 0x63, 0x72, 0x61, 0x66, 0x74, 0x5F, 0x68, 0x6F, 0x74, 0x2E,
		0x76, 0x74, 0x65, 0x78, 0x00, 0x00, 0x00, 0x00, 0x00, 0x00, 0x00, 0x00,
		0x00, 0x00, 0x00, 0x00, 0x05, 0x33, 0x56, 0x4B, 0x7C, 0x16, 0x12, 0x74,
		0xE9, 0x06, 0x98, 0x46, 0xAF, 0xF2, 0xE6, 0x3E, 0xB5, 0x90, 0x37, 0xE7,
		0x01, 0x00, 0x00, 0x00, 0x00, 0x00, 0x00, 0x40, 0x46, 0x02, 0x00, 0x00,
		0x01, 0x00, 0x00, 0x00, 0x00, 0x00, 0x00, 0x00, 0x21, 0x00, 0x00, 0x00,
		0x06, 0x00, 0x07, 0x00, 0x3D, 0x03, 0x00, 0x00, 0x59, 0x02, 0x00, 0x00,
		0x00, 0x00, 0x00, 0x00, 0x00, 0x00, 0x00, 0x00, 0x00, 0x00, 0x00, 0x00,
		0x00, 0x00, 0x00, 0x00, 0x4C, 0x02, 0x00, 0x00, 0xAA, 0x01, 0x00, 0x00,
		0xF1, 0x00, 0x00, 0x00, 0xAF, 0x00, 0x00, 0x00, 0x03, 0x00, 0x00, 0x00,
		0x00, 0x00, 0x00, 0x00, 0x2C, 0x00, 0x00, 0x00, 0x00, 0x00, 0x00, 0x00,
		0x1E, 0x00, 0x00, 0x00, 0x06, 0x00, 0x00, 0x00, 0x07, 0x00, 0x00, 0x00,
		0x08, 0x00, 0x00, 0x00, 0xF0, 0x57, 0x6D, 0x5F, 0x49, 0x6E, 0x70, 0x75,
		0x74, 0x44, 0x65, 0x70, 0x65, 0x6E, 0x64, 0x65, 0x6E, 0x63, 0x69, 0x65,
		0x73, 0x00, 0x6D, 0x5F, 0x52, 0x65, 0x6C, 0x61, 0x74, 0x69, 0x76, 0x65,
		0x46, 0x69, 0x6C, 0x65, 0x6E, 0x61, 0x6D, 0x65, 0x00, 0x65, 0x78, 0x70,
		0x6C, 0x6F, 0x73, 0x69, 0x6F, 0x6E, 0x5F, 0x68, 0x65, 0x67, 0x72, 0x65,
		0x6E, 0x61, 0x64, 0x65, 0x5F, 0x68, 0x2E, 0x76, 0x70, 0x63, 0x66, 0x00,
		0x6D, 0x5F, 0x53, 0x65, 0x61, 0x72, 0x63, 0x68, 0x50, 0x61, 0x74, 0x68,
		0x00, 0x63, 0x73, 0x67, 0x6F, 0x5F, 0x61, 0x64, 0x64, 0x6F, 0x6E, 0x73,
		0x2F, 0x73, 0x6F, 0x73, 0x69, 0x73, 0x6B, 0x61, 0x00, 0x6D, 0x5F, 0x6E,
		0x48, 0x00, 0xF0, 0x00, 0x43, 0x52, 0x43, 0x00, 0x6D, 0x5F, 0x62, 0x4F,
		0x70, 0x74, 0x69, 0x6F, 0x6E, 0x61, 0x6C, 0x0C, 0x00, 0x00, 0x17, 0x00,
		0x60, 0x45, 0x78, 0x69, 0x73, 0x74, 0x73, 0x0E, 0x00, 0x51, 0x49, 0x73,
		0x47, 0x61, 0x6D, 0x73, 0x00, 0x72, 0x00, 0x6D, 0x5F, 0x41, 0x64, 0x64,
		0x69, 0x29, 0x00, 0x0F, 0xA0, 0x00, 0x01, 0x7C, 0x41, 0x72, 0x67, 0x75,
		0x6D, 0x65, 0x6E, 0x17, 0x00, 0xA0, 0x50, 0x61, 0x72, 0x61, 0x6D, 0x65,
		0x74, 0x65, 0x72, 0x4E, 0xB4, 0x00, 0xB2, 0x5F, 0x5F, 0x5F, 0x4F, 0x76,
		0x65, 0x72, 0x72, 0x69, 0x64, 0x65, 0x44, 0x00, 0x68, 0x61, 0x74, 0x61,
		0x5F, 0x5F, 0x5F, 0x28, 0x00, 0xF2, 0x03, 0x54, 0x79, 0x70, 0x65, 0x00,
		0x42, 0x69, 0x6E, 0x61, 0x72, 0x79, 0x42, 0x6C, 0x6F, 0x62, 0x41, 0x72,
		0x67, 0xAE, 0x00, 0x9B, 0x6E, 0x67, 0x65, 0x72, 0x70, 0x72, 0x69, 0x6E,
		0x74, 0x0F, 0x00, 0x70, 0x44, 0x65, 0x66, 0x61, 0x75, 0x6C, 0x74, 0xF4,
		0x00, 0x6B, 0x70, 0x65, 0x63, 0x69, 0x61, 0x6C, 0x81, 0x00, 0xF0, 0x08,
		0x53, 0x74, 0x72, 0x69, 0x6E, 0x67, 0x00, 0x4B, 0x56, 0x33, 0x20, 0x43,
		0x6F, 0x6D, 0x70, 0x69, 0x6C, 0x65, 0x72, 0x20, 0x56, 0x65, 0x72, 0x39,
		0x01, 0x34, 0x00, 0x6D, 0x5F, 0x13, 0x00, 0xB3, 0x49, 0x64, 0x65, 0x6E,
		0x74, 0x69, 0x66, 0x69, 0x65, 0x72, 0x00, 0x13, 0x00, 0x61, 0x50, 0x61,
		0x72, 0x74, 0x69, 0x63, 0xF9, 0x00, 0x50, 0x6E, 0x55, 0x73, 0x65, 0x72,
		0xAB, 0x00, 0x14, 0x00, 0x15, 0x00, 0x0E, 0x4B, 0x00, 0x08, 0x1F, 0x01,
		0x01, 0xAB, 0x01, 0x20, 0x65, 0x64, 0x37, 0x01, 0x10, 0x73, 0x64, 0x00,
		0xF0, 0x00, 0x68, 0x69, 0x6C, 0x64, 0x52, 0x65, 0x73, 0x6F, 0x75, 0x72,
		0x63, 0x65, 0x4C, 0x69, 0x73, 0xAC, 0x00, 0xB5, 0x57, 0x65, 0x61, 0x6B,
		0x52, 0x65, 0x66, 0x65, 0x72, 0x65, 0x6E, 0x14, 0x00, 0x02, 0xB4, 0x01,
		0x45, 0x61, 0x62, 0x6C, 0x65, 0x70, 0x00, 0x29, 0x49, 0x73, 0x3D, 0x00,
		0x00, 0x25, 0x00, 0x75, 0x75, 0x62, 0x61, 0x73, 0x73, 0x65, 0x74, 0x3D,
		0x00, 0x16, 0x73, 0x15, 0x00, 0x00, 0x0C, 0x01, 0x21, 0x69, 0x6E, 0x85,
		0x00, 0x80, 0x73, 0x00, 0x00, 0x00, 0x1F, 0x00, 0x00, 0x00, 0x97, 0x0A,
		0x00, 0x00, 0x00, 0x06, 0x00, 0x00, 0x00, 0x04, 0x04, 0x00, 0x10, 0x01,
		0x04, 0x00, 0x43, 0x01, 0x02, 0x00, 0x00, 0x0C, 0x00, 0x00, 0x0A, 0x00,
		0x13, 0x03, 0x1C, 0x00, 0x80, 0x05, 0x00, 0x00, 0x00, 0x8B, 0x32, 0xBA,
		0x6E, 0x34, 0x00, 0xA2, 0x07, 0x00, 0x00, 0x00, 0x08, 0x00, 0x00, 0x00,
		0x09, 0x00, 0x01, 0x00, 0x00, 0x4C, 0x00, 0xF3, 0x1A, 0x0B, 0x00, 0x00,
		0x00, 0x0C, 0x00, 0x00, 0x00, 0x0D, 0x00, 0x00, 0x00, 0x0E, 0x00, 0x00,
		0x00, 0x0F, 0x00, 0x00, 0x00, 0x10, 0x00, 0x00, 0x00, 0x11, 0x00, 0x00,
		0x00, 0x12, 0x00, 0x00, 0x00, 0x13, 0x00, 0x00, 0x00, 0x14, 0x00, 0x00,
		0x00, 0x15, 0x1C, 0x00, 0x00, 0x5C, 0x00, 0x13, 0x16, 0x1C, 0x00, 0x1F,
		0x17, 0x1C, 0x00, 0x04, 0x13, 0x18, 0x60, 0x00, 0x13, 0x19, 0x08, 0x00,
		0x13, 0x1A, 0x08, 0x00, 0xD0, 0x1B, 0x00, 0x00, 0x00, 0x1C, 0x00, 0x00,
		0x00, 0x1D, 0x00, 0x00, 0x00, 0x1E, 0x88, 0x00, 0x90, 0x18, 0x09, 0x06,
		0x06, 0x0C, 0x0E, 0x0D, 0x0E, 0x08, 0x09, 0x00, 0x21, 0x0F, 0x0F, 0x0F,
		0x00, 0x10, 0x0F, 0x04, 0x00, 0xB0, 0x08, 0x08, 0x08, 0x09, 0x0F, 0x01,
		0x01, 0x00, 0xDD, 0xEE, 0xFF, 0x00, 0x00, 0x00, 0x00, 0x00, 0x00, 0x00,
		0x00, 0x00, 0x00, 0x00, 0x00, 0x00, 0x00, 0x00, 0x05, 0x33, 0x56, 0x4B,
		0x1D, 0xCE, 0xD3, 0x39, 0x42, 0x94, 0x07, 0x44, 0x9B, 0x78, 0x83, 0x17,
		0x14, 0x5B, 0x17, 0x32, 0x01, 0x00, 0x00, 0x00, 0x00, 0x00, 0x00, 0x40,
		0xC1, 0x0D, 0x00, 0x00, 0x1F, 0x00, 0x00, 0x00, 0x83, 0x01, 0x00, 0x00,
		0xAD, 0x07, 0x00, 0x00, 0x84, 0x00, 0x02, 0x01, 0xD9, 0x4D, 0x00, 0x00,
		0xD9, 0x0F, 0x00, 0x00, 0x00, 0x00, 0x00, 0x00, 0x00, 0x00, 0x00, 0x00,
		0x00, 0x00, 0x00, 0x00, 0x00, 0x00, 0x00, 0x00, 0x58, 0x1A, 0x00, 0x00,
		0x3D, 0x09, 0x00, 0x00, 0x81, 0x33, 0x00, 0x00, 0x9C, 0x06, 0x00, 0x00,
		0xB0, 0x00, 0x00, 0x00, 0x00, 0x00, 0x00, 0x00, 0x15, 0x09, 0x00, 0x00,
		0x97, 0x00, 0x00, 0x00, 0xF9, 0x06, 0x00, 0x00, 0x84, 0x00, 0x00, 0x00,
		0x5E, 0x00, 0x00, 0x00, 0x77, 0x00, 0x00, 0x00, 0xF2, 0x21, 0x5F, 0x63,
		0x6C, 0x61, 0x73, 0x73, 0x00, 0x43, 0x50, 0x61, 0x72, 0x74, 0x69, 0x63,
		0x6C, 0x65, 0x53, 0x79, 0x73, 0x74, 0x65, 0x6D, 0x44, 0x65, 0x66, 0x69,
		0x6E, 0x69, 0x74, 0x69, 0x6F, 0x6E, 0x00, 0x6D, 0x5F, 0x6E, 0x42, 0x65,
		0x68, 0x61, 0x76, 0x69, 0x6F, 0x72, 0x56, 0x65, 0x72, 0x73, 0x13, 0x00,
		0xD0, 0x43, 0x6F, 0x6E, 0x73, 0x74, 0x61, 0x6E, 0x74, 0x43, 0x6F, 0x6C,
		0x6F, 0x72, 0x23, 0x00, 0x34, 0x4D, 0x61, 0x78, 0x42, 0x00, 0xE0, 0x73,
		0x00, 0x6D, 0x5F, 0x63, 0x6F, 0x6E, 0x74, 0x72, 0x6F, 0x6C, 0x50, 0x6F,
		0x69, 0x24, 0x00, 0x70, 0x6E, 0x66, 0x69, 0x67, 0x75, 0x72, 0x61, 0x4F,
		0x00, 0x10, 0x73, 0x2D, 0x00, 0xF0, 0x05, 0x61, 0x6D, 0x65, 0x00, 0x70,
		0x72, 0x65, 0x76, 0x69, 0x65, 0x77, 0x00, 0x6D, 0x5F, 0x64, 0x72, 0x69,
		0x76, 0x65, 0x72, 0x19, 0x00, 0xF0, 0x26, 0x69, 0x41, 0x74, 0x74, 0x61,
		0x63, 0x68, 0x54, 0x79, 0x70, 0x65, 0x00, 0x50, 0x41, 0x54, 0x54, 0x41,
		0x43, 0x48, 0x5F, 0x57, 0x4F, 0x52, 0x4C, 0x44, 0x4F, 0x52, 0x49, 0x47,
		0x49, 0x4E, 0x00, 0x6D, 0x5F, 0x76, 0x65, 0x63, 0x4F, 0x66, 0x66, 0x73,
		0x65, 0x74, 0x00, 0x6D, 0x5F, 0x65, 0x6E, 0x74, 0x69, 0x74, 0x79, 0x4E,
		0x4D, 0x00, 0xC0, 0x73, 0x65, 0x6C, 0x66, 0x00, 0x6D, 0x5F, 0x45, 0x6D,
		0x69, 0x74, 0x74, 0x4B, 0x00, 0x62, 0x43, 0x5F, 0x4F, 0x50, 0x5F, 0x49,
		0xA3, 0x00, 0x63, 0x61, 0x6E, 0x65, 0x6F, 0x75, 0x73, 0x1B, 0x00, 0x00,
		0x7E, 0x00, 0x05, 0xA8, 0x00, 0x20, 0x54, 0x6F, 0x16, 0x00, 0x00, 0x13,
		0x00, 0x02, 0x72, 0x00, 0xF2, 0x0D, 0x46, 0x5F, 0x54, 0x59, 0x50, 0x45,
		0x5F, 0x50, 0x41, 0x52, 0x54, 0x49, 0x43, 0x4C, 0x45, 0x5F, 0x44, 0x45,
		0x54, 0x41, 0x49, 0x4C, 0x5F, 0x4C, 0x45, 0x56, 0x45, 0x4C, 0xE4, 0x00,
		0x14, 0x70, 0x29, 0x00, 0x32, 0x4D, 0x41, 0x50, 0x2D, 0x00, 0xF0, 0x08,
		0x44, 0x49, 0x52, 0x45, 0x43, 0x54, 0x00, 0x6D, 0x5F, 0x66, 0x6C, 0x4C,
		0x69, 0x74, 0x65, 0x72, 0x61, 0x6C, 0x56, 0x61, 0x6C, 0x75, 0x65, 0x2F,
		0x00, 0x17, 0x43, 0x04, 0x01, 0x00, 0x10, 0x00, 0xE1, 0x53, 0x63, 0x61,
		0x6C, 0x61, 0x72, 0x41, 0x74, 0x74, 0x72, 0x69, 0x62, 0x75, 0x74, 0x23,
		0x00, 0x5F, 0x56, 0x65, 0x63, 0x74, 0x6F, 0x13, 0x00, 0x01, 0x91, 0x43,
		0x6F, 0x6D, 0x70, 0x6F, 0x6E, 0x65, 0x6E, 0x74, 0x5A, 0x00, 0x98, 0x52,
		0x61, 0x6E, 0x64, 0x6F, 0x6D, 0x4D, 0x69, 0x6E, 0x0E, 0x00, 0x20, 0x61,
		0x78, 0x2F, 0x00, 0x03, 0x0D, 0x00, 0x21, 0x6F, 0x64, 0x97, 0x00, 0xF3,
		0x04, 0x52, 0x41, 0x4E, 0x44, 0x4F, 0x4D, 0x5F, 0x4D, 0x4F, 0x44, 0x45,
		0x5F, 0x43, 0x4F, 0x4E, 0x53, 0x54, 0x41, 0x4E, 0x9C, 0x00, 0x34, 0x4F,
		0x44, 0x30, 0x09, 0x00, 0x14, 0x31, 0x09, 0x00, 0x14, 0x32, 0x09, 0x00,
		0x11, 0x33, 0x09, 0x00, 0xB4, 0x4E, 0x6F, 0x69, 0x73, 0x65, 0x4F, 0x75,
		0x74, 0x70, 0x75, 0x74, 0x6B, 0x00, 0x08, 0x13, 0x00, 0x26, 0x61, 0x78,
		0x13, 0x00, 0x00, 0xCB, 0x00, 0x12, 0x65, 0x8F, 0x01, 0x02, 0x23, 0x00,
		0x01, 0x94, 0x01, 0x47, 0x52, 0x61, 0x74, 0x65, 0x37, 0x00, 0x04, 0xA8,
		0x01, 0x12, 0x6E, 0x0F, 0x00, 0x65, 0x63, 0x74, 0x61, 0x76, 0x65, 0x73,
		0x10, 0x00, 0x91, 0x54, 0x75, 0x72, 0x62, 0x75, 0x6C, 0x65, 0x6E, 0x63,
		0xB9, 0x00, 0xF6, 0x00, 0x4E, 0x4F, 0x49, 0x53, 0x45, 0x5F, 0x54, 0x55,
		0x52, 0x42, 0x5F, 0x4E, 0x4F, 0x4E, 0x45, 0x26, 0x00, 0x28, 0x79, 0x70,
		0x20, 0x00, 0x01, 0x9F, 0x01, 0x55, 0x45, 0x52, 0x4C, 0x49, 0x4E, 0x22,
		0x00, 0x85, 0x4D, 0x6F, 0x64, 0x69, 0x66, 0x69, 0x65, 0x72, 0x26, 0x00,
		0x00, 0xFE, 0x00, 0x54, 0x49, 0x46, 0x49, 0x45, 0x52, 0x4A, 0x00, 0x2B,
		0x66, 0x6C, 0x71, 0x00, 0x04, 0xBE, 0x00, 0x0D, 0x19, 0x00, 0x27, 0x4D,
		0x69, 0xE4, 0x00, 0x42, 0x49, 0x6D, 0x67, 0x50, 0xA4, 0x02, 0x04, 0x30,
		0x00, 0x1B, 0x62, 0x18, 0x00, 0x31, 0x4C, 0x69, 0x76, 0xB3, 0x01, 0x20,
		0x49, 0x6E, 0x20, 0x01, 0x03, 0x83, 0x01, 0x53, 0x49, 0x4E, 0x50, 0x55,
		0x54, 0x82, 0x01, 0x61, 0x4C, 0x41, 0x4D, 0x50, 0x45, 0x44, 0x53, 0x00,
		0x60, 0x4D, 0x75, 0x6C, 0x74, 0x46, 0x61, 0xDB, 0x01, 0x01, 0x0F, 0x00,
		0x01, 0x33, 0x00, 0x16, 0x30, 0x0B, 0x00, 0x02, 0x94, 0x01, 0x02, 0x6A,
		0x01, 0x17, 0x30, 0x0C, 0x00, 0x11, 0x31, 0x7F, 0x03, 0x34, 0x69, 0x61,
		0x73, 0x09, 0x01, 0x42, 0x42, 0x49, 0x41, 0x53, 0x08, 0x01, 0x00, 0xDD,
		0x01, 0x32, 0x44, 0x41, 0x52, 0x5F, 0x00, 0x00, 0x23, 0x00, 0x62, 0x50,
		0x61, 0x72, 0x61, 0x6D, 0x65, 0xE5, 0x02, 0x31, 0x43, 0x75, 0x72, 0x9C,
		0x00, 0x50, 0x73, 0x70, 0x6C, 0x69, 0x6E, 0x09, 0x00, 0x80, 0x74, 0x61,
		0x6E, 0x67, 0x65, 0x6E, 0x74, 0x73, 0xB5, 0x01, 0x98, 0x44, 0x6F, 0x6D,
		0x61, 0x69, 0x6E, 0x4D, 0x69, 0x6E, 0x0E, 0x00, 0x20, 0x61, 0x78, 0x0E,
		0x00, 0x10, 0x49, 0xF5, 0x03, 0x42, 0x61, 0x6C, 0x69, 0x7A, 0x46, 0x03,
		0x41, 0x49, 0x4E, 0x49, 0x54, 0x14, 0x00, 0x40, 0x46, 0x6C, 0x6F, 0x61,
		0xCC, 0x01, 0x01, 0xAD, 0x00, 0x02, 0xE2, 0x02, 0x04, 0x2F, 0x03, 0x03,
		0x74, 0x02, 0x70, 0x55, 0x4E, 0x49, 0x46, 0x4F, 0x52, 0x4D, 0x27, 0x01,
		0x32, 0x48, 0x61, 0x73, 0x97, 0x02, 0x80, 0x53, 0x69, 0x67, 0x6E, 0x46,
		0x6C, 0x69, 0x70, 0xC5, 0x00, 0x02, 0xD0, 0x00, 0x54, 0x46, 0x69, 0x65,
		0x6C, 0x64, 0x59, 0x00, 0x72, 0x52, 0x69, 0x6E, 0x67, 0x57, 0x61, 0x76,
		0x8B, 0x01, 0x03, 0x7A, 0x00, 0x65, 0x52, 0x61, 0x64, 0x69, 0x75, 0x73,
		0x5D, 0x00, 0x78, 0x4C, 0x49, 0x54, 0x45, 0x52, 0x41, 0x4C, 0x22, 0x00,
		0x54, 0x53, 0x70, 0x65, 0x65, 0x64, 0xA1, 0x02, 0x09, 0x14, 0x00, 0x03,
		0xA2, 0x02, 0x85, 0x54, 0x68, 0x69, 0x63, 0x6B, 0x6E, 0x65, 0x73, 0xC1,
		0x00, 0x03, 0x8D, 0x00, 0x31, 0x65, 0x71, 0x75, 0x6F, 0x02, 0x00, 0x8B,
		0x03, 0x03, 0x0C, 0x00, 0x02, 0x47, 0x00, 0x06, 0x0F, 0x00, 0x2C, 0x61,
		0x78, 0xD7, 0x00, 0x00, 0x70, 0x01, 0x2A, 0x45, 0x44, 0x7A, 0x01, 0xB7,
		0x45, 0x58, 0x50, 0x4F, 0x4E, 0x45, 0x4E, 0x54, 0x49, 0x41, 0x4C, 0x24,
		0x01, 0x00, 0x88, 0x00, 0x50, 0x56, 0x65, 0x6C, 0x6F, 0x63, 0x95, 0x04,
		0x00, 0x29, 0x02, 0x03, 0xAF, 0x04, 0x05, 0x51, 0x03, 0x4C, 0x50, 0x56,
		0x45, 0x43, 0xD6, 0x00, 0x1B, 0x76, 0x35, 0x04, 0x03, 0x0F, 0x00, 0x04,
		0x57, 0x05, 0x1B, 0x76, 0x21, 0x04, 0x05, 0x78, 0x03, 0x21, 0x43, 0x50,
		0x32, 0x00, 0x07, 0x10, 0x00, 0xB4, 0x52, 0x65, 0x6C, 0x61, 0x74, 0x69,
		0x76, 0x65, 0x50, 0x6F, 0x73, 0xB8, 0x05, 0x07, 0x16, 0x00, 0x20, 0x44,
		0x69, 0x4F, 0x00, 0x01, 0xC6, 0x01, 0x05, 0x5B, 0x04, 0x1D, 0x58, 0x12,
		0x00, 0x1D, 0x59, 0x12, 0x00, 0x14, 0x5A, 0x12, 0x00, 0x63, 0x49, 0x6E,
		0x74, 0x65, 0x72, 0x70, 0x74, 0x01, 0x00, 0x0B, 0x00, 0x09, 0xC2, 0x02,
		0x05, 0x11, 0x00, 0x10, 0x31, 0x77, 0x00, 0x02, 0x10, 0x00, 0x06, 0xCD,
		0x02, 0x09, 0x11, 0x00, 0x00, 0x22, 0x00, 0x52, 0x47, 0x72, 0x61, 0x64,
		0x69, 0xDD, 0x04, 0x59, 0x53, 0x74, 0x6F, 0x70, 0x73, 0x2A, 0x01, 0x0D,
		0x68, 0x04, 0xF1, 0x00, 0x4C, 0x6F, 0x63, 0x00, 0x6D, 0x5F, 0x54, 0x72,
		0x61, 0x6E, 0x73, 0x66, 0x6F, 0x72, 0x6D, 0x68, 0x00, 0x32, 0x00, 0x50,
		0x54, 0x4B, 0x01, 0x74, 0x49, 0x4E, 0x56, 0x41, 0x4C, 0x49, 0x44, 0x88,
		0x01, 0x04, 0xFE, 0x00, 0x42, 0x57, 0x61, 0x72, 0x70, 0x56, 0x00, 0x00,
		0x0A, 0x00, 0x02, 0xE7, 0x01, 0x04, 0x0D, 0x00, 0x2A, 0x61, 0x78, 0x19,
		0x02, 0x04, 0x6D, 0x01, 0x01, 0x08, 0x00, 0x02, 0x2B, 0x00, 0x02, 0x0B,
		0x00, 0x06, 0x29, 0x00, 0x31, 0x43, 0x72, 0x65, 0xBE, 0x06, 0x04, 0xD8,
		0x01, 0x11, 0x6E, 0xC8, 0x02, 0x02, 0xB1, 0x00, 0x07, 0xAE, 0x03, 0x02,
		0x3D, 0x00, 0x74, 0x4F, 0x70, 0x65, 0x72, 0x61, 0x74, 0x6F, 0x87, 0x06,
		0xA3, 0x42, 0x61, 0x73, 0x69, 0x63, 0x4D, 0x6F, 0x76, 0x65, 0x6D, 0xCF,
		0x05, 0x42, 0x44, 0x72, 0x61, 0x67, 0x05, 0x01, 0x44, 0x76, 0x69, 0x74,
		0x79, 0xAC, 0x06, 0x00, 0x22, 0x01, 0x53, 0x6F, 0x6C, 0x61, 0x74, 0x65,
		0x02, 0x03, 0x00, 0x56, 0x00, 0x36, 0x45, 0x6E, 0x64, 0xAC, 0x04, 0x00,
		0xE3, 0x03, 0x02, 0x2D, 0x00, 0x30, 0x46, 0x61, 0x64, 0x95, 0x05, 0x43,
		0x53, 0x69, 0x6D, 0x70, 0x1C, 0x00, 0x03, 0x12, 0x00, 0x42, 0x54, 0x69,
		0x6D, 0x65, 0x23, 0x00, 0x01, 0xC1, 0x00, 0x07, 0x55, 0x00, 0x04, 0xD4,
		0x00, 0x00, 0x29, 0x00, 0x05, 0x32, 0x00, 0x42, 0x53, 0x74, 0x61, 0x72,
		0x34, 0x00, 0x04, 0x12, 0x00, 0x36, 0x45, 0x6E, 0x64, 0x44, 0x00, 0x04,
		0xED, 0x00, 0x2A, 0x66, 0x6C, 0x9A, 0x01, 0x17, 0x34, 0x03, 0x06, 0x01,
		0x29, 0x00, 0x33, 0x53, 0x65, 0x74, 0x36, 0x02, 0x41, 0x6C, 0x6C, 0x65,
		0x63, 0x7D, 0x02, 0x04, 0x46, 0x03, 0xE9, 0x43, 0x4F, 0x4C, 0x4C, 0x45,
		0x43, 0x54, 0x49, 0x4F, 0x4E, 0x5F, 0x41, 0x47, 0x45, 0x3A, 0x07, 0x52,
		0x52, 0x45, 0x4D, 0x41, 0x50, 0x7E, 0x03, 0x85, 0x74, 0x4D, 0x65, 0x74,
		0x68, 0x6F, 0x64, 0x00, 0x7A, 0x07, 0x90, 0x53, 0x45, 0x54, 0x5F, 0x53,
		0x43, 0x41, 0x4C, 0x45, 0x7F, 0x01, 0x00, 0x68, 0x03, 0x62, 0x5F, 0x56,
		0x41, 0x4C, 0x55, 0x45, 0x6F, 0x00, 0x34, 0x4D, 0x61, 0x78, 0x68, 0x03,
		0x02, 0x5B, 0x05, 0x07, 0x10, 0x00, 0x01, 0x21, 0x00, 0x50, 0x44, 0x65,
		0x63, 0x61, 0x79, 0xB9, 0x02, 0x78, 0x6F, 0x72, 0x63, 0x65, 0x47, 0x65,
		0x6E, 0x8F, 0x01, 0x00, 0x1A, 0x05, 0x02, 0x5C, 0x02, 0x01, 0x1E, 0x00,
		0x05, 0x73, 0x00, 0x00, 0xC9, 0x07, 0x03, 0x40, 0x06, 0x47, 0x43, 0x55,
		0x52, 0x4C, 0xDC, 0x06, 0x47, 0x46, 0x72, 0x65, 0x71, 0x0F, 0x00, 0x07,
		0xFB, 0x06, 0x07, 0xF6, 0x06, 0x01, 0x5B, 0x00, 0x00, 0xA7, 0x03, 0x5B,
		0x61, 0x63, 0x74, 0x54, 0x6F, 0xFA, 0x07, 0x11, 0x66, 0x6B, 0x00, 0x43,
		0x41, 0x6D, 0x6F, 0x75, 0x0F, 0x00, 0xB2, 0x61, 0x6C, 0x6C, 0x6F, 0x66,
		0x66, 0x50, 0x6F, 0x77, 0x65, 0x72, 0x3A, 0x00, 0x34, 0x50, 0x65, 0x72,
		0x96, 0x08, 0x02, 0x97, 0x00, 0x01, 0x91, 0x01, 0x00, 0x0A, 0x00, 0x05,
		0x6F, 0x00, 0x02, 0x18, 0x00, 0x01, 0x2E, 0x00, 0x02, 0xB7, 0x02, 0x04,
		0x29, 0x00, 0x35, 0x4D, 0x69, 0x6E, 0x0B, 0x00, 0x24, 0x61, 0x78, 0x0B,
		0x00, 0x01, 0xA1, 0x09, 0x53, 0x72, 0x61, 0x69, 0x6E, 0x74, 0xF8, 0x00,
		0xA6, 0x57, 0x6F, 0x72, 0x6C, 0x64, 0x54, 0x72, 0x61, 0x63, 0x65, 0x1B,
		0x00, 0x02, 0xC7, 0x00, 0x25, 0x43, 0x70, 0xAB, 0x07, 0x61, 0x62, 0x4B,
		0x69, 0x6C, 0x6C, 0x6F, 0xBA, 0x08, 0x22, 0x61, 0x63, 0xDA, 0x02, 0x00,
		0xD5, 0x01, 0x10, 0x69, 0xF6, 0x09, 0x01, 0xC7, 0x09, 0x21, 0x72, 0x6D,
		0x08, 0x03, 0x01, 0x70, 0x05, 0x02, 0x54, 0x02, 0x02, 0x1D, 0x00, 0x51,
		0x47, 0x72, 0x6F, 0x75, 0x70, 0x8B, 0x09, 0x62, 0x44, 0x45, 0x42, 0x52,
		0x49, 0x53, 0x00, 0x09, 0x03, 0x1D, 0x00, 0x00, 0x1B, 0x07, 0x00, 0x1B,
		0x03, 0x00, 0x0D, 0x02, 0x20, 0x49, 0x53, 0x0C, 0x02, 0x00, 0x1F, 0x07,
		0x00, 0xC9, 0x07, 0xE0, 0x5F, 0x46, 0x52, 0x41, 0x4D, 0x45, 0x5F, 0x50,
		0x4C, 0x41, 0x4E, 0x45, 0x53, 0x45, 0xAB, 0x08, 0x65, 0x52, 0x65, 0x6E,
		0x64, 0x65, 0x72, 0xC4, 0x09, 0x02, 0x0F, 0x00, 0x62, 0x53, 0x70, 0x72,
		0x69, 0x74, 0x65, 0x14, 0x03, 0x32, 0x41, 0x6E, 0x69, 0x84, 0x00, 0x03,
		0x6E, 0x08, 0xB2, 0x6E, 0x46, 0x65, 0x61, 0x74, 0x68, 0x65, 0x72, 0x69,
		0x6E, 0x67, 0x83, 0x07, 0x06, 0xBE, 0x09, 0xF0, 0x05, 0x50, 0x54, 0x48,
		0x5F, 0x46, 0x45, 0x41, 0x54, 0x48, 0x45, 0x52, 0x49, 0x4E, 0x47, 0x5F,
		0x4F, 0x4E, 0x5F, 0x4F, 0x50, 0x8B, 0x02, 0x03, 0x50, 0x06, 0x96, 0x53,
		0x65, 0x6C, 0x66, 0x49, 0x6C, 0x6C, 0x75, 0x6D, 0x9A, 0x01, 0x87, 0x6C,
		0x44, 0x69, 0x66, 0x66, 0x75, 0x73, 0x65, 0x12, 0x00, 0x30, 0x41, 0x64,
		0x64, 0x29, 0x00, 0x07, 0x12, 0x00, 0x07, 0x71, 0x00, 0x62, 0x61, 0x78,
		0x44, 0x69, 0x73, 0x74, 0x86, 0x02, 0x53, 0x69, 0x6E, 0x53, 0x69, 0x7A,
		0x1A, 0x02, 0xA2, 0x54, 0x65, 0x78, 0x74, 0x75, 0x72, 0x65, 0x73, 0x49,
		0x6E, 0x21, 0x04, 0x13, 0x68, 0x11, 0x00, 0xC3, 0x00, 0x6D, 0x61, 0x74,
		0x65, 0x72, 0x69, 0x61, 0x6C, 0x73, 0x2F, 0x70, 0xF0, 0x01, 0xC4, 0x2F,
		0x66, 0x61, 0x6E, 0x63, 0x79, 0x5F, 0x66, 0x69, 0x72, 0x65, 0x5F, 0x14,
		0x00, 0x4F, 0x5F, 0x30, 0x30, 0x32, 0x18, 0x00, 0x05, 0x52, 0x2E, 0x76,
		0x74, 0x65, 0x78, 0xC0, 0x00, 0x92, 0x68, 0x61, 0x64, 0x6F, 0x77, 0x44,
		0x65, 0x6E, 0x73, 0x0A, 0x03, 0x03, 0x63, 0x07, 0x5A, 0x42, 0x6C, 0x65,
		0x6E, 0x64, 0x0B, 0x01, 0x30, 0x4F, 0x55, 0x54, 0x95, 0x08, 0x52, 0x42,
		0x4C, 0x45, 0x4E, 0x44, 0x7C, 0x01, 0x32, 0x41, 0x44, 0x44, 0xF0, 0x00,
		0x43, 0x65, 0x73, 0x61, 0x74, 0x9B, 0x0B, 0x03, 0x5D, 0x0A, 0x00, 0x7E,
		0x04, 0x03, 0x76, 0x02, 0x0E, 0xAD, 0x00, 0x05, 0x8A, 0x00, 0xF2, 0x04,
		0x66, 0x6C, 0x61, 0x72, 0x65, 0x73, 0x2F, 0x61, 0x69, 0x72, 0x63, 0x72,
		0x61, 0x66, 0x74, 0x5F, 0x68, 0x6F, 0x74, 0x9A, 0x00, 0x07, 0xB7, 0x01,
		0x52, 0x54, 0x72, 0x61, 0x69, 0x6C, 0xB6, 0x01, 0x05, 0x74, 0x02, 0x02,
		0x60, 0x00, 0x90, 0x54, 0x6F, 0x4C, 0x65, 0x6E, 0x67, 0x74, 0x68, 0x52,
		0x79, 0x00, 0x02, 0x86, 0x0A, 0x01, 0x10, 0x00, 0x00, 0x84, 0x04, 0x26,
		0x49, 0x6E, 0x93, 0x04, 0xA1, 0x6F, 0x72, 0x77, 0x61, 0x72, 0x64, 0x53,
		0x68, 0x69, 0x66, 0x9E, 0x02, 0x00, 0x4C, 0x08, 0xF0, 0x02, 0x55, 0x56,
		0x42, 0x61, 0x73, 0x65, 0x64, 0x4F, 0x6E, 0x50, 0x69, 0x74, 0x63, 0x68,
		0x59, 0x61, 0x77, 0x19, 0x00, 0xF1, 0x03, 0x47, 0x61, 0x6D, 0x6D, 0x61,
		0x43, 0x6F, 0x72, 0x72, 0x65, 0x63, 0x74, 0x56, 0x65, 0x72, 0x74, 0x65,
		0x78, 0xEE, 0x04, 0x1F, 0x73, 0x70, 0x01, 0x02, 0x09, 0x52, 0x01, 0x1C,
		0x33, 0x10, 0x00, 0x06, 0x60, 0x01, 0x95, 0x54, 0x61, 0x69, 0x6C, 0x41,
		0x6C, 0x70, 0x68, 0x61, 0x00, 0x0A, 0xF3, 0x08, 0x45, 0x6E, 0x61, 0x62,
		0x6C, 0x65, 0x46, 0x61, 0x64, 0x69, 0x6E, 0x67, 0x41, 0x6E, 0x64, 0x43,
		0x6C, 0x61, 0x6D, 0x70, 0x69, 0x6E, 0x67, 0xF4, 0x01, 0x22, 0x61, 0x69,
		0xB8, 0x07, 0x02, 0x2F, 0x00, 0x0D, 0xEE, 0x07, 0x00, 0x0C, 0x05, 0x22,
		0x4F, 0x52, 0xBA, 0x01, 0x00, 0x79, 0x05, 0x01, 0x82, 0x05, 0x02, 0x32,
		0x02, 0x01, 0xEA, 0x05, 0x09, 0x10, 0x00, 0x0A, 0x78, 0x00, 0x42, 0x4F,
		0x6E, 0x6C, 0x79, 0x53, 0x01, 0xF0, 0x00, 0x49, 0x6E, 0x45, 0x66, 0x66,
		0x65, 0x63, 0x74, 0x73, 0x42, 0x6C, 0x6F, 0x6F, 0x6D, 0x50, 0xBA, 0x0D,
		0xFF, 0x06, 0x00, 0x00, 0x00, 0xC4, 0x00, 0x00, 0x00, 0xFA, 0x00, 0x00,
		0x00, 0x69, 0x00, 0x00, 0x00, 0x48, 0x00, 0x00, 0x00, 0xFF, 0x00, 0x01,
		0x00, 0x0F, 0xF3, 0x02, 0x3C, 0x00, 0x00, 0x00, 0xB3, 0x00, 0x00, 0x00,
		0x71, 0x00, 0x00, 0x00, 0x22, 0x00, 0x00, 0x00, 0x8B, 0x08, 0x00, 0x0F,
		0x01, 0x00, 0x1D, 0xFF, 0x0A, 0x44, 0xC2, 0xF7, 0xFE, 0x06, 0xAF, 0x51,
		0xC0, 0x2F, 0x50, 0x52, 0x60, 0x01, 0x86, 0x61, 0x40, 0xD5, 0xE8, 0xD5,
		0x00, 0xA5, 0x69, 0x24, 0x40, 0x00, 0x01, 0x00, 0xFF, 0x0A, 0x39, 0xC0,
		0x62, 0xC0, 0x08, 0x00, 0x23, 0x00, 0x59, 0x08, 0x00, 0x2F, 0xF0, 0x3F,
		0x08, 0x00, 0x1B, 0x0E, 0x01, 0x00, 0x0E, 0x20, 0x00, 0x0F, 0x01, 0x00,
		0xF1, 0x0E, 0x40, 0x01, 0x03, 0x80, 0x01, 0x19, 0x40, 0x08, 0x00, 0x3F,
		0x40, 0x9F, 0x40, 0x88, 0x01, 0xFF, 0x63, 0x0F, 0x50, 0x00, 0x27, 0x1B,
		0xBF, 0x08, 0x00, 0x1F, 0x3F, 0x18, 0x00, 0x0B, 0x0B, 0x01, 0x00, 0x3F,
		0x40, 0x6F, 0xC0, 0x62, 0x00, 0x0D, 0xA1, 0x5A, 0x64, 0x3B, 0xDF, 0x4F,
		0x8D, 0x97, 0x3F, 0x9A, 0x99, 0x01, 0x00, 0x82, 0x3F, 0x39, 0xB4, 0xC8,
		0x76, 0xBE, 0x9F, 0x8A, 0x50, 0x00, 0x39, 0x80, 0x46, 0x40, 0x08, 0x00,
		0x32, 0x00, 0x14, 0x40, 0x28, 0x00, 0x13, 0xE9, 0x70, 0x00, 0x13, 0x08,
		0x10, 0x00, 0x1F, 0x01, 0x10, 0x05, 0x44, 0x22, 0x69, 0xC0, 0xC8, 0x00,
		0x1F, 0x5F, 0x08, 0x00, 0x05, 0x1F, 0x40, 0x08, 0x00, 0x02, 0x0D, 0x90,
		0x04, 0x1F, 0x72, 0x08, 0x01, 0x04, 0x2F, 0x79, 0xC0, 0xD8, 0x02, 0xFE,
		0x0F, 0x20, 0x04, 0xFF, 0x9B, 0x0F, 0x01, 0x00, 0xFE, 0x0F, 0xD8, 0x02,
		0xFF, 0xFF, 0x53, 0x50, 0x00, 0x00, 0x00, 0x00, 0x00, 0x93, 0x0B, 0x00,
		0x00, 0x00, 0x02, 0x00, 0x00, 0x00, 0x03, 0x08, 0x00, 0x53, 0x24, 0x00,
		0x00, 0x00, 0x04, 0x10, 0x00, 0x13, 0x05, 0x14, 0x00, 0x13, 0x04, 0x0C,
		0x00, 0x04, 0x1C, 0x00, 0x0F, 0x08, 0x00, 0x05, 0x13, 0x03, 0x04, 0x00,
		0x13, 0x06, 0x08, 0x00, 0x17, 0x04, 0x58, 0x00, 0x00, 0x40, 0x00, 0x1F,
		0x12, 0x44, 0x00, 0x10, 0x1F, 0x01, 0x28, 0x00, 0x18, 0x08, 0x0C, 0x00,
		0x1B, 0x03, 0x74, 0x00, 0x1B, 0x03, 0xBC, 0x00, 0x13, 0x04, 0x58, 0x00,
		0x08, 0x94, 0x00, 0x13, 0x01, 0x1C, 0x00, 0x1B, 0x03, 0x1C, 0x00, 0x2E,
		0x12, 0x00, 0xD0, 0x00, 0x1B, 0x0C, 0x74, 0x00, 0x0C, 0x10, 0x00, 0x17,
		0x15, 0x54, 0x00, 0x0C, 0xAC, 0x00, 0x0F, 0xD0, 0x00, 0x1D, 0x0F, 0x08,
		0x00, 0x05, 0x1F, 0x16, 0x64, 0x00, 0x50, 0xC6, 0x04, 0x01, 0x01, 0x03,
		0x01, 0x03, 0x02, 0x02, 0x0B, 0x03, 0x02, 0x02, 0x03, 0x00, 0x20, 0x04,
		0x03, 0x01, 0x00, 0x08, 0x12, 0x00, 0x1F, 0x03, 0x14, 0x00, 0x02, 0x01,
		0x05, 0x00, 0x21, 0x03, 0x09, 0x09, 0x00, 0x11, 0x05, 0x10, 0x00, 0x02,
		0x12, 0x00, 0x40, 0x03, 0x01, 0x03, 0x04, 0x56, 0x00, 0x04, 0x04, 0x00,
		0x03, 0x29, 0x00, 0x0E, 0x40, 0x00, 0x06, 0x0E, 0x00, 0x0F, 0x27, 0x00,
		0x14, 0x13, 0x00, 0xD8, 0x00, 0x13, 0x02, 0x94, 0x01, 0x04, 0x04, 0x02,
		0x22, 0x20, 0x03, 0xDC, 0x01, 0x00, 0xBC, 0x01, 0xF3, 0x02, 0x07, 0x00,
		0x00, 0x00, 0x08, 0x00, 0x00, 0x00, 0x09, 0x00, 0x00, 0x00, 0x0A, 0x00,
		0x00, 0x00, 0x0B, 0x2C, 0x00, 0x62, 0x0D, 0x00, 0x00, 0x00, 0x0E, 0x00,
		0x01, 0x00, 0x93, 0x0F, 0x00, 0x00, 0x00, 0x10, 0x00, 0x00, 0x00, 0x11,
		0x4C, 0x01, 0x53, 0x13, 0x00, 0x00, 0x00, 0x14, 0xD8, 0x01, 0x00, 0x78,
		0x01, 0x13, 0x17, 0x5C, 0x00, 0x13, 0x18, 0x54, 0x00, 0xF0, 0x0A, 0x19,
		0x00, 0x00, 0x00, 0x1A, 0x00, 0x00, 0x00, 0x1B, 0x00, 0x00, 0x00, 0x1C,
		0x00, 0x00, 0x00, 0x1D, 0x00, 0x00, 0x00, 0x1E, 0x00, 0x00, 0x00, 0x1F,
		0x7C, 0x00, 0xC3, 0x00, 0x00, 0x00, 0x21, 0x00, 0x00, 0x00, 0x22, 0x00,
		0x00, 0x00, 0x23, 0x5C, 0x01, 0xF3, 0x52, 0x25, 0x00, 0x00, 0x00, 0x26,
		0x00, 0x00, 0x00, 0x27, 0x00, 0x00, 0x00, 0x28, 0x00, 0x00, 0x00, 0x29,
		0x00, 0x00, 0x00, 0x2A, 0x00, 0x00, 0x00, 0x2B, 0x00, 0x00, 0x00, 0x2C,
		0x00, 0x00, 0x00, 0x2D, 0x00, 0x00, 0x00, 0x2E, 0x00, 0x00, 0x00, 0x2F,
		0x00, 0x00, 0x00, 0x30, 0x00, 0x00, 0x00, 0x31, 0x00, 0x00, 0x00, 0x32,
		0x00, 0x00, 0x00, 0x33, 0x00, 0x00, 0x00, 0x34, 0x00, 0x00, 0x00, 0x35,
		0x00, 0x00, 0x00, 0x36, 0x00, 0x00, 0x00, 0x37, 0x00, 0x00, 0x00, 0x38,
		0x00, 0x00, 0x00, 0x39, 0x00, 0x00, 0x00, 0x3A, 0x00, 0x00, 0x00, 0x3B,
		0x00, 0x00, 0x00, 0x3C, 0x00, 0x00, 0x00, 0x3D, 0xC8, 0x00, 0x13, 0x3E,
		0x08, 0x00, 0x93, 0x3F, 0x00, 0x00, 0x00, 0x40, 0x00, 0x00, 0x00, 0x41,
		0x10, 0x00, 0x53, 0x42, 0x00, 0x00, 0x00, 0x43, 0xE0, 0x00, 0x2E, 0x44,
		0x00, 0xBC, 0x00, 0x53, 0x45, 0x00, 0x00, 0x00, 0x46, 0x3C, 0x01, 0x0F,
		0x30, 0x00, 0x11, 0x00, 0x01, 0x00, 0x53, 0x47, 0x00, 0x00, 0x00, 0x48,
		0x24, 0x00, 0x1F, 0x49, 0x34, 0x01, 0xB8, 0x1F, 0x4A, 0xD4, 0x00, 0xC0,
		0x1F, 0x4B, 0xD4, 0x00, 0xC0, 0x1F, 0x4C, 0xD4, 0x00, 0xC0, 0x00, 0x01,
		0x00, 0x93, 0x4D, 0x00, 0x00, 0x00, 0x4E, 0x00, 0x00, 0x00, 0x4F, 0xB4,
		0x04, 0x0C, 0x90, 0x03, 0x1E, 0x50, 0xCC, 0x00, 0x01, 0x60, 0x00, 0x13,
		0x51, 0x60, 0x00, 0x1F, 0x46, 0xC4, 0x03, 0x14, 0x13, 0x46, 0x10, 0x05,
		0x0C, 0x2C, 0x00, 0x13, 0x49, 0x48, 0x01, 0x13, 0x46, 0x54, 0x01, 0x00,
		0x01, 0x00, 0x53, 0x52, 0x00, 0x00, 0x00, 0x53, 0x20, 0x00, 0x97, 0x54,
		0x00, 0x00, 0x00, 0x55, 0x00, 0x00, 0x00, 0x56, 0x60, 0x01, 0x13, 0x57,
		0x78, 0x01, 0xDF, 0x58, 0x00, 0x00, 0x00, 0x59, 0x00, 0x00, 0x00, 0x5A,
		0x00, 0x00, 0x00, 0x5B, 0xA0, 0x01, 0xC0, 0x1F, 0x5C, 0xD4, 0x00, 0xC0,
		0x1F, 0x5D, 0xD4, 0x00, 0xC0, 0x1F, 0x5E, 0xD4, 0x00, 0xC0, 0xF3, 0x06,
		0x5F, 0x00, 0x00, 0x00, 0x60, 0x00, 0x00, 0x00, 0x61, 0x00, 0x00, 0x00,
		0x62, 0x00, 0x00, 0x00, 0x63, 0x00, 0x00, 0x00, 0x64, 0x24, 0x00, 0x1F,
		0x65, 0x9C, 0x03, 0xFF, 0xFF, 0xFF, 0x8B, 0x1F, 0x66, 0xF0, 0x00, 0xC0,
		0x13, 0x67, 0xD4, 0x00, 0x13, 0x68, 0x18, 0x00, 0x93, 0x69, 0x00, 0x00,
		0x00, 0x6A, 0x00, 0x00, 0x00, 0x6B, 0x10, 0x00, 0x93, 0x6C, 0x00, 0x00,
		0x00, 0x6D, 0x00, 0x00, 0x00, 0x6E, 0x10, 0x00, 0x53, 0x6F, 0x00, 0x00,
		0x00, 0x70, 0xBC, 0x00, 0x13, 0x71, 0x14, 0x01, 0x13, 0x72, 0x1C, 0x00,
		0x93, 0x73, 0x00, 0x00, 0x00, 0x74, 0x00, 0x00, 0x00, 0x75, 0x10, 0x00,
		0x93, 0x76, 0x00, 0x00, 0x00, 0x77, 0x00, 0x00, 0x00, 0x78, 0x10, 0x00,
		0x53, 0x79, 0x00, 0x00, 0x00, 0x7A, 0x0C, 0x00, 0xD3, 0x7B, 0x00, 0x00,
		0x00, 0x7C, 0x00, 0x00, 0x00, 0x7D, 0x00, 0x00, 0x00, 0x7E, 0x14, 0x00,
		0x13, 0x7F, 0x5C, 0x00, 0x13, 0x10, 0x5C, 0x00, 0x53, 0x80, 0x00, 0x00,
		0x00, 0x81, 0x1C, 0x00, 0x17, 0x82, 0xD8, 0x08, 0x13, 0x83, 0x80, 0x01,
		0x1F, 0x84, 0x80, 0x01, 0x1C, 0x0F, 0x28, 0x01, 0x29, 0x04, 0x64, 0x09,
		0x5E, 0x85, 0x00, 0x00, 0x00, 0x86, 0xC4, 0x00, 0x01, 0x01, 0x00, 0x53,
		0x87, 0x00, 0x00, 0x00, 0x88, 0x0C, 0x00, 0x53, 0x89, 0x00, 0x00, 0x00,
		0x8A, 0x0C, 0x00, 0x13, 0x8B, 0xCC, 0x01, 0xD3, 0x8C, 0x00, 0x00, 0x00,
		0x8D, 0x00, 0x00, 0x00, 0x8E, 0x00, 0x00, 0x00, 0x8F, 0x1C, 0x00, 0x5E,
		0x90, 0x00, 0x00, 0x00, 0x91, 0x58, 0x02, 0x0F, 0xD8, 0x00, 0x56, 0x13,
		0x92, 0x10, 0x00, 0x57, 0x93, 0x00, 0x00, 0x00, 0x94, 0x64, 0x0A, 0x0F,
		0x88, 0x00, 0x5D, 0x13, 0x95, 0x10, 0x00, 0xAE, 0x96, 0x00, 0x00, 0x00,
		0x97, 0x00, 0x00, 0x00, 0x98, 0x00, 0x10, 0x00, 0x13, 0x99, 0x14, 0x00,
		0xF3, 0x12, 0x9A, 0x00, 0x00, 0x00, 0x9B, 0x00, 0x00, 0x00, 0x9C, 0x00,
		0x00, 0x00, 0x9D, 0x00, 0x00, 0x00, 0x9E, 0x00, 0x00, 0x00, 0x9F, 0x00,
		0x00, 0x00, 0xA0, 0x00, 0x00, 0x00, 0xA1, 0x00, 0x00, 0x00, 0xA2, 0x28,
		0x00, 0xFF, 0x2E, 0xA3, 0x00, 0x00, 0x00, 0xA4, 0x00, 0x00, 0x00, 0xA5,
		0x00, 0x00, 0x00, 0xA6, 0x00, 0x00, 0x00, 0xA7, 0x00, 0x00, 0x00, 0xA8,
		0x00, 0x00, 0x00, 0xA9, 0x00, 0x00, 0x00, 0xAA, 0x00, 0x00, 0x00, 0xAB,
		0x00, 0x00, 0x00, 0xAC, 0x00, 0x00, 0x00, 0xAD, 0x00, 0x00, 0x00, 0xAE,
		0x00, 0x00, 0x00, 0xAF, 0x00, 0x00, 0x00, 0xB0, 0x00, 0x00, 0x00, 0xB1,
		0x00, 0x00, 0x00, 0xB2, 0x94, 0x0C, 0xC4, 0x00, 0x14, 0x01, 0x13, 0xB3,
		0x18, 0x01, 0x04, 0x10, 0x01, 0x04, 0x20, 0x01, 0x0C, 0x14, 0x01, 0x17,
		0xB4, 0x10, 0x01, 0x1F, 0xAF, 0x14, 0x01, 0xC8, 0xFB, 0x02, 0xB5, 0x00,
		0x00, 0x00, 0xB6, 0x00, 0x00, 0x00, 0xB7, 0x00, 0x00, 0x00, 0xB8, 0x00,
		0x00, 0x00, 0xB9, 0x20, 0x01, 0x13, 0xBA, 0x34, 0x01, 0x08, 0x54, 0x0D,
		0x04, 0x24, 0x01, 0x17, 0xBB, 0x24, 0x01, 0x1F, 0xBC, 0x20, 0x01, 0xC0,
		0x0F, 0xF4, 0x01, 0xC1, 0x53, 0xBD, 0x00, 0x00, 0x00, 0xBE, 0xD8, 0x00,
		0x1F, 0xBF, 0x68, 0x0B, 0xFF, 0xFF, 0xFF, 0x83, 0x1F, 0xC0, 0xF0, 0x00,
		0xC0, 0x1F, 0xC1, 0xD4, 0x00, 0xC0, 0x1F, 0xC2, 0xD4, 0x00, 0xC0, 0x08,
		0x0C, 0x09, 0x0F, 0xEC, 0x08, 0xD5, 0x0F, 0xDC, 0x08, 0x09, 0x08, 0x08,
		0x09, 0x04, 0xE8, 0x08, 0x00, 0x10, 0x09, 0x1F, 0xC3, 0xF0, 0x08, 0xFF,
		0xFF, 0xFF, 0xFF, 0xFF, 0xFF, 0xFF, 0xFF, 0x9C, 0x02, 0x01, 0x00, 0x23,
		0x08, 0x40, 0x82, 0x16, 0x02, 0x08, 0x00, 0x23, 0x60, 0x88, 0x10, 0x00,
		0x23, 0x24, 0x40, 0x3A, 0x00, 0x03, 0x08, 0x00, 0x12, 0x4E, 0x08, 0x00,
		0x50, 0x80, 0x61, 0x40, 0x9A, 0x99, 0x01, 0x00, 0x22, 0xB9, 0x3F, 0x18,
		0x00, 0x13, 0xF4, 0x08, 0x00, 0x22, 0xE0, 0x3F, 0x20, 0x00, 0x14, 0x76,
		0x5F, 0x00, 0x03, 0x08, 0x00, 0x1F, 0x14, 0x30, 0x00, 0x0B, 0x3F, 0x40,
		0x7F, 0xC0, 0x20, 0x00, 0x0A, 0x2F, 0x88, 0xA3, 0x20, 0x00, 0x06, 0x0F,
		0x38, 0x00, 0x0A, 0xB4, 0x00, 0x10, 0x40, 0xC8, 0x95, 0x7A, 0x16, 0x84,
		0xF2, 0xCA, 0xBF, 0x28, 0x00, 0x11, 0x33, 0x01, 0x00, 0x13, 0xC3, 0xA8,
		0x00, 0x1F, 0x66, 0x98, 0x00, 0x06, 0x0F, 0x18, 0x00, 0x95, 0x02, 0x21,
		0x05, 0x2F, 0x60, 0x40, 0x08, 0x01, 0x0B, 0x2B, 0xD0, 0xBF, 0x10, 0x00,
		0x03, 0x08, 0x01, 0x13, 0xD3, 0x58, 0x00, 0x13, 0xC9, 0x08, 0x00, 0x27,
		0xA9, 0x3F, 0x73, 0x05, 0x07, 0xC0, 0x01, 0x2A, 0xE0, 0x3F, 0x28, 0x02,
		0x12, 0xD0, 0x10, 0x00, 0x32, 0x30, 0xA1, 0x40, 0x2E, 0x00, 0x23, 0x7C,
		0xC0, 0x28, 0x00, 0x03, 0x68, 0x00, 0x13, 0xF8, 0x98, 0x00, 0x2A, 0xA2,
		0x40, 0x38, 0x00, 0x06, 0x10, 0x02, 0x02, 0x08, 0x00, 0x95, 0x20, 0x40,
		0xFA, 0x7E, 0x6A, 0xBC, 0x74, 0x93, 0x48, 0x98, 0x00, 0x0A, 0xC8, 0x00,
		0x2A, 0xE0, 0x3F, 0x30, 0x00, 0x15, 0x10, 0x38, 0x00, 0x7F, 0x7B, 0x14,
		0xAE, 0x47, 0xE1, 0x7A, 0x54, 0x38, 0x00, 0x0C, 0x15, 0xD0, 0xD8, 0x00,
		0x0A, 0x20, 0x00, 0x06, 0x50, 0x00, 0x0E, 0x38, 0x00, 0x0E, 0x70, 0x01,
		0x0F, 0x10, 0x00, 0x31, 0x0F, 0xA8, 0x00, 0x0B, 0x1E, 0xE8, 0x18, 0x00,
		0x0F, 0x48, 0x00, 0x0A, 0x2F, 0x34, 0x40, 0xF0, 0x00, 0x1B, 0x1E, 0x10,
		0x88, 0x03, 0x0F, 0xF0, 0x00, 0xAC, 0xE0, 0x09, 0x06, 0x0B, 0x19, 0x0B,
		0x0B, 0x18, 0x09, 0x06, 0x18, 0x09, 0x06, 0x19, 0x05, 0x06, 0x00, 0xF1,
		0x1D, 0x09, 0x06, 0x06, 0x05, 0x0F, 0x0B, 0x0B, 0x0F, 0x05, 0x05, 0x06,
		0x05, 0x05, 0x05, 0x05, 0x11, 0x12, 0x05, 0x19, 0x05, 0x11, 0x10, 0x06,
		0x06, 0x06, 0x05, 0x05, 0x12, 0x0D, 0x06, 0x12, 0x11, 0x12, 0x11, 0x12,
		0x06, 0x11, 0x09, 0x08, 0x08, 0x19, 0x05, 0x19, 0x05, 0x2F, 0x00, 0xB5,
		0x11, 0x05, 0x06, 0x0D, 0x0B, 0x06, 0x09, 0x06, 0x12, 0x05, 0x06, 0x3D,
		0x00, 0x00, 0x24, 0x00, 0x00, 0x01, 0x00, 0x0F, 0x3D, 0x00, 0x09, 0x0F,
		0x2C, 0x00, 0x48, 0x1F, 0x12, 0x2C, 0x00, 0x15, 0x24, 0x06, 0x10, 0xBA,
		0x00, 0x90, 0x05, 0x10, 0x06, 0x09, 0x06, 0x05, 0x05, 0x06, 0x0B, 0x07,
		0x00, 0x20, 0x0B, 0x06, 0x0E, 0x01, 0x83, 0x19, 0x0B, 0x0B, 0x19, 0x05,
		0x0F, 0x19, 0x05, 0x55, 0x00, 0x1F, 0x11, 0x81, 0x00, 0x18, 0x0F, 0x2C,
		0x00, 0x6E, 0x21, 0x11, 0x12, 0x32, 0x00, 0x1F, 0x08, 0xC8, 0x00, 0xB7,
		0x0F, 0x01, 0x02, 0x1A, 0x01, 0xDC, 0x01, 0x70, 0x19, 0x0B, 0x19, 0x0B,
		0x06, 0x0B, 0x05, 0xA6, 0x02, 0x30, 0x05, 0x19, 0x05, 0xA8, 0x02, 0x60,
		0x12, 0x06, 0x19, 0x0B, 0x05, 0x05, 0x14, 0x00, 0x27, 0x05, 0x06, 0x86,
		0x00, 0x55, 0x12, 0x11, 0x05, 0x12, 0x11, 0x3F, 0x00, 0x20, 0x0B, 0x06,
		0x26, 0x00, 0x11, 0x06, 0x0D, 0x03, 0x12, 0x06, 0x36, 0x01, 0x08, 0xD8,
		0x02, 0x0B, 0xA0, 0x00, 0x14, 0x06, 0x6F, 0x02, 0x2B, 0x05, 0x05, 0x1B,
		0x00, 0x00, 0x82, 0x00, 0x04, 0x05, 0x00, 0x01, 0x5E, 0x03, 0x40, 0x0D,
		0x05, 0x06, 0x06, 0x8C, 0x00, 0x40, 0x06, 0x05, 0x11, 0x05, 0x96, 0x00,
		0x3F, 0x86, 0x01, 0x11, 0x31, 0x03, 0x07, 0x2E, 0x12, 0x05, 0xAD, 0x02,
		0x10, 0x05, 0xA7, 0x00, 0x02, 0x3A, 0x00, 0x2F, 0x06, 0x11, 0x3A, 0x00,
		0x1C, 0x82, 0x05, 0x0D, 0x05, 0x12, 0x11, 0x0E, 0x09, 0x06, 0x3E, 0x00,
		0x0E, 0x83, 0x01, 0x0F, 0x3D, 0x00, 0x07, 0x0F, 0x69, 0x00, 0x19, 0x1E,
		0x0D, 0x70, 0x02, 0x0F, 0x69, 0x00, 0x1A, 0x0F, 0x2C, 0x00, 0x6E, 0x0E,
		0x70, 0x02, 0x0F, 0x21, 0x01, 0x3B, 0x0F, 0xB6, 0x01, 0x1A, 0x0F, 0xE3,
		0x01, 0x1E, 0x03, 0xDF, 0x01, 0x00, 0x27, 0x02, 0x2F, 0x0E, 0x0D, 0xE4,
		0x01, 0xFF, 0xBF, 0x50, 0x05, 0x00, 0xDD, 0xEE, 0xFF
	};

	inline unsigned char explosionpurple[ 5214 ]
	{
		0x5E, 0x14, 0x00, 0x00, 0x0C, 0x00, 0x01, 0x00, 0x08, 0x00, 0x00, 0x00,
		0x03, 0x00, 0x00, 0x00, 0x52, 0x45, 0x52, 0x4C, 0x20, 0x00, 0x00, 0x00,
		0xF1, 0x00, 0x00, 0x00, 0x52, 0x45, 0x44, 0x32, 0x10, 0x01, 0x00, 0x00,
		0xD1, 0x02, 0x00, 0x00, 0x44, 0x41, 0x54, 0x41, 0xE4, 0x03, 0x00, 0x00,
		0x4E, 0x10, 0x00, 0x00, 0x0C, 0x00, 0x00, 0x00, 0x03, 0x00, 0x00, 0x00,
		0x00, 0x00, 0x00, 0x00, 0x98, 0x02, 0x26, 0x93, 0x87, 0x94, 0xAC, 0xDA,
		0x28, 0x00, 0x00, 0x00, 0x00, 0x00, 0x00, 0x00, 0x11, 0x02, 0x2E, 0xCC,
		0xC1, 0xBA, 0x52, 0x78, 0x60, 0x00, 0x00, 0x00, 0x00, 0x00, 0x00, 0x00,
		0x8E, 0x70, 0xD0, 0x56, 0xBE, 0x52, 0x95, 0xD5, 0x88, 0x00, 0x00, 0x00,
		0x00, 0x00, 0x00, 0x00, 0x6D, 0x61, 0x74, 0x65, 0x72, 0x69, 0x61, 0x6C,
		0x73, 0x2F, 0x70, 0x61, 0x72, 0x74, 0x69, 0x63, 0x6C, 0x65, 0x2F, 0x66,
		0x61, 0x6E, 0x63, 0x79, 0x5F, 0x66, 0x69, 0x72, 0x65, 0x5F, 0x70, 0x61,
		0x72, 0x74, 0x69, 0x63, 0x6C, 0x65, 0x5F, 0x30, 0x30, 0x32, 0x2F, 0x66,
		0x61, 0x6E, 0x63, 0x79, 0x5F, 0x66, 0x69, 0x72, 0x65, 0x5F, 0x70, 0x61,
		0x72, 0x74, 0x69, 0x63, 0x6C, 0x65, 0x5F, 0x30, 0x30, 0x32, 0x2E, 0x76,
		0x74, 0x65, 0x78, 0x00, 0x6D, 0x61, 0x74, 0x65, 0x72, 0x69, 0x61, 0x6C,
		0x73, 0x2F, 0x70, 0x61, 0x72, 0x74, 0x69, 0x63, 0x6C, 0x65, 0x2F, 0x66,
		0x69, 0x72, 0x65, 0x5F, 0x70, 0x61, 0x72, 0x74, 0x69, 0x63, 0x6C, 0x65,
		0x5F, 0x33, 0x2F, 0x66, 0x69, 0x72, 0x65, 0x5F, 0x70, 0x61, 0x72, 0x74,
		0x69, 0x63, 0x6C, 0x65, 0x5F, 0x33, 0x2E, 0x76, 0x74, 0x65, 0x78, 0x00,
		0x6D, 0x61, 0x74, 0x65, 0x72, 0x69, 0x61, 0x6C, 0x73, 0x2F, 0x70, 0x61,
		0x72, 0x74, 0x69, 0x63, 0x6C, 0x65, 0x2F, 0x70, 0x61, 0x72, 0x74, 0x69,
		0x63, 0x6C, 0x65, 0x5F, 0x66, 0x6C, 0x61, 0x72, 0x65, 0x73, 0x2F, 0x61,
		0x69, 0x72, 0x63, 0x72, 0x61, 0x66, 0x74, 0x5F, 0x68, 0x6F, 0x74, 0x2E,
		0x76, 0x74, 0x65, 0x78, 0x00, 0x00, 0x00, 0x00, 0x00, 0x00, 0x00, 0x00,
		0x00, 0x00, 0x00, 0x00, 0x05, 0x33, 0x56, 0x4B, 0x7C, 0x16, 0x12, 0x74,
		0xE9, 0x06, 0x98, 0x46, 0xAF, 0xF2, 0xE6, 0x3E, 0xB5, 0x90, 0x37, 0xE7,
		0x01, 0x00, 0x00, 0x00, 0x00, 0x00, 0x00, 0x40, 0x46, 0x02, 0x00, 0x00,
		0x01, 0x00, 0x00, 0x00, 0x00, 0x00, 0x00, 0x00, 0x21, 0x00, 0x00, 0x00,
		0x06, 0x00, 0x07, 0x00, 0x3D, 0x03, 0x00, 0x00, 0x59, 0x02, 0x00, 0x00,
		0x00, 0x00, 0x00, 0x00, 0x00, 0x00, 0x00, 0x00, 0x00, 0x00, 0x00, 0x00,
		0x00, 0x00, 0x00, 0x00, 0x4C, 0x02, 0x00, 0x00, 0xAA, 0x01, 0x00, 0x00,
		0xF1, 0x00, 0x00, 0x00, 0xAF, 0x00, 0x00, 0x00, 0x03, 0x00, 0x00, 0x00,
		0x00, 0x00, 0x00, 0x00, 0x2C, 0x00, 0x00, 0x00, 0x00, 0x00, 0x00, 0x00,
		0x1E, 0x00, 0x00, 0x00, 0x06, 0x00, 0x00, 0x00, 0x07, 0x00, 0x00, 0x00,
		0x08, 0x00, 0x00, 0x00, 0xF0, 0x57, 0x6D, 0x5F, 0x49, 0x6E, 0x70, 0x75,
		0x74, 0x44, 0x65, 0x70, 0x65, 0x6E, 0x64, 0x65, 0x6E, 0x63, 0x69, 0x65,
		0x73, 0x00, 0x6D, 0x5F, 0x52, 0x65, 0x6C, 0x61, 0x74, 0x69, 0x76, 0x65,
		0x46, 0x69, 0x6C, 0x65, 0x6E, 0x61, 0x6D, 0x65, 0x00, 0x65, 0x78, 0x70,
		0x6C, 0x6F, 0x73, 0x69, 0x6F, 0x6E, 0x5F, 0x68, 0x65, 0x67, 0x72, 0x65,
		0x6E, 0x61, 0x64, 0x65, 0x5F, 0x68, 0x2E, 0x76, 0x70, 0x63, 0x66, 0x00,
		0x6D, 0x5F, 0x53, 0x65, 0x61, 0x72, 0x63, 0x68, 0x50, 0x61, 0x74, 0x68,
		0x00, 0x63, 0x73, 0x67, 0x6F, 0x5F, 0x61, 0x64, 0x64, 0x6F, 0x6E, 0x73,
		0x2F, 0x73, 0x6F, 0x73, 0x69, 0x73, 0x6B, 0x61, 0x00, 0x6D, 0x5F, 0x6E,
		0x48, 0x00, 0xF0, 0x00, 0x43, 0x52, 0x43, 0x00, 0x6D, 0x5F, 0x62, 0x4F,
		0x70, 0x74, 0x69, 0x6F, 0x6E, 0x61, 0x6C, 0x0C, 0x00, 0x00, 0x17, 0x00,
		0x60, 0x45, 0x78, 0x69, 0x73, 0x74, 0x73, 0x0E, 0x00, 0x51, 0x49, 0x73,
		0x47, 0x61, 0x6D, 0x73, 0x00, 0x72, 0x00, 0x6D, 0x5F, 0x41, 0x64, 0x64,
		0x69, 0x29, 0x00, 0x0F, 0xA0, 0x00, 0x01, 0x7C, 0x41, 0x72, 0x67, 0x75,
		0x6D, 0x65, 0x6E, 0x17, 0x00, 0xA0, 0x50, 0x61, 0x72, 0x61, 0x6D, 0x65,
		0x74, 0x65, 0x72, 0x4E, 0xB4, 0x00, 0xB2, 0x5F, 0x5F, 0x5F, 0x4F, 0x76,
		0x65, 0x72, 0x72, 0x69, 0x64, 0x65, 0x44, 0x00, 0x68, 0x61, 0x74, 0x61,
		0x5F, 0x5F, 0x5F, 0x28, 0x00, 0xF2, 0x03, 0x54, 0x79, 0x70, 0x65, 0x00,
		0x42, 0x69, 0x6E, 0x61, 0x72, 0x79, 0x42, 0x6C, 0x6F, 0x62, 0x41, 0x72,
		0x67, 0xAE, 0x00, 0x9B, 0x6E, 0x67, 0x65, 0x72, 0x70, 0x72, 0x69, 0x6E,
		0x74, 0x0F, 0x00, 0x70, 0x44, 0x65, 0x66, 0x61, 0x75, 0x6C, 0x74, 0xF4,
		0x00, 0x6B, 0x70, 0x65, 0x63, 0x69, 0x61, 0x6C, 0x81, 0x00, 0xF0, 0x08,
		0x53, 0x74, 0x72, 0x69, 0x6E, 0x67, 0x00, 0x4B, 0x56, 0x33, 0x20, 0x43,
		0x6F, 0x6D, 0x70, 0x69, 0x6C, 0x65, 0x72, 0x20, 0x56, 0x65, 0x72, 0x39,
		0x01, 0x34, 0x00, 0x6D, 0x5F, 0x13, 0x00, 0xB3, 0x49, 0x64, 0x65, 0x6E,
		0x74, 0x69, 0x66, 0x69, 0x65, 0x72, 0x00, 0x13, 0x00, 0x61, 0x50, 0x61,
		0x72, 0x74, 0x69, 0x63, 0xF9, 0x00, 0x50, 0x6E, 0x55, 0x73, 0x65, 0x72,
		0xAB, 0x00, 0x14, 0x00, 0x15, 0x00, 0x0E, 0x4B, 0x00, 0x08, 0x1F, 0x01,
		0x01, 0xAB, 0x01, 0x20, 0x65, 0x64, 0x37, 0x01, 0x10, 0x73, 0x64, 0x00,
		0xF0, 0x00, 0x68, 0x69, 0x6C, 0x64, 0x52, 0x65, 0x73, 0x6F, 0x75, 0x72,
		0x63, 0x65, 0x4C, 0x69, 0x73, 0xAC, 0x00, 0xB5, 0x57, 0x65, 0x61, 0x6B,
		0x52, 0x65, 0x66, 0x65, 0x72, 0x65, 0x6E, 0x14, 0x00, 0x02, 0xB4, 0x01,
		0x45, 0x61, 0x62, 0x6C, 0x65, 0x70, 0x00, 0x29, 0x49, 0x73, 0x3D, 0x00,
		0x00, 0x25, 0x00, 0x75, 0x75, 0x62, 0x61, 0x73, 0x73, 0x65, 0x74, 0x3D,
		0x00, 0x16, 0x73, 0x15, 0x00, 0x00, 0x0C, 0x01, 0x21, 0x69, 0x6E, 0x85,
		0x00, 0x80, 0x73, 0x00, 0x00, 0x00, 0x1F, 0x00, 0x00, 0x00, 0x97, 0x0A,
		0x00, 0x00, 0x00, 0x06, 0x00, 0x00, 0x00, 0x04, 0x04, 0x00, 0x10, 0x01,
		0x04, 0x00, 0x43, 0x01, 0x02, 0x00, 0x00, 0x0C, 0x00, 0x00, 0x0A, 0x00,
		0x13, 0x03, 0x1C, 0x00, 0x80, 0x05, 0x00, 0x00, 0x00, 0xDF, 0x3B, 0x44,
		0xD4, 0x34, 0x00, 0xA2, 0x07, 0x00, 0x00, 0x00, 0x08, 0x00, 0x00, 0x00,
		0x09, 0x00, 0x01, 0x00, 0x00, 0x4C, 0x00, 0xF3, 0x1A, 0x0B, 0x00, 0x00,
		0x00, 0x0C, 0x00, 0x00, 0x00, 0x0D, 0x00, 0x00, 0x00, 0x0E, 0x00, 0x00,
		0x00, 0x0F, 0x00, 0x00, 0x00, 0x10, 0x00, 0x00, 0x00, 0x11, 0x00, 0x00,
		0x00, 0x12, 0x00, 0x00, 0x00, 0x13, 0x00, 0x00, 0x00, 0x14, 0x00, 0x00,
		0x00, 0x15, 0x1C, 0x00, 0x00, 0x5C, 0x00, 0x13, 0x16, 0x1C, 0x00, 0x1F,
		0x17, 0x1C, 0x00, 0x04, 0x13, 0x18, 0x60, 0x00, 0x13, 0x19, 0x08, 0x00,
		0x13, 0x1A, 0x08, 0x00, 0xD0, 0x1B, 0x00, 0x00, 0x00, 0x1C, 0x00, 0x00,
		0x00, 0x1D, 0x00, 0x00, 0x00, 0x1E, 0x88, 0x00, 0x90, 0x18, 0x09, 0x06,
		0x06, 0x0C, 0x0E, 0x0D, 0x0E, 0x08, 0x09, 0x00, 0x21, 0x0F, 0x0F, 0x0F,
		0x00, 0x10, 0x0F, 0x04, 0x00, 0xB0, 0x08, 0x08, 0x08, 0x09, 0x0F, 0x01,
		0x01, 0x00, 0xDD, 0xEE, 0xFF, 0x00, 0x00, 0x00, 0x00, 0x00, 0x00, 0x00,
		0x00, 0x00, 0x00, 0x00, 0x00, 0x00, 0x00, 0x00, 0x05, 0x33, 0x56, 0x4B,
		0x1D, 0xCE, 0xD3, 0x39, 0x42, 0x94, 0x07, 0x44, 0x9B, 0x78, 0x83, 0x17,
		0x14, 0x5B, 0x17, 0x32, 0x01, 0x00, 0x00, 0x00, 0x00, 0x00, 0x00, 0x40,
		0xC1, 0x0D, 0x00, 0x00, 0x1F, 0x00, 0x00, 0x00, 0x83, 0x01, 0x00, 0x00,
		0xAD, 0x07, 0x00, 0x00, 0x84, 0x00, 0x02, 0x01, 0xD9, 0x4D, 0x00, 0x00,
		0xD6, 0x0F, 0x00, 0x00, 0x00, 0x00, 0x00, 0x00, 0x00, 0x00, 0x00, 0x00,
		0x00, 0x00, 0x00, 0x00, 0x00, 0x00, 0x00, 0x00, 0x58, 0x1A, 0x00, 0x00,
		0x3A, 0x09, 0x00, 0x00, 0x81, 0x33, 0x00, 0x00, 0x9C, 0x06, 0x00, 0x00,
		0xB0, 0x00, 0x00, 0x00, 0x00, 0x00, 0x00, 0x00, 0x15, 0x09, 0x00, 0x00,
		0x97, 0x00, 0x00, 0x00, 0xF9, 0x06, 0x00, 0x00, 0x84, 0x00, 0x00, 0x00,
		0x5E, 0x00, 0x00, 0x00, 0x77, 0x00, 0x00, 0x00, 0xF2, 0x21, 0x5F, 0x63,
		0x6C, 0x61, 0x73, 0x73, 0x00, 0x43, 0x50, 0x61, 0x72, 0x74, 0x69, 0x63,
		0x6C, 0x65, 0x53, 0x79, 0x73, 0x74, 0x65, 0x6D, 0x44, 0x65, 0x66, 0x69,
		0x6E, 0x69, 0x74, 0x69, 0x6F, 0x6E, 0x00, 0x6D, 0x5F, 0x6E, 0x42, 0x65,
		0x68, 0x61, 0x76, 0x69, 0x6F, 0x72, 0x56, 0x65, 0x72, 0x73, 0x13, 0x00,
		0xD0, 0x43, 0x6F, 0x6E, 0x73, 0x74, 0x61, 0x6E, 0x74, 0x43, 0x6F, 0x6C,
		0x6F, 0x72, 0x23, 0x00, 0x34, 0x4D, 0x61, 0x78, 0x42, 0x00, 0xE0, 0x73,
		0x00, 0x6D, 0x5F, 0x63, 0x6F, 0x6E, 0x74, 0x72, 0x6F, 0x6C, 0x50, 0x6F,
		0x69, 0x24, 0x00, 0x70, 0x6E, 0x66, 0x69, 0x67, 0x75, 0x72, 0x61, 0x4F,
		0x00, 0x10, 0x73, 0x2D, 0x00, 0xF0, 0x05, 0x61, 0x6D, 0x65, 0x00, 0x70,
		0x72, 0x65, 0x76, 0x69, 0x65, 0x77, 0x00, 0x6D, 0x5F, 0x64, 0x72, 0x69,
		0x76, 0x65, 0x72, 0x19, 0x00, 0xF0, 0x26, 0x69, 0x41, 0x74, 0x74, 0x61,
		0x63, 0x68, 0x54, 0x79, 0x70, 0x65, 0x00, 0x50, 0x41, 0x54, 0x54, 0x41,
		0x43, 0x48, 0x5F, 0x57, 0x4F, 0x52, 0x4C, 0x44, 0x4F, 0x52, 0x49, 0x47,
		0x49, 0x4E, 0x00, 0x6D, 0x5F, 0x76, 0x65, 0x63, 0x4F, 0x66, 0x66, 0x73,
		0x65, 0x74, 0x00, 0x6D, 0x5F, 0x65, 0x6E, 0x74, 0x69, 0x74, 0x79, 0x4E,
		0x4D, 0x00, 0xC0, 0x73, 0x65, 0x6C, 0x66, 0x00, 0x6D, 0x5F, 0x45, 0x6D,
		0x69, 0x74, 0x74, 0x4B, 0x00, 0x62, 0x43, 0x5F, 0x4F, 0x50, 0x5F, 0x49,
		0xA3, 0x00, 0x63, 0x61, 0x6E, 0x65, 0x6F, 0x75, 0x73, 0x1B, 0x00, 0x00,
		0x7E, 0x00, 0x05, 0xA8, 0x00, 0x20, 0x54, 0x6F, 0x16, 0x00, 0x00, 0x13,
		0x00, 0x02, 0x72, 0x00, 0xF2, 0x0D, 0x46, 0x5F, 0x54, 0x59, 0x50, 0x45,
		0x5F, 0x50, 0x41, 0x52, 0x54, 0x49, 0x43, 0x4C, 0x45, 0x5F, 0x44, 0x45,
		0x54, 0x41, 0x49, 0x4C, 0x5F, 0x4C, 0x45, 0x56, 0x45, 0x4C, 0xE4, 0x00,
		0x14, 0x70, 0x29, 0x00, 0x32, 0x4D, 0x41, 0x50, 0x2D, 0x00, 0xF0, 0x08,
		0x44, 0x49, 0x52, 0x45, 0x43, 0x54, 0x00, 0x6D, 0x5F, 0x66, 0x6C, 0x4C,
		0x69, 0x74, 0x65, 0x72, 0x61, 0x6C, 0x56, 0x61, 0x6C, 0x75, 0x65, 0x2F,
		0x00, 0x17, 0x43, 0x04, 0x01, 0x00, 0x10, 0x00, 0xE1, 0x53, 0x63, 0x61,
		0x6C, 0x61, 0x72, 0x41, 0x74, 0x74, 0x72, 0x69, 0x62, 0x75, 0x74, 0x23,
		0x00, 0x5F, 0x56, 0x65, 0x63, 0x74, 0x6F, 0x13, 0x00, 0x01, 0x91, 0x43,
		0x6F, 0x6D, 0x70, 0x6F, 0x6E, 0x65, 0x6E, 0x74, 0x5A, 0x00, 0x98, 0x52,
		0x61, 0x6E, 0x64, 0x6F, 0x6D, 0x4D, 0x69, 0x6E, 0x0E, 0x00, 0x20, 0x61,
		0x78, 0x2F, 0x00, 0x03, 0x0D, 0x00, 0x21, 0x6F, 0x64, 0x97, 0x00, 0xF3,
		0x04, 0x52, 0x41, 0x4E, 0x44, 0x4F, 0x4D, 0x5F, 0x4D, 0x4F, 0x44, 0x45,
		0x5F, 0x43, 0x4F, 0x4E, 0x53, 0x54, 0x41, 0x4E, 0x9C, 0x00, 0x34, 0x4F,
		0x44, 0x30, 0x09, 0x00, 0x14, 0x31, 0x09, 0x00, 0x14, 0x32, 0x09, 0x00,
		0x11, 0x33, 0x09, 0x00, 0xB4, 0x4E, 0x6F, 0x69, 0x73, 0x65, 0x4F, 0x75,
		0x74, 0x70, 0x75, 0x74, 0x6B, 0x00, 0x08, 0x13, 0x00, 0x26, 0x61, 0x78,
		0x13, 0x00, 0x00, 0xCB, 0x00, 0x12, 0x65, 0x8F, 0x01, 0x02, 0x23, 0x00,
		0x01, 0x94, 0x01, 0x47, 0x52, 0x61, 0x74, 0x65, 0x37, 0x00, 0x04, 0xA8,
		0x01, 0x12, 0x6E, 0x0F, 0x00, 0x65, 0x63, 0x74, 0x61, 0x76, 0x65, 0x73,
		0x10, 0x00, 0x91, 0x54, 0x75, 0x72, 0x62, 0x75, 0x6C, 0x65, 0x6E, 0x63,
		0xB9, 0x00, 0xF6, 0x00, 0x4E, 0x4F, 0x49, 0x53, 0x45, 0x5F, 0x54, 0x55,
		0x52, 0x42, 0x5F, 0x4E, 0x4F, 0x4E, 0x45, 0x26, 0x00, 0x28, 0x79, 0x70,
		0x20, 0x00, 0x01, 0x9F, 0x01, 0x55, 0x45, 0x52, 0x4C, 0x49, 0x4E, 0x22,
		0x00, 0x85, 0x4D, 0x6F, 0x64, 0x69, 0x66, 0x69, 0x65, 0x72, 0x26, 0x00,
		0x00, 0xFE, 0x00, 0x54, 0x49, 0x46, 0x49, 0x45, 0x52, 0x4A, 0x00, 0x2B,
		0x66, 0x6C, 0x71, 0x00, 0x04, 0xBE, 0x00, 0x0D, 0x19, 0x00, 0x27, 0x4D,
		0x69, 0xE4, 0x00, 0x42, 0x49, 0x6D, 0x67, 0x50, 0xA4, 0x02, 0x04, 0x30,
		0x00, 0x1B, 0x62, 0x18, 0x00, 0x31, 0x4C, 0x69, 0x76, 0xB3, 0x01, 0x20,
		0x49, 0x6E, 0x20, 0x01, 0x03, 0x83, 0x01, 0x53, 0x49, 0x4E, 0x50, 0x55,
		0x54, 0x82, 0x01, 0x61, 0x4C, 0x41, 0x4D, 0x50, 0x45, 0x44, 0x53, 0x00,
		0x60, 0x4D, 0x75, 0x6C, 0x74, 0x46, 0x61, 0xDB, 0x01, 0x01, 0x0F, 0x00,
		0x01, 0x33, 0x00, 0x16, 0x30, 0x0B, 0x00, 0x02, 0x94, 0x01, 0x02, 0x6A,
		0x01, 0x17, 0x30, 0x0C, 0x00, 0x11, 0x31, 0x7F, 0x03, 0x34, 0x69, 0x61,
		0x73, 0x09, 0x01, 0x42, 0x42, 0x49, 0x41, 0x53, 0x08, 0x01, 0x00, 0xDD,
		0x01, 0x32, 0x44, 0x41, 0x52, 0x5F, 0x00, 0x00, 0x23, 0x00, 0x62, 0x50,
		0x61, 0x72, 0x61, 0x6D, 0x65, 0xE5, 0x02, 0x31, 0x43, 0x75, 0x72, 0x9C,
		0x00, 0x50, 0x73, 0x70, 0x6C, 0x69, 0x6E, 0x09, 0x00, 0x80, 0x74, 0x61,
		0x6E, 0x67, 0x65, 0x6E, 0x74, 0x73, 0xB5, 0x01, 0x98, 0x44, 0x6F, 0x6D,
		0x61, 0x69, 0x6E, 0x4D, 0x69, 0x6E, 0x0E, 0x00, 0x20, 0x61, 0x78, 0x0E,
		0x00, 0x10, 0x49, 0xF5, 0x03, 0x42, 0x61, 0x6C, 0x69, 0x7A, 0x46, 0x03,
		0x41, 0x49, 0x4E, 0x49, 0x54, 0x14, 0x00, 0x40, 0x46, 0x6C, 0x6F, 0x61,
		0xCC, 0x01, 0x01, 0xAD, 0x00, 0x02, 0xE2, 0x02, 0x04, 0x2F, 0x03, 0x03,
		0x74, 0x02, 0x70, 0x55, 0x4E, 0x49, 0x46, 0x4F, 0x52, 0x4D, 0x27, 0x01,
		0x32, 0x48, 0x61, 0x73, 0x97, 0x02, 0x80, 0x53, 0x69, 0x67, 0x6E, 0x46,
		0x6C, 0x69, 0x70, 0xC5, 0x00, 0x02, 0xD0, 0x00, 0x54, 0x46, 0x69, 0x65,
		0x6C, 0x64, 0x59, 0x00, 0x72, 0x52, 0x69, 0x6E, 0x67, 0x57, 0x61, 0x76,
		0x8B, 0x01, 0x03, 0x7A, 0x00, 0x65, 0x52, 0x61, 0x64, 0x69, 0x75, 0x73,
		0x5D, 0x00, 0x78, 0x4C, 0x49, 0x54, 0x45, 0x52, 0x41, 0x4C, 0x22, 0x00,
		0x54, 0x53, 0x70, 0x65, 0x65, 0x64, 0xA1, 0x02, 0x09, 0x14, 0x00, 0x03,
		0xA2, 0x02, 0x85, 0x54, 0x68, 0x69, 0x63, 0x6B, 0x6E, 0x65, 0x73, 0xC1,
		0x00, 0x03, 0x8D, 0x00, 0x31, 0x65, 0x71, 0x75, 0x6F, 0x02, 0x00, 0x8B,
		0x03, 0x03, 0x0C, 0x00, 0x02, 0x47, 0x00, 0x06, 0x0F, 0x00, 0x2C, 0x61,
		0x78, 0xD7, 0x00, 0x00, 0x70, 0x01, 0x2A, 0x45, 0x44, 0x7A, 0x01, 0xB7,
		0x45, 0x58, 0x50, 0x4F, 0x4E, 0x45, 0x4E, 0x54, 0x49, 0x41, 0x4C, 0x24,
		0x01, 0x00, 0x88, 0x00, 0x50, 0x56, 0x65, 0x6C, 0x6F, 0x63, 0x95, 0x04,
		0x00, 0x29, 0x02, 0x03, 0xAF, 0x04, 0x05, 0x51, 0x03, 0x4C, 0x50, 0x56,
		0x45, 0x43, 0xD6, 0x00, 0x1B, 0x76, 0x35, 0x04, 0x03, 0x0F, 0x00, 0x04,
		0x57, 0x05, 0x1B, 0x76, 0x21, 0x04, 0x05, 0x78, 0x03, 0x21, 0x43, 0x50,
		0x32, 0x00, 0x07, 0x10, 0x00, 0xB4, 0x52, 0x65, 0x6C, 0x61, 0x74, 0x69,
		0x76, 0x65, 0x50, 0x6F, 0x73, 0xB8, 0x05, 0x07, 0x16, 0x00, 0x20, 0x44,
		0x69, 0x4F, 0x00, 0x01, 0xC6, 0x01, 0x05, 0x5B, 0x04, 0x1D, 0x58, 0x12,
		0x00, 0x1D, 0x59, 0x12, 0x00, 0x14, 0x5A, 0x12, 0x00, 0x63, 0x49, 0x6E,
		0x74, 0x65, 0x72, 0x70, 0x74, 0x01, 0x00, 0x0B, 0x00, 0x09, 0xC2, 0x02,
		0x05, 0x11, 0x00, 0x10, 0x31, 0x77, 0x00, 0x02, 0x10, 0x00, 0x06, 0xCD,
		0x02, 0x09, 0x11, 0x00, 0x00, 0x22, 0x00, 0x52, 0x47, 0x72, 0x61, 0x64,
		0x69, 0xDD, 0x04, 0x59, 0x53, 0x74, 0x6F, 0x70, 0x73, 0x2A, 0x01, 0x0D,
		0x68, 0x04, 0xF1, 0x00, 0x4C, 0x6F, 0x63, 0x00, 0x6D, 0x5F, 0x54, 0x72,
		0x61, 0x6E, 0x73, 0x66, 0x6F, 0x72, 0x6D, 0x68, 0x00, 0x32, 0x00, 0x50,
		0x54, 0x4B, 0x01, 0x74, 0x49, 0x4E, 0x56, 0x41, 0x4C, 0x49, 0x44, 0x88,
		0x01, 0x04, 0xFE, 0x00, 0x42, 0x57, 0x61, 0x72, 0x70, 0x56, 0x00, 0x00,
		0x0A, 0x00, 0x02, 0xE7, 0x01, 0x04, 0x0D, 0x00, 0x2A, 0x61, 0x78, 0x19,
		0x02, 0x04, 0x6D, 0x01, 0x01, 0x08, 0x00, 0x02, 0x2B, 0x00, 0x02, 0x0B,
		0x00, 0x06, 0x29, 0x00, 0x31, 0x43, 0x72, 0x65, 0xBE, 0x06, 0x04, 0xD8,
		0x01, 0x11, 0x6E, 0xC8, 0x02, 0x02, 0xB1, 0x00, 0x07, 0xAE, 0x03, 0x02,
		0x3D, 0x00, 0x74, 0x4F, 0x70, 0x65, 0x72, 0x61, 0x74, 0x6F, 0x87, 0x06,
		0xA3, 0x42, 0x61, 0x73, 0x69, 0x63, 0x4D, 0x6F, 0x76, 0x65, 0x6D, 0xCF,
		0x05, 0x42, 0x44, 0x72, 0x61, 0x67, 0x05, 0x01, 0x44, 0x76, 0x69, 0x74,
		0x79, 0xAC, 0x06, 0x00, 0x22, 0x01, 0x53, 0x6F, 0x6C, 0x61, 0x74, 0x65,
		0x02, 0x03, 0x00, 0x56, 0x00, 0x36, 0x45, 0x6E, 0x64, 0xAC, 0x04, 0x00,
		0xE3, 0x03, 0x02, 0x2D, 0x00, 0x30, 0x46, 0x61, 0x64, 0x95, 0x05, 0x43,
		0x53, 0x69, 0x6D, 0x70, 0x1C, 0x00, 0x03, 0x12, 0x00, 0x42, 0x54, 0x69,
		0x6D, 0x65, 0x23, 0x00, 0x01, 0xC1, 0x00, 0x07, 0x55, 0x00, 0x04, 0xD4,
		0x00, 0x00, 0x29, 0x00, 0x05, 0x32, 0x00, 0x42, 0x53, 0x74, 0x61, 0x72,
		0x34, 0x00, 0x04, 0x12, 0x00, 0x36, 0x45, 0x6E, 0x64, 0x44, 0x00, 0x04,
		0xED, 0x00, 0x2A, 0x66, 0x6C, 0x9A, 0x01, 0x17, 0x34, 0x03, 0x06, 0x01,
		0x29, 0x00, 0x33, 0x53, 0x65, 0x74, 0x36, 0x02, 0x41, 0x6C, 0x6C, 0x65,
		0x63, 0x7D, 0x02, 0x04, 0x46, 0x03, 0xE9, 0x43, 0x4F, 0x4C, 0x4C, 0x45,
		0x43, 0x54, 0x49, 0x4F, 0x4E, 0x5F, 0x41, 0x47, 0x45, 0x3A, 0x07, 0x52,
		0x52, 0x45, 0x4D, 0x41, 0x50, 0x7E, 0x03, 0x85, 0x74, 0x4D, 0x65, 0x74,
		0x68, 0x6F, 0x64, 0x00, 0x7A, 0x07, 0x90, 0x53, 0x45, 0x54, 0x5F, 0x53,
		0x43, 0x41, 0x4C, 0x45, 0x7F, 0x01, 0x00, 0x68, 0x03, 0x62, 0x5F, 0x56,
		0x41, 0x4C, 0x55, 0x45, 0x6F, 0x00, 0x34, 0x4D, 0x61, 0x78, 0x68, 0x03,
		0x02, 0x5B, 0x05, 0x07, 0x10, 0x00, 0x01, 0x21, 0x00, 0x50, 0x44, 0x65,
		0x63, 0x61, 0x79, 0xB9, 0x02, 0x78, 0x6F, 0x72, 0x63, 0x65, 0x47, 0x65,
		0x6E, 0x8F, 0x01, 0x00, 0x1A, 0x05, 0x02, 0x5C, 0x02, 0x01, 0x1E, 0x00,
		0x05, 0x73, 0x00, 0x00, 0xC9, 0x07, 0x03, 0x40, 0x06, 0x47, 0x43, 0x55,
		0x52, 0x4C, 0xDC, 0x06, 0x47, 0x46, 0x72, 0x65, 0x71, 0x0F, 0x00, 0x07,
		0xFB, 0x06, 0x07, 0xF6, 0x06, 0x01, 0x5B, 0x00, 0x00, 0xA7, 0x03, 0x5B,
		0x61, 0x63, 0x74, 0x54, 0x6F, 0xFA, 0x07, 0x11, 0x66, 0x6B, 0x00, 0x43,
		0x41, 0x6D, 0x6F, 0x75, 0x0F, 0x00, 0xB2, 0x61, 0x6C, 0x6C, 0x6F, 0x66,
		0x66, 0x50, 0x6F, 0x77, 0x65, 0x72, 0x3A, 0x00, 0x34, 0x50, 0x65, 0x72,
		0x96, 0x08, 0x02, 0x97, 0x00, 0x01, 0x91, 0x01, 0x00, 0x0A, 0x00, 0x05,
		0x6F, 0x00, 0x02, 0x18, 0x00, 0x01, 0x2E, 0x00, 0x02, 0xB7, 0x02, 0x04,
		0x29, 0x00, 0x35, 0x4D, 0x69, 0x6E, 0x0B, 0x00, 0x24, 0x61, 0x78, 0x0B,
		0x00, 0x01, 0xA1, 0x09, 0x53, 0x72, 0x61, 0x69, 0x6E, 0x74, 0xF8, 0x00,
		0xA6, 0x57, 0x6F, 0x72, 0x6C, 0x64, 0x54, 0x72, 0x61, 0x63, 0x65, 0x1B,
		0x00, 0x02, 0xC7, 0x00, 0x25, 0x43, 0x70, 0xAB, 0x07, 0x61, 0x62, 0x4B,
		0x69, 0x6C, 0x6C, 0x6F, 0xBA, 0x08, 0x22, 0x61, 0x63, 0xDA, 0x02, 0x00,
		0xD5, 0x01, 0x10, 0x69, 0xF6, 0x09, 0x01, 0xC7, 0x09, 0x21, 0x72, 0x6D,
		0x08, 0x03, 0x01, 0x70, 0x05, 0x02, 0x54, 0x02, 0x02, 0x1D, 0x00, 0x51,
		0x47, 0x72, 0x6F, 0x75, 0x70, 0x8B, 0x09, 0x62, 0x44, 0x45, 0x42, 0x52,
		0x49, 0x53, 0x00, 0x09, 0x03, 0x1D, 0x00, 0x00, 0x1B, 0x07, 0x00, 0x1B,
		0x03, 0x00, 0x0D, 0x02, 0x20, 0x49, 0x53, 0x0C, 0x02, 0x00, 0x1F, 0x07,
		0x00, 0xC9, 0x07, 0xE0, 0x5F, 0x46, 0x52, 0x41, 0x4D, 0x45, 0x5F, 0x50,
		0x4C, 0x41, 0x4E, 0x45, 0x53, 0x45, 0xAB, 0x08, 0x65, 0x52, 0x65, 0x6E,
		0x64, 0x65, 0x72, 0xC4, 0x09, 0x02, 0x0F, 0x00, 0x62, 0x53, 0x70, 0x72,
		0x69, 0x74, 0x65, 0x14, 0x03, 0x32, 0x41, 0x6E, 0x69, 0x84, 0x00, 0x03,
		0x6E, 0x08, 0xB2, 0x6E, 0x46, 0x65, 0x61, 0x74, 0x68, 0x65, 0x72, 0x69,
		0x6E, 0x67, 0x83, 0x07, 0x06, 0xBE, 0x09, 0xF0, 0x05, 0x50, 0x54, 0x48,
		0x5F, 0x46, 0x45, 0x41, 0x54, 0x48, 0x45, 0x52, 0x49, 0x4E, 0x47, 0x5F,
		0x4F, 0x4E, 0x5F, 0x4F, 0x50, 0x8B, 0x02, 0x03, 0x50, 0x06, 0x96, 0x53,
		0x65, 0x6C, 0x66, 0x49, 0x6C, 0x6C, 0x75, 0x6D, 0x9A, 0x01, 0x87, 0x6C,
		0x44, 0x69, 0x66, 0x66, 0x75, 0x73, 0x65, 0x12, 0x00, 0x30, 0x41, 0x64,
		0x64, 0x29, 0x00, 0x07, 0x12, 0x00, 0x07, 0x71, 0x00, 0x62, 0x61, 0x78,
		0x44, 0x69, 0x73, 0x74, 0x86, 0x02, 0x53, 0x69, 0x6E, 0x53, 0x69, 0x7A,
		0x1A, 0x02, 0xA2, 0x54, 0x65, 0x78, 0x74, 0x75, 0x72, 0x65, 0x73, 0x49,
		0x6E, 0x21, 0x04, 0x13, 0x68, 0x11, 0x00, 0xC3, 0x00, 0x6D, 0x61, 0x74,
		0x65, 0x72, 0x69, 0x61, 0x6C, 0x73, 0x2F, 0x70, 0xF0, 0x01, 0xC4, 0x2F,
		0x66, 0x61, 0x6E, 0x63, 0x79, 0x5F, 0x66, 0x69, 0x72, 0x65, 0x5F, 0x14,
		0x00, 0x4F, 0x5F, 0x30, 0x30, 0x32, 0x18, 0x00, 0x05, 0x52, 0x2E, 0x76,
		0x74, 0x65, 0x78, 0xC0, 0x00, 0x92, 0x68, 0x61, 0x64, 0x6F, 0x77, 0x44,
		0x65, 0x6E, 0x73, 0x0A, 0x03, 0x03, 0x63, 0x07, 0x5A, 0x42, 0x6C, 0x65,
		0x6E, 0x64, 0x0B, 0x01, 0x30, 0x4F, 0x55, 0x54, 0x95, 0x08, 0x52, 0x42,
		0x4C, 0x45, 0x4E, 0x44, 0x7C, 0x01, 0x32, 0x41, 0x44, 0x44, 0xF0, 0x00,
		0x43, 0x65, 0x73, 0x61, 0x74, 0x9B, 0x0B, 0x03, 0x5D, 0x0A, 0x00, 0x7E,
		0x04, 0x03, 0x76, 0x02, 0x0E, 0xAD, 0x00, 0x05, 0x8A, 0x00, 0xF2, 0x04,
		0x66, 0x6C, 0x61, 0x72, 0x65, 0x73, 0x2F, 0x61, 0x69, 0x72, 0x63, 0x72,
		0x61, 0x66, 0x74, 0x5F, 0x68, 0x6F, 0x74, 0x9A, 0x00, 0x07, 0xB7, 0x01,
		0x52, 0x54, 0x72, 0x61, 0x69, 0x6C, 0xB6, 0x01, 0x05, 0x74, 0x02, 0x02,
		0x60, 0x00, 0x90, 0x54, 0x6F, 0x4C, 0x65, 0x6E, 0x67, 0x74, 0x68, 0x52,
		0x79, 0x00, 0x02, 0x86, 0x0A, 0x01, 0x10, 0x00, 0x00, 0x84, 0x04, 0x26,
		0x49, 0x6E, 0x93, 0x04, 0xA1, 0x6F, 0x72, 0x77, 0x61, 0x72, 0x64, 0x53,
		0x68, 0x69, 0x66, 0x9E, 0x02, 0x00, 0x4C, 0x08, 0xF0, 0x02, 0x55, 0x56,
		0x42, 0x61, 0x73, 0x65, 0x64, 0x4F, 0x6E, 0x50, 0x69, 0x74, 0x63, 0x68,
		0x59, 0x61, 0x77, 0x19, 0x00, 0xF1, 0x03, 0x47, 0x61, 0x6D, 0x6D, 0x61,
		0x43, 0x6F, 0x72, 0x72, 0x65, 0x63, 0x74, 0x56, 0x65, 0x72, 0x74, 0x65,
		0x78, 0xEE, 0x04, 0x1F, 0x73, 0x70, 0x01, 0x02, 0x09, 0x52, 0x01, 0x1C,
		0x33, 0x10, 0x00, 0x06, 0x60, 0x01, 0x95, 0x54, 0x61, 0x69, 0x6C, 0x41,
		0x6C, 0x70, 0x68, 0x61, 0x00, 0x0A, 0xF3, 0x08, 0x45, 0x6E, 0x61, 0x62,
		0x6C, 0x65, 0x46, 0x61, 0x64, 0x69, 0x6E, 0x67, 0x41, 0x6E, 0x64, 0x43,
		0x6C, 0x61, 0x6D, 0x70, 0x69, 0x6E, 0x67, 0xF4, 0x01, 0x22, 0x61, 0x69,
		0xB8, 0x07, 0x02, 0x2F, 0x00, 0x0D, 0xEE, 0x07, 0x00, 0x0C, 0x05, 0x22,
		0x4F, 0x52, 0xBA, 0x01, 0x00, 0x79, 0x05, 0x01, 0x82, 0x05, 0x02, 0x32,
		0x02, 0x01, 0xEA, 0x05, 0x09, 0x10, 0x00, 0x0A, 0x78, 0x00, 0x42, 0x4F,
		0x6E, 0x6C, 0x79, 0x53, 0x01, 0xF0, 0x00, 0x49, 0x6E, 0x45, 0x66, 0x66,
		0x65, 0x63, 0x74, 0x73, 0x42, 0x6C, 0x6F, 0x6F, 0x6D, 0x50, 0xBA, 0x0D,
		0xFF, 0x06, 0x00, 0x00, 0x00, 0xC4, 0x00, 0x00, 0x00, 0xFA, 0x00, 0x00,
		0x00, 0x69, 0x00, 0x00, 0x00, 0x48, 0x00, 0x00, 0x00, 0xFF, 0x00, 0x01,
		0x00, 0x0F, 0x13, 0x94, 0x08, 0x00, 0xEF, 0xD3, 0x00, 0x00, 0x00, 0x99,
		0x00, 0x00, 0x00, 0x32, 0x00, 0x00, 0x00, 0xCC, 0x00, 0x01, 0x00, 0x1F,
		0xFF, 0x0A, 0x44, 0xC2, 0xF7, 0xFE, 0x06, 0xAF, 0x51, 0xC0, 0x2F, 0x50,
		0x52, 0x60, 0x01, 0x86, 0x61, 0x40, 0xD5, 0xE8, 0xD5, 0x00, 0xA5, 0x69,
		0x24, 0x40, 0x00, 0x01, 0x00, 0xFF, 0x0A, 0x39, 0xC0, 0x62, 0xC0, 0x08,
		0x00, 0x23, 0x00, 0x59, 0x08, 0x00, 0x2F, 0xF0, 0x3F, 0x08, 0x00, 0x1B,
		0x0E, 0x01, 0x00, 0x0E, 0x20, 0x00, 0x0F, 0x01, 0x00, 0xF1, 0x0E, 0x40,
		0x01, 0x03, 0x80, 0x01, 0x19, 0x40, 0x08, 0x00, 0x3F, 0x40, 0x9F, 0x40,
		0x88, 0x01, 0xFF, 0x63, 0x0F, 0x50, 0x00, 0x27, 0x1B, 0xBF, 0x08, 0x00,
		0x1F, 0x3F, 0x18, 0x00, 0x0B, 0x0B, 0x01, 0x00, 0x3F, 0x40, 0x6F, 0xC0,
		0x62, 0x00, 0x0D, 0xA1, 0x5A, 0x64, 0x3B, 0xDF, 0x4F, 0x8D, 0x97, 0x3F,
		0x9A, 0x99, 0x01, 0x00, 0x82, 0x3F, 0x39, 0xB4, 0xC8, 0x76, 0xBE, 0x9F,
		0x8A, 0x50, 0x00, 0x39, 0x80, 0x46, 0x40, 0x08, 0x00, 0x32, 0x00, 0x14,
		0x40, 0x28, 0x00, 0x13, 0xE9, 0x70, 0x00, 0x13, 0x08, 0x10, 0x00, 0x1F,
		0x01, 0x10, 0x05, 0x44, 0x22, 0x69, 0xC0, 0xC8, 0x00, 0x1F, 0x5F, 0x08,
		0x00, 0x05, 0x1F, 0x40, 0x08, 0x00, 0x02, 0x0D, 0x90, 0x04, 0x1F, 0x72,
		0x08, 0x01, 0x04, 0x2F, 0x79, 0xC0, 0xD8, 0x02, 0xFE, 0x0F, 0x20, 0x04,
		0xFF, 0x9B, 0x0F, 0x01, 0x00, 0xFE, 0x0F, 0xD8, 0x02, 0xFF, 0xFF, 0x53,
		0x50, 0x00, 0x00, 0x00, 0x00, 0x00, 0x93, 0x0B, 0x00, 0x00, 0x00, 0x02,
		0x00, 0x00, 0x00, 0x03, 0x08, 0x00, 0x53, 0x24, 0x00, 0x00, 0x00, 0x04,
		0x10, 0x00, 0x13, 0x05, 0x14, 0x00, 0x13, 0x04, 0x0C, 0x00, 0x04, 0x1C,
		0x00, 0x0F, 0x08, 0x00, 0x05, 0x13, 0x03, 0x04, 0x00, 0x13, 0x06, 0x08,
		0x00, 0x17, 0x04, 0x58, 0x00, 0x00, 0x40, 0x00, 0x1F, 0x12, 0x44, 0x00,
		0x10, 0x1F, 0x01, 0x28, 0x00, 0x18, 0x08, 0x0C, 0x00, 0x1B, 0x03, 0x74,
		0x00, 0x1B, 0x03, 0xBC, 0x00, 0x13, 0x04, 0x58, 0x00, 0x08, 0x94, 0x00,
		0x13, 0x01, 0x1C, 0x00, 0x1B, 0x03, 0x1C, 0x00, 0x2E, 0x12, 0x00, 0xD0,
		0x00, 0x1B, 0x0C, 0x74, 0x00, 0x0C, 0x10, 0x00, 0x17, 0x15, 0x54, 0x00,
		0x0C, 0xAC, 0x00, 0x0F, 0xD0, 0x00, 0x1D, 0x0F, 0x08, 0x00, 0x05, 0x1F,
		0x16, 0x64, 0x00, 0x50, 0xC6, 0x04, 0x01, 0x01, 0x03, 0x01, 0x03, 0x02,
		0x02, 0x0B, 0x03, 0x02, 0x02, 0x03, 0x00, 0x20, 0x04, 0x03, 0x01, 0x00,
		0x08, 0x12, 0x00, 0x1F, 0x03, 0x14, 0x00, 0x02, 0x01, 0x05, 0x00, 0x21,
		0x03, 0x09, 0x09, 0x00, 0x11, 0x05, 0x10, 0x00, 0x02, 0x12, 0x00, 0x40,
		0x03, 0x01, 0x03, 0x04, 0x56, 0x00, 0x04, 0x04, 0x00, 0x03, 0x29, 0x00,
		0x0E, 0x40, 0x00, 0x06, 0x0E, 0x00, 0x0F, 0x27, 0x00, 0x14, 0x13, 0x00,
		0xD8, 0x00, 0x13, 0x02, 0x94, 0x01, 0x04, 0x04, 0x02, 0x22, 0x20, 0x03,
		0xDC, 0x01, 0x00, 0xBC, 0x01, 0xF3, 0x02, 0x07, 0x00, 0x00, 0x00, 0x08,
		0x00, 0x00, 0x00, 0x09, 0x00, 0x00, 0x00, 0x0A, 0x00, 0x00, 0x00, 0x0B,
		0x2C, 0x00, 0x62, 0x0D, 0x00, 0x00, 0x00, 0x0E, 0x00, 0x01, 0x00, 0x93,
		0x0F, 0x00, 0x00, 0x00, 0x10, 0x00, 0x00, 0x00, 0x11, 0x4C, 0x01, 0x53,
		0x13, 0x00, 0x00, 0x00, 0x14, 0xD8, 0x01, 0x00, 0x78, 0x01, 0x13, 0x17,
		0x5C, 0x00, 0x13, 0x18, 0x54, 0x00, 0xF0, 0x0A, 0x19, 0x00, 0x00, 0x00,
		0x1A, 0x00, 0x00, 0x00, 0x1B, 0x00, 0x00, 0x00, 0x1C, 0x00, 0x00, 0x00,
		0x1D, 0x00, 0x00, 0x00, 0x1E, 0x00, 0x00, 0x00, 0x1F, 0x7C, 0x00, 0xC3,
		0x00, 0x00, 0x00, 0x21, 0x00, 0x00, 0x00, 0x22, 0x00, 0x00, 0x00, 0x23,
		0x5C, 0x01, 0xF3, 0x52, 0x25, 0x00, 0x00, 0x00, 0x26, 0x00, 0x00, 0x00,
		0x27, 0x00, 0x00, 0x00, 0x28, 0x00, 0x00, 0x00, 0x29, 0x00, 0x00, 0x00,
		0x2A, 0x00, 0x00, 0x00, 0x2B, 0x00, 0x00, 0x00, 0x2C, 0x00, 0x00, 0x00,
		0x2D, 0x00, 0x00, 0x00, 0x2E, 0x00, 0x00, 0x00, 0x2F, 0x00, 0x00, 0x00,
		0x30, 0x00, 0x00, 0x00, 0x31, 0x00, 0x00, 0x00, 0x32, 0x00, 0x00, 0x00,
		0x33, 0x00, 0x00, 0x00, 0x34, 0x00, 0x00, 0x00, 0x35, 0x00, 0x00, 0x00,
		0x36, 0x00, 0x00, 0x00, 0x37, 0x00, 0x00, 0x00, 0x38, 0x00, 0x00, 0x00,
		0x39, 0x00, 0x00, 0x00, 0x3A, 0x00, 0x00, 0x00, 0x3B, 0x00, 0x00, 0x00,
		0x3C, 0x00, 0x00, 0x00, 0x3D, 0xC8, 0x00, 0x13, 0x3E, 0x08, 0x00, 0x93,
		0x3F, 0x00, 0x00, 0x00, 0x40, 0x00, 0x00, 0x00, 0x41, 0x10, 0x00, 0x53,
		0x42, 0x00, 0x00, 0x00, 0x43, 0xE0, 0x00, 0x2E, 0x44, 0x00, 0xBC, 0x00,
		0x53, 0x45, 0x00, 0x00, 0x00, 0x46, 0x3C, 0x01, 0x0F, 0x30, 0x00, 0x11,
		0x00, 0x01, 0x00, 0x53, 0x47, 0x00, 0x00, 0x00, 0x48, 0x24, 0x00, 0x1F,
		0x49, 0x34, 0x01, 0xB8, 0x1F, 0x4A, 0xD4, 0x00, 0xC0, 0x1F, 0x4B, 0xD4,
		0x00, 0xC0, 0x1F, 0x4C, 0xD4, 0x00, 0xC0, 0x00, 0x01, 0x00, 0x93, 0x4D,
		0x00, 0x00, 0x00, 0x4E, 0x00, 0x00, 0x00, 0x4F, 0xB4, 0x04, 0x0C, 0x90,
		0x03, 0x1E, 0x50, 0xCC, 0x00, 0x01, 0x60, 0x00, 0x13, 0x51, 0x60, 0x00,
		0x1F, 0x46, 0xC4, 0x03, 0x14, 0x13, 0x46, 0x10, 0x05, 0x0C, 0x2C, 0x00,
		0x13, 0x49, 0x48, 0x01, 0x13, 0x46, 0x54, 0x01, 0x00, 0x01, 0x00, 0x53,
		0x52, 0x00, 0x00, 0x00, 0x53, 0x20, 0x00, 0x97, 0x54, 0x00, 0x00, 0x00,
		0x55, 0x00, 0x00, 0x00, 0x56, 0x60, 0x01, 0x13, 0x57, 0x78, 0x01, 0xDF,
		0x58, 0x00, 0x00, 0x00, 0x59, 0x00, 0x00, 0x00, 0x5A, 0x00, 0x00, 0x00,
		0x5B, 0xA0, 0x01, 0xC0, 0x1F, 0x5C, 0xD4, 0x00, 0xC0, 0x1F, 0x5D, 0xD4,
		0x00, 0xC0, 0x1F, 0x5E, 0xD4, 0x00, 0xC0, 0xF3, 0x06, 0x5F, 0x00, 0x00,
		0x00, 0x60, 0x00, 0x00, 0x00, 0x61, 0x00, 0x00, 0x00, 0x62, 0x00, 0x00,
		0x00, 0x63, 0x00, 0x00, 0x00, 0x64, 0x24, 0x00, 0x1F, 0x65, 0x9C, 0x03,
		0xFF, 0xFF, 0xFF, 0x8B, 0x1F, 0x66, 0xF0, 0x00, 0xC0, 0x13, 0x67, 0xD4,
		0x00, 0x13, 0x68, 0x18, 0x00, 0x93, 0x69, 0x00, 0x00, 0x00, 0x6A, 0x00,
		0x00, 0x00, 0x6B, 0x10, 0x00, 0x93, 0x6C, 0x00, 0x00, 0x00, 0x6D, 0x00,
		0x00, 0x00, 0x6E, 0x10, 0x00, 0x53, 0x6F, 0x00, 0x00, 0x00, 0x70, 0xBC,
		0x00, 0x13, 0x71, 0x14, 0x01, 0x13, 0x72, 0x1C, 0x00, 0x93, 0x73, 0x00,
		0x00, 0x00, 0x74, 0x00, 0x00, 0x00, 0x75, 0x10, 0x00, 0x93, 0x76, 0x00,
		0x00, 0x00, 0x77, 0x00, 0x00, 0x00, 0x78, 0x10, 0x00, 0x53, 0x79, 0x00,
		0x00, 0x00, 0x7A, 0x0C, 0x00, 0xD3, 0x7B, 0x00, 0x00, 0x00, 0x7C, 0x00,
		0x00, 0x00, 0x7D, 0x00, 0x00, 0x00, 0x7E, 0x14, 0x00, 0x13, 0x7F, 0x5C,
		0x00, 0x13, 0x10, 0x5C, 0x00, 0x53, 0x80, 0x00, 0x00, 0x00, 0x81, 0x1C,
		0x00, 0x17, 0x82, 0xD8, 0x08, 0x13, 0x83, 0x80, 0x01, 0x1F, 0x84, 0x80,
		0x01, 0x1C, 0x0F, 0x28, 0x01, 0x29, 0x04, 0x64, 0x09, 0x5E, 0x85, 0x00,
		0x00, 0x00, 0x86, 0xC4, 0x00, 0x01, 0x01, 0x00, 0x53, 0x87, 0x00, 0x00,
		0x00, 0x88, 0x0C, 0x00, 0x53, 0x89, 0x00, 0x00, 0x00, 0x8A, 0x0C, 0x00,
		0x13, 0x8B, 0xCC, 0x01, 0xD3, 0x8C, 0x00, 0x00, 0x00, 0x8D, 0x00, 0x00,
		0x00, 0x8E, 0x00, 0x00, 0x00, 0x8F, 0x1C, 0x00, 0x5E, 0x90, 0x00, 0x00,
		0x00, 0x91, 0x58, 0x02, 0x0F, 0xD8, 0x00, 0x56, 0x13, 0x92, 0x10, 0x00,
		0x57, 0x93, 0x00, 0x00, 0x00, 0x94, 0x64, 0x0A, 0x0F, 0x88, 0x00, 0x5D,
		0x13, 0x95, 0x10, 0x00, 0xAE, 0x96, 0x00, 0x00, 0x00, 0x97, 0x00, 0x00,
		0x00, 0x98, 0x00, 0x10, 0x00, 0x13, 0x99, 0x14, 0x00, 0xF3, 0x12, 0x9A,
		0x00, 0x00, 0x00, 0x9B, 0x00, 0x00, 0x00, 0x9C, 0x00, 0x00, 0x00, 0x9D,
		0x00, 0x00, 0x00, 0x9E, 0x00, 0x00, 0x00, 0x9F, 0x00, 0x00, 0x00, 0xA0,
		0x00, 0x00, 0x00, 0xA1, 0x00, 0x00, 0x00, 0xA2, 0x28, 0x00, 0xFF, 0x2E,
		0xA3, 0x00, 0x00, 0x00, 0xA4, 0x00, 0x00, 0x00, 0xA5, 0x00, 0x00, 0x00,
		0xA6, 0x00, 0x00, 0x00, 0xA7, 0x00, 0x00, 0x00, 0xA8, 0x00, 0x00, 0x00,
		0xA9, 0x00, 0x00, 0x00, 0xAA, 0x00, 0x00, 0x00, 0xAB, 0x00, 0x00, 0x00,
		0xAC, 0x00, 0x00, 0x00, 0xAD, 0x00, 0x00, 0x00, 0xAE, 0x00, 0x00, 0x00,
		0xAF, 0x00, 0x00, 0x00, 0xB0, 0x00, 0x00, 0x00, 0xB1, 0x00, 0x00, 0x00,
		0xB2, 0x94, 0x0C, 0xC4, 0x00, 0x14, 0x01, 0x13, 0xB3, 0x18, 0x01, 0x04,
		0x10, 0x01, 0x04, 0x20, 0x01, 0x0C, 0x14, 0x01, 0x17, 0xB4, 0x10, 0x01,
		0x1F, 0xAF, 0x14, 0x01, 0xC8, 0xFB, 0x02, 0xB5, 0x00, 0x00, 0x00, 0xB6,
		0x00, 0x00, 0x00, 0xB7, 0x00, 0x00, 0x00, 0xB8, 0x00, 0x00, 0x00, 0xB9,
		0x20, 0x01, 0x13, 0xBA, 0x34, 0x01, 0x08, 0x54, 0x0D, 0x04, 0x24, 0x01,
		0x17, 0xBB, 0x24, 0x01, 0x1F, 0xBC, 0x20, 0x01, 0xC0, 0x0F, 0xF4, 0x01,
		0xC1, 0x53, 0xBD, 0x00, 0x00, 0x00, 0xBE, 0xD8, 0x00, 0x1F, 0xBF, 0x68,
		0x0B, 0xFF, 0xFF, 0xFF, 0x83, 0x1F, 0xC0, 0xF0, 0x00, 0xC0, 0x1F, 0xC1,
		0xD4, 0x00, 0xC0, 0x1F, 0xC2, 0xD4, 0x00, 0xC0, 0x08, 0x0C, 0x09, 0x0F,
		0xEC, 0x08, 0xD5, 0x0F, 0xDC, 0x08, 0x09, 0x08, 0x08, 0x09, 0x04, 0xE8,
		0x08, 0x00, 0x10, 0x09, 0x1F, 0xC3, 0xF0, 0x08, 0xFF, 0xFF, 0xFF, 0xFF,
		0xFF, 0xFF, 0xFF, 0xFF, 0x9C, 0x02, 0x01, 0x00, 0x23, 0x08, 0x40, 0x82,
		0x16, 0x02, 0x08, 0x00, 0x23, 0x60, 0x88, 0x10, 0x00, 0x23, 0x24, 0x40,
		0x3A, 0x00, 0x03, 0x08, 0x00, 0x12, 0x4E, 0x08, 0x00, 0x50, 0x80, 0x61,
		0x40, 0x9A, 0x99, 0x01, 0x00, 0x22, 0xB9, 0x3F, 0x18, 0x00, 0x13, 0xF4,
		0x08, 0x00, 0x22, 0xE0, 0x3F, 0x20, 0x00, 0x14, 0x76, 0x5F, 0x00, 0x03,
		0x08, 0x00, 0x1F, 0x14, 0x30, 0x00, 0x0B, 0x3F, 0x40, 0x7F, 0xC0, 0x20,
		0x00, 0x0A, 0x2F, 0x88, 0xA3, 0x20, 0x00, 0x06, 0x0F, 0x38, 0x00, 0x0A,
		0xB4, 0x00, 0x10, 0x40, 0xC8, 0x95, 0x7A, 0x16, 0x84, 0xF2, 0xCA, 0xBF,
		0x28, 0x00, 0x11, 0x33, 0x01, 0x00, 0x13, 0xC3, 0xA8, 0x00, 0x1F, 0x66,
		0x98, 0x00, 0x06, 0x0F, 0x18, 0x00, 0x95, 0x02, 0x21, 0x05, 0x2F, 0x60,
		0x40, 0x08, 0x01, 0x0B, 0x2B, 0xD0, 0xBF, 0x10, 0x00, 0x03, 0x08, 0x01,
		0x13, 0xD3, 0x58, 0x00, 0x13, 0xC9, 0x08, 0x00, 0x27, 0xA9, 0x3F, 0x73,
		0x05, 0x07, 0xC0, 0x01, 0x2A, 0xE0, 0x3F, 0x28, 0x02, 0x12, 0xD0, 0x10,
		0x00, 0x32, 0x30, 0xA1, 0x40, 0x2E, 0x00, 0x23, 0x7C, 0xC0, 0x28, 0x00,
		0x03, 0x68, 0x00, 0x13, 0xF8, 0x98, 0x00, 0x2A, 0xA2, 0x40, 0x38, 0x00,
		0x06, 0x10, 0x02, 0x02, 0x08, 0x00, 0x95, 0x20, 0x40, 0xFA, 0x7E, 0x6A,
		0xBC, 0x74, 0x93, 0x48, 0x98, 0x00, 0x0A, 0xC8, 0x00, 0x2A, 0xE0, 0x3F,
		0x30, 0x00, 0x15, 0x10, 0x38, 0x00, 0x7F, 0x7B, 0x14, 0xAE, 0x47, 0xE1,
		0x7A, 0x54, 0x38, 0x00, 0x0C, 0x15, 0xD0, 0xD8, 0x00, 0x0A, 0x20, 0x00,
		0x06, 0x50, 0x00, 0x0E, 0x38, 0x00, 0x0E, 0x70, 0x01, 0x0F, 0x10, 0x00,
		0x31, 0x0F, 0xA8, 0x00, 0x0B, 0x1E, 0xE8, 0x18, 0x00, 0x0F, 0x48, 0x00,
		0x0A, 0x2F, 0x34, 0x40, 0xF0, 0x00, 0x1B, 0x1E, 0x10, 0x88, 0x03, 0x0F,
		0xF0, 0x00, 0xAC, 0xE0, 0x09, 0x06, 0x0B, 0x19, 0x0B, 0x0B, 0x18, 0x09,
		0x06, 0x18, 0x09, 0x06, 0x19, 0x05, 0x06, 0x00, 0xF1, 0x1D, 0x09, 0x06,
		0x06, 0x05, 0x0F, 0x0B, 0x0B, 0x0F, 0x05, 0x05, 0x06, 0x05, 0x05, 0x05,
		0x05, 0x11, 0x12, 0x05, 0x19, 0x05, 0x11, 0x10, 0x06, 0x06, 0x06, 0x05,
		0x05, 0x12, 0x0D, 0x06, 0x12, 0x11, 0x12, 0x11, 0x12, 0x06, 0x11, 0x09,
		0x08, 0x08, 0x19, 0x05, 0x19, 0x05, 0x2F, 0x00, 0xB5, 0x11, 0x05, 0x06,
		0x0D, 0x0B, 0x06, 0x09, 0x06, 0x12, 0x05, 0x06, 0x3D, 0x00, 0x00, 0x24,
		0x00, 0x00, 0x01, 0x00, 0x0F, 0x3D, 0x00, 0x09, 0x0F, 0x2C, 0x00, 0x48,
		0x1F, 0x12, 0x2C, 0x00, 0x15, 0x24, 0x06, 0x10, 0xBA, 0x00, 0x90, 0x05,
		0x10, 0x06, 0x09, 0x06, 0x05, 0x05, 0x06, 0x0B, 0x07, 0x00, 0x20, 0x0B,
		0x06, 0x0E, 0x01, 0x83, 0x19, 0x0B, 0x0B, 0x19, 0x05, 0x0F, 0x19, 0x05,
		0x55, 0x00, 0x1F, 0x11, 0x81, 0x00, 0x18, 0x0F, 0x2C, 0x00, 0x6E, 0x21,
		0x11, 0x12, 0x32, 0x00, 0x1F, 0x08, 0xC8, 0x00, 0xB7, 0x0F, 0x01, 0x02,
		0x1A, 0x01, 0xDC, 0x01, 0x70, 0x19, 0x0B, 0x19, 0x0B, 0x06, 0x0B, 0x05,
		0xA6, 0x02, 0x30, 0x05, 0x19, 0x05, 0xA8, 0x02, 0x60, 0x12, 0x06, 0x19,
		0x0B, 0x05, 0x05, 0x14, 0x00, 0x27, 0x05, 0x06, 0x86, 0x00, 0x55, 0x12,
		0x11, 0x05, 0x12, 0x11, 0x3F, 0x00, 0x20, 0x0B, 0x06, 0x26, 0x00, 0x11,
		0x06, 0x0D, 0x03, 0x12, 0x06, 0x36, 0x01, 0x08, 0xD8, 0x02, 0x0B, 0xA0,
		0x00, 0x14, 0x06, 0x6F, 0x02, 0x2B, 0x05, 0x05, 0x1B, 0x00, 0x00, 0x82,
		0x00, 0x04, 0x05, 0x00, 0x01, 0x5E, 0x03, 0x40, 0x0D, 0x05, 0x06, 0x06,
		0x8C, 0x00, 0x40, 0x06, 0x05, 0x11, 0x05, 0x96, 0x00, 0x3F, 0x86, 0x01,
		0x11, 0x31, 0x03, 0x07, 0x2E, 0x12, 0x05, 0xAD, 0x02, 0x10, 0x05, 0xA7,
		0x00, 0x02, 0x3A, 0x00, 0x2F, 0x06, 0x11, 0x3A, 0x00, 0x1C, 0x82, 0x05,
		0x0D, 0x05, 0x12, 0x11, 0x0E, 0x09, 0x06, 0x3E, 0x00, 0x0E, 0x83, 0x01,
		0x0F, 0x3D, 0x00, 0x07, 0x0F, 0x69, 0x00, 0x19, 0x1E, 0x0D, 0x70, 0x02,
		0x0F, 0x69, 0x00, 0x1A, 0x0F, 0x2C, 0x00, 0x6E, 0x0E, 0x70, 0x02, 0x0F,
		0x21, 0x01, 0x3B, 0x0F, 0xB6, 0x01, 0x1A, 0x0F, 0xE3, 0x01, 0x1E, 0x03,
		0xDF, 0x01, 0x00, 0x27, 0x02, 0x2F, 0x0E, 0x0D, 0xE4, 0x01, 0xFF, 0xBF,
		0x50, 0x05, 0x00, 0xDD, 0xEE, 0xFF
	};

	inline unsigned char falling_ember1[ 4965 ]
	{
		0x65, 0x13, 0x00, 0x00, 0x0C, 0x00, 0x01, 0x00, 0x08, 0x00, 0x00, 0x00,
		0x03, 0x00, 0x00, 0x00, 0x52, 0x45, 0x52, 0x4C, 0x20, 0x00, 0x00, 0x00,
		0x7D, 0x00, 0x00, 0x00, 0x52, 0x45, 0x44, 0x32, 0xA0, 0x00, 0x00, 0x00,
		0xC9, 0x02, 0x00, 0x00, 0x44, 0x41, 0x54, 0x41, 0x64, 0x03, 0x00, 0x00,
		0xD5, 0x0F, 0x00, 0x00, 0x0C, 0x00, 0x00, 0x00, 0x02, 0x00, 0x00, 0x00,
		0x00, 0x00, 0x00, 0x00, 0xD3, 0x0F, 0xD3, 0xA6, 0x8D, 0x05, 0xC9, 0xF9,
		0x18, 0x00, 0x00, 0x00, 0x00, 0x00, 0x00, 0x00, 0x41, 0x77, 0x42, 0xA1,
		0x86, 0xA2, 0x51, 0xD1, 0x2E, 0x00, 0x00, 0x00, 0x00, 0x00, 0x00, 0x00,
		0x6D, 0x61, 0x74, 0x65, 0x72, 0x69, 0x61, 0x6C, 0x73, 0x2F, 0x70, 0x61,
		0x72, 0x74, 0x69, 0x63, 0x6C, 0x65, 0x2F, 0x69, 0x6D, 0x70, 0x61, 0x63,
		0x74, 0x2F, 0x66, 0x6C, 0x65, 0x6B, 0x73, 0x33, 0x2E, 0x76, 0x74, 0x65,
		0x78, 0x00, 0x6D, 0x61, 0x74, 0x65, 0x72, 0x69, 0x61, 0x6C, 0x73, 0x2F,
		0x70, 0x61, 0x72, 0x74, 0x69, 0x63, 0x6C, 0x65, 0x2F, 0x69, 0x6D, 0x70,
		0x61, 0x63, 0x74, 0x2F, 0x66, 0x6C, 0x65, 0x6B, 0x73, 0x5F, 0x65, 0x6D,
		0x62, 0x65, 0x72, 0x2E, 0x76, 0x74, 0x65, 0x78, 0x00, 0x00, 0x00, 0x00,
		0x00, 0x00, 0x00, 0x00, 0x00, 0x00, 0x00, 0x00, 0x00, 0x00, 0x00, 0x00,
		0x05, 0x33, 0x56, 0x4B, 0x7C, 0x16, 0x12, 0x74, 0xE9, 0x06, 0x98, 0x46,
		0xAF, 0xF2, 0xE6, 0x3E, 0xB5, 0x90, 0x37, 0xE7, 0x01, 0x00, 0x00, 0x00,
		0x00, 0x00, 0x00, 0x40, 0x3D, 0x02, 0x00, 0x00, 0x01, 0x00, 0x00, 0x00,
		0x00, 0x00, 0x00, 0x00, 0x21, 0x00, 0x00, 0x00, 0x06, 0x00, 0x07, 0x00,
		0x35, 0x03, 0x00, 0x00, 0x51, 0x02, 0x00, 0x00, 0x00, 0x00, 0x00, 0x00,
		0x00, 0x00, 0x00, 0x00, 0x00, 0x00, 0x00, 0x00, 0x00, 0x00, 0x00, 0x00,
		0x44, 0x02, 0x00, 0x00, 0xA2, 0x01, 0x00, 0x00, 0xF1, 0x00, 0x00, 0x00,
		0xAF, 0x00, 0x00, 0x00, 0x03, 0x00, 0x00, 0x00, 0x00, 0x00, 0x00, 0x00,
		0x2C, 0x00, 0x00, 0x00, 0x00, 0x00, 0x00, 0x00, 0x1E, 0x00, 0x00, 0x00,
		0x06, 0x00, 0x00, 0x00, 0x07, 0x00, 0x00, 0x00, 0x08, 0x00, 0x00, 0x00,
		0xF0, 0x49, 0x6D, 0x5F, 0x49, 0x6E, 0x70, 0x75, 0x74, 0x44, 0x65, 0x70,
		0x65, 0x6E, 0x64, 0x65, 0x6E, 0x63, 0x69, 0x65, 0x73, 0x00, 0x6D, 0x5F,
		0x52, 0x65, 0x6C, 0x61, 0x74, 0x69, 0x76, 0x65, 0x46, 0x69, 0x6C, 0x65,
		0x6E, 0x61, 0x6D, 0x65, 0x00, 0x66, 0x61, 0x6C, 0x6C, 0x69, 0x6E, 0x67,
		0x5F, 0x65, 0x6D, 0x62, 0x65, 0x72, 0x31, 0x2E, 0x76, 0x70, 0x63, 0x66,
		0x00, 0x6D, 0x5F, 0x53, 0x65, 0x61, 0x72, 0x63, 0x68, 0x50, 0x61, 0x74,
		0x68, 0x00, 0x63, 0x73, 0x67, 0x6F, 0x5F, 0x61, 0x64, 0x64, 0x6F, 0x6E,
		0x73, 0x2F, 0x70, 0x65, 0x6E, 0x69, 0x46, 0x00, 0x10, 0x6E, 0x3F, 0x00,
		0xF0, 0x00, 0x43, 0x52, 0x43, 0x00, 0x6D, 0x5F, 0x62, 0x4F, 0x70, 0x74,
		0x69, 0x6F, 0x6E, 0x61, 0x6C, 0x0C, 0x00, 0x00, 0x17, 0x00, 0x60, 0x45,
		0x78, 0x69, 0x73, 0x74, 0x73, 0x0E, 0x00, 0x51, 0x49, 0x73, 0x47, 0x61,
		0x6D, 0x6A, 0x00, 0x72, 0x00, 0x6D, 0x5F, 0x41, 0x64, 0x64, 0x69, 0x29,
		0x00, 0x0F, 0x97, 0x00, 0x01, 0x7C, 0x41, 0x72, 0x67, 0x75, 0x6D, 0x65,
		0x6E, 0x17, 0x00, 0xA0, 0x50, 0x61, 0x72, 0x61, 0x6D, 0x65, 0x74, 0x65,
		0x72, 0x4E, 0xAB, 0x00, 0xB2, 0x5F, 0x5F, 0x5F, 0x4F, 0x76, 0x65, 0x72,
		0x72, 0x69, 0x64, 0x65, 0x44, 0x00, 0x68, 0x61, 0x74, 0x61, 0x5F, 0x5F,
		0x5F, 0x28, 0x00, 0xF2, 0x03, 0x54, 0x79, 0x70, 0x65, 0x00, 0x42, 0x69,
		0x6E, 0x61, 0x72, 0x79, 0x42, 0x6C, 0x6F, 0x62, 0x41, 0x72, 0x67, 0xAE,
		0x00, 0x9B, 0x6E, 0x67, 0x65, 0x72, 0x70, 0x72, 0x69, 0x6E, 0x74, 0x0F,
		0x00, 0x70, 0x44, 0x65, 0x66, 0x61, 0x75, 0x6C, 0x74, 0xF2, 0x00, 0x6B,
		0x70, 0x65, 0x63, 0x69, 0x61, 0x6C, 0x81, 0x00, 0xF4, 0x0F, 0x53, 0x74,
		0x72, 0x69, 0x6E, 0x67, 0x00, 0x4B, 0x56, 0x33, 0x20, 0x43, 0x6F, 0x6D,
		0x70, 0x69, 0x6C, 0x65, 0x72, 0x20, 0x56, 0x65, 0x72, 0x73, 0x69, 0x6F,
		0x6E, 0x00, 0x6D, 0x5F, 0x13, 0x00, 0xB3, 0x49, 0x64, 0x65, 0x6E, 0x74,
		0x69, 0x66, 0x69, 0x65, 0x72, 0x00, 0x13, 0x00, 0x61, 0x50, 0x61, 0x72,
		0x74, 0x69, 0x63, 0xF9, 0x00, 0x50, 0x6E, 0x55, 0x73, 0x65, 0x72, 0xAB,
		0x00, 0x14, 0x00, 0x15, 0x00, 0x0E, 0x4B, 0x00, 0x08, 0x1F, 0x01, 0x01,
		0xA2, 0x01, 0x20, 0x65, 0x64, 0x37, 0x01, 0x10, 0x73, 0x64, 0x00, 0xF0,
		0x00, 0x68, 0x69, 0x6C, 0x64, 0x52, 0x65, 0x73, 0x6F, 0x75, 0x72, 0x63,
		0x65, 0x4C, 0x69, 0x73, 0xAC, 0x00, 0xB5, 0x57, 0x65, 0x61, 0x6B, 0x52,
		0x65, 0x66, 0x65, 0x72, 0x65, 0x6E, 0x14, 0x00, 0x02, 0xB2, 0x01, 0x45,
		0x61, 0x62, 0x6C, 0x65, 0x70, 0x00, 0x29, 0x49, 0x73, 0x3D, 0x00, 0x00,
		0x25, 0x00, 0x75, 0x75, 0x62, 0x61, 0x73, 0x73, 0x65, 0x74, 0x3D, 0x00,
		0x16, 0x73, 0x15, 0x00, 0x00, 0x0C, 0x01, 0x21, 0x69, 0x6E, 0x85, 0x00,
		0x90, 0x73, 0x00, 0x00, 0x00, 0x00, 0x1F, 0x00, 0x00, 0x00, 0x97, 0x0A,
		0x00, 0x00, 0x00, 0x06, 0x00, 0x00, 0x00, 0x04, 0x04, 0x00, 0x10, 0x01,
		0x04, 0x00, 0x43, 0x01, 0x02, 0x00, 0x00, 0x0C, 0x00, 0x00, 0x0A, 0x00,
		0x13, 0x03, 0x1C, 0x00, 0x80, 0x05, 0x00, 0x00, 0x00, 0x90, 0xBF, 0x3D,
		0x51, 0x34, 0x00, 0xA2, 0x07, 0x00, 0x00, 0x00, 0x08, 0x00, 0x00, 0x00,
		0x09, 0x00, 0x01, 0x00, 0x00, 0x4C, 0x00, 0xF3, 0x1A, 0x0B, 0x00, 0x00,
		0x00, 0x0C, 0x00, 0x00, 0x00, 0x0D, 0x00, 0x00, 0x00, 0x0E, 0x00, 0x00,
		0x00, 0x0F, 0x00, 0x00, 0x00, 0x10, 0x00, 0x00, 0x00, 0x11, 0x00, 0x00,
		0x00, 0x12, 0x00, 0x00, 0x00, 0x13, 0x00, 0x00, 0x00, 0x14, 0x00, 0x00,
		0x00, 0x15, 0x1C, 0x00, 0x00, 0x5C, 0x00, 0x13, 0x16, 0x1C, 0x00, 0x1F,
		0x17, 0x1C, 0x00, 0x04, 0x13, 0x18, 0x60, 0x00, 0x13, 0x19, 0x08, 0x00,
		0x13, 0x1A, 0x08, 0x00, 0xD0, 0x1B, 0x00, 0x00, 0x00, 0x1C, 0x00, 0x00,
		0x00, 0x1D, 0x00, 0x00, 0x00, 0x1E, 0x88, 0x00, 0x90, 0x18, 0x09, 0x06,
		0x06, 0x0C, 0x0E, 0x0D, 0x0E, 0x08, 0x09, 0x00, 0x21, 0x0F, 0x0F, 0x0F,
		0x00, 0x10, 0x0F, 0x04, 0x00, 0xB0, 0x08, 0x08, 0x08, 0x09, 0x0F, 0x01,
		0x01, 0x00, 0xDD, 0xEE, 0xFF, 0x00, 0x00, 0x00, 0x00, 0x00, 0x00, 0x00,
		0x05, 0x33, 0x56, 0x4B, 0x1D, 0xCE, 0xD3, 0x39, 0x42, 0x94, 0x07, 0x44,
		0x9B, 0x78, 0x83, 0x17, 0x14, 0x5B, 0x17, 0x32, 0x01, 0x00, 0x00, 0x00,
		0x00, 0x00, 0x00, 0x40, 0x37, 0x0D, 0x00, 0x00, 0x1D, 0x00, 0x00, 0x00,
		0xAE, 0x01, 0x00, 0x00, 0xA0, 0x08, 0x00, 0x00, 0x7C, 0x00, 0x00, 0x01,
		0xBC, 0x52, 0x00, 0x00, 0x5D, 0x0F, 0x00, 0x00, 0x00, 0x00, 0x00, 0x00,
		0x00, 0x00, 0x00, 0x00, 0x00, 0x00, 0x00, 0x00, 0x00, 0x00, 0x00, 0x00,
		0x20, 0x1B, 0x00, 0x00, 0xF4, 0x08, 0x00, 0x00, 0x9C, 0x37, 0x00, 0x00,
		0x69, 0x06, 0x00, 0x00, 0xBC, 0x00, 0x00, 0x00, 0x00, 0x00, 0x00, 0x00,
		0x25, 0x0A, 0x00, 0x00, 0x77, 0x00, 0x00, 0x00, 0xE2, 0x07, 0x00, 0x00,
		0x7C, 0x00, 0x00, 0x00, 0x51, 0x00, 0x00, 0x00, 0x6D, 0x00, 0x00, 0x00,
		0xF4, 0x18, 0x5F, 0x63, 0x6C, 0x61, 0x73, 0x73, 0x00, 0x43, 0x50, 0x61,
		0x72, 0x74, 0x69, 0x63, 0x6C, 0x65, 0x53, 0x79, 0x73, 0x74, 0x65, 0x6D,
		0x44, 0x65, 0x66, 0x69, 0x6E, 0x69, 0x74, 0x69, 0x6F, 0x6E, 0x00, 0x6D,
		0x5F, 0x6E, 0x4D, 0x61, 0x78, 0x1F, 0x00, 0xFB, 0x03, 0x73, 0x00, 0x6D,
		0x5F, 0x42, 0x6F, 0x75, 0x6E, 0x64, 0x69, 0x6E, 0x67, 0x42, 0x6F, 0x78,
		0x4D, 0x69, 0x6E, 0x11, 0x00, 0x20, 0x61, 0x78, 0x32, 0x00, 0xC3, 0x42,
		0x65, 0x68, 0x61, 0x76, 0x69, 0x6F, 0x72, 0x56, 0x65, 0x72, 0x73, 0x45,
		0x00, 0xF0, 0x15, 0x46, 0x69, 0x72, 0x73, 0x74, 0x4D, 0x75, 0x6C, 0x74,
		0x69, 0x70, 0x6C, 0x65, 0x4F, 0x76, 0x65, 0x72, 0x72, 0x69, 0x64, 0x65,
		0x5F, 0x42, 0x61, 0x63, 0x6B, 0x77, 0x61, 0x72, 0x64, 0x43, 0x6F, 0x6D,
		0x70, 0x61, 0x74, 0x28, 0x00, 0xF4, 0x0A, 0x43, 0x6F, 0x6E, 0x73, 0x74,
		0x61, 0x6E, 0x74, 0x53, 0x65, 0x71, 0x75, 0x65, 0x6E, 0x63, 0x65, 0x4E,
		0x75, 0x6D, 0x62, 0x65, 0x72, 0x00, 0x6D, 0x5F, 0x19, 0x00, 0x40, 0x43,
		0x6F, 0x6C, 0x6F, 0x10, 0x00, 0x24, 0x66, 0x6C, 0x12, 0x00, 0x50, 0x52,
		0x61, 0x64, 0x69, 0x75, 0x9A, 0x00, 0xA0, 0x63, 0x6F, 0x6E, 0x74, 0x72,
		0x6F, 0x6C, 0x50, 0x6F, 0x69, 0x27, 0x00, 0x70, 0x6E, 0x66, 0x69, 0x67,
		0x75, 0x72, 0x61, 0xC6, 0x00, 0x10, 0x73, 0x5A, 0x00, 0xE3, 0x61, 0x6D,
		0x65, 0x00, 0x70, 0x72, 0x65, 0x76, 0x69, 0x65, 0x77, 0x00, 0x6D, 0x5F,
		0x0A, 0x00, 0x56, 0x53, 0x74, 0x61, 0x74, 0x65, 0x0F, 0x00, 0xF0, 0x03,
		0x4D, 0x6F, 0x64, 0x65, 0x6C, 0x00, 0x63, 0x68, 0x61, 0x72, 0x61, 0x63,
		0x74, 0x65, 0x72, 0x73, 0x2F, 0x6D, 0x11, 0x00, 0xFD, 0x03, 0x73, 0x2F,
		0x74, 0x6D, 0x5F, 0x6A, 0x75, 0x6E, 0x67, 0x6C, 0x65, 0x5F, 0x72, 0x61,
		0x69, 0x64, 0x65, 0x72, 0x11, 0x00, 0xF4, 0x04, 0x5F, 0x76, 0x61, 0x72,
		0x69, 0x61, 0x6E, 0x74, 0x62, 0x32, 0x2E, 0x76, 0x6D, 0x64, 0x6C, 0x00,
		0x6D, 0x5F, 0x73, 0xC1, 0x00, 0x00, 0x78, 0x00, 0x66, 0x74, 0x6F, 0x6F,
		0x6C, 0x73, 0x5F, 0x7E, 0x00, 0x91, 0x68, 0x69, 0x74, 0x62, 0x6F, 0x78,
		0x53, 0x65, 0x74, 0x1E, 0x00, 0x60, 0x63, 0x73, 0x74, 0x72, 0x69, 0x6B,
		0x87, 0x00, 0x40, 0x45, 0x6D, 0x69, 0x74, 0x78, 0x00, 0x50, 0x00, 0x43,
		0x5F, 0x4F, 0x50, 0xF3, 0x00, 0x73, 0x74, 0x69, 0x6E, 0x75, 0x6F, 0x75,
		0x73, 0x18, 0x00, 0x01, 0xF7, 0x00, 0x00, 0x0C, 0x00, 0x12, 0x52, 0xB6,
		0x00, 0xF2, 0x16, 0x6E, 0x54, 0x79, 0x70, 0x65, 0x00, 0x50, 0x46, 0x5F,
		0x54, 0x59, 0x50, 0x45, 0x5F, 0x43, 0x4F, 0x4E, 0x54, 0x52, 0x4F, 0x4C,
		0x5F, 0x50, 0x4F, 0x49, 0x4E, 0x54, 0x5F, 0x43, 0x4F, 0x4D, 0x50, 0x4F,
		0x4E, 0x45, 0x4E, 0x54, 0xC3, 0x01, 0x14, 0x70, 0x2B, 0x00, 0x32, 0x4D,
		0x41, 0x50, 0x2F, 0x00, 0x51, 0x52, 0x45, 0x4D, 0x41, 0x50, 0x52, 0x00,
		0xB0, 0x4C, 0x69, 0x74, 0x65, 0x72, 0x61, 0x6C, 0x56, 0x61, 0x6C, 0x75,
		0x56, 0x00, 0x00, 0x94, 0x00, 0x14, 0x64, 0x0D, 0x00, 0x27, 0x6E, 0x43,
		0x55, 0x01, 0x00, 0x10, 0x00, 0xD2, 0x53, 0x63, 0x61, 0x6C, 0x61, 0x72,
		0x41, 0x74, 0x74, 0x72, 0x69, 0x62, 0x75, 0x86, 0x00, 0x5F, 0x56, 0x65,
		0x63, 0x74, 0x6F, 0x13, 0x00, 0x01, 0x00, 0xD7, 0x01, 0x51, 0x6F, 0x6E,
		0x65, 0x6E, 0x74, 0x67, 0x00, 0x62, 0x52, 0x61, 0x6E, 0x64, 0x6F, 0x6D,
		0x34, 0x02, 0x05, 0x0E, 0x00, 0x01, 0x31, 0x02, 0x42, 0x62, 0x48, 0x61,
		0x73, 0x10, 0x00, 0x80, 0x53, 0x69, 0x67, 0x6E, 0x46, 0x6C, 0x69, 0x70,
		0x44, 0x00, 0x03, 0x12, 0x00, 0x36, 0x65, 0x65, 0x64, 0x0E, 0x00, 0x00,
		0xA1, 0x01, 0x00, 0xC6, 0x00, 0xA1, 0x52, 0x41, 0x4E, 0x44, 0x4F, 0x4D,
		0x5F, 0x4D, 0x4F, 0x44, 0xF8, 0x00, 0x52, 0x53, 0x54, 0x41, 0x4E, 0x54,
		0xCC, 0x00, 0x34, 0x4F, 0x44, 0x30, 0x09, 0x00, 0x14, 0x31, 0x09, 0x00,
		0x14, 0x32, 0x09, 0x00, 0x10, 0x33, 0x4A, 0x00, 0xAE, 0x4E, 0x6F, 0x69,
		0x73, 0x65, 0x49, 0x6E, 0x70, 0x75, 0x74, 0xB9, 0x00, 0x21, 0x66, 0x6C,
		0x1E, 0x00, 0x64, 0x4F, 0x75, 0x74, 0x70, 0x75, 0x74, 0xAB, 0x00, 0x08,
		0x13, 0x00, 0x26, 0x61, 0x78, 0x13, 0x00, 0x00, 0x0B, 0x01, 0x00, 0x35,
		0x00, 0x32, 0x76, 0x65, 0x63, 0x23, 0x00, 0x44, 0x66, 0x66, 0x73, 0x65,
		0x9C, 0x01, 0x27, 0x66, 0x6C, 0x14, 0x00, 0x05, 0x77, 0x00, 0x75, 0x4F,
		0x63, 0x74, 0x61, 0x76, 0x65, 0x73, 0x10, 0x00, 0x60, 0x54, 0x75, 0x72,
		0x62, 0x75, 0x6C, 0x28, 0x02, 0x00, 0xD6, 0x00, 0xF6, 0x00, 0x4E, 0x4F,
		0x49, 0x53, 0x45, 0x5F, 0x54, 0x55, 0x52, 0x42, 0x5F, 0x4E, 0x4F, 0x4E,
		0x45, 0x26, 0x00, 0x28, 0x79, 0x70, 0x20, 0x00, 0x00, 0xBE, 0x01, 0x65,
		0x50, 0x45, 0x52, 0x4C, 0x49, 0x4E, 0x22, 0x00, 0x85, 0x4D, 0x6F, 0x64,
		0x69, 0x66, 0x69, 0x65, 0x72, 0x26, 0x00, 0x00, 0x1B, 0x01, 0x54, 0x49,
		0x46, 0x49, 0x45, 0x52, 0x4A, 0x00, 0x2B, 0x66, 0x6C, 0x71, 0x00, 0x04,
		0xBE, 0x00, 0x0D, 0x19, 0x00, 0x27, 0x4D, 0x69, 0xE4, 0x00, 0x43, 0x49,
		0x6D, 0x67, 0x50, 0x2B, 0x03, 0x03, 0x30, 0x00, 0x1B, 0x62, 0x18, 0x00,
		0x34, 0x4C, 0x69, 0x76, 0x47, 0x00, 0xE0, 0x43, 0x61, 0x6D, 0x65, 0x72,
		0x61, 0x46, 0x61, 0x6C, 0x6C, 0x62, 0x61, 0x63, 0x6B, 0x2C, 0x00, 0x31,
		0x55, 0x73, 0x65, 0x1F, 0x04, 0x42, 0x73, 0x43, 0x65, 0x6E, 0xC1, 0x02,
		0x11, 0x6E, 0x7A, 0x01, 0x04, 0xC8, 0x01, 0x53, 0x49, 0x4E, 0x50, 0x55,
		0x54, 0xC7, 0x01, 0x61, 0x4C, 0x41, 0x4D, 0x50, 0x45, 0x44, 0x4B, 0x00,
		0x00, 0x29, 0x04, 0x43, 0x46, 0x61, 0x63, 0x74, 0xEA, 0x03, 0x01, 0x33,
		0x00, 0x16, 0x30, 0x0B, 0x00, 0x02, 0xD9, 0x01, 0x02, 0x92, 0x01, 0x17,
		0x30, 0x0C, 0x00, 0x13, 0x31, 0x88, 0x00, 0xA6, 0x74, 0x63, 0x68, 0x65,
		0x64, 0x52, 0x61, 0x6E, 0x67, 0x65, 0xC3, 0x01, 0x07, 0x14, 0x00, 0x28,
		0x61, 0x78, 0x14, 0x00, 0x02, 0x3B, 0x00, 0x7E, 0x4F, 0x75, 0x74, 0x73,
		0x69, 0x64, 0x65, 0x19, 0x00, 0x23, 0x49, 0x6E, 0x18, 0x00, 0x20, 0x6E,
		0x52, 0xC9, 0x00, 0x04, 0x8B, 0x01, 0x52, 0x52, 0x4F, 0x55, 0x4E, 0x44,
		0x8B, 0x01, 0x71, 0x4E, 0x45, 0x41, 0x52, 0x45, 0x53, 0x54, 0xF9, 0x04,
		0x34, 0x69, 0x61, 0x73, 0x22, 0x00, 0x42, 0x42, 0x49, 0x41, 0x53, 0x21,
		0x00, 0x00, 0x9E, 0x02, 0x32, 0x44, 0x41, 0x52, 0xDB, 0x00, 0x00, 0x23,
		0x00, 0x72, 0x50, 0x61, 0x72, 0x61, 0x6D, 0x65, 0x74, 0xD8, 0x04, 0x21,
		0x75, 0x72, 0x40, 0x01, 0xA1, 0x73, 0x70, 0x6C, 0x69, 0x6E, 0x65, 0x00,
		0x78, 0x00, 0x79, 0x27, 0x00, 0xD5, 0x53, 0x6C, 0x6F, 0x70, 0x65, 0x49,
		0x6E, 0x63, 0x6F, 0x6D, 0x69, 0x6E, 0x67, 0x12, 0x00, 0x00, 0x86, 0x02,
		0x22, 0x67, 0x6F, 0x12, 0x00, 0x10, 0x74, 0xCC, 0x00, 0x21, 0x6E, 0x74,
		0x4C, 0x02, 0x04, 0x29, 0x00, 0x12, 0x54, 0x14, 0x00, 0xF2, 0x04, 0x00,
		0x43, 0x55, 0x52, 0x56, 0x45, 0x5F, 0x54, 0x41, 0x4E, 0x47, 0x45, 0x4E,
		0x54, 0x5F, 0x53, 0x50, 0x4C, 0x49, 0x4E, 0x02, 0x04, 0x3F, 0x00, 0x03,
		0x28, 0x00, 0x00, 0xBC, 0x02, 0xA7, 0x44, 0x6F, 0x6D, 0x61, 0x69, 0x6E,
		0x4D, 0x69, 0x6E, 0x73, 0x0E, 0x00, 0x21, 0x61, 0x78, 0x57, 0x00, 0x52,
		0x45, 0x76, 0x65, 0x6E, 0x74, 0xD0, 0x00, 0xA0, 0x41, 0x52, 0x54, 0x49,
		0x43, 0x4C, 0x45, 0x5F, 0x45, 0x56, 0x52, 0x00, 0x01, 0xD7, 0x00, 0xD0,
		0x4D, 0x41, 0x53, 0x4B, 0x5F, 0x43, 0x4F, 0x4C, 0x4C, 0x49, 0x53, 0x49,
		0x4F, 0x8B, 0x02, 0x10, 0x49, 0x34, 0x06, 0x42, 0x61, 0x6C, 0x69, 0x7A,
		0xC2, 0x04, 0xF2, 0x05, 0x49, 0x4E, 0x49, 0x54, 0x5F, 0x43, 0x72, 0x65,
		0x61, 0x74, 0x65, 0x57, 0x69, 0x74, 0x68, 0x69, 0x6E, 0x42, 0x6F, 0x78,
		0x2E, 0x03, 0x00, 0x96, 0x01, 0x42, 0x50, 0x56, 0x45, 0x43, 0x48, 0x00,
		0x70, 0x4C, 0x49, 0x54, 0x45, 0x52, 0x41, 0x4C, 0x1B, 0x00, 0x0B, 0x8A,
		0x04, 0x03, 0x0F, 0x00, 0x04, 0xF3, 0x05, 0x79, 0x62, 0x46, 0x6F, 0x6C,
		0x6C, 0x6F, 0x77, 0xA0, 0x04, 0x1B, 0x76, 0xC4, 0x03, 0x04, 0xA6, 0x02,
		0x6B, 0x6E, 0x44, 0x65, 0x6C, 0x74, 0x61, 0xBD, 0x04, 0x31, 0x76, 0x43,
		0x50, 0x38, 0x00, 0x05, 0xB9, 0x03, 0xD4, 0x43, 0x50, 0x52, 0x65, 0x6C,
		0x61, 0x74, 0x69, 0x76, 0x65, 0x50, 0x6F, 0x73, 0xF1, 0x06, 0x07, 0x16,
		0x00, 0x20, 0x44, 0x69, 0x78, 0x00, 0x55, 0x46, 0x6C, 0x6F, 0x61, 0x74,
		0xCC, 0x04, 0x15, 0x58, 0x71, 0x05, 0x04, 0xB9, 0x00, 0x08, 0x56, 0x05,
		0x6D, 0x44, 0x49, 0x52, 0x45, 0x43, 0x54, 0x35, 0x00, 0x1D, 0x59, 0x12,
		0x00, 0x14, 0x5A, 0x12, 0x00, 0x10, 0x49, 0x19, 0x03, 0x13, 0x70, 0xDD,
		0x02, 0x00, 0x0B, 0x00, 0x09, 0xEE, 0x02, 0x05, 0x11, 0x00, 0x10, 0x31,
		0x9A, 0x00, 0x02, 0x10, 0x00, 0x06, 0xF9, 0x02, 0x09, 0x11, 0x00, 0x00,
		0x22, 0x00, 0x52, 0x47, 0x72, 0x61, 0x64, 0x69, 0xDA, 0x01, 0x41, 0x53,
		0x74, 0x6F, 0x70, 0xD4, 0x01, 0x08, 0x78, 0x05, 0x18, 0x76, 0x77, 0x05,
		0x00, 0x8A, 0x01, 0x24, 0x61, 0x78, 0xAA, 0x01, 0x00, 0xBE, 0x01, 0x01,
		0x91, 0x00, 0x01, 0xCA, 0x01, 0x00, 0x1E, 0x05, 0x01, 0x63, 0x01, 0x04,
		0xED, 0x00, 0x05, 0x02, 0x02, 0x69, 0x4E, 0x55, 0x4D, 0x42, 0x45, 0x52,
		0xF5, 0x00, 0x01, 0x6F, 0x02, 0x0B, 0xCF, 0x03, 0x32, 0x4C, 0x4F, 0x4F,
		0xCE, 0x03, 0x12, 0x6E, 0x9E, 0x00, 0x54, 0x46, 0x69, 0x65, 0x6C, 0x64,
		0x6C, 0x00, 0x65, 0x4E, 0x6F, 0x72, 0x6D, 0x61, 0x6C, 0x1C, 0x05, 0x02,
		0x09, 0x00, 0x02, 0xA2, 0x00, 0x03, 0x0C, 0x00, 0x02, 0x18, 0x06, 0x01,
		0x28, 0x00, 0x00, 0x51, 0x02, 0x0C, 0xA5, 0x00, 0x00, 0x07, 0x08, 0x31,
		0x6C, 0x65, 0x63, 0xB2, 0x01, 0x03, 0x1B, 0x00, 0x02, 0xDA, 0x00, 0x31,
		0x59, 0x61, 0x77, 0x40, 0x06, 0x04, 0xB7, 0x00, 0x03, 0x29, 0x06, 0x77,
		0x55, 0x4E, 0x49, 0x46, 0x4F, 0x52, 0x4D, 0x47, 0x00, 0x00, 0xAA, 0x02,
		0x81, 0x56, 0x65, 0x6C, 0x6F, 0x63, 0x69, 0x74, 0x79, 0xD2, 0x04, 0x02,
		0x48, 0x04, 0x03, 0x93, 0x00, 0x00, 0x1C, 0x01, 0x08, 0x05, 0x06, 0x06,
		0x0F, 0x00, 0x0D, 0x01, 0x06, 0xF1, 0x00, 0x4C, 0x6F, 0x63, 0x00, 0x6D,
		0x5F, 0x54, 0x72, 0x61, 0x6E, 0x73, 0x66, 0x6F, 0x72, 0x6D, 0x3B, 0x01,
		0x23, 0x00, 0x50, 0x24, 0x03, 0x7A, 0x49, 0x4E, 0x56, 0x41, 0x4C, 0x49,
		0x44, 0xA4, 0x00, 0x04, 0xDC, 0x08, 0x01, 0x4F, 0x07, 0x03, 0x0C, 0x00,
		0x02, 0x58, 0x00, 0x74, 0x4F, 0x70, 0x65, 0x72, 0x61, 0x74, 0x6F, 0x01,
		0x08, 0x02, 0xDE, 0x01, 0x54, 0x6F, 0x6C, 0x61, 0x74, 0x65, 0xE5, 0x08,
		0x00, 0x01, 0x08, 0x26, 0x6E, 0x64, 0xBC, 0x05, 0x00, 0x4F, 0x04, 0x02,
		0x2D, 0x00, 0x52, 0x44, 0x65, 0x63, 0x61, 0x79, 0x0B, 0x00, 0xA1, 0x42,
		0x61, 0x73, 0x69, 0x63, 0x4D, 0x6F, 0x76, 0x65, 0x6D, 0x0B, 0x02, 0x00,
		0x16, 0x02, 0x31, 0x76, 0x69, 0x74, 0x59, 0x04, 0x42, 0x44, 0x72, 0x61,
		0x67, 0x25, 0x00, 0x20, 0x52, 0x6F, 0xFC, 0x08, 0x02, 0x3F, 0x03, 0x02,
		0xE2, 0x00, 0x75, 0x52, 0x6F, 0x74, 0x41, 0x78, 0x69, 0x73, 0xF2, 0x00,
		0x04, 0x10, 0x00, 0x03, 0xF3, 0x00, 0x21, 0x52, 0x6F, 0xDC, 0x06, 0x05,
		0xC1, 0x07, 0x03, 0x0F, 0x00, 0x23, 0x61, 0x78, 0xAE, 0x08, 0x00, 0xA6,
		0x03, 0x07, 0xB2, 0x00, 0x22, 0x00, 0x6D, 0x13, 0x00, 0x23, 0x46, 0x61,
		0x57, 0x05, 0x00, 0x09, 0x00, 0x86, 0x53, 0x74, 0x61, 0x72, 0x74, 0x54,
		0x69, 0x6D, 0x12, 0x00, 0x31, 0x45, 0x6E, 0x64, 0x10, 0x00, 0x01, 0x44,
		0x00, 0x00, 0x11, 0x00, 0x63, 0x49, 0x6E, 0x53, 0x69, 0x6D, 0x70, 0xDF,
		0x00, 0x02, 0x11, 0x00, 0x03, 0x31, 0x00, 0x89, 0x46, 0x6F, 0x72, 0x63,
		0x65, 0x47, 0x65, 0x6E, 0x24, 0x01, 0x02, 0x53, 0x01, 0x00, 0x1B, 0x00,
		0x00, 0x23, 0x00, 0x35, 0x4D, 0x61, 0x78, 0x0B, 0x00, 0x22, 0x69, 0x6E,
		0x0B, 0x00, 0x01, 0x27, 0x00, 0x34, 0x50, 0x65, 0x72, 0xC5, 0x0A, 0x04,
		0x21, 0x00, 0x21, 0x66, 0x6C, 0x0A, 0x00, 0x02, 0x4C, 0x01, 0x0D, 0xE7,
		0x02, 0xC1, 0x41, 0x47, 0x45, 0x5F, 0x4E, 0x4F, 0x52, 0x4D, 0x41, 0x4C,
		0x49, 0x5A, 0xC8, 0x02, 0x14, 0x76, 0x38, 0x00, 0x65, 0x52, 0x65, 0x6E,
		0x64, 0x65, 0x72, 0xA6, 0x09, 0x02, 0x0F, 0x00, 0x52, 0x53, 0x70, 0x72,
		0x69, 0x74, 0xD9, 0x07, 0x20, 0x4F, 0x72, 0x82, 0x03, 0x01, 0x79, 0x0A,
		0x0A, 0x3C, 0x05, 0xF7, 0x05, 0x4F, 0x52, 0x49, 0x45, 0x4E, 0x54, 0x41,
		0x54, 0x49, 0x4F, 0x4E, 0x5F, 0x41, 0x4C, 0x49, 0x47, 0x4E, 0x5F, 0x54,
		0x4F, 0x58, 0x03, 0x01, 0x6D, 0x00, 0x02, 0xEB, 0x05, 0x00, 0x26, 0x01,
		0x01, 0x2F, 0x01, 0x00, 0xFB, 0x02, 0x03, 0xF4, 0x01, 0x07, 0x10, 0x00,
		0x30, 0x4F, 0x75, 0x74, 0x2D, 0x06, 0x04, 0x18, 0x05, 0x13, 0x6E, 0x10,
		0x00, 0x54, 0x41, 0x6C, 0x70, 0x68, 0x61, 0x0F, 0x07, 0x00, 0x11, 0x00,
		0x01, 0x48, 0x00, 0x1D, 0x30, 0x12, 0x00, 0x17, 0x31, 0x12, 0x00, 0x00,
		0x80, 0x01, 0x1B, 0x30, 0x10, 0x00, 0x12, 0x31, 0xFF, 0x01, 0x81, 0x54,
		0x65, 0x78, 0x74, 0x75, 0x72, 0x65, 0x73, 0xD2, 0x02, 0x00, 0xB5, 0x0A,
		0x03, 0x11, 0x00, 0xC3, 0x00, 0x6D, 0x61, 0x74, 0x65, 0x72, 0x69, 0x61,
		0x6C, 0x73, 0x2F, 0x70, 0x53, 0x01, 0xF0, 0x00, 0x2F, 0x69, 0x6D, 0x70,
		0x61, 0x63, 0x74, 0x2F, 0x66, 0x6C, 0x65, 0x6B, 0x73, 0x5F, 0x65, 0xB3,
		0x0B, 0x5F, 0x2E, 0x76, 0x74, 0x65, 0x78, 0x2B, 0x00, 0x0D, 0x13, 0x33,
		0x26, 0x00, 0x23, 0x5F, 0x6E, 0x5C, 0x00, 0x51, 0x42, 0x6C, 0x65, 0x6E,
		0x64, 0x1D, 0x08, 0xF0, 0x0D, 0x53, 0x50, 0x52, 0x49, 0x54, 0x45, 0x43,
		0x41, 0x52, 0x44, 0x5F, 0x54, 0x45, 0x58, 0x54, 0x55, 0x52, 0x45, 0x5F,
		0x42, 0x4C, 0x45, 0x4E, 0x44, 0x5F, 0x41, 0x44, 0x44, 0x1B, 0x04, 0x51,
		0x45, 0x6E, 0x61, 0x62, 0x6C, 0x1B, 0x0A, 0xF1, 0x04, 0x62, 0x47, 0x61,
		0x6D, 0x6D, 0x61, 0x43, 0x6F, 0x72, 0x72, 0x65, 0x63, 0x74, 0x56, 0x65,
		0x72, 0x74, 0x65, 0x78, 0x1A, 0x01, 0x10, 0x73, 0x1C, 0x00, 0x30, 0x53,
		0x61, 0x74, 0x05, 0x0C, 0x02, 0x2C, 0x01, 0x22, 0x50, 0x72, 0x24, 0x01,
		0x01, 0x66, 0x00, 0x01, 0xF5, 0x00, 0x00, 0x8A, 0x0C, 0x58, 0x62, 0x72,
		0x69, 0x67, 0x68, 0x6F, 0x08, 0xD3, 0x53, 0x65, 0x6C, 0x66, 0x49, 0x6C,
		0x6C, 0x75, 0x6D, 0x41, 0x6D, 0x6F, 0x75, 0xBD, 0x0A, 0x73, 0x44, 0x69,
		0x66, 0x66, 0x75, 0x73, 0x65, 0x12, 0x00, 0xB2, 0x00, 0xC0, 0x00, 0x00,
		0x00, 0xFF, 0x00, 0x00, 0x00, 0x8C, 0x00, 0x01, 0x00, 0x2F, 0xFF, 0x00,
		0x01, 0x00, 0x2B, 0x00, 0x40, 0x00, 0x5B, 0x9F, 0x00, 0x00, 0x00, 0x56,
		0x18, 0x00, 0x99, 0xE7, 0x00, 0x00, 0x00, 0x2C, 0x00, 0x00, 0x00, 0x13,
		0x16, 0x00, 0x2F, 0x20, 0xC0, 0x08, 0x00, 0x04, 0x1E, 0x40, 0x08, 0x00,
		0x0F, 0x01, 0x00, 0x19, 0x12, 0x24, 0x30, 0x00, 0x23, 0x40, 0x8F, 0x08,
		0x00, 0x1A, 0x7F, 0x08, 0x00, 0x23, 0x00, 0x39, 0x68, 0x00, 0x2F, 0xF0,
		0x3F, 0x08, 0x00, 0x1B, 0x0E, 0x01, 0x00, 0x0E, 0x20, 0x00, 0x0F, 0x01,
		0x00, 0xF1, 0x0E, 0x40, 0x01, 0x0F, 0x47, 0x00, 0x22, 0x39, 0x40, 0x7F,
		0xC0, 0x08, 0x00, 0x3F, 0xE0, 0x75, 0x40, 0xB8, 0x01, 0xFF, 0x93, 0x0F,
		0x01, 0x00, 0x15, 0x23, 0x80, 0x61, 0xD0, 0x01, 0x2E, 0x6E, 0x40, 0xF0,
		0x01, 0x09, 0x08, 0x00, 0x0E, 0xC8, 0x03, 0x0F, 0x01, 0x00, 0x62, 0x2A,
		0x39, 0xC0, 0x08, 0x00, 0x2F, 0x24, 0xC0, 0x90, 0x02, 0xFF, 0x94, 0x2A,
		0x39, 0x40, 0x08, 0x00, 0x1F, 0x3E, 0xB8, 0x01, 0xFF, 0x95, 0x0F, 0x01,
		0x00, 0x35, 0x1F, 0x14, 0xF0, 0x01, 0xFF, 0xCD, 0x2E, 0xF0, 0xBF, 0x08,
		0x00, 0x0F, 0x98, 0x00, 0x09, 0x2F, 0x2E, 0x40, 0x08, 0x00, 0x04, 0x1E,
		0xC0, 0x08, 0x00, 0x0F, 0x08, 0x01, 0x29, 0x0D, 0xD1, 0x08, 0x0F, 0x88,
		0x02, 0xFF, 0x94, 0x3F, 0xC0, 0x62, 0xC0, 0x08, 0x00, 0x04, 0x1E, 0x40,
		0x08, 0x00, 0x0F, 0x01, 0x00, 0x8E, 0x50, 0x00, 0x00, 0x00, 0x00, 0x00,
		0x93, 0x0F, 0x00, 0x00, 0x00, 0x02, 0x00, 0x00, 0x00, 0x03, 0x04, 0x00,
		0x6E, 0x2F, 0x00, 0x00, 0x00, 0x04, 0x00, 0x04, 0x00, 0x1B, 0x02, 0x04,
		0x00, 0x00, 0x2C, 0x00, 0x17, 0x17, 0x30, 0x00, 0x0F, 0x08, 0x00, 0x05,
		0x1F, 0x01, 0x28, 0x00, 0x18, 0x0E, 0x80, 0x00, 0x06, 0x70, 0x00, 0x1B,
		0x04, 0x20, 0x00, 0x13, 0x01, 0x18, 0x00, 0x04, 0x10, 0x00, 0x1F, 0x07,
		0x90, 0x00, 0x40, 0x17, 0x01, 0xEC, 0x00, 0x17, 0x2F, 0x84, 0x00, 0x1F,
		0x01, 0x00, 0x01, 0x1C, 0x04, 0x0C, 0x00, 0x17, 0x05, 0xD4, 0x00, 0x04,
		0x70, 0x01, 0x1F, 0x24, 0x6C, 0x01, 0x0C, 0x0F, 0x3C, 0x01, 0x19, 0x17,
		0x10, 0x0C, 0x00, 0x13, 0x2E, 0x1C, 0x00, 0x0C, 0x08, 0x00, 0xC2, 0x03,
		0x03, 0x04, 0x01, 0x01, 0x03, 0x04, 0x04, 0x02, 0x02, 0x09, 0x03, 0x01,
		0x00, 0x26, 0x02, 0x02, 0x03, 0x00, 0x06, 0x01, 0x00, 0x0C, 0x16, 0x00,
		0x45, 0x02, 0x02, 0x02, 0x02, 0x17, 0x00, 0x0F, 0x39, 0x00, 0x1B, 0x1F,
		0x06, 0x1A, 0x00, 0x06, 0x08, 0x35, 0x00, 0x0F, 0x54, 0x00, 0x04, 0x26,
		0x01, 0x03, 0x12, 0x00, 0x17, 0x00, 0x94, 0x01, 0x22, 0x88, 0x13, 0xE8,
		0x00, 0x04, 0x58, 0x01, 0x53, 0x0C, 0x00, 0x00, 0x00, 0x06, 0x04, 0x00,
		0x13, 0x07, 0x08, 0x00, 0xD3, 0x08, 0x00, 0x00, 0x00, 0x09, 0x00, 0x00,
		0x00, 0x0A, 0x00, 0x00, 0x00, 0x0B, 0x24, 0x00, 0x93, 0x0D, 0x00, 0x00,
		0x00, 0x0E, 0x00, 0x00, 0x00, 0x0F, 0x30, 0x01, 0xE2, 0x11, 0x00, 0x00,
		0x00, 0x12, 0x00, 0x00, 0x00, 0x13, 0x00, 0x00, 0x00, 0x14, 0x00, 0x01,
		0x00, 0x53, 0x15, 0x00, 0x00, 0x00, 0x16, 0x7C, 0x01, 0xF3, 0x0A, 0x18,
		0x00, 0x00, 0x00, 0x19, 0x00, 0x00, 0x00, 0x1A, 0x00, 0x00, 0x00, 0x1B,
		0x00, 0x00, 0x00, 0x1C, 0x00, 0x00, 0x00, 0xFF, 0xFF, 0xFF, 0xFF, 0x1D,
		0x88, 0x00, 0x13, 0x1E, 0x70, 0x01, 0x13, 0x1F, 0x74, 0x00, 0xD3, 0x20,
		0x00, 0x00, 0x00, 0x21, 0x00, 0x00, 0x00, 0x22, 0x00, 0x00, 0x00, 0x23,
		0xE0, 0x01, 0x00, 0x30, 0x00, 0xF3, 0x12, 0x25, 0x00, 0x00, 0x00, 0x26,
		0x00, 0x00, 0x00, 0x27, 0x00, 0x00, 0x00, 0x28, 0x00, 0x00, 0x00, 0x29,
		0x00, 0x00, 0x00, 0x2A, 0x00, 0x00, 0x00, 0x2B, 0x00, 0x00, 0x00, 0x2C,
		0x00, 0x00, 0x00, 0x2D, 0xA4, 0x01, 0x00, 0xD4, 0x01, 0xFF, 0x7E, 0x30,
		0x00, 0x00, 0x00, 0x31, 0x00, 0x00, 0x00, 0x32, 0x00, 0x00, 0x00, 0x33,
		0x00, 0x00, 0x00, 0x34, 0x00, 0x00, 0x00, 0x35, 0x00, 0x00, 0x00, 0x36,
		0x00, 0x00, 0x00, 0x37, 0x00, 0x00, 0x00, 0x38, 0x00, 0x00, 0x00, 0x39,
		0x00, 0x00, 0x00, 0x3A, 0x00, 0x00, 0x00, 0x3B, 0x00, 0x00, 0x00, 0x3C,
		0x00, 0x00, 0x00, 0x3D, 0x00, 0x00, 0x00, 0x3E, 0x00, 0x00, 0x00, 0x3F,
		0x00, 0x00, 0x00, 0x40, 0x00, 0x00, 0x00, 0x41, 0x00, 0x00, 0x00, 0x42,
		0x00, 0x00, 0x00, 0x43, 0x00, 0x00, 0x00, 0x44, 0x00, 0x00, 0x00, 0x45,
		0x00, 0x00, 0x00, 0x46, 0x00, 0x00, 0x00, 0x47, 0x00, 0x00, 0x00, 0x48,
		0x00, 0x00, 0x00, 0x49, 0x00, 0x00, 0x00, 0x4A, 0x00, 0x00, 0x00, 0x4B,
		0x00, 0x00, 0x00, 0x4C, 0x00, 0x00, 0x00, 0x4D, 0x00, 0x00, 0x00, 0x4E,
		0x00, 0x00, 0x00, 0x4F, 0x00, 0x00, 0x00, 0x50, 0x00, 0x00, 0x00, 0x51,
		0x00, 0x00, 0x00, 0x52, 0x00, 0x00, 0x00, 0x53, 0x10, 0x00, 0x20, 0xD3,
		0x54, 0x00, 0x00, 0x00, 0x55, 0x00, 0x00, 0x00, 0x56, 0x00, 0x00, 0x00,
		0x57, 0x08, 0x00, 0x0F, 0x10, 0x00, 0x1D, 0xF3, 0x02, 0x58, 0x00, 0x00,
		0x00, 0x59, 0x00, 0x00, 0x00, 0x5A, 0x00, 0x00, 0x00, 0x5B, 0x00, 0x00,
		0x00, 0x5C, 0x9C, 0x01, 0x53, 0x5D, 0x00, 0x00, 0x00, 0x5E, 0x9C, 0x01,
		0x97, 0x5F, 0x00, 0x00, 0x00, 0x60, 0x00, 0x00, 0x00, 0x61, 0x98, 0x01,
		0x17, 0x62, 0x8C, 0x01, 0x40, 0x63, 0x00, 0x00, 0x00, 0xA8, 0x01, 0xF3,
		0x02, 0x64, 0x00, 0x00, 0x00, 0x65, 0x00, 0x00, 0x00, 0x66, 0x00, 0x00,
		0x00, 0x67, 0x00, 0x00, 0x00, 0x68, 0x40, 0x00, 0x13, 0x69, 0xDC, 0x01,
		0x1E, 0x6A, 0xDC, 0x01, 0x0F, 0xD8, 0x01, 0xC2, 0x13, 0x00, 0x9C, 0x01,
		0x17, 0x00, 0x60, 0x01, 0x1F, 0x6B, 0x0C, 0x01, 0xF8, 0x1F, 0x6C, 0x0C,
		0x01, 0xF8, 0x1F, 0x6D, 0x0C, 0x01, 0xF8, 0xF3, 0x06, 0x6E, 0x00, 0x00,
		0x00, 0x6F, 0x00, 0x00, 0x00, 0x70, 0x00, 0x00, 0x00, 0x71, 0x00, 0x00,
		0x00, 0x72, 0x00, 0x00, 0x00, 0x73, 0x24, 0x00, 0x9F, 0x74, 0x00, 0x00,
		0x00, 0x75, 0x00, 0x00, 0x00, 0x76, 0x94, 0x04, 0xFF, 0xFF, 0xFF, 0xFF,
		0x84, 0x00, 0x01, 0x00, 0x53, 0x77, 0x00, 0x00, 0x00, 0x78, 0x38, 0x01,
		0x13, 0x79, 0x38, 0x01, 0x1F, 0x7A, 0x38, 0x01, 0x90, 0x1F, 0x7B, 0xC8,
		0x0A, 0x50, 0x1F, 0x54, 0x88, 0x0A, 0x18, 0x13, 0x7C, 0xF4, 0x00, 0x00,
		0x01, 0x00, 0xD3, 0x7D, 0x00, 0x00, 0x00, 0x7E, 0x00, 0x00, 0x00, 0x7F,
		0x00, 0x00, 0x00, 0x80, 0x14, 0x00, 0x17, 0x81, 0x68, 0x01, 0x0F, 0xA0,
		0x02, 0xF1, 0x08, 0x30, 0x01, 0x2E, 0x82, 0x00, 0x8C, 0x02, 0x1F, 0x83,
		0x24, 0x01, 0xF0, 0x00, 0x01, 0x00, 0x9F, 0x84, 0x00, 0x00, 0x00, 0x85,
		0x00, 0x00, 0x00, 0x86, 0x40, 0x08, 0xFF, 0xFF, 0xFF, 0xFF, 0x84, 0x1F,
		0x87, 0x94, 0x04, 0xFF, 0xFF, 0xFF, 0xFF, 0x84, 0x10, 0x2E, 0xFC, 0x17,
		0x43, 0x00, 0x00, 0x00, 0x89, 0x38, 0x01, 0x13, 0x8A, 0x20, 0x00, 0x57,
		0x8B, 0x00, 0x00, 0x00, 0x8C, 0x74, 0x0A, 0x0F, 0x6C, 0x0A, 0xFD, 0x00,
		0x90, 0x0B, 0x13, 0x8D, 0x14, 0x00, 0x93, 0x8E, 0x00, 0x00, 0x00, 0x8F,
		0x00, 0x00, 0x00, 0x90, 0x10, 0x00, 0x13, 0x91, 0x08, 0x00, 0x5F, 0x92,
		0x00, 0x00, 0x00, 0x93, 0xF4, 0x05, 0xFF, 0xFF, 0xFF, 0xFF, 0x84, 0x1F,
		0x94, 0x30, 0x01, 0xF8, 0x00, 0x01, 0x00, 0xF3, 0x02, 0x95, 0x00, 0x00,
		0x00, 0x96, 0x00, 0x00, 0x00, 0x97, 0x00, 0x00, 0x00, 0x98, 0x00, 0x00,
		0x00, 0x99, 0x18, 0x00, 0xD3, 0x9A, 0x00, 0x00, 0x00, 0x9B, 0x00, 0x00,
		0x00, 0x9C, 0x00, 0x00, 0x00, 0x9D, 0x14, 0x00, 0x93, 0x9E, 0x00, 0x00,
		0x00, 0x9F, 0x00, 0x00, 0x00, 0xA0, 0x10, 0x00, 0x93, 0xA1, 0x00, 0x00,
		0x00, 0xA2, 0x00, 0x00, 0x00, 0xA3, 0x10, 0x00, 0x53, 0xA4, 0x00, 0x00,
		0x00, 0xA5, 0x60, 0x01, 0x1B, 0xA6, 0x20, 0x14, 0x0F, 0x58, 0x01, 0x0D,
		0x0F, 0x4C, 0x01, 0x05, 0x0F, 0x48, 0x01, 0x2D, 0x0F, 0x40, 0x01, 0x09,
		0x0F, 0xB0, 0x1E, 0x31, 0x1F, 0x54, 0x90, 0x1E, 0x28, 0x1F, 0xA7, 0xE8,
		0x19, 0xFF, 0xFF, 0xFF, 0xFF, 0x88, 0x13, 0xA1, 0xD4, 0x05, 0x00, 0xDC,
		0x05, 0x13, 0xA8, 0x14, 0x00, 0xF3, 0x2A, 0xA9, 0x00, 0x00, 0x00, 0xAA,
		0x00, 0x00, 0x00, 0xAB, 0x00, 0x00, 0x00, 0xAC, 0x00, 0x00, 0x00, 0xAD,
		0x00, 0x00, 0x00, 0xAE, 0x00, 0x00, 0x00, 0xAF, 0x00, 0x00, 0x00, 0xC8,
		0x00, 0x00, 0x00, 0xB0, 0x00, 0x00, 0x00, 0xB1, 0x00, 0x00, 0x00, 0xB2,
		0x00, 0x00, 0x00, 0xB3, 0x00, 0x00, 0x00, 0xB4, 0x00, 0x00, 0x00, 0xB5,
		0x00, 0x00, 0x00, 0xB6, 0x08, 0x00, 0xFF, 0x0A, 0xB7, 0x00, 0x00, 0x00,
		0xB8, 0x00, 0x00, 0x00, 0xB9, 0x00, 0x00, 0x00, 0xBA, 0x00, 0x00, 0x00,
		0xBB, 0x00, 0x00, 0x00, 0xBC, 0x00, 0x00, 0x00, 0xBD, 0xA0, 0x01, 0xC8,
		0x0F, 0x98, 0x01, 0x15, 0x1F, 0xBE, 0x04, 0x01, 0xF0, 0x1F, 0xBF, 0x04,
		0x01, 0xF0, 0x01, 0x01, 0x00, 0x50, 0x40, 0x7F, 0x40, 0x9A, 0x99, 0x01,
		0x00, 0x22, 0xB9, 0x3F, 0x11, 0x00, 0x13, 0xE0, 0x08, 0x00, 0x22, 0x50,
		0x40, 0x20, 0x00, 0x13, 0x8F, 0x08, 0x00, 0xF5, 0x02, 0xBF, 0x40, 0x14,
		0xAE, 0x47, 0xE1, 0x7A, 0x14, 0x2A, 0x40, 0x6B, 0x0C, 0x3A, 0x21, 0x74,
		0xF9, 0x57, 0x08, 0x00, 0xF5, 0x08, 0x0A, 0xF8, 0x35, 0x92, 0x04, 0x81,
		0x06, 0x40, 0x14, 0x93, 0x37, 0xC0, 0xCC, 0xAC, 0x71, 0x40, 0x77, 0x48,
		0x31, 0x40, 0xA2, 0xD3, 0x58, 0x08, 0x00, 0xF5, 0x08, 0xC5, 0x8D, 0x5B,
		0xCC, 0xCF, 0x4D, 0x14, 0x40, 0x78, 0x45, 0xF0, 0xBF, 0xF5, 0x28, 0x80,
		0x40, 0xE8, 0x87, 0x11, 0xC2, 0xA3, 0xF2, 0x58, 0x08, 0x00, 0x02, 0x70,
		0x00, 0x15, 0x24, 0x70, 0x00, 0x75, 0x0F, 0x60, 0x91, 0x5F, 0x3F, 0x84,
		0x58, 0x08, 0x00, 0x0C, 0xA0, 0x00, 0x0F, 0x10, 0x00, 0x6D, 0x04, 0x38,
		0x01, 0x84, 0xBA, 0xD9, 0x1F, 0x28, 0xB7, 0x6D, 0xFB, 0x3F, 0x08, 0x00,
		0x01, 0x18, 0x00, 0x23, 0x80, 0x61, 0xD0, 0x00, 0x1D, 0x6E, 0x20, 0x00,
		0x04, 0x48, 0x00, 0x0F, 0x60, 0x00, 0x03, 0x40, 0xE1, 0x3F, 0xCD, 0xCC,
		0x01, 0x00, 0x1F, 0xF4, 0x70, 0x00, 0x02, 0x4F, 0xF0, 0x69, 0xF8, 0x40,
		0xF8, 0x00, 0x72, 0x23, 0x00, 0x08, 0xE0, 0x00, 0x1D, 0x10, 0x90, 0x00,
		0x11, 0x33, 0x01, 0x00, 0x1F, 0xE3, 0x68, 0x00, 0x34, 0x2F, 0xF0, 0xBF,
		0x98, 0x02, 0x04, 0x14, 0xC0, 0xA0, 0x02, 0x11, 0x66, 0x01, 0x00, 0x13,
		0xD6, 0x40, 0x00, 0x1B, 0xC9, 0x08, 0x00, 0x06, 0x38, 0x00, 0x66, 0x89,
		0xEE, 0x59, 0xD7, 0x68, 0xB9, 0x08, 0x00, 0xF4, 0x09, 0xD2, 0x73, 0x0B,
		0x5D, 0x89, 0x40, 0xE7, 0x3F, 0xAE, 0x0D, 0x15, 0xE3, 0xFC, 0x4D, 0xD8,
		0x3F, 0x9F, 0x3C, 0x2C, 0xD4, 0x9A, 0x26, 0x02, 0x40, 0x08, 0x00, 0x0F,
		0xC0, 0x00, 0x2D, 0x02, 0xC8, 0x01, 0x22, 0xDC, 0x3F, 0xA0, 0x00, 0x1B,
		0xE2, 0xF8, 0x01, 0x2F, 0xE9, 0x3F, 0x40, 0x01, 0x05, 0x04, 0x92, 0x03,
		0x0F, 0x60, 0x00, 0x0D, 0xF2, 0x05, 0x09, 0x06, 0x0B, 0x19, 0x05, 0x19,
		0x05, 0x0B, 0x0B, 0x0B, 0x19, 0x0B, 0x11, 0x18, 0x09, 0x06, 0x09, 0x06,
		0x06, 0x06, 0x07, 0x00, 0xF0, 0x14, 0x05, 0x06, 0x0B, 0x0B, 0x0B, 0x0F,
		0x11, 0x12, 0x0E, 0x0B, 0x06, 0x11, 0x11, 0x11, 0x11, 0x0F, 0x11, 0x12,
		0x05, 0x19, 0x05, 0x11, 0x10, 0x06, 0x06, 0x06, 0x12, 0x05, 0x12, 0x0D,
		0x11, 0x0E, 0x06, 0x05, 0x11, 0x02, 0x00, 0xBA, 0x12, 0x11, 0x12, 0x06,
		0x06, 0x11, 0x09, 0x18, 0x09, 0x11, 0x05, 0x01, 0x00, 0x33, 0x18, 0x09,
		0x06, 0x01, 0x00, 0x00, 0x61, 0x00, 0x01, 0x55, 0x00, 0x00, 0x0A, 0x00,
		0xA0, 0x0B, 0x06, 0x0E, 0x0B, 0x19, 0x05, 0x0F, 0x0F, 0x19, 0x05, 0x02,
		0x00, 0x6F, 0x09, 0x06, 0x06, 0x11, 0x06, 0x0F, 0x68, 0x00, 0x0B, 0x10,
		0x12, 0x64, 0x00, 0x04, 0x68, 0x00, 0x2F, 0x08, 0x08, 0x37, 0x00, 0x96,
		0x21, 0x11, 0x12, 0x3D, 0x00, 0x03, 0x43, 0x00, 0x0F, 0xFB, 0x00, 0xE6,
		0x1F, 0x06, 0x44, 0x00, 0x15, 0x08, 0x4C, 0x02, 0x18, 0x11, 0x44, 0x02,
		0x01, 0xA1, 0x02, 0x01, 0x06, 0x00, 0x12, 0x0D, 0x99, 0x02, 0x0F, 0x91,
		0x00, 0x1F, 0x26, 0x0B, 0x06, 0x87, 0x00, 0x2F, 0x05, 0x05, 0x3A, 0x00,
		0x19, 0x2F, 0x06, 0x05, 0xB7, 0x02, 0xFF, 0xE4, 0x66, 0x05, 0x12, 0x09,
		0x06, 0x06, 0x0B, 0x36, 0x02, 0x1F, 0x12, 0x36, 0x02, 0x1A, 0x7F, 0x10,
		0x18, 0x09, 0x06, 0x11, 0x05, 0x06, 0xF3, 0x04, 0xEB, 0x0F, 0xAA, 0x03,
		0x22, 0x11, 0x06, 0x7D, 0x01, 0x70, 0x05, 0x06, 0x19, 0x0B, 0x05, 0x05,
		0x06, 0x01, 0x04, 0x04, 0x44, 0x04, 0x12, 0x12, 0x4C, 0x00, 0x01, 0x4A,
		0x00, 0x0A, 0x49, 0x00, 0x02, 0x47, 0x00, 0x07, 0x39, 0x04, 0x46, 0x12,
		0x12, 0x12, 0x12, 0x81, 0x06, 0x0F, 0x80, 0x05, 0xED, 0x00, 0x05, 0x00,
		0x10, 0x18, 0x8E, 0x01, 0xFF, 0x03, 0x05, 0x19, 0x0B, 0x0B, 0x11, 0x05,
		0x05, 0x12, 0x18, 0x09, 0x86, 0x01, 0x86, 0x01, 0x06, 0x0E, 0x0E, 0x0E,
		0xA4, 0x01, 0x1B, 0x07, 0x95, 0x00, 0x0F, 0x36, 0x00, 0x23, 0x1F, 0x11,
		0x36, 0x00, 0x1E, 0x50, 0x05, 0x00, 0xDD, 0xEE, 0xFF
	};

	inline unsigned char falling_ember2[ 4510 ]
	{
		0x9E, 0x11, 0x00, 0x00, 0x0C, 0x00, 0x01, 0x00, 0x08, 0x00, 0x00, 0x00,
		0x03, 0x00, 0x00, 0x00, 0x52, 0x45, 0x52, 0x4C, 0x20, 0x00, 0x00, 0x00,
		0x3F, 0x00, 0x00, 0x00, 0x52, 0x45, 0x44, 0x32, 0x60, 0x00, 0x00, 0x00,
		0xC9, 0x02, 0x00, 0x00, 0x44, 0x41, 0x54, 0x41, 0x24, 0x03, 0x00, 0x00,
		0x4E, 0x0E, 0x00, 0x00, 0x0C, 0x00, 0x00, 0x00, 0x01, 0x00, 0x00, 0x00,
		0x00, 0x00, 0x00, 0x00, 0xFC, 0x5E, 0x7F, 0x01, 0xA3, 0x5F, 0xF2, 0xBA,
		0x08, 0x00, 0x00, 0x00, 0x00, 0x00, 0x00, 0x00, 0x6D, 0x61, 0x74, 0x65,
		0x72, 0x69, 0x61, 0x6C, 0x73, 0x2F, 0x70, 0x61, 0x72, 0x74, 0x69, 0x63,
		0x6C, 0x65, 0x2F, 0x62, 0x61, 0x73, 0x65, 0x5F, 0x74, 0x72, 0x61, 0x69,
		0x6C, 0x2E, 0x76, 0x74, 0x65, 0x78, 0x00, 0x00, 0x00, 0x00, 0x00, 0x00,
		0x00, 0x00, 0x00, 0x00, 0x00, 0x00, 0x00, 0x00, 0x05, 0x33, 0x56, 0x4B,
		0x7C, 0x16, 0x12, 0x74, 0xE9, 0x06, 0x98, 0x46, 0xAF, 0xF2, 0xE6, 0x3E,
		0xB5, 0x90, 0x37, 0xE7, 0x01, 0x00, 0x00, 0x00, 0x00, 0x00, 0x00, 0x40,
		0x3D, 0x02, 0x00, 0x00, 0x01, 0x00, 0x00, 0x00, 0x00, 0x00, 0x00, 0x00,
		0x21, 0x00, 0x00, 0x00, 0x06, 0x00, 0x07, 0x00, 0x35, 0x03, 0x00, 0x00,
		0x51, 0x02, 0x00, 0x00, 0x00, 0x00, 0x00, 0x00, 0x00, 0x00, 0x00, 0x00,
		0x00, 0x00, 0x00, 0x00, 0x00, 0x00, 0x00, 0x00, 0x44, 0x02, 0x00, 0x00,
		0xA2, 0x01, 0x00, 0x00, 0xF1, 0x00, 0x00, 0x00, 0xAF, 0x00, 0x00, 0x00,
		0x03, 0x00, 0x00, 0x00, 0x00, 0x00, 0x00, 0x00, 0x2C, 0x00, 0x00, 0x00,
		0x00, 0x00, 0x00, 0x00, 0x1E, 0x00, 0x00, 0x00, 0x06, 0x00, 0x00, 0x00,
		0x07, 0x00, 0x00, 0x00, 0x08, 0x00, 0x00, 0x00, 0xF0, 0x49, 0x6D, 0x5F,
		0x49, 0x6E, 0x70, 0x75, 0x74, 0x44, 0x65, 0x70, 0x65, 0x6E, 0x64, 0x65,
		0x6E, 0x63, 0x69, 0x65, 0x73, 0x00, 0x6D, 0x5F, 0x52, 0x65, 0x6C, 0x61,
		0x74, 0x69, 0x76, 0x65, 0x46, 0x69, 0x6C, 0x65, 0x6E, 0x61, 0x6D, 0x65,
		0x00, 0x66, 0x61, 0x6C, 0x6C, 0x69, 0x6E, 0x67, 0x5F, 0x65, 0x6D, 0x62,
		0x65, 0x72, 0x32, 0x2E, 0x76, 0x70, 0x63, 0x66, 0x00, 0x6D, 0x5F, 0x53,
		0x65, 0x61, 0x72, 0x63, 0x68, 0x50, 0x61, 0x74, 0x68, 0x00, 0x63, 0x73,
		0x67, 0x6F, 0x5F, 0x61, 0x64, 0x64, 0x6F, 0x6E, 0x73, 0x2F, 0x70, 0x65,
		0x6E, 0x69, 0x46, 0x00, 0x10, 0x6E, 0x3F, 0x00, 0xF0, 0x00, 0x43, 0x52,
		0x43, 0x00, 0x6D, 0x5F, 0x62, 0x4F, 0x70, 0x74, 0x69, 0x6F, 0x6E, 0x61,
		0x6C, 0x0C, 0x00, 0x00, 0x17, 0x00, 0x60, 0x45, 0x78, 0x69, 0x73, 0x74,
		0x73, 0x0E, 0x00, 0x51, 0x49, 0x73, 0x47, 0x61, 0x6D, 0x6A, 0x00, 0x72,
		0x00, 0x6D, 0x5F, 0x41, 0x64, 0x64, 0x69, 0x29, 0x00, 0x0F, 0x97, 0x00,
		0x01, 0x7C, 0x41, 0x72, 0x67, 0x75, 0x6D, 0x65, 0x6E, 0x17, 0x00, 0xA0,
		0x50, 0x61, 0x72, 0x61, 0x6D, 0x65, 0x74, 0x65, 0x72, 0x4E, 0xAB, 0x00,
		0xB2, 0x5F, 0x5F, 0x5F, 0x4F, 0x76, 0x65, 0x72, 0x72, 0x69, 0x64, 0x65,
		0x44, 0x00, 0x68, 0x61, 0x74, 0x61, 0x5F, 0x5F, 0x5F, 0x28, 0x00, 0xF2,
		0x03, 0x54, 0x79, 0x70, 0x65, 0x00, 0x42, 0x69, 0x6E, 0x61, 0x72, 0x79,
		0x42, 0x6C, 0x6F, 0x62, 0x41, 0x72, 0x67, 0xAE, 0x00, 0x9B, 0x6E, 0x67,
		0x65, 0x72, 0x70, 0x72, 0x69, 0x6E, 0x74, 0x0F, 0x00, 0x70, 0x44, 0x65,
		0x66, 0x61, 0x75, 0x6C, 0x74, 0xF2, 0x00, 0x6B, 0x70, 0x65, 0x63, 0x69,
		0x61, 0x6C, 0x81, 0x00, 0xF4, 0x0F, 0x53, 0x74, 0x72, 0x69, 0x6E, 0x67,
		0x00, 0x4B, 0x56, 0x33, 0x20, 0x43, 0x6F, 0x6D, 0x70, 0x69, 0x6C, 0x65,
		0x72, 0x20, 0x56, 0x65, 0x72, 0x73, 0x69, 0x6F, 0x6E, 0x00, 0x6D, 0x5F,
		0x13, 0x00, 0xB3, 0x49, 0x64, 0x65, 0x6E, 0x74, 0x69, 0x66, 0x69, 0x65,
		0x72, 0x00, 0x13, 0x00, 0x61, 0x50, 0x61, 0x72, 0x74, 0x69, 0x63, 0xF9,
		0x00, 0x50, 0x6E, 0x55, 0x73, 0x65, 0x72, 0xAB, 0x00, 0x14, 0x00, 0x15,
		0x00, 0x0E, 0x4B, 0x00, 0x08, 0x1F, 0x01, 0x01, 0xA2, 0x01, 0x20, 0x65,
		0x64, 0x37, 0x01, 0x10, 0x73, 0x64, 0x00, 0xF0, 0x00, 0x68, 0x69, 0x6C,
		0x64, 0x52, 0x65, 0x73, 0x6F, 0x75, 0x72, 0x63, 0x65, 0x4C, 0x69, 0x73,
		0xAC, 0x00, 0xB5, 0x57, 0x65, 0x61, 0x6B, 0x52, 0x65, 0x66, 0x65, 0x72,
		0x65, 0x6E, 0x14, 0x00, 0x02, 0xB2, 0x01, 0x45, 0x61, 0x62, 0x6C, 0x65,
		0x70, 0x00, 0x29, 0x49, 0x73, 0x3D, 0x00, 0x00, 0x25, 0x00, 0x75, 0x75,
		0x62, 0x61, 0x73, 0x73, 0x65, 0x74, 0x3D, 0x00, 0x16, 0x73, 0x15, 0x00,
		0x00, 0x0C, 0x01, 0x21, 0x69, 0x6E, 0x85, 0x00, 0x90, 0x73, 0x00, 0x00,
		0x00, 0x00, 0x1F, 0x00, 0x00, 0x00, 0x97, 0x0A, 0x00, 0x00, 0x00, 0x06,
		0x00, 0x00, 0x00, 0x04, 0x04, 0x00, 0x10, 0x01, 0x04, 0x00, 0x43, 0x01,
		0x02, 0x00, 0x00, 0x0C, 0x00, 0x00, 0x0A, 0x00, 0x13, 0x03, 0x1C, 0x00,
		0x80, 0x05, 0x00, 0x00, 0x00, 0x17, 0x59, 0x6D, 0xCA, 0x34, 0x00, 0xA2,
		0x07, 0x00, 0x00, 0x00, 0x08, 0x00, 0x00, 0x00, 0x09, 0x00, 0x01, 0x00,
		0x00, 0x4C, 0x00, 0xF3, 0x1A, 0x0B, 0x00, 0x00, 0x00, 0x0C, 0x00, 0x00,
		0x00, 0x0D, 0x00, 0x00, 0x00, 0x0E, 0x00, 0x00, 0x00, 0x0F, 0x00, 0x00,
		0x00, 0x10, 0x00, 0x00, 0x00, 0x11, 0x00, 0x00, 0x00, 0x12, 0x00, 0x00,
		0x00, 0x13, 0x00, 0x00, 0x00, 0x14, 0x00, 0x00, 0x00, 0x15, 0x1C, 0x00,
		0x00, 0x5C, 0x00, 0x13, 0x16, 0x1C, 0x00, 0x1F, 0x17, 0x1C, 0x00, 0x04,
		0x13, 0x18, 0x60, 0x00, 0x13, 0x19, 0x08, 0x00, 0x13, 0x1A, 0x08, 0x00,
		0xD0, 0x1B, 0x00, 0x00, 0x00, 0x1C, 0x00, 0x00, 0x00, 0x1D, 0x00, 0x00,
		0x00, 0x1E, 0x88, 0x00, 0x90, 0x18, 0x09, 0x06, 0x06, 0x0C, 0x0E, 0x0D,
		0x0E, 0x08, 0x09, 0x00, 0x21, 0x0F, 0x0F, 0x0F, 0x00, 0x10, 0x0F, 0x04,
		0x00, 0xB0, 0x08, 0x08, 0x08, 0x09, 0x0F, 0x01, 0x01, 0x00, 0xDD, 0xEE,
		0xFF, 0x00, 0x00, 0x00, 0x00, 0x00, 0x00, 0x00, 0x05, 0x33, 0x56, 0x4B,
		0x1D, 0xCE, 0xD3, 0x39, 0x42, 0x94, 0x07, 0x44, 0x9B, 0x78, 0x83, 0x17,
		0x14, 0x5B, 0x17, 0x32, 0x01, 0x00, 0x00, 0x00, 0x00, 0x00, 0x00, 0x40,
		0x90, 0x0B, 0x00, 0x00, 0x1A, 0x00, 0x00, 0x00, 0x99, 0x01, 0x00, 0x00,
		0xE6, 0x07, 0x00, 0x00, 0x77, 0x00, 0xF1, 0x00, 0x9A, 0x4B, 0x00, 0x00,
		0xD6, 0x0D, 0x00, 0x00, 0x00, 0x00, 0x00, 0x00, 0x00, 0x00, 0x00, 0x00,
		0x00, 0x00, 0x00, 0x00, 0x00, 0x00, 0x00, 0x00, 0xC0, 0x18, 0x00, 0x00,
		0xF7, 0x07, 0x00, 0x00, 0xDA, 0x32, 0x00, 0x00, 0xDF, 0x05, 0x00, 0x00,
		0xB3, 0x00, 0x00, 0x00, 0x00, 0x00, 0x00, 0x00, 0x44, 0x09, 0x00, 0x00,
		0x6A, 0x00, 0x00, 0x00, 0x31, 0x07, 0x00, 0x00, 0x77, 0x00, 0x00, 0x00,
		0x4C, 0x00, 0x00, 0x00, 0x68, 0x00, 0x00, 0x00, 0xF4, 0x18, 0x5F, 0x63,
		0x6C, 0x61, 0x73, 0x73, 0x00, 0x43, 0x50, 0x61, 0x72, 0x74, 0x69, 0x63,
		0x6C, 0x65, 0x53, 0x79, 0x73, 0x74, 0x65, 0x6D, 0x44, 0x65, 0x66, 0x69,
		0x6E, 0x69, 0x74, 0x69, 0x6F, 0x6E, 0x00, 0x6D, 0x5F, 0x6E, 0x4D, 0x61,
		0x78, 0x1F, 0x00, 0xFB, 0x03, 0x73, 0x00, 0x6D, 0x5F, 0x42, 0x6F, 0x75,
		0x6E, 0x64, 0x69, 0x6E, 0x67, 0x42, 0x6F, 0x78, 0x4D, 0x69, 0x6E, 0x11,
		0x00, 0x20, 0x61, 0x78, 0x32, 0x00, 0xC3, 0x42, 0x65, 0x68, 0x61, 0x76,
		0x69, 0x6F, 0x72, 0x56, 0x65, 0x72, 0x73, 0x45, 0x00, 0xF0, 0x15, 0x46,
		0x69, 0x72, 0x73, 0x74, 0x4D, 0x75, 0x6C, 0x74, 0x69, 0x70, 0x6C, 0x65,
		0x4F, 0x76, 0x65, 0x72, 0x72, 0x69, 0x64, 0x65, 0x5F, 0x42, 0x61, 0x63,
		0x6B, 0x77, 0x61, 0x72, 0x64, 0x43, 0x6F, 0x6D, 0x70, 0x61, 0x74, 0x28,
		0x00, 0xF4, 0x0A, 0x43, 0x6F, 0x6E, 0x73, 0x74, 0x61, 0x6E, 0x74, 0x53,
		0x65, 0x71, 0x75, 0x65, 0x6E, 0x63, 0x65, 0x4E, 0x75, 0x6D, 0x62, 0x65,
		0x72, 0x00, 0x6D, 0x5F, 0x19, 0x00, 0x40, 0x43, 0x6F, 0x6C, 0x6F, 0x10,
		0x00, 0xA0, 0x63, 0x6F, 0x6E, 0x74, 0x72, 0x6F, 0x6C, 0x50, 0x6F, 0x69,
		0x14, 0x00, 0x70, 0x6E, 0x66, 0x69, 0x67, 0x75, 0x72, 0x61, 0xB3, 0x00,
		0x10, 0x73, 0x47, 0x00, 0xE3, 0x61, 0x6D, 0x65, 0x00, 0x70, 0x72, 0x65,
		0x76, 0x69, 0x65, 0x77, 0x00, 0x6D, 0x5F, 0x0A, 0x00, 0x56, 0x53, 0x74,
		0x61, 0x74, 0x65, 0x0F, 0x00, 0xF0, 0x03, 0x4D, 0x6F, 0x64, 0x65, 0x6C,
		0x00, 0x63, 0x68, 0x61, 0x72, 0x61, 0x63, 0x74, 0x65, 0x72, 0x73, 0x2F,
		0x6D, 0x11, 0x00, 0xFD, 0x03, 0x73, 0x2F, 0x74, 0x6D, 0x5F, 0x6A, 0x75,
		0x6E, 0x67, 0x6C, 0x65, 0x5F, 0x72, 0x61, 0x69, 0x64, 0x65, 0x72, 0x11,
		0x00, 0xF4, 0x04, 0x5F, 0x76, 0x61, 0x72, 0x69, 0x61, 0x6E, 0x74, 0x62,
		0x32, 0x2E, 0x76, 0x6D, 0x64, 0x6C, 0x00, 0x6D, 0x5F, 0x73, 0xAE, 0x00,
		0x00, 0x78, 0x00, 0x66, 0x74, 0x6F, 0x6F, 0x6C, 0x73, 0x5F, 0x7E, 0x00,
		0x91, 0x68, 0x69, 0x74, 0x62, 0x6F, 0x78, 0x53, 0x65, 0x74, 0x1E, 0x00,
		0x60, 0x63, 0x73, 0x74, 0x72, 0x69, 0x6B, 0x87, 0x00, 0x40, 0x45, 0x6D,
		0x69, 0x74, 0x78, 0x00, 0x50, 0x00, 0x43, 0x5F, 0x4F, 0x50, 0xE0, 0x00,
		0x72, 0x74, 0x69, 0x6E, 0x75, 0x6F, 0x75, 0x73, 0x18, 0x00, 0x00, 0xE4,
		0x00, 0x20, 0x66, 0x6C, 0x0C, 0x00, 0x12, 0x52, 0xB6, 0x00, 0xF2, 0x16,
		0x6E, 0x54, 0x79, 0x70, 0x65, 0x00, 0x50, 0x46, 0x5F, 0x54, 0x59, 0x50,
		0x45, 0x5F, 0x43, 0x4F, 0x4E, 0x54, 0x52, 0x4F, 0x4C, 0x5F, 0x50, 0x4F,
		0x49, 0x4E, 0x54, 0x5F, 0x43, 0x4F, 0x4D, 0x50, 0x4F, 0x4E, 0x45, 0x4E,
		0x54, 0xB0, 0x01, 0x14, 0x70, 0x2B, 0x00, 0x32, 0x4D, 0x41, 0x50, 0x2F,
		0x00, 0x51, 0x52, 0x45, 0x4D, 0x41, 0x50, 0x52, 0x00, 0xB0, 0x4C, 0x69,
		0x74, 0x65, 0x72, 0x61, 0x6C, 0x56, 0x61, 0x6C, 0x75, 0x56, 0x00, 0x00,
		0x94, 0x00, 0x14, 0x64, 0x0D, 0x00, 0x27, 0x6E, 0x43, 0x55, 0x01, 0x00,
		0x10, 0x00, 0xD2, 0x53, 0x63, 0x61, 0x6C, 0x61, 0x72, 0x41, 0x74, 0x74,
		0x72, 0x69, 0x62, 0x75, 0x86, 0x00, 0x5F, 0x56, 0x65, 0x63, 0x74, 0x6F,
		0x13, 0x00, 0x01, 0x00, 0xC4, 0x01, 0x51, 0x6F, 0x6E, 0x65, 0x6E, 0x74,
		0x67, 0x00, 0x62, 0x52, 0x61, 0x6E, 0x64, 0x6F, 0x6D, 0x21, 0x02, 0x05,
		0x0E, 0x00, 0x01, 0x1E, 0x02, 0x42, 0x62, 0x48, 0x61, 0x73, 0x10, 0x00,
		0x80, 0x53, 0x69, 0x67, 0x6E, 0x46, 0x6C, 0x69, 0x70, 0x44, 0x00, 0x03,
		0x12, 0x00, 0x36, 0x65, 0x65, 0x64, 0x0E, 0x00, 0x00, 0xA1, 0x01, 0x00,
		0xC6, 0x00, 0xA1, 0x52, 0x41, 0x4E, 0x44, 0x4F, 0x4D, 0x5F, 0x4D, 0x4F,
		0x44, 0xF8, 0x00, 0x52, 0x53, 0x54, 0x41, 0x4E, 0x54, 0xCC, 0x00, 0x34,
		0x4F, 0x44, 0x30, 0x09, 0x00, 0x14, 0x31, 0x09, 0x00, 0x14, 0x32, 0x09,
		0x00, 0x10, 0x33, 0x4A, 0x00, 0xAE, 0x4E, 0x6F, 0x69, 0x73, 0x65, 0x49,
		0x6E, 0x70, 0x75, 0x74, 0xB9, 0x00, 0x21, 0x66, 0x6C, 0x1E, 0x00, 0x64,
		0x4F, 0x75, 0x74, 0x70, 0x75, 0x74, 0xAB, 0x00, 0x08, 0x13, 0x00, 0x26,
		0x61, 0x78, 0x13, 0x00, 0x00, 0x0B, 0x01, 0x00, 0x35, 0x00, 0x32, 0x76,
		0x65, 0x63, 0x23, 0x00, 0x44, 0x66, 0x66, 0x73, 0x65, 0x9C, 0x01, 0x27,
		0x66, 0x6C, 0x14, 0x00, 0x05, 0x77, 0x00, 0x75, 0x4F, 0x63, 0x74, 0x61,
		0x76, 0x65, 0x73, 0x10, 0x00, 0x60, 0x54, 0x75, 0x72, 0x62, 0x75, 0x6C,
		0x28, 0x02, 0x00, 0xD6, 0x00, 0xF6, 0x00, 0x4E, 0x4F, 0x49, 0x53, 0x45,
		0x5F, 0x54, 0x55, 0x52, 0x42, 0x5F, 0x4E, 0x4F, 0x4E, 0x45, 0x26, 0x00,
		0x28, 0x79, 0x70, 0x20, 0x00, 0x00, 0xBE, 0x01, 0x65, 0x50, 0x45, 0x52,
		0x4C, 0x49, 0x4E, 0x22, 0x00, 0x85, 0x4D, 0x6F, 0x64, 0x69, 0x66, 0x69,
		0x65, 0x72, 0x26, 0x00, 0x00, 0x1B, 0x01, 0x54, 0x49, 0x46, 0x49, 0x45,
		0x52, 0x4A, 0x00, 0x2B, 0x66, 0x6C, 0x71, 0x00, 0x04, 0xBE, 0x00, 0x0D,
		0x19, 0x00, 0x27, 0x4D, 0x69, 0xE4, 0x00, 0x43, 0x49, 0x6D, 0x67, 0x50,
		0x2B, 0x03, 0x03, 0x30, 0x00, 0x1B, 0x62, 0x18, 0x00, 0x34, 0x4C, 0x69,
		0x76, 0x47, 0x00, 0xE0, 0x43, 0x61, 0x6D, 0x65, 0x72, 0x61, 0x46, 0x61,
		0x6C, 0x6C, 0x62, 0x61, 0x63, 0x6B, 0x2C, 0x00, 0x31, 0x55, 0x73, 0x65,
		0x0C, 0x04, 0x42, 0x73, 0x43, 0x65, 0x6E, 0xC1, 0x02, 0x11, 0x6E, 0x7A,
		0x01, 0x04, 0xC8, 0x01, 0x53, 0x49, 0x4E, 0x50, 0x55, 0x54, 0xC7, 0x01,
		0x61, 0x4C, 0x41, 0x4D, 0x50, 0x45, 0x44, 0x4B, 0x00, 0x00, 0x16, 0x04,
		0x20, 0x46, 0x61, 0x9D, 0x01, 0x01, 0x0F, 0x00, 0x01, 0x33, 0x00, 0x16,
		0x30, 0x0B, 0x00, 0x02, 0xD9, 0x01, 0x02, 0x92, 0x01, 0x17, 0x30, 0x0C,
		0x00, 0x13, 0x31, 0x88, 0x00, 0xA6, 0x74, 0x63, 0x68, 0x65, 0x64, 0x52,
		0x61, 0x6E, 0x67, 0x65, 0xC3, 0x01, 0x07, 0x14, 0x00, 0x28, 0x61, 0x78,
		0x14, 0x00, 0x02, 0x3B, 0x00, 0x7E, 0x4F, 0x75, 0x74, 0x73, 0x69, 0x64,
		0x65, 0x19, 0x00, 0x23, 0x49, 0x6E, 0x18, 0x00, 0x20, 0x6E, 0x52, 0xC9,
		0x00, 0x04, 0x8B, 0x01, 0x52, 0x52, 0x4F, 0x55, 0x4E, 0x44, 0x8B, 0x01,
		0x71, 0x4E, 0x45, 0x41, 0x52, 0x45, 0x53, 0x54, 0xE6, 0x04, 0x34, 0x69,
		0x61, 0x73, 0x22, 0x00, 0x42, 0x42, 0x49, 0x41, 0x53, 0x21, 0x00, 0x00,
		0x9E, 0x02, 0x32, 0x44, 0x41, 0x52, 0xDB, 0x00, 0x00, 0x23, 0x00, 0x72,
		0x50, 0x61, 0x72, 0x61, 0x6D, 0x65, 0x74, 0xC5, 0x04, 0x21, 0x75, 0x72,
		0x40, 0x01, 0xA1, 0x73, 0x70, 0x6C, 0x69, 0x6E, 0x65, 0x00, 0x78, 0x00,
		0x79, 0x27, 0x00, 0xD5, 0x53, 0x6C, 0x6F, 0x70, 0x65, 0x49, 0x6E, 0x63,
		0x6F, 0x6D, 0x69, 0x6E, 0x67, 0x12, 0x00, 0x00, 0x86, 0x02, 0x22, 0x67,
		0x6F, 0x12, 0x00, 0x10, 0x74, 0xCC, 0x00, 0x21, 0x6E, 0x74, 0x4C, 0x02,
		0x04, 0x29, 0x00, 0x12, 0x54, 0x14, 0x00, 0xF2, 0x04, 0x00, 0x43, 0x55,
		0x52, 0x56, 0x45, 0x5F, 0x54, 0x41, 0x4E, 0x47, 0x45, 0x4E, 0x54, 0x5F,
		0x53, 0x50, 0x4C, 0x49, 0x4E, 0x02, 0x04, 0x3F, 0x00, 0x03, 0x28, 0x00,
		0x00, 0xBC, 0x02, 0xA7, 0x44, 0x6F, 0x6D, 0x61, 0x69, 0x6E, 0x4D, 0x69,
		0x6E, 0x73, 0x0E, 0x00, 0x21, 0x61, 0x78, 0x57, 0x00, 0x52, 0x45, 0x76,
		0x65, 0x6E, 0x74, 0xD0, 0x00, 0xA0, 0x41, 0x52, 0x54, 0x49, 0x43, 0x4C,
		0x45, 0x5F, 0x45, 0x56, 0x52, 0x00, 0x01, 0xD7, 0x00, 0xD0, 0x4D, 0x41,
		0x53, 0x4B, 0x5F, 0x43, 0x4F, 0x4C, 0x4C, 0x49, 0x53, 0x49, 0x4F, 0x8B,
		0x02, 0x10, 0x49, 0x21, 0x06, 0x42, 0x61, 0x6C, 0x69, 0x7A, 0xC2, 0x04,
		0xF2, 0x05, 0x49, 0x4E, 0x49, 0x54, 0x5F, 0x43, 0x72, 0x65, 0x61, 0x74,
		0x65, 0x57, 0x69, 0x74, 0x68, 0x69, 0x6E, 0x42, 0x6F, 0x78, 0x2E, 0x03,
		0x00, 0x96, 0x01, 0x42, 0x50, 0x56, 0x45, 0x43, 0x48, 0x00, 0x70, 0x4C,
		0x49, 0x54, 0x45, 0x52, 0x41, 0x4C, 0x1B, 0x00, 0x0B, 0x8A, 0x04, 0x03,
		0x0F, 0x00, 0x04, 0xE0, 0x05, 0x79, 0x62, 0x46, 0x6F, 0x6C, 0x6C, 0x6F,
		0x77, 0xA0, 0x04, 0x1B, 0x76, 0xC4, 0x03, 0x04, 0xA6, 0x02, 0x6B, 0x6E,
		0x44, 0x65, 0x6C, 0x74, 0x61, 0xBD, 0x04, 0x31, 0x76, 0x43, 0x50, 0x38,
		0x00, 0x05, 0xB9, 0x03, 0xD4, 0x43, 0x50, 0x52, 0x65, 0x6C, 0x61, 0x74,
		0x69, 0x76, 0x65, 0x50, 0x6F, 0x73, 0xDE, 0x06, 0x07, 0x16, 0x00, 0x20,
		0x44, 0x69, 0x78, 0x00, 0x55, 0x46, 0x6C, 0x6F, 0x61, 0x74, 0xCC, 0x04,
		0x15, 0x58, 0x71, 0x05, 0x04, 0xB9, 0x00, 0x08, 0x56, 0x05, 0x6D, 0x44,
		0x49, 0x52, 0x45, 0x43, 0x54, 0x35, 0x00, 0x1D, 0x59, 0x12, 0x00, 0x14,
		0x5A, 0x12, 0x00, 0x10, 0x49, 0x19, 0x03, 0x13, 0x70, 0xDD, 0x02, 0x00,
		0x0B, 0x00, 0x09, 0xEE, 0x02, 0x05, 0x11, 0x00, 0x10, 0x31, 0x9A, 0x00,
		0x02, 0x10, 0x00, 0x06, 0xF9, 0x02, 0x09, 0x11, 0x00, 0x00, 0x22, 0x00,
		0x52, 0x47, 0x72, 0x61, 0x64, 0x69, 0xDA, 0x01, 0x41, 0x53, 0x74, 0x6F,
		0x70, 0xD4, 0x01, 0x08, 0x78, 0x05, 0x18, 0x76, 0x77, 0x05, 0x00, 0x8A,
		0x01, 0x24, 0x61, 0x78, 0xAA, 0x01, 0x00, 0xBE, 0x01, 0x01, 0x91, 0x00,
		0x01, 0xCA, 0x01, 0x00, 0x1E, 0x05, 0x01, 0x63, 0x01, 0x04, 0xED, 0x00,
		0x05, 0x02, 0x02, 0x69, 0x4E, 0x55, 0x4D, 0x42, 0x45, 0x52, 0xF5, 0x00,
		0x01, 0x6F, 0x02, 0x0B, 0xCF, 0x03, 0x32, 0x4C, 0x4F, 0x4F, 0xCE, 0x03,
		0x12, 0x6E, 0x9E, 0x00, 0x54, 0x46, 0x69, 0x65, 0x6C, 0x64, 0x6C, 0x00,
		0x65, 0x4E, 0x6F, 0x72, 0x6D, 0x61, 0x6C, 0x1C, 0x05, 0x02, 0x09, 0x00,
		0x02, 0xA2, 0x00, 0x03, 0x0C, 0x00, 0x02, 0x18, 0x06, 0x01, 0x28, 0x00,
		0x00, 0x51, 0x02, 0x0C, 0xA5, 0x00, 0x00, 0xF4, 0x07, 0x31, 0x6C, 0x65,
		0x63, 0xB2, 0x01, 0x03, 0x1B, 0x00, 0x02, 0xDA, 0x00, 0x31, 0x59, 0x61,
		0x77, 0x40, 0x06, 0x04, 0xB7, 0x00, 0x03, 0x29, 0x06, 0x77, 0x55, 0x4E,
		0x49, 0x46, 0x4F, 0x52, 0x4D, 0x47, 0x00, 0x00, 0xAA, 0x02, 0x81, 0x56,
		0x65, 0x6C, 0x6F, 0x63, 0x69, 0x74, 0x79, 0xD2, 0x04, 0x02, 0x48, 0x04,
		0x03, 0x93, 0x00, 0x00, 0x1C, 0x01, 0x08, 0x05, 0x06, 0x06, 0x0F, 0x00,
		0x0D, 0x01, 0x06, 0xF1, 0x00, 0x4C, 0x6F, 0x63, 0x00, 0x6D, 0x5F, 0x54,
		0x72, 0x61, 0x6E, 0x73, 0x66, 0x6F, 0x72, 0x6D, 0x3B, 0x01, 0x23, 0x00,
		0x50, 0x24, 0x03, 0x7A, 0x49, 0x4E, 0x56, 0x41, 0x4C, 0x49, 0x44, 0xA4,
		0x00, 0x04, 0xC9, 0x08, 0x01, 0x4F, 0x07, 0x03, 0x0C, 0x00, 0x02, 0x58,
		0x00, 0x74, 0x4F, 0x70, 0x65, 0x72, 0x61, 0x74, 0x6F, 0x01, 0x08, 0x02,
		0xDE, 0x01, 0xB2, 0x6F, 0x6C, 0x61, 0x74, 0x65, 0x52, 0x61, 0x64, 0x69,
		0x75, 0x73, 0x01, 0x08, 0x26, 0x6E, 0x64, 0xBC, 0x05, 0x00, 0x4F, 0x04,
		0x02, 0x2D, 0x00, 0x52, 0x44, 0x65, 0x63, 0x61, 0x79, 0x0B, 0x00, 0xA1,
		0x42, 0x61, 0x73, 0x69, 0x63, 0x4D, 0x6F, 0x76, 0x65, 0x6D, 0x0B, 0x02,
		0x00, 0x16, 0x02, 0x31, 0x76, 0x69, 0x74, 0x59, 0x04, 0x42, 0x44, 0x72,
		0x61, 0x67, 0x25, 0x00, 0x20, 0x52, 0x6F, 0xFC, 0x08, 0x02, 0x3F, 0x03,
		0x02, 0xE2, 0x00, 0x75, 0x52, 0x6F, 0x74, 0x41, 0x78, 0x69, 0x73, 0xF2,
		0x00, 0x04, 0x10, 0x00, 0x03, 0xF3, 0x00, 0x21, 0x52, 0x6F, 0xDC, 0x06,
		0x05, 0xC1, 0x07, 0x03, 0x0F, 0x00, 0x23, 0x61, 0x78, 0xAE, 0x08, 0x00,
		0xA6, 0x03, 0x07, 0xB2, 0x00, 0x22, 0x00, 0x6D, 0x13, 0x00, 0x23, 0x46,
		0x61, 0x57, 0x05, 0x00, 0x09, 0x00, 0x86, 0x53, 0x74, 0x61, 0x72, 0x74,
		0x54, 0x69, 0x6D, 0x12, 0x00, 0x31, 0x45, 0x6E, 0x64, 0x10, 0x00, 0x01,
		0x44, 0x00, 0x00, 0x11, 0x00, 0x61, 0x49, 0x6E, 0x53, 0x69, 0x6D, 0x70,
		0xDF, 0x00, 0x89, 0x46, 0x6F, 0x72, 0x63, 0x65, 0x47, 0x65, 0x6E, 0x15,
		0x01, 0x02, 0x44, 0x01, 0x00, 0x1B, 0x00, 0x00, 0x23, 0x00, 0x35, 0x4D,
		0x61, 0x78, 0x0B, 0x00, 0x22, 0x69, 0x6E, 0x0B, 0x00, 0x01, 0x27, 0x00,
		0x34, 0x50, 0x65, 0x72, 0xA3, 0x0A, 0x04, 0x21, 0x00, 0x21, 0x66, 0x6C,
		0x0A, 0x00, 0x02, 0x3D, 0x01, 0x0D, 0xD8, 0x02, 0xC1, 0x41, 0x47, 0x45,
		0x5F, 0x4E, 0x4F, 0x52, 0x4D, 0x41, 0x4C, 0x49, 0x5A, 0xB9, 0x02, 0x14,
		0x76, 0x38, 0x00, 0x65, 0x52, 0x65, 0x6E, 0x64, 0x65, 0x72, 0x97, 0x09,
		0x02, 0x0F, 0x00, 0x72, 0x53, 0x70, 0x72, 0x69, 0x74, 0x65, 0x73, 0x2A,
		0x01, 0x81, 0x54, 0x65, 0x78, 0x74, 0x75, 0x72, 0x65, 0x73, 0xFD, 0x01,
		0x00, 0xE0, 0x09, 0x03, 0x11, 0x00, 0xC3, 0x00, 0x6D, 0x61, 0x74, 0x65,
		0x72, 0x69, 0x61, 0x6C, 0x73, 0x2F, 0x70, 0x8D, 0x00, 0xF1, 0x00, 0x2F,
		0x62, 0x61, 0x73, 0x65, 0x5F, 0x74, 0x72, 0x61, 0x69, 0x6C, 0x2E, 0x76,
		0x74, 0x65, 0xE7, 0x02, 0x42, 0x4F, 0x6E, 0x6C, 0x79, 0x56, 0x00, 0xF0,
		0x00, 0x49, 0x6E, 0x45, 0x66, 0x66, 0x65, 0x63, 0x74, 0x73, 0x42, 0x6C,
		0x6F, 0x6F, 0x6D, 0x50, 0x89, 0x0B, 0xA2, 0xAC, 0x00, 0x00, 0x00, 0xFF,
		0x00, 0x00, 0x00, 0x8C, 0x00, 0x01, 0x00, 0x2F, 0xFF, 0x00, 0x01, 0x00,
		0x2B, 0x00, 0x40, 0x00, 0x5F, 0x9F, 0x00, 0x00, 0x00, 0x56, 0x1E, 0x00,
		0x02, 0x2F, 0x20, 0xC0, 0x08, 0x00, 0x04, 0x1E, 0x40, 0x08, 0x00, 0x0F,
		0x01, 0x00, 0x19, 0x12, 0x24, 0x30, 0x00, 0x23, 0x40, 0x8F, 0x08, 0x00,
		0x1A, 0x7F, 0x08, 0x00, 0x23, 0x00, 0x39, 0x68, 0x00, 0x2F, 0xF0, 0x3F,
		0x08, 0x00, 0x1B, 0x0E, 0x01, 0x00, 0x0E, 0x20, 0x00, 0x0F, 0x01, 0x00,
		0xF1, 0x0E, 0x40, 0x01, 0x0F, 0x47, 0x00, 0x22, 0x39, 0x40, 0x7F, 0xC0,
		0x08, 0x00, 0x3F, 0xE0, 0x75, 0x40, 0xB8, 0x01, 0xFF, 0x93, 0x0F, 0x01,
		0x00, 0x15, 0x23, 0x80, 0x61, 0xD0, 0x01, 0x2E, 0x6E, 0x40, 0xF0, 0x01,
		0x09, 0x08, 0x00, 0x0E, 0xC8, 0x03, 0x0F, 0x01, 0x00, 0x62, 0x2A, 0x39,
		0xC0, 0x08, 0x00, 0x2F, 0x24, 0xC0, 0x90, 0x02, 0xFF, 0x94, 0x2A, 0x39,
		0x40, 0x08, 0x00, 0x1F, 0x3E, 0xB8, 0x01, 0xFF, 0x95, 0x0F, 0x01, 0x00,
		0x35, 0x1F, 0x14, 0xF0, 0x01, 0xFF, 0xCD, 0x2E, 0xF0, 0xBF, 0x08, 0x00,
		0x0F, 0x98, 0x00, 0x09, 0x2F, 0x2E, 0x40, 0x08, 0x00, 0x04, 0x1E, 0xC0,
		0x08, 0x00, 0x0F, 0x08, 0x01, 0x29, 0x0D, 0xD1, 0x08, 0x0F, 0x88, 0x02,
		0xFF, 0x94, 0x3F, 0xC0, 0x62, 0xC0, 0x08, 0x00, 0x04, 0x17, 0x40, 0x08,
		0x00, 0x50, 0x00, 0x00, 0xC0, 0x62, 0x40, 0x93, 0x0E, 0x00, 0x00, 0x00,
		0x02, 0x00, 0x00, 0x00, 0x03, 0x04, 0x00, 0x6E, 0x2F, 0x00, 0x00, 0x00,
		0x04, 0x00, 0x04, 0x00, 0x1B, 0x02, 0x04, 0x00, 0x00, 0x2C, 0x00, 0x17,
		0x17, 0x30, 0x00, 0x0F, 0x08, 0x00, 0x05, 0x1F, 0x01, 0x28, 0x00, 0x18,
		0x00, 0x54, 0x00, 0x1F, 0x2E, 0x78, 0x00, 0x04, 0x13, 0x04, 0x20, 0x00,
		0x17, 0x24, 0x30, 0x00, 0x17, 0x02, 0x40, 0x00, 0x1F, 0x07, 0x90, 0x00,
		0x40, 0x17, 0x01, 0xEC, 0x00, 0x17, 0x2F, 0x84, 0x00, 0x1F, 0x01, 0x00,
		0x01, 0x1C, 0x04, 0x0C, 0x00, 0x1B, 0x05, 0xEC, 0x00, 0x08, 0xD0, 0x00,
		0x0F, 0x6C, 0x01, 0x05, 0x0F, 0x3C, 0x01, 0x19, 0x17, 0x02, 0x0C, 0x00,
		0x01, 0x08, 0x00, 0xB2, 0x03, 0x04, 0x01, 0x01, 0x03, 0x04, 0x04, 0x02,
		0x02, 0x09, 0x03, 0x01, 0x00, 0x26, 0x02, 0x02, 0x03, 0x00, 0x06, 0x01,
		0x00, 0x0C, 0x16, 0x00, 0x45, 0x02, 0x02, 0x02, 0x02, 0x17, 0x00, 0x0F,
		0x39, 0x00, 0x1B, 0x1F, 0x06, 0x1A, 0x00, 0x06, 0x08, 0x35, 0x00, 0x0F,
		0x54, 0x00, 0x04, 0x20, 0x02, 0x01, 0xB6, 0x00, 0x06, 0x78, 0x01, 0x22,
		0x88, 0x13, 0xCC, 0x00, 0x04, 0x3C, 0x01, 0x53, 0x0C, 0x00, 0x00, 0x00,
		0x06, 0x04, 0x00, 0x13, 0x07, 0x08, 0x00, 0xD3, 0x08, 0x00, 0x00, 0x00,
		0x09, 0x00, 0x00, 0x00, 0x0A, 0x00, 0x00, 0x00, 0x0B, 0x24, 0x00, 0x40,
		0x0D, 0x00, 0x00, 0x00, 0xD8, 0x02, 0xF2, 0x03, 0x0F, 0x00, 0x00, 0x00,
		0x10, 0x00, 0x00, 0x00, 0x11, 0x00, 0x00, 0x00, 0x12, 0x00, 0x00, 0x00,
		0x13, 0x00, 0x01, 0x00, 0x93, 0x14, 0x00, 0x00, 0x00, 0x15, 0x00, 0x00,
		0x00, 0x16, 0x60, 0x01, 0xF3, 0x06, 0x18, 0x00, 0x00, 0x00, 0x19, 0x00,
		0x00, 0x00, 0x1A, 0x00, 0x00, 0x00, 0x1B, 0x00, 0x00, 0x00, 0xFF, 0xFF,
		0xFF, 0xFF, 0x1C, 0x84, 0x00, 0x13, 0x1D, 0x50, 0x01, 0x13, 0x1E, 0x70,
		0x00, 0xF3, 0x02, 0x1F, 0x00, 0x00, 0x00, 0x20, 0x00, 0x00, 0x00, 0x21,
		0x00, 0x00, 0x00, 0x22, 0x00, 0x00, 0x00, 0x23, 0x30, 0x00, 0x00, 0xC8,
		0x01, 0xF3, 0x12, 0x25, 0x00, 0x00, 0x00, 0x26, 0x00, 0x00, 0x00, 0x27,
		0x00, 0x00, 0x00, 0x28, 0x00, 0x00, 0x00, 0x29, 0x00, 0x00, 0x00, 0x2A,
		0x00, 0x00, 0x00, 0x2B, 0x00, 0x00, 0x00, 0x2C, 0x00, 0x00, 0x00, 0x2D,
		0xE0, 0x02, 0x00, 0xB8, 0x01, 0xFF, 0x7A, 0x30, 0x00, 0x00, 0x00, 0x31,
		0x00, 0x00, 0x00, 0x32, 0x00, 0x00, 0x00, 0x33, 0x00, 0x00, 0x00, 0x34,
		0x00, 0x00, 0x00, 0x35, 0x00, 0x00, 0x00, 0x36, 0x00, 0x00, 0x00, 0x37,
		0x00, 0x00, 0x00, 0x38, 0x00, 0x00, 0x00, 0x39, 0x00, 0x00, 0x00, 0x3A,
		0x00, 0x00, 0x00, 0x3B, 0x00, 0x00, 0x00, 0x3C, 0x00, 0x00, 0x00, 0x3D,
		0x00, 0x00, 0x00, 0x3E, 0x00, 0x00, 0x00, 0x3F, 0x00, 0x00, 0x00, 0x40,
		0x00, 0x00, 0x00, 0x41, 0x00, 0x00, 0x00, 0x42, 0x00, 0x00, 0x00, 0x43,
		0x00, 0x00, 0x00, 0x44, 0x00, 0x00, 0x00, 0x45, 0x00, 0x00, 0x00, 0x46,
		0x00, 0x00, 0x00, 0x47, 0x00, 0x00, 0x00, 0x48, 0x00, 0x00, 0x00, 0x49,
		0x00, 0x00, 0x00, 0x4A, 0x00, 0x00, 0x00, 0x4B, 0x00, 0x00, 0x00, 0x4C,
		0x00, 0x00, 0x00, 0x4D, 0x00, 0x00, 0x00, 0x4E, 0x00, 0x00, 0x00, 0x4F,
		0x00, 0x00, 0x00, 0x50, 0x00, 0x00, 0x00, 0x51, 0x00, 0x00, 0x00, 0x52,
		0x10, 0x00, 0x20, 0xD3, 0x53, 0x00, 0x00, 0x00, 0x54, 0x00, 0x00, 0x00,
		0x55, 0x00, 0x00, 0x00, 0x56, 0x08, 0x00, 0x0F, 0x10, 0x00, 0x1D, 0xF3,
		0x02, 0x57, 0x00, 0x00, 0x00, 0x58, 0x00, 0x00, 0x00, 0x59, 0x00, 0x00,
		0x00, 0x5A, 0x00, 0x00, 0x00, 0x5B, 0x9C, 0x01, 0x53, 0x5C, 0x00, 0x00,
		0x00, 0x5D, 0x9C, 0x01, 0x97, 0x5E, 0x00, 0x00, 0x00, 0x5F, 0x00, 0x00,
		0x00, 0x60, 0x98, 0x01, 0x17, 0x61, 0x8C, 0x01, 0x40, 0x62, 0x00, 0x00,
		0x00, 0xA8, 0x01, 0xF3, 0x02, 0x63, 0x00, 0x00, 0x00, 0x64, 0x00, 0x00,
		0x00, 0x65, 0x00, 0x00, 0x00, 0x66, 0x00, 0x00, 0x00, 0x67, 0x40, 0x00,
		0x13, 0x68, 0xDC, 0x01, 0x1E, 0x69, 0xDC, 0x01, 0x0F, 0xD8, 0x01, 0xC2,
		0x13, 0x00, 0x9C, 0x01, 0x17, 0x00, 0x60, 0x01, 0x1F, 0x6A, 0x0C, 0x01,
		0xF8, 0x1F, 0x6B, 0x0C, 0x01, 0xF8, 0x1F, 0x6C, 0x0C, 0x01, 0xF8, 0xF3,
		0x06, 0x6D, 0x00, 0x00, 0x00, 0x6E, 0x00, 0x00, 0x00, 0x6F, 0x00, 0x00,
		0x00, 0x70, 0x00, 0x00, 0x00, 0x71, 0x00, 0x00, 0x00, 0x72, 0x24, 0x00,
		0x9F, 0x73, 0x00, 0x00, 0x00, 0x74, 0x00, 0x00, 0x00, 0x75, 0x94, 0x04,
		0xFF, 0xFF, 0xFF, 0xFF, 0x84, 0x00, 0x01, 0x00, 0x53, 0x76, 0x00, 0x00,
		0x00, 0x77, 0x38, 0x01, 0x13, 0x78, 0x38, 0x01, 0x1F, 0x79, 0x38, 0x01,
		0x90, 0x1F, 0x7A, 0x38, 0x01, 0x14, 0x0F, 0xC0, 0x0A, 0x21, 0x1F, 0x53,
		0x80, 0x0A, 0x18, 0x13, 0x7B, 0xE8, 0x00, 0x00, 0x01, 0x00, 0xD3, 0x7C,
		0x00, 0x00, 0x00, 0x7D, 0x00, 0x00, 0x00, 0x7E, 0x00, 0x00, 0x00, 0x7F,
		0x14, 0x00, 0x17, 0x80, 0x60, 0x01, 0x0C, 0x98, 0x02, 0x0F, 0x58, 0x01,
		0x0D, 0x0F, 0x4C, 0x01, 0x05, 0x0F, 0x48, 0x01, 0x2D, 0x0F, 0x78, 0x02,
		0x09, 0x0F, 0x60, 0x02, 0x15, 0x08, 0xF8, 0x00, 0x2E, 0x81, 0x00, 0x4C,
		0x02, 0x1F, 0x82, 0x84, 0x03, 0xF0, 0x00, 0x01, 0x00, 0x9F, 0x83, 0x00,
		0x00, 0x00, 0x84, 0x00, 0x00, 0x00, 0x85, 0x00, 0x08, 0xFF, 0xFF, 0xFF,
		0xFF, 0x84, 0x1F, 0x86, 0x94, 0x04, 0xFF, 0xFF, 0xFF, 0xFF, 0x84, 0x00,
		0xC0, 0x00, 0x10, 0x87, 0xBC, 0x17, 0x03, 0x38, 0x01, 0x13, 0x89, 0x20,
		0x00, 0x57, 0x8A, 0x00, 0x00, 0x00, 0x8B, 0x74, 0x0A, 0x0F, 0x6C, 0x0A,
		0xFD, 0x00, 0x90, 0x0B, 0x13, 0x8C, 0x14, 0x00, 0x93, 0x8D, 0x00, 0x00,
		0x00, 0x8E, 0x00, 0x00, 0x00, 0x8F, 0x10, 0x00, 0x13, 0x90, 0x08, 0x00,
		0x5F, 0x91, 0x00, 0x00, 0x00, 0x92, 0xF4, 0x05, 0xFF, 0xFF, 0xFF, 0xFF,
		0x84, 0x1F, 0x93, 0x30, 0x01, 0xF8, 0x00, 0x01, 0x00, 0xF3, 0x02, 0x94,
		0x00, 0x00, 0x00, 0x95, 0x00, 0x00, 0x00, 0x96, 0x00, 0x00, 0x00, 0x97,
		0x00, 0x00, 0x00, 0x98, 0x18, 0x00, 0xD3, 0x99, 0x00, 0x00, 0x00, 0x9A,
		0x00, 0x00, 0x00, 0x9B, 0x00, 0x00, 0x00, 0x9C, 0x14, 0x00, 0x53, 0x9D,
		0x00, 0x00, 0x00, 0x9E, 0x0C, 0x00, 0x93, 0x9F, 0x00, 0x00, 0x00, 0xA0,
		0x00, 0x00, 0x00, 0xA1, 0x10, 0x00, 0x53, 0xA2, 0x00, 0x00, 0x00, 0xA3,
		0x5C, 0x01, 0x1B, 0xA4, 0xDC, 0x13, 0x0F, 0x7C, 0x12, 0x95, 0x0F, 0x5C,
		0x1E, 0x51, 0x04, 0x7C, 0x01, 0x1F, 0xA5, 0xA4, 0x19, 0xFF, 0xFF, 0xFF,
		0xFF, 0x88, 0x13, 0x9F, 0xD4, 0x05, 0x00, 0xDC, 0x05, 0x13, 0xA6, 0x14,
		0x00, 0xDF, 0xA7, 0x00, 0x00, 0x00, 0xA8, 0x00, 0x00, 0x00, 0xA9, 0x00,
		0x00, 0x00, 0xAA, 0x14, 0x00, 0x04, 0x23, 0xAB, 0x00, 0x01, 0x00, 0x50,
		0x40, 0x7F, 0x40, 0x9A, 0x99, 0x01, 0x00, 0x22, 0xB9, 0x3F, 0x11, 0x00,
		0x13, 0xE0, 0x08, 0x00, 0x22, 0x50, 0x40, 0x20, 0x00, 0x13, 0x8F, 0x08,
		0x00, 0xF5, 0x02, 0xBF, 0x40, 0x14, 0xAE, 0x47, 0xE1, 0x7A, 0x14, 0x2A,
		0x40, 0x6B, 0x0C, 0x3A, 0x21, 0x74, 0xF9, 0x57, 0x08, 0x00, 0xF5, 0x08,
		0x0A, 0xF8, 0x35, 0x92, 0x04, 0x81, 0x06, 0x40, 0x14, 0x93, 0x37, 0xC0,
		0xCC, 0xAC, 0x71, 0x40, 0x77, 0x48, 0x31, 0x40, 0xA2, 0xD3, 0x58, 0x08,
		0x00, 0xF5, 0x08, 0xC5, 0x8D, 0x5B, 0xCC, 0xCF, 0x4D, 0x14, 0x40, 0x78,
		0x45, 0xF0, 0xBF, 0xF5, 0x28, 0x80, 0x40, 0xE8, 0x87, 0x11, 0xC2, 0xA3,
		0xF2, 0x58, 0x08, 0x00, 0x02, 0x70, 0x00, 0x15, 0x24, 0x70, 0x00, 0x75,
		0x0F, 0x60, 0x91, 0x5F, 0x3F, 0x84, 0x58, 0x08, 0x00, 0x0C, 0xA0, 0x00,
		0x0F, 0x10, 0x00, 0x6D, 0x04, 0x38, 0x01, 0x84, 0xBA, 0xD9, 0x1F, 0x28,
		0xB7, 0x6D, 0xFB, 0x3F, 0x08, 0x00, 0x02, 0xD5, 0x19, 0x13, 0x61, 0xD0,
		0x00, 0x1D, 0x6E, 0x20, 0x00, 0x04, 0x48, 0x00, 0x0F, 0x60, 0x00, 0x03,
		0x31, 0xE1, 0x3F, 0x33, 0x01, 0x00, 0x1F, 0xF7, 0x70, 0x00, 0x02, 0x4F,
		0xF0, 0x69, 0xF8, 0x40, 0xF8, 0x00, 0x72, 0x23, 0x00, 0x08, 0xE0, 0x00,
		0x1D, 0x10, 0x90, 0x00, 0x02, 0xC0, 0x00, 0x1F, 0xE3, 0x68, 0x00, 0x34,
		0x2F, 0xF0, 0xBF, 0x98, 0x02, 0x04, 0x14, 0xC0, 0xA0, 0x02, 0x11, 0x66,
		0x01, 0x00, 0x13, 0xD6, 0x40, 0x00, 0x1D, 0xC9, 0x48, 0x00, 0x66, 0x89,
		0xEE, 0x59, 0xD7, 0x68, 0xB9, 0x08, 0x00, 0xF4, 0x09, 0xD2, 0x73, 0x0B,
		0x5D, 0x89, 0x40, 0xE7, 0x3F, 0xAE, 0x0D, 0x15, 0xE3, 0xFC, 0x4D, 0xD8,
		0x3F, 0x9F, 0x3C, 0x2C, 0xD4, 0x9A, 0x26, 0x02, 0x40, 0x08, 0x00, 0x0F,
		0xB8, 0x00, 0x2D, 0xF2, 0x04, 0x09, 0x06, 0x0B, 0x19, 0x05, 0x19, 0x05,
		0x0B, 0x0B, 0x0B, 0x19, 0x0B, 0x18, 0x09, 0x06, 0x09, 0x06, 0x06, 0x06,
		0x07, 0x00, 0xF0, 0x14, 0x05, 0x06, 0x0B, 0x0B, 0x0B, 0x0F, 0x11, 0x12,
		0x0E, 0x0B, 0x06, 0x11, 0x11, 0x11, 0x11, 0x0F, 0x11, 0x12, 0x05, 0x19,
		0x05, 0x11, 0x10, 0x06, 0x06, 0x06, 0x12, 0x05, 0x12, 0x0D, 0x11, 0x0E,
		0x06, 0x05, 0x11, 0x02, 0x00, 0xBA, 0x12, 0x11, 0x12, 0x06, 0x06, 0x11,
		0x09, 0x18, 0x09, 0x11, 0x05, 0x01, 0x00, 0x33, 0x18, 0x09, 0x06, 0x01,
		0x00, 0x00, 0x60, 0x00, 0x01, 0x55, 0x00, 0x00, 0x0A, 0x00, 0xA0, 0x0B,
		0x06, 0x0E, 0x0B, 0x19, 0x05, 0x0F, 0x0F, 0x19, 0x05, 0x02, 0x00, 0x6F,
		0x09, 0x06, 0x06, 0x11, 0x06, 0x0F, 0x68, 0x00, 0x0B, 0x10, 0x12, 0x64,
		0x00, 0x04, 0x68, 0x00, 0x2F, 0x08, 0x08, 0x37, 0x00, 0x96, 0x21, 0x11,
		0x12, 0x3D, 0x00, 0x03, 0x43, 0x00, 0x0F, 0xFB, 0x00, 0xE6, 0x1F, 0x06,
		0x44, 0x00, 0x15, 0x02, 0x4C, 0x02, 0x01, 0x4B, 0x02, 0x18, 0x11, 0x43,
		0x02, 0x01, 0x9F, 0x02, 0x01, 0x06, 0x00, 0x11, 0x0D, 0x98, 0x02, 0x02,
		0x4B, 0x00, 0x01, 0x49, 0x00, 0x0A, 0x48, 0x00, 0x02, 0x8A, 0x00, 0x05,
		0x85, 0x00, 0x26, 0x0B, 0x06, 0x7B, 0x00, 0x2F, 0x05, 0x05, 0xBF, 0x00,
		0x19, 0x2F, 0x06, 0x05, 0xAB, 0x02, 0xFF, 0xE4, 0x66, 0x05, 0x12, 0x09,
		0x06, 0x06, 0x0B, 0x36, 0x02, 0x1F, 0x12, 0x36, 0x02, 0x1A, 0x7F, 0x10,
		0x18, 0x09, 0x06, 0x11, 0x05, 0x06, 0xE7, 0x04, 0xEB, 0x2F, 0x06, 0x05,
		0x43, 0x00, 0x20, 0x11, 0x06, 0x7D, 0x01, 0x51, 0x05, 0x06, 0x19, 0x0B,
		0x05, 0x29, 0x06, 0x04, 0x37, 0x04, 0x1F, 0x12, 0xEB, 0x03, 0x0F, 0x04,
		0x2D, 0x04, 0x46, 0x12, 0x12, 0x12, 0x12, 0x74, 0x06, 0x0F, 0x73, 0x05,
		0xEC, 0x00, 0x00, 0x01, 0x00, 0x0C, 0x01, 0xE0, 0x18, 0x09, 0x86, 0x01,
		0x06, 0x18, 0x09, 0x86, 0x01, 0x0D, 0x00, 0xDD, 0xEE, 0xFF
	};

	inline unsigned char falling_snow1[ 4574 ]
	{
		0xDE, 0x11, 0x00, 0x00, 0x0C, 0x00, 0x01, 0x00, 0x08, 0x00, 0x00, 0x00,
		0x03, 0x00, 0x00, 0x00, 0x52, 0x45, 0x52, 0x4C, 0x20, 0x00, 0x00, 0x00,
		0x48, 0x00, 0x00, 0x00, 0x52, 0x45, 0x44, 0x32, 0x60, 0x00, 0x00, 0x00,
		0xC7, 0x02, 0x00, 0x00, 0x44, 0x41, 0x54, 0x41, 0x24, 0x03, 0x00, 0x00,
		0x8E, 0x0E, 0x00, 0x00, 0x0C, 0x00, 0x00, 0x00, 0x01, 0x00, 0x00, 0x00,
		0x00, 0x00, 0x00, 0x00, 0x15, 0x9E, 0xC0, 0x18, 0xE4, 0x3D, 0x05, 0xBF,
		0x08, 0x00, 0x00, 0x00, 0x00, 0x00, 0x00, 0x00, 0x6D, 0x61, 0x74, 0x65,
		0x72, 0x69, 0x61, 0x6C, 0x73, 0x2F, 0x70, 0x61, 0x72, 0x74, 0x69, 0x63,
		0x6C, 0x65, 0x73, 0x2F, 0x65, 0x6E, 0x76, 0x69, 0x72, 0x6F, 0x6E, 0x6D,
		0x65, 0x6E, 0x74, 0x2F, 0x73, 0x6E, 0x6F, 0x77, 0x5F, 0x31, 0x2E, 0x76,
		0x74, 0x65, 0x78, 0x00, 0x00, 0x00, 0x00, 0x00, 0x05, 0x33, 0x56, 0x4B,
		0x7C, 0x16, 0x12, 0x74, 0xE9, 0x06, 0x98, 0x46, 0xAF, 0xF2, 0xE6, 0x3E,
		0xB5, 0x90, 0x37, 0xE7, 0x01, 0x00, 0x00, 0x00, 0x00, 0x00, 0x00, 0x40,
		0x3C, 0x02, 0x00, 0x00, 0x01, 0x00, 0x00, 0x00, 0x00, 0x00, 0x00, 0x00,
		0x21, 0x00, 0x00, 0x00, 0x06, 0x00, 0x07, 0x00, 0x31, 0x03, 0x00, 0x00,
		0x4F, 0x02, 0x00, 0x00, 0x00, 0x00, 0x00, 0x00, 0x00, 0x00, 0x00, 0x00,
		0x00, 0x00, 0x00, 0x00, 0x00, 0x00, 0x00, 0x00, 0x40, 0x02, 0x00, 0x00,
		0xA0, 0x01, 0x00, 0x00, 0xF1, 0x00, 0x00, 0x00, 0xAF, 0x00, 0x00, 0x00,
		0x03, 0x00, 0x00, 0x00, 0x00, 0x00, 0x00, 0x00, 0x2C, 0x00, 0x00, 0x00,
		0x00, 0x00, 0x00, 0x00, 0x1E, 0x00, 0x00, 0x00, 0x06, 0x00, 0x00, 0x00,
		0x07, 0x00, 0x00, 0x00, 0x08, 0x00, 0x00, 0x00, 0xF0, 0x48, 0x6D, 0x5F,
		0x49, 0x6E, 0x70, 0x75, 0x74, 0x44, 0x65, 0x70, 0x65, 0x6E, 0x64, 0x65,
		0x6E, 0x63, 0x69, 0x65, 0x73, 0x00, 0x6D, 0x5F, 0x52, 0x65, 0x6C, 0x61,
		0x74, 0x69, 0x76, 0x65, 0x46, 0x69, 0x6C, 0x65, 0x6E, 0x61, 0x6D, 0x65,
		0x00, 0x66, 0x61, 0x6C, 0x6C, 0x69, 0x6E, 0x67, 0x5F, 0x73, 0x6E, 0x6F,
		0x77, 0x31, 0x2E, 0x76, 0x70, 0x63, 0x66, 0x00, 0x6D, 0x5F, 0x53, 0x65,
		0x61, 0x72, 0x63, 0x68, 0x50, 0x61, 0x74, 0x68, 0x00, 0x63, 0x73, 0x67,
		0x6F, 0x5F, 0x61, 0x64, 0x64, 0x6F, 0x6E, 0x73, 0x2F, 0x70, 0x65, 0x6E,
		0x69, 0x45, 0x00, 0x10, 0x6E, 0x3E, 0x00, 0xF0, 0x00, 0x43, 0x52, 0x43,
		0x00, 0x6D, 0x5F, 0x62, 0x4F, 0x70, 0x74, 0x69, 0x6F, 0x6E, 0x61, 0x6C,
		0x0C, 0x00, 0x00, 0x17, 0x00, 0x60, 0x45, 0x78, 0x69, 0x73, 0x74, 0x73,
		0x0E, 0x00, 0x51, 0x49, 0x73, 0x47, 0x61, 0x6D, 0x69, 0x00, 0x72, 0x00,
		0x6D, 0x5F, 0x41, 0x64, 0x64, 0x69, 0x29, 0x00, 0x0F, 0x96, 0x00, 0x01,
		0x7C, 0x41, 0x72, 0x67, 0x75, 0x6D, 0x65, 0x6E, 0x17, 0x00, 0xA0, 0x50,
		0x61, 0x72, 0x61, 0x6D, 0x65, 0x74, 0x65, 0x72, 0x4E, 0xAA, 0x00, 0xB2,
		0x5F, 0x5F, 0x5F, 0x4F, 0x76, 0x65, 0x72, 0x72, 0x69, 0x64, 0x65, 0x44,
		0x00, 0x68, 0x61, 0x74, 0x61, 0x5F, 0x5F, 0x5F, 0x28, 0x00, 0xF2, 0x03,
		0x54, 0x79, 0x70, 0x65, 0x00, 0x42, 0x69, 0x6E, 0x61, 0x72, 0x79, 0x42,
		0x6C, 0x6F, 0x62, 0x41, 0x72, 0x67, 0xAE, 0x00, 0x9B, 0x6E, 0x67, 0x65,
		0x72, 0x70, 0x72, 0x69, 0x6E, 0x74, 0x0F, 0x00, 0x70, 0x44, 0x65, 0x66,
		0x61, 0x75, 0x6C, 0x74, 0xF2, 0x00, 0x6B, 0x70, 0x65, 0x63, 0x69, 0x61,
		0x6C, 0x81, 0x00, 0xF4, 0x0F, 0x53, 0x74, 0x72, 0x69, 0x6E, 0x67, 0x00,
		0x4B, 0x56, 0x33, 0x20, 0x43, 0x6F, 0x6D, 0x70, 0x69, 0x6C, 0x65, 0x72,
		0x20, 0x56, 0x65, 0x72, 0x73, 0x69, 0x6F, 0x6E, 0x00, 0x6D, 0x5F, 0x13,
		0x00, 0xB3, 0x49, 0x64, 0x65, 0x6E, 0x74, 0x69, 0x66, 0x69, 0x65, 0x72,
		0x00, 0x13, 0x00, 0x61, 0x50, 0x61, 0x72, 0x74, 0x69, 0x63, 0xF9, 0x00,
		0x50, 0x6E, 0x55, 0x73, 0x65, 0x72, 0xAB, 0x00, 0x14, 0x00, 0x15, 0x00,
		0x0E, 0x4B, 0x00, 0x08, 0x1F, 0x01, 0x01, 0xA1, 0x01, 0x20, 0x65, 0x64,
		0x37, 0x01, 0x10, 0x73, 0x64, 0x00, 0xF0, 0x00, 0x68, 0x69, 0x6C, 0x64,
		0x52, 0x65, 0x73, 0x6F, 0x75, 0x72, 0x63, 0x65, 0x4C, 0x69, 0x73, 0xAC,
		0x00, 0xB5, 0x57, 0x65, 0x61, 0x6B, 0x52, 0x65, 0x66, 0x65, 0x72, 0x65,
		0x6E, 0x14, 0x00, 0x02, 0xB2, 0x01, 0x45, 0x61, 0x62, 0x6C, 0x65, 0x70,
		0x00, 0x29, 0x49, 0x73, 0x3D, 0x00, 0x00, 0x25, 0x00, 0x75, 0x75, 0x62,
		0x61, 0x73, 0x73, 0x65, 0x74, 0x3D, 0x00, 0x16, 0x73, 0x15, 0x00, 0x00,
		0x0C, 0x01, 0xD0, 0x69, 0x6E, 0x69, 0x74, 0x69, 0x6F, 0x6E, 0x73, 0x00,
		0x1F, 0x00, 0x00, 0x00, 0x97, 0x0A, 0x00, 0x00, 0x00, 0x06, 0x00, 0x00,
		0x00, 0x04, 0x04, 0x00, 0x10, 0x01, 0x04, 0x00, 0x43, 0x01, 0x02, 0x00,
		0x00, 0x0C, 0x00, 0x00, 0x0A, 0x00, 0x13, 0x03, 0x1C, 0x00, 0x80, 0x05,
		0x00, 0x00, 0x00, 0x9E, 0x18, 0xD3, 0x8F, 0x34, 0x00, 0xA2, 0x07, 0x00,
		0x00, 0x00, 0x08, 0x00, 0x00, 0x00, 0x09, 0x00, 0x01, 0x00, 0x00, 0x4C,
		0x00, 0xF3, 0x1A, 0x0B, 0x00, 0x00, 0x00, 0x0C, 0x00, 0x00, 0x00, 0x0D,
		0x00, 0x00, 0x00, 0x0E, 0x00, 0x00, 0x00, 0x0F, 0x00, 0x00, 0x00, 0x10,
		0x00, 0x00, 0x00, 0x11, 0x00, 0x00, 0x00, 0x12, 0x00, 0x00, 0x00, 0x13,
		0x00, 0x00, 0x00, 0x14, 0x00, 0x00, 0x00, 0x15, 0x1C, 0x00, 0x00, 0x5C,
		0x00, 0x13, 0x16, 0x1C, 0x00, 0x1F, 0x17, 0x1C, 0x00, 0x04, 0x13, 0x18,
		0x60, 0x00, 0x13, 0x19, 0x08, 0x00, 0x13, 0x1A, 0x08, 0x00, 0xD0, 0x1B,
		0x00, 0x00, 0x00, 0x1C, 0x00, 0x00, 0x00, 0x1D, 0x00, 0x00, 0x00, 0x1E,
		0x88, 0x00, 0x90, 0x18, 0x09, 0x06, 0x06, 0x0C, 0x0E, 0x0D, 0x0E, 0x08,
		0x09, 0x00, 0x21, 0x0F, 0x0F, 0x0F, 0x00, 0x10, 0x0F, 0x04, 0x00, 0xB0,
		0x08, 0x08, 0x08, 0x09, 0x0F, 0x01, 0x01, 0x00, 0xDD, 0xEE, 0xFF, 0x00,
		0x00, 0x00, 0x00, 0x00, 0x00, 0x00, 0x00, 0x00, 0x05, 0x33, 0x56, 0x4B,
		0x1D, 0xCE, 0xD3, 0x39, 0x42, 0x94, 0x07, 0x44, 0x9B, 0x78, 0x83, 0x17,
		0x14, 0x5B, 0x17, 0x32, 0x01, 0x00, 0x00, 0x00, 0x00, 0x00, 0x00, 0x40,
		0x47, 0x0C, 0x00, 0x00, 0x13, 0x00, 0x00, 0x00, 0x64, 0x01, 0x00, 0x00,
		0x46, 0x07, 0x00, 0x00, 0x67, 0x00, 0xD5, 0x00, 0xC2, 0x46, 0x00, 0x00,
		0x16, 0x0E, 0x00, 0x00, 0x00, 0x00, 0x00, 0x00, 0x00, 0x00, 0x00, 0x00,
		0x00, 0x00, 0x00, 0x00, 0x00, 0x00, 0x00, 0x00, 0xB8, 0x17, 0x00, 0x00,
		0x50, 0x08, 0x00, 0x00, 0x0A, 0x2F, 0x00, 0x00, 0xC6, 0x05, 0x00, 0x00,
		0x9A, 0x00, 0x00, 0x00, 0x00, 0x00, 0x00, 0x00, 0x96, 0x08, 0x00, 0x00,
		0x66, 0x00, 0x00, 0x00, 0xAA, 0x06, 0x00, 0x00, 0x67, 0x00, 0x00, 0x00,
		0x45, 0x00, 0x00, 0x00, 0x5B, 0x00, 0x00, 0x00, 0xF4, 0x18, 0x5F, 0x63,
		0x6C, 0x61, 0x73, 0x73, 0x00, 0x43, 0x50, 0x61, 0x72, 0x74, 0x69, 0x63,
		0x6C, 0x65, 0x53, 0x79, 0x73, 0x74, 0x65, 0x6D, 0x44, 0x65, 0x66, 0x69,
		0x6E, 0x69, 0x74, 0x69, 0x6F, 0x6E, 0x00, 0x6D, 0x5F, 0x6E, 0x4D, 0x61,
		0x78, 0x1F, 0x00, 0xFB, 0x03, 0x73, 0x00, 0x6D, 0x5F, 0x42, 0x6F, 0x75,
		0x6E, 0x64, 0x69, 0x6E, 0x67, 0x42, 0x6F, 0x78, 0x4D, 0x69, 0x6E, 0x11,
		0x00, 0x20, 0x61, 0x78, 0x32, 0x00, 0xC3, 0x42, 0x65, 0x68, 0x61, 0x76,
		0x69, 0x6F, 0x72, 0x56, 0x65, 0x72, 0x73, 0x45, 0x00, 0xF0, 0x15, 0x46,
		0x69, 0x72, 0x73, 0x74, 0x4D, 0x75, 0x6C, 0x74, 0x69, 0x70, 0x6C, 0x65,
		0x4F, 0x76, 0x65, 0x72, 0x72, 0x69, 0x64, 0x65, 0x5F, 0x42, 0x61, 0x63,
		0x6B, 0x77, 0x61, 0x72, 0x64, 0x43, 0x6F, 0x6D, 0x70, 0x61, 0x74, 0x28,
		0x00, 0xF0, 0x1F, 0x43, 0x6F, 0x6E, 0x73, 0x74, 0x61, 0x6E, 0x74, 0x53,
		0x65, 0x71, 0x75, 0x65, 0x6E, 0x63, 0x65, 0x4E, 0x75, 0x6D, 0x62, 0x65,
		0x72, 0x00, 0x6D, 0x5F, 0x63, 0x6F, 0x6E, 0x74, 0x72, 0x6F, 0x6C, 0x50,
		0x6F, 0x69, 0x6E, 0x74, 0x43, 0x6F, 0x6E, 0x66, 0x69, 0x67, 0x75, 0x72,
		0x61, 0xA3, 0x00, 0x10, 0x73, 0x37, 0x00, 0xE3, 0x61, 0x6D, 0x65, 0x00,
		0x70, 0x72, 0x65, 0x76, 0x69, 0x65, 0x77, 0x00, 0x6D, 0x5F, 0x0A, 0x00,
		0x56, 0x53, 0x74, 0x61, 0x74, 0x65, 0x0F, 0x00, 0xF0, 0x03, 0x4D, 0x6F,
		0x64, 0x65, 0x6C, 0x00, 0x63, 0x68, 0x61, 0x72, 0x61, 0x63, 0x74, 0x65,
		0x72, 0x73, 0x2F, 0x6D, 0x11, 0x00, 0xFD, 0x03, 0x73, 0x2F, 0x74, 0x6D,
		0x5F, 0x6A, 0x75, 0x6E, 0x67, 0x6C, 0x65, 0x5F, 0x72, 0x61, 0x69, 0x64,
		0x65, 0x72, 0x11, 0x00, 0xF4, 0x04, 0x5F, 0x76, 0x61, 0x72, 0x69, 0x61,
		0x6E, 0x74, 0x62, 0x32, 0x2E, 0x76, 0x6D, 0x64, 0x6C, 0x00, 0x6D, 0x5F,
		0x73, 0x9E, 0x00, 0x00, 0x78, 0x00, 0x66, 0x74, 0x6F, 0x6F, 0x6C, 0x73,
		0x5F, 0x7E, 0x00, 0x91, 0x68, 0x69, 0x74, 0x62, 0x6F, 0x78, 0x53, 0x65,
		0x74, 0x1E, 0x00, 0x60, 0x63, 0x73, 0x74, 0x72, 0x69, 0x6B, 0x87, 0x00,
		0x40, 0x45, 0x6D, 0x69, 0x74, 0x78, 0x00, 0xF2, 0x01, 0x00, 0x43, 0x5F,
		0x4F, 0x50, 0x5F, 0x43, 0x6F, 0x6E, 0x74, 0x69, 0x6E, 0x75, 0x6F, 0x75,
		0x73, 0x18, 0x00, 0x00, 0xE4, 0x00, 0x20, 0x66, 0x6C, 0x0C, 0x00, 0x12,
		0x52, 0xB6, 0x00, 0xF2, 0x16, 0x6E, 0x54, 0x79, 0x70, 0x65, 0x00, 0x50,
		0x46, 0x5F, 0x54, 0x59, 0x50, 0x45, 0x5F, 0x43, 0x4F, 0x4E, 0x54, 0x52,
		0x4F, 0x4C, 0x5F, 0x50, 0x4F, 0x49, 0x4E, 0x54, 0x5F, 0x43, 0x4F, 0x4D,
		0x50, 0x4F, 0x4E, 0x45, 0x4E, 0x54, 0xA0, 0x01, 0x14, 0x70, 0x2B, 0x00,
		0x32, 0x4D, 0x41, 0x50, 0x2F, 0x00, 0x51, 0x52, 0x45, 0x4D, 0x41, 0x50,
		0x52, 0x00, 0xB0, 0x4C, 0x69, 0x74, 0x65, 0x72, 0x61, 0x6C, 0x56, 0x61,
		0x6C, 0x75, 0x56, 0x00, 0x00, 0x94, 0x00, 0x14, 0x64, 0x0D, 0x00, 0x27,
		0x6E, 0x43, 0x55, 0x01, 0x00, 0x10, 0x00, 0xD2, 0x53, 0x63, 0x61, 0x6C,
		0x61, 0x72, 0x41, 0x74, 0x74, 0x72, 0x69, 0x62, 0x75, 0x86, 0x00, 0x5F,
		0x56, 0x65, 0x63, 0x74, 0x6F, 0x13, 0x00, 0x01, 0x00, 0xB4, 0x01, 0x51,
		0x6F, 0x6E, 0x65, 0x6E, 0x74, 0x67, 0x00, 0x62, 0x52, 0x61, 0x6E, 0x64,
		0x6F, 0x6D, 0x11, 0x02, 0x05, 0x0E, 0x00, 0x01, 0x0E, 0x02, 0x42, 0x62,
		0x48, 0x61, 0x73, 0x10, 0x00, 0x80, 0x53, 0x69, 0x67, 0x6E, 0x46, 0x6C,
		0x69, 0x70, 0x44, 0x00, 0x03, 0x12, 0x00, 0x36, 0x65, 0x65, 0x64, 0x0E,
		0x00, 0x00, 0xA1, 0x01, 0x00, 0xC6, 0x00, 0xA1, 0x52, 0x41, 0x4E, 0x44,
		0x4F, 0x4D, 0x5F, 0x4D, 0x4F, 0x44, 0xF8, 0x00, 0x52, 0x53, 0x54, 0x41,
		0x4E, 0x54, 0xCC, 0x00, 0x34, 0x4F, 0x44, 0x30, 0x09, 0x00, 0x14, 0x31,
		0x09, 0x00, 0x14, 0x32, 0x09, 0x00, 0x10, 0x33, 0x4A, 0x00, 0xAE, 0x4E,
		0x6F, 0x69, 0x73, 0x65, 0x49, 0x6E, 0x70, 0x75, 0x74, 0xB9, 0x00, 0x21,
		0x66, 0x6C, 0x1E, 0x00, 0x64, 0x4F, 0x75, 0x74, 0x70, 0x75, 0x74, 0xAB,
		0x00, 0x08, 0x13, 0x00, 0x26, 0x61, 0x78, 0x13, 0x00, 0x00, 0x0B, 0x01,
		0x00, 0x35, 0x00, 0x32, 0x76, 0x65, 0x63, 0x23, 0x00, 0x44, 0x66, 0x66,
		0x73, 0x65, 0x9C, 0x01, 0x27, 0x66, 0x6C, 0x14, 0x00, 0x05, 0x77, 0x00,
		0x75, 0x4F, 0x63, 0x74, 0x61, 0x76, 0x65, 0x73, 0x10, 0x00, 0x60, 0x54,
		0x75, 0x72, 0x62, 0x75, 0x6C, 0x28, 0x02, 0x00, 0xD6, 0x00, 0xF6, 0x00,
		0x4E, 0x4F, 0x49, 0x53, 0x45, 0x5F, 0x54, 0x55, 0x52, 0x42, 0x5F, 0x4E,
		0x4F, 0x4E, 0x45, 0x26, 0x00, 0x28, 0x79, 0x70, 0x20, 0x00, 0x00, 0xBE,
		0x01, 0x65, 0x50, 0x45, 0x52, 0x4C, 0x49, 0x4E, 0x22, 0x00, 0x85, 0x4D,
		0x6F, 0x64, 0x69, 0x66, 0x69, 0x65, 0x72, 0x26, 0x00, 0x00, 0x1B, 0x01,
		0x54, 0x49, 0x46, 0x49, 0x45, 0x52, 0x4A, 0x00, 0x2B, 0x66, 0x6C, 0x71,
		0x00, 0x04, 0xBE, 0x00, 0x0D, 0x19, 0x00, 0x27, 0x4D, 0x69, 0xE4, 0x00,
		0x43, 0x49, 0x6D, 0x67, 0x50, 0x2B, 0x03, 0x03, 0x30, 0x00, 0x1B, 0x62,
		0x18, 0x00, 0x34, 0x4C, 0x69, 0x76, 0x47, 0x00, 0xE0, 0x43, 0x61, 0x6D,
		0x65, 0x72, 0x61, 0x46, 0x61, 0x6C, 0x6C, 0x62, 0x61, 0x63, 0x6B, 0x2C,
		0x00, 0x31, 0x55, 0x73, 0x65, 0xFC, 0x03, 0x42, 0x73, 0x43, 0x65, 0x6E,
		0xC1, 0x02, 0x11, 0x6E, 0x7A, 0x01, 0x04, 0xC8, 0x01, 0x53, 0x49, 0x4E,
		0x50, 0x55, 0x54, 0xC7, 0x01, 0x61, 0x4C, 0x41, 0x4D, 0x50, 0x45, 0x44,
		0x4B, 0x00, 0x00, 0x06, 0x04, 0x20, 0x46, 0x61, 0x9D, 0x01, 0x01, 0x0F,
		0x00, 0x01, 0x33, 0x00, 0x16, 0x30, 0x0B, 0x00, 0x02, 0xD9, 0x01, 0x02,
		0x92, 0x01, 0x17, 0x30, 0x0C, 0x00, 0x13, 0x31, 0x88, 0x00, 0xA6, 0x74,
		0x63, 0x68, 0x65, 0x64, 0x52, 0x61, 0x6E, 0x67, 0x65, 0xC3, 0x01, 0x07,
		0x14, 0x00, 0x28, 0x61, 0x78, 0x14, 0x00, 0x02, 0x3B, 0x00, 0x7E, 0x4F,
		0x75, 0x74, 0x73, 0x69, 0x64, 0x65, 0x19, 0x00, 0x23, 0x49, 0x6E, 0x18,
		0x00, 0x20, 0x6E, 0x52, 0xC9, 0x00, 0x04, 0x8B, 0x01, 0x52, 0x52, 0x4F,
		0x55, 0x4E, 0x44, 0x8B, 0x01, 0x71, 0x4E, 0x45, 0x41, 0x52, 0x45, 0x53,
		0x54, 0xD6, 0x04, 0x34, 0x69, 0x61, 0x73, 0x22, 0x00, 0x42, 0x42, 0x49,
		0x41, 0x53, 0x21, 0x00, 0x00, 0x9E, 0x02, 0x32, 0x44, 0x41, 0x52, 0xDB,
		0x00, 0x00, 0x23, 0x00, 0x62, 0x50, 0x61, 0x72, 0x61, 0x6D, 0x65, 0x10,
		0x01, 0x31, 0x43, 0x75, 0x72, 0x40, 0x01, 0xA1, 0x73, 0x70, 0x6C, 0x69,
		0x6E, 0x65, 0x00, 0x78, 0x00, 0x79, 0x27, 0x00, 0xD5, 0x53, 0x6C, 0x6F,
		0x70, 0x65, 0x49, 0x6E, 0x63, 0x6F, 0x6D, 0x69, 0x6E, 0x67, 0x12, 0x00,
		0x00, 0x86, 0x02, 0x22, 0x67, 0x6F, 0x12, 0x00, 0x10, 0x74, 0xCC, 0x00,
		0x21, 0x6E, 0x74, 0x4C, 0x02, 0x04, 0x29, 0x00, 0x12, 0x54, 0x14, 0x00,
		0xF2, 0x04, 0x00, 0x43, 0x55, 0x52, 0x56, 0x45, 0x5F, 0x54, 0x41, 0x4E,
		0x47, 0x45, 0x4E, 0x54, 0x5F, 0x53, 0x50, 0x4C, 0x49, 0x4E, 0x02, 0x04,
		0x3F, 0x00, 0x03, 0x28, 0x00, 0x00, 0xBC, 0x02, 0xA7, 0x44, 0x6F, 0x6D,
		0x61, 0x69, 0x6E, 0x4D, 0x69, 0x6E, 0x73, 0x0E, 0x00, 0x21, 0x61, 0x78,
		0x57, 0x00, 0x52, 0x45, 0x76, 0x65, 0x6E, 0x74, 0xD0, 0x00, 0xA0, 0x41,
		0x52, 0x54, 0x49, 0x43, 0x4C, 0x45, 0x5F, 0x45, 0x56, 0x52, 0x00, 0x01,
		0xD7, 0x00, 0xD0, 0x4D, 0x41, 0x53, 0x4B, 0x5F, 0x43, 0x4F, 0x4C, 0x4C,
		0x49, 0x53, 0x49, 0x4F, 0x8B, 0x02, 0x10, 0x49, 0x11, 0x06, 0x42, 0x61,
		0x6C, 0x69, 0x7A, 0xC2, 0x04, 0xF2, 0x05, 0x49, 0x4E, 0x49, 0x54, 0x5F,
		0x43, 0x72, 0x65, 0x61, 0x74, 0x65, 0x57, 0x69, 0x74, 0x68, 0x69, 0x6E,
		0x42, 0x6F, 0x78, 0x2E, 0x03, 0x00, 0x96, 0x01, 0x42, 0x50, 0x56, 0x45,
		0x43, 0x48, 0x00, 0x70, 0x4C, 0x49, 0x54, 0x45, 0x52, 0x41, 0x4C, 0x1B,
		0x00, 0x0B, 0x8A, 0x04, 0x03, 0x0F, 0x00, 0x31, 0x43, 0x6F, 0x6C, 0x09,
		0x02, 0x79, 0x62, 0x46, 0x6F, 0x6C, 0x6C, 0x6F, 0x77, 0xA0, 0x04, 0x1B,
		0x76, 0xC4, 0x03, 0x04, 0xA6, 0x02, 0x6B, 0x6E, 0x44, 0x65, 0x6C, 0x74,
		0x61, 0xBD, 0x04, 0x31, 0x76, 0x43, 0x50, 0x38, 0x00, 0x05, 0xB9, 0x03,
		0xD4, 0x43, 0x50, 0x52, 0x65, 0x6C, 0x61, 0x74, 0x69, 0x76, 0x65, 0x50,
		0x6F, 0x73, 0xCE, 0x06, 0x07, 0x16, 0x00, 0x20, 0x44, 0x69, 0x78, 0x00,
		0x55, 0x46, 0x6C, 0x6F, 0x61, 0x74, 0xCC, 0x04, 0x15, 0x58, 0x71, 0x05,
		0x04, 0xB9, 0x00, 0x08, 0x56, 0x05, 0x6D, 0x44, 0x49, 0x52, 0x45, 0x43,
		0x54, 0x35, 0x00, 0x1D, 0x59, 0x12, 0x00, 0x14, 0x5A, 0x12, 0x00, 0x10,
		0x49, 0x19, 0x03, 0x13, 0x70, 0xDD, 0x02, 0x00, 0x0B, 0x00, 0x09, 0xEE,
		0x02, 0x05, 0x11, 0x00, 0x10, 0x31, 0x9A, 0x00, 0x02, 0x10, 0x00, 0x06,
		0xF9, 0x02, 0x09, 0x11, 0x00, 0x00, 0x22, 0x00, 0x52, 0x47, 0x72, 0x61,
		0x64, 0x69, 0xDA, 0x01, 0x41, 0x53, 0x74, 0x6F, 0x70, 0xD4, 0x01, 0x08,
		0x78, 0x05, 0x18, 0x76, 0x77, 0x05, 0x00, 0x8A, 0x01, 0x24, 0x61, 0x78,
		0xAA, 0x01, 0x00, 0xBE, 0x01, 0x01, 0x91, 0x00, 0x01, 0xCA, 0x01, 0x00,
		0x1E, 0x05, 0x01, 0x63, 0x01, 0x04, 0xED, 0x00, 0x05, 0x02, 0x02, 0x69,
		0x4E, 0x55, 0x4D, 0x42, 0x45, 0x52, 0xF5, 0x00, 0x01, 0x6F, 0x02, 0x0B,
		0xCF, 0x03, 0x32, 0x4C, 0x4F, 0x4F, 0xCE, 0x03, 0x12, 0x6E, 0x9E, 0x00,
		0x54, 0x46, 0x69, 0x65, 0x6C, 0x64, 0x6C, 0x00, 0x65, 0x4E, 0x6F, 0x72,
		0x6D, 0x61, 0x6C, 0x1C, 0x05, 0x02, 0x09, 0x00, 0x02, 0xA2, 0x00, 0x03,
		0x0C, 0x00, 0x02, 0x18, 0x06, 0x01, 0x28, 0x00, 0x00, 0x51, 0x02, 0x0D,
		0xA5, 0x00, 0x61, 0x43, 0x6F, 0x6C, 0x6C, 0x65, 0x63, 0xB2, 0x01, 0x03,
		0x1B, 0x00, 0x02, 0xDA, 0x00, 0x31, 0x59, 0x61, 0x77, 0x40, 0x06, 0x04,
		0xB7, 0x00, 0x03, 0x29, 0x06, 0x77, 0x55, 0x4E, 0x49, 0x46, 0x4F, 0x52,
		0x4D, 0x47, 0x00, 0x00, 0xAA, 0x02, 0x81, 0x56, 0x65, 0x6C, 0x6F, 0x63,
		0x69, 0x74, 0x79, 0xD2, 0x04, 0x02, 0x48, 0x04, 0x03, 0x93, 0x00, 0x00,
		0x1C, 0x01, 0x08, 0x05, 0x06, 0x06, 0x0F, 0x00, 0x0D, 0x01, 0x06, 0xF1,
		0x00, 0x4C, 0x6F, 0x63, 0x00, 0x6D, 0x5F, 0x54, 0x72, 0x61, 0x6E, 0x73,
		0x66, 0x6F, 0x72, 0x6D, 0x3B, 0x01, 0x23, 0x00, 0x50, 0x24, 0x03, 0x7A,
		0x49, 0x4E, 0x56, 0x41, 0x4C, 0x49, 0x44, 0xA4, 0x00, 0x04, 0xB9, 0x08,
		0x01, 0x4F, 0x07, 0x03, 0x0C, 0x00, 0x02, 0x58, 0x00, 0x74, 0x4F, 0x70,
		0x65, 0x72, 0x61, 0x74, 0x6F, 0x01, 0x08, 0x02, 0xDE, 0x01, 0xB2, 0x6F,
		0x6C, 0x61, 0x74, 0x65, 0x52, 0x61, 0x64, 0x69, 0x75, 0x73, 0x01, 0x08,
		0x26, 0x6E, 0x64, 0xBC, 0x05, 0x00, 0x4F, 0x04, 0x02, 0x2D, 0x00, 0x52,
		0x44, 0x65, 0x63, 0x61, 0x79, 0x0B, 0x00, 0xA1, 0x42, 0x61, 0x73, 0x69,
		0x63, 0x4D, 0x6F, 0x76, 0x65, 0x6D, 0x0B, 0x02, 0x00, 0x16, 0x02, 0x31,
		0x76, 0x69, 0x74, 0x59, 0x04, 0x42, 0x44, 0x72, 0x61, 0x67, 0x25, 0x00,
		0x20, 0x52, 0x6F, 0xFC, 0x08, 0x02, 0x3F, 0x03, 0x02, 0xE2, 0x00, 0x75,
		0x52, 0x6F, 0x74, 0x41, 0x78, 0x69, 0x73, 0xF2, 0x00, 0x04, 0x10, 0x00,
		0x03, 0xF3, 0x00, 0x21, 0x52, 0x6F, 0xDC, 0x06, 0x05, 0xC1, 0x07, 0x03,
		0x0F, 0x00, 0x22, 0x61, 0x78, 0x50, 0x00, 0xA3, 0x46, 0x61, 0x64, 0x65,
		0x49, 0x6E, 0x53, 0x69, 0x6D, 0x70, 0x9B, 0x00, 0x02, 0x11, 0x00, 0x45,
		0x54, 0x69, 0x6D, 0x65, 0x21, 0x00, 0x00, 0xC0, 0x04, 0x0A, 0x22, 0x00,
		0x00, 0x12, 0x00, 0x01, 0x23, 0x00, 0x85, 0x6D, 0x5F, 0x52, 0x65, 0x6E,
		0x64, 0x65, 0x72, 0xFE, 0x08, 0x02, 0x0F, 0x00, 0x52, 0x53, 0x70, 0x72,
		0x69, 0x74, 0x31, 0x07, 0x20, 0x4F, 0x72, 0xDA, 0x02, 0x01, 0xD1, 0x09,
		0x0A, 0x94, 0x04, 0xF7, 0x05, 0x4F, 0x52, 0x49, 0x45, 0x4E, 0x54, 0x41,
		0x54, 0x49, 0x4F, 0x4E, 0x5F, 0x41, 0x4C, 0x49, 0x47, 0x4E, 0x5F, 0x54,
		0x4F, 0xB0, 0x02, 0x52, 0x4F, 0x52, 0x4D, 0x41, 0x4C, 0x43, 0x05, 0x40,
		0x74, 0x61, 0x72, 0x74, 0x75, 0x00, 0x10, 0x53, 0x53, 0x02, 0x03, 0x4C,
		0x01, 0x07, 0x10, 0x00, 0x30, 0x4F, 0x75, 0x74, 0x85, 0x05, 0x04, 0x70,
		0x04, 0x13, 0x6E, 0x10, 0x00, 0x54, 0x41, 0x6C, 0x70, 0x68, 0x61, 0x67,
		0x06, 0x00, 0x11, 0x00, 0x01, 0x48, 0x00, 0x1D, 0x30, 0x12, 0x00, 0x18,
		0x31, 0x12, 0x00, 0x4B, 0x45, 0x6E, 0x64, 0x30, 0x10, 0x00, 0x12, 0x31,
		0x57, 0x01, 0x81, 0x54, 0x65, 0x78, 0x74, 0x75, 0x72, 0x65, 0x73, 0x2A,
		0x02, 0x00, 0x0D, 0x0A, 0x03, 0x11, 0x00, 0xC4, 0x00, 0x6D, 0x61, 0x74,
		0x65, 0x72, 0x69, 0x61, 0x6C, 0x73, 0x2F, 0x70, 0x4D, 0x0B, 0x80, 0x2F,
		0x65, 0x6E, 0x76, 0x69, 0x72, 0x6F, 0x6E, 0xC9, 0x01, 0xB1, 0x2F, 0x73,
		0x6E, 0x6F, 0x77, 0x5F, 0x31, 0x2E, 0x76, 0x74, 0x65, 0x43, 0x0B, 0x03,
		0x37, 0x00, 0x51, 0x42, 0x6C, 0x65, 0x6E, 0x64, 0x50, 0x07, 0xF0, 0x0D,
		0x53, 0x50, 0x52, 0x49, 0x54, 0x45, 0x43, 0x41, 0x52, 0x44, 0x5F, 0x54,
		0x45, 0x58, 0x54, 0x55, 0x52, 0x45, 0x5F, 0x42, 0x4C, 0x45, 0x4E, 0x44,
		0x5F, 0x41, 0x44, 0x44, 0x4E, 0x03, 0x51, 0x45, 0x6E, 0x61, 0x62, 0x6C,
		0x4E, 0x09, 0xF1, 0x04, 0x62, 0x47, 0x61, 0x6D, 0x6D, 0x61, 0x43, 0x6F,
		0x72, 0x72, 0x65, 0x63, 0x74, 0x56, 0x65, 0x72, 0x74, 0x65, 0x78, 0xF5,
		0x00, 0x10, 0x73, 0x1C, 0x00, 0x30, 0x53, 0x61, 0x74, 0x38, 0x0B, 0x02,
		0x07, 0x01, 0x22, 0x50, 0x72, 0xFF, 0x00, 0x01, 0x66, 0x00, 0x01, 0xD0,
		0x00, 0x00, 0x9A, 0x0B, 0x58, 0x62, 0x72, 0x69, 0x67, 0x68, 0xA2, 0x07,
		0xD3, 0x53, 0x65, 0x6C, 0x66, 0x49, 0x6C, 0x6C, 0x75, 0x6D, 0x41, 0x6D,
		0x6F, 0x75, 0xF0, 0x09, 0x73, 0x44, 0x69, 0x66, 0x66, 0x75, 0x73, 0x65,
		0x12, 0x00, 0x3F, 0x00, 0xB3, 0x00, 0x01, 0x00, 0x2B, 0x99, 0xE7, 0x00,
		0x00, 0x00, 0x2C, 0x00, 0x00, 0x00, 0x13, 0x16, 0x00, 0x2F, 0x20, 0xC0,
		0x08, 0x00, 0x04, 0x1E, 0x40, 0x08, 0x00, 0x0F, 0x01, 0x00, 0x19, 0x12,
		0x24, 0x30, 0x00, 0x22, 0x40, 0x8F, 0x08, 0x00, 0x2A, 0x80, 0x7C, 0x08,
		0x00, 0x23, 0x00, 0x39, 0x68, 0x00, 0x2F, 0xF0, 0x3F, 0x08, 0x00, 0x1B,
		0x0E, 0x01, 0x00, 0x0E, 0x20, 0x00, 0x0F, 0x01, 0x00, 0xF1, 0x0E, 0x40,
		0x01, 0x0F, 0x47, 0x00, 0x22, 0x39, 0x80, 0x7C, 0xC0, 0x08, 0x00, 0x3F,
		0x00, 0x79, 0x40, 0xB8, 0x01, 0xFF, 0x93, 0x0F, 0xE0, 0x01, 0x16, 0x13,
		0x61, 0xD0, 0x01, 0x13, 0x6E, 0xB0, 0x03, 0x2F, 0x7F, 0xC0, 0x08, 0x00,
		0x04, 0x1E, 0x40, 0x08, 0x00, 0x0F, 0x01, 0x00, 0x61, 0x2A, 0x39, 0xC0,
		0x08, 0x00, 0x2F, 0x24, 0xC0, 0x90, 0x02, 0xFF, 0x94, 0x2A, 0x39, 0x40,
		0x08, 0x00, 0x1F, 0x3E, 0xB8, 0x01, 0xFF, 0x95, 0x0F, 0x01, 0x00, 0x35,
		0x1F, 0x14, 0xF0, 0x01, 0xFF, 0xCD, 0x2E, 0xF0, 0xBF, 0x08, 0x00, 0x0E,
		0x88, 0x02, 0x0F, 0xB8, 0x01, 0x94, 0x50, 0x00, 0x00, 0x00, 0x00, 0x00,
		0x93, 0x0C, 0x00, 0x00, 0x00, 0x02, 0x00, 0x00, 0x00, 0x03, 0x04, 0x00,
		0x6E, 0x2F, 0x00, 0x00, 0x00, 0x04, 0x00, 0x04, 0x00, 0x1B, 0x02, 0x04,
		0x00, 0x00, 0x2C, 0x00, 0x17, 0x17, 0x30, 0x00, 0x0F, 0x08, 0x00, 0x05,
		0x1F, 0x01, 0x28, 0x00, 0x18, 0x00, 0x54, 0x00, 0x1F, 0x2E, 0x78, 0x00,
		0x04, 0x13, 0x04, 0x20, 0x00, 0x17, 0x24, 0x30, 0x00, 0x17, 0x02, 0x40,
		0x00, 0x1F, 0x07, 0x90, 0x00, 0x40, 0x17, 0x01, 0xEC, 0x00, 0x17, 0x2F,
		0x84, 0x00, 0x1F, 0x01, 0x00, 0x01, 0x1C, 0x04, 0x0C, 0x00, 0x17, 0x05,
		0xD0, 0x00, 0x1E, 0x10, 0xF4, 0x00, 0x0D, 0x08, 0x00, 0xB2, 0x03, 0x03,
		0x01, 0x01, 0x03, 0x04, 0x04, 0x02, 0x02, 0x09, 0x03, 0x01, 0x00, 0x26,
		0x02, 0x02, 0x03, 0x00, 0x06, 0x01, 0x00, 0x0C, 0x16, 0x00, 0x45, 0x02,
		0x02, 0x02, 0x02, 0x17, 0x00, 0x0F, 0x39, 0x00, 0x1B, 0x1F, 0x06, 0x1A,
		0x00, 0x06, 0x45, 0x03, 0x03, 0x01, 0x03, 0x15, 0x00, 0x00, 0xC1, 0x00,
		0x07, 0x20, 0x01, 0x22, 0x88, 0x13, 0xC8, 0x00, 0x04, 0xE4, 0x00, 0x00,
		0x54, 0x02, 0x13, 0x06, 0x04, 0x00, 0x13, 0x07, 0x08, 0x00, 0xD3, 0x08,
		0x00, 0x00, 0x00, 0x09, 0x00, 0x00, 0x00, 0x0A, 0x00, 0x00, 0x00, 0x0B,
		0x24, 0x00, 0x93, 0x0D, 0x00, 0x00, 0x00, 0x0E, 0x00, 0x00, 0x00, 0x0F,
		0x10, 0x01, 0x62, 0x11, 0x00, 0x00, 0x00, 0x12, 0x00, 0x01, 0x00, 0xD3,
		0x13, 0x00, 0x00, 0x00, 0x14, 0x00, 0x00, 0x00, 0x15, 0x00, 0x00, 0x00,
		0x16, 0x6C, 0x01, 0xF3, 0x02, 0x18, 0x00, 0x00, 0x00, 0x19, 0x00, 0x00,
		0x00, 0x1A, 0x00, 0x00, 0x00, 0xFF, 0xFF, 0xFF, 0xFF, 0x1B, 0x80, 0x00,
		0x13, 0x1C, 0x48, 0x01, 0x13, 0x1D, 0x6C, 0x00, 0xF3, 0x02, 0x1E, 0x00,
		0x00, 0x00, 0x1F, 0x00, 0x00, 0x00, 0x20, 0x00, 0x00, 0x00, 0x21, 0x00,
		0x00, 0x00, 0x22, 0x30, 0x00, 0x13, 0x23, 0x40, 0x02, 0xF3, 0x12, 0x25,
		0x00, 0x00, 0x00, 0x26, 0x00, 0x00, 0x00, 0x27, 0x00, 0x00, 0x00, 0x28,
		0x00, 0x00, 0x00, 0x29, 0x00, 0x00, 0x00, 0x2A, 0x00, 0x00, 0x00, 0x2B,
		0x00, 0x00, 0x00, 0x2C, 0x00, 0x00, 0x00, 0x2D, 0x84, 0x01, 0x00, 0xB8,
		0x01, 0xFF, 0x76, 0x30, 0x00, 0x00, 0x00, 0x31, 0x00, 0x00, 0x00, 0x32,
		0x00, 0x00, 0x00, 0x33, 0x00, 0x00, 0x00, 0x34, 0x00, 0x00, 0x00, 0x35,
		0x00, 0x00, 0x00, 0x36, 0x00, 0x00, 0x00, 0x37, 0x00, 0x00, 0x00, 0x38,
		0x00, 0x00, 0x00, 0x39, 0x00, 0x00, 0x00, 0x3A, 0x00, 0x00, 0x00, 0x3B,
		0x00, 0x00, 0x00, 0x3C, 0x00, 0x00, 0x00, 0x3D, 0x00, 0x00, 0x00, 0x3E,
		0x00, 0x00, 0x00, 0x3F, 0x00, 0x00, 0x00, 0x40, 0x00, 0x00, 0x00, 0x41,
		0x00, 0x00, 0x00, 0x42, 0x00, 0x00, 0x00, 0x43, 0x00, 0x00, 0x00, 0x44,
		0x00, 0x00, 0x00, 0x45, 0x00, 0x00, 0x00, 0x46, 0x00, 0x00, 0x00, 0x47,
		0x00, 0x00, 0x00, 0x48, 0x00, 0x00, 0x00, 0x49, 0x00, 0x00, 0x00, 0x4A,
		0x00, 0x00, 0x00, 0x4B, 0x00, 0x00, 0x00, 0x4C, 0x00, 0x00, 0x00, 0x4D,
		0x00, 0x00, 0x00, 0x4E, 0x00, 0x00, 0x00, 0x4F, 0x00, 0x00, 0x00, 0x50,
		0x00, 0x00, 0x00, 0x51, 0x10, 0x00, 0x20, 0xD3, 0x52, 0x00, 0x00, 0x00,
		0x53, 0x00, 0x00, 0x00, 0x54, 0x00, 0x00, 0x00, 0x55, 0x08, 0x00, 0x0F,
		0x10, 0x00, 0x1D, 0xF3, 0x02, 0x56, 0x00, 0x00, 0x00, 0x57, 0x00, 0x00,
		0x00, 0x58, 0x00, 0x00, 0x00, 0x59, 0x00, 0x00, 0x00, 0x5A, 0x9C, 0x01,
		0x53, 0x5B, 0x00, 0x00, 0x00, 0x5C, 0x9C, 0x01, 0x97, 0x5D, 0x00, 0x00,
		0x00, 0x5E, 0x00, 0x00, 0x00, 0x5F, 0x98, 0x01, 0x17, 0x60, 0x8C, 0x01,
		0x40, 0x61, 0x00, 0x00, 0x00, 0xA8, 0x01, 0xF3, 0x02, 0x62, 0x00, 0x00,
		0x00, 0x63, 0x00, 0x00, 0x00, 0x64, 0x00, 0x00, 0x00, 0x65, 0x00, 0x00,
		0x00, 0x66, 0x40, 0x00, 0x13, 0x67, 0xDC, 0x01, 0x1E, 0x68, 0xDC, 0x01,
		0x0F, 0xD8, 0x01, 0xC2, 0x13, 0x00, 0x9C, 0x01, 0x17, 0x00, 0x60, 0x01,
		0x1F, 0x69, 0x0C, 0x01, 0xF8, 0x1F, 0x6A, 0x0C, 0x01, 0xF8, 0x1F, 0x6B,
		0x0C, 0x01, 0xF8, 0xF3, 0x06, 0x6C, 0x00, 0x00, 0x00, 0x6D, 0x00, 0x00,
		0x00, 0x6E, 0x00, 0x00, 0x00, 0x6F, 0x00, 0x00, 0x00, 0x70, 0x00, 0x00,
		0x00, 0x71, 0x24, 0x00, 0x9F, 0x72, 0x00, 0x00, 0x00, 0x73, 0x00, 0x00,
		0x00, 0x74, 0x94, 0x04, 0xFF, 0xFF, 0xFF, 0xFF, 0x84, 0x00, 0x01, 0x00,
		0x53, 0x75, 0x00, 0x00, 0x00, 0x76, 0x38, 0x01, 0x13, 0x77, 0x38, 0x01,
		0x1F, 0x78, 0x38, 0x01, 0x90, 0x1F, 0x79, 0x38, 0x01, 0x14, 0x0F, 0xC0,
		0x0A, 0x21, 0x1F, 0x52, 0x80, 0x0A, 0x18, 0x13, 0x7A, 0xE4, 0x00, 0x00,
		0x01, 0x00, 0xD3, 0x7B, 0x00, 0x00, 0x00, 0x7C, 0x00, 0x00, 0x00, 0x7D,
		0x00, 0x00, 0x00, 0x7E, 0x14, 0x00, 0x17, 0x7F, 0x60, 0x01, 0x0C, 0x98,
		0x02, 0x0F, 0x58, 0x01, 0x0D, 0x0F, 0x4C, 0x01, 0x05, 0x0F, 0x48, 0x01,
		0x2D, 0x0F, 0x78, 0x02, 0x09, 0x0F, 0x60, 0x02, 0x15, 0x08, 0xF8, 0x00,
		0x2E, 0x80, 0x00, 0x4C, 0x02, 0x1F, 0x81, 0x84, 0x03, 0xF0, 0x00, 0x01,
		0x00, 0x9F, 0x82, 0x00, 0x00, 0x00, 0x83, 0x00, 0x00, 0x00, 0x84, 0x00,
		0x08, 0xFF, 0xFF, 0xFF, 0xFF, 0x84, 0x1F, 0x85, 0x94, 0x04, 0xFF, 0xFF,
		0xFF, 0xFF, 0x84, 0x00, 0xC0, 0x00, 0x53, 0x86, 0x00, 0x00, 0x00, 0x87,
		0x38, 0x01, 0x13, 0x88, 0x20, 0x00, 0x57, 0x89, 0x00, 0x00, 0x00, 0x8A,
		0x74, 0x0A, 0x0F, 0x6C, 0x0A, 0xFD, 0x00, 0x90, 0x0B, 0x13, 0x8B, 0x14,
		0x00, 0x93, 0x8C, 0x00, 0x00, 0x00, 0x8D, 0x00, 0x00, 0x00, 0x8E, 0x10,
		0x00, 0x13, 0x8F, 0x08, 0x00, 0x5F, 0x90, 0x00, 0x00, 0x00, 0x91, 0xF4,
		0x05, 0xFF, 0xFF, 0xFF, 0xFF, 0x84, 0x1F, 0x92, 0x30, 0x01, 0xF8, 0x00,
		0x01, 0x00, 0xF3, 0x02, 0x93, 0x00, 0x00, 0x00, 0x94, 0x00, 0x00, 0x00,
		0x95, 0x00, 0x00, 0x00, 0x96, 0x00, 0x00, 0x00, 0x97, 0x18, 0x00, 0x53,
		0x98, 0x00, 0x00, 0x00, 0x99, 0x0C, 0x00, 0x93, 0x9A, 0x00, 0x00, 0x00,
		0x9B, 0x00, 0x00, 0x00, 0x9C, 0x10, 0x00, 0xF7, 0x2A, 0x9D, 0x00, 0x00,
		0x00, 0x9E, 0x00, 0x00, 0x00, 0x9F, 0x00, 0x00, 0x00, 0xA0, 0x00, 0x00,
		0x00, 0xA1, 0x00, 0x00, 0x00, 0xA2, 0x00, 0x00, 0x00, 0xA3, 0x00, 0x00,
		0x00, 0xC8, 0x00, 0x00, 0x00, 0xA4, 0x00, 0x00, 0x00, 0xA5, 0x00, 0x00,
		0x00, 0xA6, 0x00, 0x00, 0x00, 0xA7, 0x00, 0x00, 0x00, 0xA8, 0x00, 0x00,
		0x00, 0xA9, 0x00, 0x00, 0x00, 0xAA, 0x08, 0x00, 0xFF, 0x06, 0xAB, 0x00,
		0x00, 0x00, 0xAC, 0x00, 0x00, 0x00, 0xAD, 0x00, 0x00, 0x00, 0xAE, 0x00,
		0x00, 0x00, 0xAF, 0x00, 0x00, 0x00, 0xB0, 0x9C, 0x01, 0xC8, 0x0F, 0x94,
		0x01, 0x15, 0x1F, 0xB1, 0x04, 0x01, 0xF0, 0x1F, 0xB2, 0x04, 0x01, 0xF0,
		0x01, 0x01, 0x00, 0x50, 0x40, 0x7F, 0x40, 0x9A, 0x99, 0x01, 0x00, 0x22,
		0xB9, 0x3F, 0x11, 0x00, 0x13, 0xE0, 0x08, 0x00, 0x22, 0x50, 0x40, 0x20,
		0x00, 0x13, 0x8F, 0x08, 0x00, 0xF5, 0x02, 0xBF, 0x40, 0x14, 0xAE, 0x47,
		0xE1, 0x7A, 0x14, 0x2A, 0x40, 0x6B, 0x0C, 0x3A, 0x21, 0x74, 0xF9, 0x57,
		0x08, 0x00, 0xF5, 0x08, 0x0A, 0xF8, 0x35, 0x92, 0x04, 0x81, 0x06, 0x40,
		0x14, 0x93, 0x37, 0xC0, 0xCC, 0xAC, 0x71, 0x40, 0x77, 0x48, 0x31, 0x40,
		0xA2, 0xD3, 0x58, 0x08, 0x00, 0xF5, 0x08, 0xC5, 0x8D, 0x5B, 0xCC, 0xCF,
		0x4D, 0x14, 0x40, 0x78, 0x45, 0xF0, 0xBF, 0xF5, 0x28, 0x80, 0x40, 0xE8,
		0x87, 0x11, 0xC2, 0xA3, 0xF2, 0x58, 0x08, 0x00, 0x02, 0x70, 0x00, 0x15,
		0x24, 0x70, 0x00, 0x75, 0x0F, 0x60, 0x91, 0x5F, 0x3F, 0x84, 0x58, 0x08,
		0x00, 0x0C, 0xA0, 0x00, 0x0F, 0x10, 0x00, 0x6D, 0x04, 0x38, 0x01, 0x84,
		0xBA, 0xD9, 0x1F, 0x28, 0xB7, 0x6D, 0xFB, 0x3F, 0x08, 0x00, 0x02, 0x3D,
		0x16, 0x13, 0x61, 0xD0, 0x00, 0x1D, 0x6E, 0x20, 0x00, 0x04, 0x48, 0x00,
		0x0F, 0x60, 0x00, 0x03, 0x31, 0xE1, 0x3F, 0x33, 0x01, 0x00, 0x1F, 0xF7,
		0x70, 0x00, 0x02, 0x4F, 0xF0, 0x69, 0xF8, 0x40, 0xF8, 0x00, 0x72, 0x23,
		0x00, 0x08, 0xE0, 0x00, 0x1D, 0x10, 0x90, 0x00, 0x02, 0xC0, 0x00, 0x1F,
		0xE3, 0x68, 0x00, 0x34, 0x2F, 0xF0, 0xBF, 0x98, 0x02, 0x04, 0x19, 0xC0,
		0xA0, 0x02, 0x25, 0x00, 0xE0, 0x20, 0x00, 0x20, 0xCD, 0xCC, 0x01, 0x00,
		0x31, 0xDC, 0x3F, 0x66, 0x01, 0x00, 0x1B, 0xE2, 0x70, 0x01, 0x2F, 0xE9,
		0x3F, 0xB8, 0x00, 0x05, 0x04, 0x0A, 0x03, 0x0F, 0x98, 0x00, 0x0D, 0xF2,
		0x02, 0x09, 0x06, 0x0B, 0x19, 0x05, 0x19, 0x05, 0x0B, 0x0B, 0x0B, 0x18,
		0x09, 0x06, 0x09, 0x06, 0x06, 0x06, 0x07, 0x00, 0xF0, 0x14, 0x05, 0x06,
		0x0B, 0x0B, 0x0B, 0x0F, 0x11, 0x12, 0x0E, 0x0B, 0x06, 0x11, 0x11, 0x11,
		0x11, 0x0F, 0x11, 0x12, 0x05, 0x19, 0x05, 0x11, 0x10, 0x06, 0x06, 0x06,
		0x12, 0x05, 0x12, 0x0D, 0x11, 0x0E, 0x06, 0x05, 0x11, 0x02, 0x00, 0xBA,
		0x12, 0x11, 0x12, 0x06, 0x06, 0x11, 0x09, 0x18, 0x09, 0x11, 0x05, 0x01,
		0x00, 0x33, 0x18, 0x09, 0x06, 0x01, 0x00, 0x00, 0x5E, 0x00, 0x01, 0x55,
		0x00, 0x00, 0x0A, 0x00, 0xA0, 0x0B, 0x06, 0x0E, 0x0B, 0x19, 0x05, 0x0F,
		0x0F, 0x19, 0x05, 0x02, 0x00, 0x6F, 0x09, 0x06, 0x06, 0x11, 0x06, 0x0F,
		0x68, 0x00, 0x0B, 0x10, 0x12, 0x64, 0x00, 0x04, 0x68, 0x00, 0x2F, 0x08,
		0x08, 0x37, 0x00, 0x96, 0x21, 0x11, 0x12, 0x3D, 0x00, 0x03, 0x43, 0x00,
		0x0F, 0xFB, 0x00, 0xE6, 0x1F, 0x06, 0x44, 0x00, 0x15, 0x02, 0x4C, 0x02,
		0x01, 0x4B, 0x02, 0x18, 0x11, 0x43, 0x02, 0x01, 0x9D, 0x02, 0x01, 0x06,
		0x00, 0x11, 0x0D, 0x98, 0x02, 0x02, 0x4B, 0x00, 0x01, 0x49, 0x00, 0x0A,
		0x48, 0x00, 0x02, 0x8A, 0x00, 0x05, 0x85, 0x00, 0x26, 0x0B, 0x06, 0x7B,
		0x00, 0x2F, 0x05, 0x05, 0xBF, 0x00, 0x19, 0x2F, 0x06, 0x05, 0xAB, 0x02,
		0xFF, 0xE4, 0x66, 0x05, 0x12, 0x09, 0x06, 0x06, 0x0B, 0x36, 0x02, 0x1F,
		0x12, 0x36, 0x02, 0x1A, 0x7F, 0x10, 0x18, 0x09, 0x06, 0x11, 0x05, 0x06,
		0xE7, 0x04, 0xEB, 0x2F, 0x06, 0x05, 0x43, 0x00, 0x20, 0x11, 0x06, 0x7D,
		0x01, 0x41, 0x05, 0x06, 0x05, 0x06, 0xF3, 0x03, 0xFF, 0x04, 0x05, 0x05,
		0x19, 0x0B, 0x0B, 0x11, 0x05, 0x05, 0x12, 0x18, 0x09, 0x86, 0x01, 0x86,
		0x01, 0x06, 0x0E, 0x0E, 0x0E, 0x59, 0x00, 0x1B, 0x07, 0xD2, 0x00, 0x0F,
		0x36, 0x00, 0x23, 0x1F, 0x11, 0x36, 0x00, 0x1E, 0x50, 0x05, 0x00, 0xDD,
		0xEE, 0xFF
	};

	inline unsigned char greentime[ 4467 ]
	{
		0x73, 0x11, 0x00, 0x00, 0x0C, 0x00, 0x01, 0x00, 0x08, 0x00, 0x00, 0x00,
		0x03, 0x00, 0x00, 0x00, 0x52, 0x45, 0x52, 0x4C, 0x20, 0x00, 0x00, 0x00,
		0x8C, 0x00, 0x00, 0x00, 0x52, 0x45, 0x44, 0x32, 0xA0, 0x00, 0x00, 0x00,
		0xD6, 0x02, 0x00, 0x00, 0x44, 0x41, 0x54, 0x41, 0x74, 0x03, 0x00, 0x00,
		0xD3, 0x0D, 0x00, 0x00, 0x0C, 0x00, 0x00, 0x00, 0x02, 0x00, 0x00, 0x00,
		0x00, 0x00, 0x00, 0x00, 0xA2, 0x57, 0x82, 0x70, 0x5E, 0xFD, 0x45, 0xDC,
		0x18, 0x00, 0x00, 0x00, 0x00, 0x00, 0x00, 0x00, 0x17, 0xB7, 0x44, 0xE9,
		0xF5, 0x97, 0x77, 0x94, 0x3E, 0x00, 0x00, 0x00, 0x00, 0x00, 0x00, 0x00,
		0x6D, 0x61, 0x74, 0x65, 0x72, 0x69, 0x61, 0x6C, 0x73, 0x2F, 0x70, 0x61,
		0x72, 0x74, 0x69, 0x63, 0x6C, 0x65, 0x2F, 0x66, 0x69, 0x72, 0x65, 0x5F,
		0x6F, 0x6E, 0x73, 0x75, 0x72, 0x66, 0x61, 0x63, 0x65, 0x2F, 0x66, 0x69,
		0x72, 0x65, 0x5F, 0x6F, 0x6E, 0x73, 0x75, 0x72, 0x66, 0x61, 0x63, 0x65,
		0x2E, 0x76, 0x74, 0x65, 0x78, 0x00, 0x6D, 0x61, 0x74, 0x65, 0x72, 0x69,
		0x61, 0x6C, 0x73, 0x2F, 0x70, 0x61, 0x72, 0x74, 0x69, 0x63, 0x6C, 0x65,
		0x2F, 0x69, 0x6D, 0x70, 0x61, 0x63, 0x74, 0x2F, 0x66, 0x6C, 0x65, 0x6B,
		0x73, 0x5F, 0x67, 0x6C, 0x6F, 0x77, 0x2E, 0x76, 0x74, 0x65, 0x78, 0x00,
		0x05, 0x33, 0x56, 0x4B, 0x7C, 0x16, 0x12, 0x74, 0xE9, 0x06, 0x98, 0x46,
		0xAF, 0xF2, 0xE6, 0x3E, 0xB5, 0x90, 0x37, 0xE7, 0x01, 0x00, 0x00, 0x00,
		0x00, 0x00, 0x00, 0x40, 0x4B, 0x02, 0x00, 0x00, 0x01, 0x00, 0x00, 0x00,
		0x00, 0x00, 0x00, 0x00, 0x21, 0x00, 0x00, 0x00, 0x06, 0x00, 0x07, 0x00,
		0x41, 0x03, 0x00, 0x00, 0x5E, 0x02, 0x00, 0x00, 0x00, 0x00, 0x00, 0x00,
		0x00, 0x00, 0x00, 0x00, 0x00, 0x00, 0x00, 0x00, 0x00, 0x00, 0x00, 0x00,
		0x50, 0x02, 0x00, 0x00, 0xAF, 0x01, 0x00, 0x00, 0xF1, 0x00, 0x00, 0x00,
		0xAF, 0x00, 0x00, 0x00, 0x03, 0x00, 0x00, 0x00, 0x00, 0x00, 0x00, 0x00,
		0x2C, 0x00, 0x00, 0x00, 0x00, 0x00, 0x00, 0x00, 0x1E, 0x00, 0x00, 0x00,
		0x06, 0x00, 0x00, 0x00, 0x07, 0x00, 0x00, 0x00, 0x08, 0x00, 0x00, 0x00,
		0xF0, 0x5C, 0x6D, 0x5F, 0x49, 0x6E, 0x70, 0x75, 0x74, 0x44, 0x65, 0x70,
		0x65, 0x6E, 0x64, 0x65, 0x6E, 0x63, 0x69, 0x65, 0x73, 0x00, 0x6D, 0x5F,
		0x52, 0x65, 0x6C, 0x61, 0x74, 0x69, 0x76, 0x65, 0x46, 0x69, 0x6C, 0x65,
		0x6E, 0x61, 0x6D, 0x65, 0x00, 0x63, 0x68, 0x69, 0x63, 0x6B, 0x65, 0x6E,
		0x5F, 0x67, 0x6F, 0x6E, 0x65, 0x5F, 0x66, 0x65, 0x61, 0x74, 0x68, 0x65,
		0x72, 0x73, 0x5F, 0x66, 0x69, 0x72, 0x65, 0x2E, 0x76, 0x70, 0x63, 0x66,
		0x00, 0x6D, 0x5F, 0x53, 0x65, 0x61, 0x72, 0x63, 0x68, 0x50, 0x61, 0x74,
		0x68, 0x00, 0x63, 0x73, 0x67, 0x6F, 0x5F, 0x61, 0x64, 0x64, 0x6F, 0x6E,
		0x73, 0x2F, 0x73, 0x6F, 0x73, 0x69, 0x73, 0x6B, 0x61, 0x00, 0x6D, 0x5F,
		0x6E, 0x4D, 0x00, 0xF0, 0x00, 0x43, 0x52, 0x43, 0x00, 0x6D, 0x5F, 0x62,
		0x4F, 0x70, 0x74, 0x69, 0x6F, 0x6E, 0x61, 0x6C, 0x0C, 0x00, 0x00, 0x17,
		0x00, 0x60, 0x45, 0x78, 0x69, 0x73, 0x74, 0x73, 0x0E, 0x00, 0x51, 0x49,
		0x73, 0x47, 0x61, 0x6D, 0x78, 0x00, 0x72, 0x00, 0x6D, 0x5F, 0x41, 0x64,
		0x64, 0x69, 0x29, 0x00, 0x0F, 0xA5, 0x00, 0x01, 0x7C, 0x41, 0x72, 0x67,
		0x75, 0x6D, 0x65, 0x6E, 0x17, 0x00, 0xA0, 0x50, 0x61, 0x72, 0x61, 0x6D,
		0x65, 0x74, 0x65, 0x72, 0x4E, 0xB9, 0x00, 0xB2, 0x5F, 0x5F, 0x5F, 0x4F,
		0x76, 0x65, 0x72, 0x72, 0x69, 0x64, 0x65, 0x44, 0x00, 0x68, 0x61, 0x74,
		0x61, 0x5F, 0x5F, 0x5F, 0x28, 0x00, 0xF2, 0x03, 0x54, 0x79, 0x70, 0x65,
		0x00, 0x42, 0x69, 0x6E, 0x61, 0x72, 0x79, 0x42, 0x6C, 0x6F, 0x62, 0x41,
		0x72, 0x67, 0xAE, 0x00, 0x9B, 0x6E, 0x67, 0x65, 0x72, 0x70, 0x72, 0x69,
		0x6E, 0x74, 0x0F, 0x00, 0x70, 0x44, 0x65, 0x66, 0x61, 0x75, 0x6C, 0x74,
		0xF4, 0x00, 0x6B, 0x70, 0x65, 0x63, 0x69, 0x61, 0x6C, 0x81, 0x00, 0xF4,
		0x0F, 0x53, 0x74, 0x72, 0x69, 0x6E, 0x67, 0x00, 0x4B, 0x56, 0x33, 0x20,
		0x43, 0x6F, 0x6D, 0x70, 0x69, 0x6C, 0x65, 0x72, 0x20, 0x56, 0x65, 0x72,
		0x73, 0x69, 0x6F, 0x6E, 0x00, 0x6D, 0x5F, 0x13, 0x00, 0xB3, 0x49, 0x64,
		0x65, 0x6E, 0x74, 0x69, 0x66, 0x69, 0x65, 0x72, 0x00, 0x13, 0x00, 0x61,
		0x50, 0x61, 0x72, 0x74, 0x69, 0x63, 0xF9, 0x00, 0x50, 0x6E, 0x55, 0x73,
		0x65, 0x72, 0xAB, 0x00, 0x14, 0x00, 0x15, 0x00, 0x0E, 0x4B, 0x00, 0x08,
		0x1F, 0x01, 0x01, 0xB0, 0x01, 0x20, 0x65, 0x64, 0x37, 0x01, 0x10, 0x73,
		0x64, 0x00, 0xF0, 0x00, 0x68, 0x69, 0x6C, 0x64, 0x52, 0x65, 0x73, 0x6F,
		0x75, 0x72, 0x63, 0x65, 0x4C, 0x69, 0x73, 0xAC, 0x00, 0xB5, 0x57, 0x65,
		0x61, 0x6B, 0x52, 0x65, 0x66, 0x65, 0x72, 0x65, 0x6E, 0x14, 0x00, 0x02,
		0xB4, 0x01, 0x45, 0x61, 0x62, 0x6C, 0x65, 0x70, 0x00, 0x29, 0x49, 0x73,
		0x3D, 0x00, 0x00, 0x25, 0x00, 0x75, 0x75, 0x62, 0x61, 0x73, 0x73, 0x65,
		0x74, 0x3D, 0x00, 0x16, 0x73, 0x15, 0x00, 0x00, 0x0C, 0x01, 0x21, 0x69,
		0x6E, 0x85, 0x00, 0x70, 0x73, 0x00, 0x00, 0x1F, 0x00, 0x00, 0x00, 0x97,
		0x0A, 0x00, 0x00, 0x00, 0x06, 0x00, 0x00, 0x00, 0x04, 0x04, 0x00, 0x10,
		0x01, 0x04, 0x00, 0x43, 0x01, 0x02, 0x00, 0x00, 0x0C, 0x00, 0x00, 0x0A,
		0x00, 0x13, 0x03, 0x1C, 0x00, 0x80, 0x05, 0x00, 0x00, 0x00, 0xA1, 0x0F,
		0xE1, 0x55, 0x34, 0x00, 0xA2, 0x07, 0x00, 0x00, 0x00, 0x08, 0x00, 0x00,
		0x00, 0x09, 0x00, 0x01, 0x00, 0x00, 0x4C, 0x00, 0xF3, 0x1A, 0x0B, 0x00,
		0x00, 0x00, 0x0C, 0x00, 0x00, 0x00, 0x0D, 0x00, 0x00, 0x00, 0x0E, 0x00,
		0x00, 0x00, 0x0F, 0x00, 0x00, 0x00, 0x10, 0x00, 0x00, 0x00, 0x11, 0x00,
		0x00, 0x00, 0x12, 0x00, 0x00, 0x00, 0x13, 0x00, 0x00, 0x00, 0x14, 0x00,
		0x00, 0x00, 0x15, 0x1C, 0x00, 0x00, 0x5C, 0x00, 0x13, 0x16, 0x1C, 0x00,
		0x1F, 0x17, 0x1C, 0x00, 0x04, 0x13, 0x18, 0x60, 0x00, 0x13, 0x19, 0x08,
		0x00, 0x13, 0x1A, 0x08, 0x00, 0xD0, 0x1B, 0x00, 0x00, 0x00, 0x1C, 0x00,
		0x00, 0x00, 0x1D, 0x00, 0x00, 0x00, 0x1E, 0x88, 0x00, 0x90, 0x18, 0x09,
		0x06, 0x06, 0x0C, 0x0E, 0x0D, 0x0E, 0x08, 0x09, 0x00, 0x21, 0x0F, 0x0F,
		0x0F, 0x00, 0x10, 0x0F, 0x04, 0x00, 0xB0, 0x08, 0x08, 0x08, 0x09, 0x0F,
		0x01, 0x01, 0x00, 0xDD, 0xEE, 0xFF, 0x00, 0x00, 0x00, 0x00, 0x00, 0x00,
		0x00, 0x00, 0x00, 0x00, 0x05, 0x33, 0x56, 0x4B, 0x1D, 0xCE, 0xD3, 0x39,
		0x42, 0x94, 0x07, 0x44, 0x9B, 0x78, 0x83, 0x17, 0x14, 0x5B, 0x17, 0x32,
		0x01, 0x00, 0x00, 0x00, 0x00, 0x00, 0x00, 0x40, 0xDE, 0x0B, 0x00, 0x00,
		0x25, 0x00, 0x00, 0x00, 0xEF, 0x01, 0x00, 0x00, 0xDA, 0x08, 0x00, 0x00,
		0x76, 0x00, 0x22, 0x01, 0x66, 0x53, 0x00, 0x00, 0x5B, 0x0D, 0x00, 0x00,
		0x00, 0x00, 0x00, 0x00, 0x00, 0x00, 0x00, 0x00, 0x00, 0x00, 0x00, 0x00,
		0x00, 0x00, 0x00, 0x00, 0xF0, 0x1B, 0x00, 0x00, 0x1D, 0x08, 0x00, 0x00,
		0x76, 0x37, 0x00, 0x00, 0x3E, 0x05, 0x00, 0x00, 0xD2, 0x00, 0x00, 0x00,
		0x00, 0x00, 0x00, 0x00, 0x31, 0x0A, 0x00, 0x00, 0x65, 0x00, 0x00, 0x00,
		0x06, 0x08, 0x00, 0x00, 0x76, 0x00, 0x00, 0x00, 0x59, 0x00, 0x00, 0x00,
		0x68, 0x00, 0x00, 0x00, 0xF4, 0x40, 0x5F, 0x63, 0x6C, 0x61, 0x73, 0x73,
		0x00, 0x43, 0x50, 0x61, 0x72, 0x74, 0x69, 0x63, 0x6C, 0x65, 0x53, 0x79,
		0x73, 0x74, 0x65, 0x6D, 0x44, 0x65, 0x66, 0x69, 0x6E, 0x69, 0x74, 0x69,
		0x6F, 0x6E, 0x00, 0x6D, 0x5F, 0x62, 0x53, 0x68, 0x6F, 0x75, 0x6C, 0x64,
		0x48, 0x69, 0x74, 0x62, 0x6F, 0x78, 0x65, 0x73, 0x46, 0x61, 0x6C, 0x6C,
		0x62, 0x61, 0x63, 0x6B, 0x54, 0x6F, 0x52, 0x65, 0x6E, 0x64, 0x65, 0x72,
		0x42, 0x6F, 0x75, 0x6E, 0x64, 0x73, 0x00, 0x6D, 0x5F, 0x6E, 0x4D, 0x61,
		0x78, 0x47, 0x00, 0x00, 0x10, 0x00, 0x01, 0x19, 0x00, 0x9B, 0x69, 0x6E,
		0x67, 0x42, 0x6F, 0x78, 0x4D, 0x69, 0x6E, 0x11, 0x00, 0xF2, 0x02, 0x61,
		0x78, 0x00, 0x6D, 0x5F, 0x66, 0x6C, 0x43, 0x75, 0x6C, 0x6C, 0x52, 0x61,
		0x64, 0x69, 0x75, 0x73, 0x0F, 0x00, 0x77, 0x6F, 0x6E, 0x73, 0x74, 0x61,
		0x6E, 0x74, 0x13, 0x00, 0x90, 0x4D, 0x61, 0x78, 0x44, 0x72, 0x61, 0x77,
		0x44, 0x69, 0x19, 0x00, 0x26, 0x63, 0x65, 0x90, 0x00, 0x46, 0x53, 0x6F,
		0x72, 0x74, 0x0E, 0x00, 0x51, 0x42, 0x61, 0x74, 0x63, 0x68, 0x31, 0x00,
		0x95, 0x41, 0x67, 0x67, 0x72, 0x65, 0x67, 0x61, 0x74, 0x65, 0x45, 0x00,
		0xD2, 0x6E, 0x42, 0x65, 0x68, 0x61, 0x76, 0x69, 0x6F, 0x72, 0x56, 0x65,
		0x72, 0x73, 0xD4, 0x00, 0xF0, 0x15, 0x6E, 0x46, 0x69, 0x72, 0x73, 0x74,
		0x4D, 0x75, 0x6C, 0x74, 0x69, 0x70, 0x6C, 0x65, 0x4F, 0x76, 0x65, 0x72,
		0x72, 0x69, 0x64, 0x65, 0x5F, 0x42, 0x61, 0x63, 0x6B, 0x77, 0x61, 0x72,
		0x64, 0x43, 0x6F, 0x6D, 0x70, 0x61, 0x5E, 0x00, 0xF0, 0x06, 0x63, 0x6F,
		0x6E, 0x74, 0x72, 0x6F, 0x6C, 0x50, 0x6F, 0x69, 0x6E, 0x74, 0x43, 0x6F,
		0x6E, 0x66, 0x69, 0x67, 0x75, 0x72, 0x61, 0x18, 0x01, 0x01, 0x58, 0x00,
		0xF0, 0x05, 0x61, 0x6D, 0x65, 0x00, 0x70, 0x72, 0x65, 0x76, 0x69, 0x65,
		0x77, 0x00, 0x6D, 0x5F, 0x64, 0x72, 0x69, 0x76, 0x65, 0x72, 0x19, 0x00,
		0xF0, 0x1A, 0x69, 0x41, 0x74, 0x74, 0x61, 0x63, 0x68, 0x54, 0x79, 0x70,
		0x65, 0x00, 0x50, 0x41, 0x54, 0x54, 0x41, 0x43, 0x48, 0x5F, 0x57, 0x4F,
		0x52, 0x4C, 0x44, 0x4F, 0x52, 0x49, 0x47, 0x49, 0x4E, 0x00, 0x6D, 0x5F,
		0x65, 0x6E, 0x74, 0x69, 0x74, 0x79, 0x4E, 0x41, 0x00, 0xC0, 0x73, 0x65,
		0x6C, 0x66, 0x00, 0x6D, 0x5F, 0x45, 0x6D, 0x69, 0x74, 0x74, 0x3F, 0x00,
		0x62, 0x43, 0x5F, 0x4F, 0x50, 0x5F, 0x49, 0x08, 0x01, 0x63, 0x61, 0x6E,
		0x65, 0x6F, 0x75, 0x73, 0x1B, 0x00, 0x03, 0x63, 0x01, 0x02, 0x0E, 0x00,
		0x90, 0x64, 0x50, 0x65, 0x72, 0x46, 0x72, 0x61, 0x6D, 0x65, 0x16, 0x00,
		0x05, 0x76, 0x01, 0x20, 0x54, 0x6F, 0x1E, 0x00, 0x00, 0x13, 0x00, 0x02,
		0x7C, 0x00, 0xE1, 0x46, 0x5F, 0x54, 0x59, 0x50, 0x45, 0x5F, 0x4C, 0x49,
		0x54, 0x45, 0x52, 0x41, 0x4C, 0x1F, 0x01, 0xB0, 0x4C, 0x69, 0x74, 0x65,
		0x72, 0x61, 0x6C, 0x56, 0x61, 0x6C, 0x75, 0x3C, 0x00, 0x10, 0x49, 0xE7,
		0x01, 0x42, 0x61, 0x6C, 0x69, 0x7A, 0x7B, 0x00, 0xF0, 0x11, 0x49, 0x4E,
		0x49, 0x54, 0x5F, 0x43, 0x72, 0x65, 0x61, 0x74, 0x65, 0x57, 0x69, 0x74,
		0x68, 0x69, 0x6E, 0x53, 0x70, 0x68, 0x65, 0x72, 0x65, 0x54, 0x72, 0x61,
		0x6E, 0x73, 0x66, 0x6F, 0x72, 0x6D, 0x43, 0x00, 0x51, 0x53, 0x70, 0x65,
		0x65, 0x64, 0xC1, 0x01, 0x00, 0x90, 0x00, 0x14, 0x70, 0x6A, 0x00, 0x32,
		0x4D, 0x41, 0x50, 0x6E, 0x00, 0x90, 0x44, 0x49, 0x52, 0x45, 0x43, 0x54,
		0x00, 0x6D, 0x5F, 0xDF, 0x00, 0x14, 0x64, 0x69, 0x00, 0x27, 0x6E, 0x43,
		0x4B, 0x01, 0x00, 0x10, 0x00, 0xE1, 0x53, 0x63, 0x61, 0x6C, 0x61, 0x72,
		0x41, 0x74, 0x74, 0x72, 0x69, 0x62, 0x75, 0x74, 0x23, 0x00, 0x5F, 0x56,
		0x65, 0x63, 0x74, 0x6F, 0x13, 0x00, 0x01, 0x00, 0x90, 0x01, 0x51, 0x6F,
		0x6E, 0x65, 0x6E, 0x74, 0xC3, 0x00, 0x62, 0x52, 0x61, 0x6E, 0x64, 0x6F,
		0x6D, 0x54, 0x02, 0x05, 0x0E, 0x00, 0x01, 0x90, 0x00, 0x42, 0x62, 0x48,
		0x61, 0x73, 0x10, 0x00, 0x80, 0x53, 0x69, 0x67, 0x6E, 0x46, 0x6C, 0x69,
		0x70, 0x44, 0x00, 0x03, 0x22, 0x00, 0x21, 0x6F, 0x64, 0xA8, 0x00, 0xF2,
		0x05, 0x52, 0x41, 0x4E, 0x44, 0x4F, 0x4D, 0x5F, 0x4D, 0x4F, 0x44, 0x45,
		0x5F, 0x43, 0x4F, 0x4E, 0x53, 0x54, 0x41, 0x4E, 0x54, 0x1A, 0x01, 0x34,
		0x4F, 0x44, 0x30, 0x09, 0x00, 0x14, 0x31, 0x09, 0x00, 0x14, 0x32, 0x09,
		0x00, 0x10, 0x33, 0x4A, 0x00, 0xAE, 0x4E, 0x6F, 0x69, 0x73, 0x65, 0x49,
		0x6E, 0x70, 0x75, 0x74, 0xAB, 0x00, 0x21, 0x66, 0x6C, 0x1E, 0x00, 0x64,
		0x4F, 0x75, 0x74, 0x70, 0x75, 0x74, 0x9D, 0x00, 0x08, 0x13, 0x00, 0x26,
		0x61, 0x78, 0x13, 0x00, 0x00, 0xFD, 0x00, 0x00, 0x35, 0x00, 0x32, 0x76,
		0x65, 0x63, 0x23, 0x00, 0x79, 0x66, 0x66, 0x73, 0x65, 0x74, 0x52, 0x61,
		0x4A, 0x00, 0x01, 0x14, 0x00, 0x05, 0x77, 0x00, 0x75, 0x4F, 0x63, 0x74,
		0x61, 0x76, 0x65, 0x73, 0x10, 0x00, 0x91, 0x54, 0x75, 0x72, 0x62, 0x75,
		0x6C, 0x65, 0x6E, 0x63, 0xD6, 0x00, 0xF6, 0x00, 0x4E, 0x4F, 0x49, 0x53,
		0x45, 0x5F, 0x54, 0x55, 0x52, 0x42, 0x5F, 0x4E, 0x4F, 0x4E, 0x45, 0x26,
		0x00, 0x28, 0x79, 0x70, 0x20, 0x00, 0x00, 0xA0, 0x01, 0x65, 0x50, 0x45,
		0x52, 0x4C, 0x49, 0x4E, 0x22, 0x00, 0x85, 0x4D, 0x6F, 0x64, 0x69, 0x66,
		0x69, 0x65, 0x72, 0x26, 0x00, 0x00, 0x1B, 0x01, 0x54, 0x49, 0x46, 0x49,
		0x45, 0x52, 0x4A, 0x00, 0x2B, 0x66, 0x6C, 0x71, 0x00, 0x04, 0xBE, 0x00,
		0x0D, 0x19, 0x00, 0x27, 0x4D, 0x69, 0xE4, 0x00, 0x42, 0x49, 0x6D, 0x67,
		0x50, 0x1D, 0x03, 0x04, 0x30, 0x00, 0x1B, 0x62, 0x18, 0x00, 0x31, 0x4C,
		0x69, 0x76, 0x17, 0x00, 0x32, 0x55, 0x73, 0x65, 0x46, 0x04, 0x33, 0x43,
		0x65, 0x6E, 0xE9, 0x02, 0x01, 0x65, 0x01, 0x04, 0xB3, 0x01, 0x53, 0x49,
		0x4E, 0x50, 0x55, 0x54, 0xB2, 0x01, 0x61, 0x4C, 0x41, 0x4D, 0x50, 0x45,
		0x44, 0x1B, 0x04, 0x00, 0xBF, 0x03, 0x20, 0x46, 0x61, 0x88, 0x01, 0x01,
		0x0F, 0x00, 0x01, 0x33, 0x00, 0x16, 0x30, 0x0B, 0x00, 0x02, 0xC4, 0x01,
		0x02, 0x7D, 0x01, 0x17, 0x30, 0x0C, 0x00, 0x13, 0x31, 0xA3, 0x00, 0xA6,
		0x74, 0x63, 0x68, 0x65, 0x64, 0x52, 0x61, 0x6E, 0x67, 0x65, 0xAE, 0x01,
		0x07, 0x14, 0x00, 0x28, 0x61, 0x78, 0x14, 0x00, 0x02, 0x3B, 0x00, 0x7E,
		0x4F, 0x75, 0x74, 0x73, 0x69, 0x64, 0x65, 0x19, 0x00, 0x23, 0x49, 0x6E,
		0x18, 0x00, 0x54, 0x6E, 0x42, 0x69, 0x61, 0x73, 0x75, 0x01, 0x42, 0x42,
		0x49, 0x41, 0x53, 0x74, 0x01, 0x00, 0x66, 0x02, 0x32, 0x44, 0x41, 0x52,
		0xB8, 0x00, 0x00, 0x23, 0x00, 0x20, 0x50, 0x61, 0xBD, 0x03, 0x02, 0xED,
		0x00, 0x31, 0x43, 0x75, 0x72, 0x08, 0x01, 0x50, 0x73, 0x70, 0x6C, 0x69,
		0x6E, 0x09, 0x00, 0x10, 0x74, 0x81, 0x00, 0x30, 0x6E, 0x74, 0x73, 0x21,
		0x02, 0x98, 0x44, 0x6F, 0x6D, 0x61, 0x69, 0x6E, 0x4D, 0x69, 0x6E, 0x0E,
		0x00, 0x32, 0x61, 0x78, 0x73, 0x3D, 0x02, 0x04, 0x17, 0x05, 0x00, 0x53,
		0x00, 0x20, 0x41, 0x62, 0x15, 0x00, 0xE3, 0x4C, 0x6F, 0x63, 0x61, 0x6C,
		0x43, 0x6F, 0x6F, 0x72, 0x64, 0x69, 0x6E, 0x61, 0x74, 0xD0, 0x05, 0x07,
		0xB3, 0x03, 0x0F, 0x20, 0x00, 0x08, 0x24, 0x69, 0x6E, 0x02, 0x04, 0x03,
		0x44, 0x03, 0x42, 0x65, 0x71, 0x75, 0x65, 0x74, 0x05, 0x14, 0x6E, 0x0C,
		0x00, 0x00, 0x45, 0x00, 0x03, 0x25, 0x00, 0x00, 0x3B, 0x04, 0x31, 0x46,
		0x6C, 0x6F, 0x28, 0x05, 0x02, 0x14, 0x03, 0x01, 0xEB, 0x03, 0x04, 0x75,
		0x04, 0x03, 0x68, 0x03, 0x70, 0x55, 0x4E, 0x49, 0x46, 0x4F, 0x52, 0x4D,
		0x44, 0x00, 0x02, 0x2B, 0x01, 0x5C, 0x46, 0x69, 0x65, 0x6C, 0x64, 0x26,
		0x00, 0x00, 0x2A, 0x01, 0x2A, 0x45, 0x44, 0x7F, 0x00, 0x33, 0x43, 0x6F,
		0x6C, 0xDA, 0x01, 0xF0, 0x00, 0x55, 0x70, 0x64, 0x61, 0x74, 0x65, 0x54,
		0x68, 0x72, 0x65, 0x73, 0x68, 0x6F, 0x6C, 0x64, 0x33, 0x01, 0x00, 0x1C,
		0x00, 0x02, 0xD1, 0x00, 0x02, 0x0B, 0x00, 0x01, 0xC2, 0x01, 0x4D, 0x54,
		0x69, 0x6E, 0x74, 0xC6, 0x00, 0x33, 0x59, 0x61, 0x77, 0x09, 0x04, 0x74,
		0x4F, 0x70, 0x65, 0x72, 0x61, 0x74, 0x6F, 0x64, 0x05, 0xA3, 0x42, 0x61,
		0x73, 0x69, 0x63, 0x4D, 0x6F, 0x76, 0x65, 0x6D, 0x59, 0x04, 0xE2, 0x44,
		0x72, 0x61, 0x67, 0x00, 0x6D, 0x5F, 0x47, 0x72, 0x61, 0x76, 0x69, 0x74,
		0x79, 0x25, 0x00, 0x43, 0x44, 0x65, 0x63, 0x61, 0x0B, 0x00, 0x30, 0x46,
		0x61, 0x64, 0xCB, 0x03, 0x01, 0x92, 0x00, 0x03, 0x0C, 0x00, 0x35, 0x54,
		0x69, 0x6D, 0x29, 0x02, 0x08, 0x13, 0x00, 0x22, 0x69, 0x6E, 0x33, 0x00,
		0x31, 0x53, 0x70, 0x69, 0x6E, 0x06, 0x00, 0x08, 0x00, 0x00, 0xDD, 0x03,
		0x63, 0x44, 0x65, 0x67, 0x72, 0x65, 0x65, 0x80, 0x00, 0x92, 0x4F, 0x73,
		0x63, 0x69, 0x6C, 0x6C, 0x61, 0x74, 0x65, 0x4C, 0x04, 0x02, 0xA2, 0x02,
		0x50, 0x73, 0x63, 0x4D, 0x75, 0x6C, 0x64, 0x00, 0x22, 0x46, 0x72, 0x72,
		0x01, 0x12, 0x79, 0x60, 0x00, 0x06, 0x0F, 0x00, 0x01, 0x52, 0x00, 0x00,
		0x4D, 0x00, 0x02, 0x8B, 0x01, 0x08, 0x49, 0x00, 0x02, 0x53, 0x05, 0x02,
		0xDF, 0x06, 0x00, 0x65, 0x01, 0x03, 0x28, 0x00, 0x04, 0x8E, 0x00, 0x01,
		0x2A, 0x01, 0x10, 0x49, 0x62, 0x03, 0x20, 0x70, 0x6F, 0x2F, 0x00, 0x04,
		0x3D, 0x01, 0x00, 0xBA, 0x00, 0x05, 0xC3, 0x00, 0x41, 0x53, 0x74, 0x61,
		0x72, 0xC5, 0x00, 0x05, 0x12, 0x00, 0x31, 0x45, 0x6E, 0x64, 0x10, 0x00,
		0x03, 0x99, 0x06, 0x05, 0x3F, 0x00, 0x07, 0xA5, 0x07, 0x36, 0x45, 0x6E,
		0x64, 0x14, 0x04, 0x00, 0x8C, 0x02, 0x00, 0xB2, 0x00, 0x78, 0x6F, 0x72,
		0x63, 0x65, 0x47, 0x65, 0x6E, 0x74, 0x01, 0x00, 0xEB, 0x02, 0x02, 0x1D,
		0x04, 0x00, 0x1E, 0x00, 0x00, 0x1D, 0x07, 0x51, 0x52, 0x54, 0x49, 0x43,
		0x4C, 0x34, 0x06, 0x03, 0x7D, 0x04, 0x47, 0x43, 0x55, 0x52, 0x4C, 0x19,
		0x05, 0x00, 0xF8, 0x00, 0x5C, 0x00, 0x50, 0x56, 0x45, 0x43, 0xCA, 0x06,
		0x1B, 0x76, 0xC9, 0x06, 0x03, 0x0F, 0x00, 0x04, 0x35, 0x02, 0x79, 0x62,
		0x46, 0x6F, 0x6C, 0x6C, 0x6F, 0x77, 0x83, 0x06, 0x1B, 0x76, 0xB5, 0x05,
		0x05, 0x85, 0x05, 0x21, 0x43, 0x50, 0x23, 0x00, 0x07, 0x10, 0x00, 0xB4,
		0x52, 0x65, 0x6C, 0x61, 0x74, 0x69, 0x76, 0x65, 0x50, 0x6F, 0x73, 0x07,
		0x09, 0x07, 0x16, 0x00, 0x20, 0x44, 0x69, 0x63, 0x00, 0x01, 0xFC, 0x02,
		0x05, 0x9A, 0x06, 0x1D, 0x58, 0x12, 0x00, 0x1D, 0x59, 0x12, 0x00, 0x14,
		0x5A, 0x12, 0x00, 0x02, 0x46, 0x01, 0x03, 0xAB, 0x04, 0x00, 0x0B, 0x00,
		0x09, 0xBC, 0x04, 0x05, 0x11, 0x00, 0x10, 0x31, 0x77, 0x00, 0x02, 0x10,
		0x00, 0x06, 0xC7, 0x04, 0x09, 0x11, 0x00, 0x12, 0x31, 0xB0, 0x02, 0x22,
		0x64, 0x69, 0xC3, 0x02, 0x41, 0x53, 0x74, 0x6F, 0x70, 0x1A, 0x04, 0x08,
		0x23, 0x07, 0x18, 0x76, 0x22, 0x07, 0x04, 0x58, 0x01, 0x07, 0x81, 0x06,
		0x09, 0x7C, 0x06, 0x02, 0xD4, 0x09, 0x05, 0x88, 0x08, 0x02, 0x0F, 0x00,
		0xF1, 0x03, 0x53, 0x70, 0x72, 0x69, 0x74, 0x65, 0x73, 0x00, 0x56, 0x69,
		0x73, 0x69, 0x62, 0x69, 0x6C, 0x69, 0x74, 0x79, 0x9F, 0x00, 0x02, 0xFC,
		0x01, 0x02, 0x07, 0x02, 0x01, 0x50, 0x00, 0x04, 0x48, 0x05, 0x55, 0x50,
		0x72, 0x6F, 0x78, 0x79, 0x1F, 0x02, 0x61, 0x62, 0x42, 0x6C, 0x65, 0x6E,
		0x64, 0xAD, 0x08, 0x52, 0x73, 0x53, 0x65, 0x71, 0x30, 0x76, 0x00, 0x80,
		0x54, 0x65, 0x78, 0x74, 0x75, 0x72, 0x65, 0x73, 0x4A, 0x00, 0x00, 0xBB,
		0x00, 0x13, 0x68, 0x11, 0x00, 0xC3, 0x00, 0x6D, 0x61, 0x74, 0x65, 0x72,
		0x69, 0x61, 0x6C, 0x73, 0x2F, 0x70, 0xD7, 0x08, 0xF2, 0x07, 0x2F, 0x69,
		0x6D, 0x70, 0x61, 0x63, 0x74, 0x2F, 0x66, 0x6C, 0x65, 0x6B, 0x73, 0x5F,
		0x67, 0x6C, 0x6F, 0x77, 0x2E, 0x76, 0x74, 0x65, 0x76, 0x03, 0xA0, 0x53,
		0x68, 0x61, 0x64, 0x6F, 0x77, 0x44, 0x65, 0x6E, 0x73, 0xB3, 0x03, 0x01,
		0x5A, 0x00, 0x01, 0x03, 0x02, 0x02, 0xE0, 0x00, 0x0D, 0x39, 0x02, 0x60,
		0x5F, 0x43, 0x4F, 0x4C, 0x4F, 0x52, 0x22, 0x03, 0x5C, 0x44, 0x65, 0x6C,
		0x74, 0x61, 0x94, 0x08, 0x04, 0xF8, 0x04, 0x23, 0x65, 0x64, 0xE3, 0x05,
		0x64, 0x43, 0x61, 0x6D, 0x65, 0x72, 0x61, 0xF3, 0x0A, 0x01, 0x23, 0x00,
		0x00, 0xA9, 0x06, 0x04, 0xE1, 0x05, 0x52, 0x52, 0x4F, 0x55, 0x4E, 0x44,
		0x61, 0x00, 0x7F, 0x4E, 0x45, 0x41, 0x52, 0x45, 0x53, 0x54, 0xBF, 0x00,
		0x01, 0xDC, 0x66, 0x69, 0x72, 0x65, 0x5F, 0x6F, 0x6E, 0x73, 0x75, 0x72,
		0x66, 0x61, 0x63, 0x0F, 0x00, 0x06, 0xCB, 0x00, 0x00, 0x86, 0x0A, 0x56,
		0x62, 0x72, 0x69, 0x67, 0x68, 0xD5, 0x06, 0x52, 0x62, 0x4F, 0x6E, 0x6C,
		0x79, 0x84, 0x01, 0xFD, 0x02, 0x49, 0x6E, 0x45, 0x66, 0x66, 0x65, 0x63,
		0x74, 0x73, 0x42, 0x6C, 0x6F, 0x6F, 0x6D, 0x50, 0x61, 0x73, 0x7E, 0x01,
		0x02, 0xFE, 0x0A, 0x31, 0x6E, 0x69, 0x6D, 0xA1, 0x0A, 0x01, 0xD0, 0x01,
		0x77, 0x00, 0x00, 0xAE, 0x00, 0x00, 0x00, 0xEB, 0x04, 0x00, 0xD3, 0x3C,
		0x00, 0x00, 0x00, 0xB3, 0x00, 0x00, 0x00, 0x71, 0x00, 0x00, 0x00, 0x1C,
		0x04, 0x00, 0x2F, 0x1E, 0x00, 0x01, 0x00, 0x43, 0x53, 0x32, 0x00, 0x00,
		0x00, 0xCD, 0x08, 0x00, 0x08, 0x78, 0x00, 0x06, 0x01, 0x00, 0x2F, 0x10,
		0xC0, 0x08, 0x00, 0x04, 0x1E, 0x40, 0x08, 0x00, 0x0F, 0x01, 0x00, 0x39,
		0x22, 0xF0, 0x3F, 0x08, 0x00, 0x2A, 0x24, 0x40, 0x08, 0x00, 0x14, 0x49,
		0x10, 0x00, 0x1B, 0xC0, 0x08, 0x00, 0x0F, 0x80, 0x00, 0x3C, 0x13, 0x4E,
		0x50, 0x00, 0x1F, 0x08, 0x08, 0x00, 0x04, 0x2F, 0xE0, 0x3F, 0x08, 0x00,
		0x03, 0x1B, 0xE8, 0x08, 0x00, 0x95, 0xD0, 0x3F, 0xB8, 0x1E, 0x85, 0xEB,
		0x51, 0xB8, 0x9E, 0x08, 0x00, 0x8A, 0x7B, 0x14, 0xAE, 0x47, 0xE1, 0x7A,
		0x84, 0x3F, 0xE8, 0x00, 0x0F, 0x08, 0x00, 0x15, 0x0F, 0x30, 0x01, 0x0D,
		0x0F, 0x01, 0x00, 0xF5, 0x0E, 0x40, 0x01, 0x0F, 0x47, 0x00, 0x22, 0x3E,
		0xC0, 0x62, 0x40, 0x08, 0x00, 0x0F, 0xB8, 0x01, 0xFF, 0x8C, 0x02, 0x60,
		0x03, 0x24, 0x94, 0x3F, 0x08, 0x00, 0x20, 0x9A, 0x99, 0x01, 0x00, 0x2F,
		0xA9, 0x3F, 0xB8, 0x01, 0xFF, 0x94, 0x15, 0x84, 0x20, 0x05, 0x0F, 0x28,
		0x05, 0xFF, 0x9B, 0x39, 0x40, 0x8F, 0x40, 0x08, 0x00, 0x2F, 0x70, 0x97,
		0x28, 0x05, 0xFF, 0x8F, 0x02, 0x18, 0x05, 0x2C, 0xC9, 0x3F, 0x08, 0x00,
		0x0F, 0x70, 0x03, 0xFF, 0x93, 0x0F, 0x60, 0x00, 0x1E, 0x0F, 0xB8, 0x01,
		0xFF, 0x8E, 0x0F, 0xD0, 0x00, 0x75, 0x0F, 0x28, 0x02, 0xFF, 0x6B, 0x50,
		0x00, 0x00, 0x00, 0x00, 0x00, 0x53, 0x13, 0x00, 0x00, 0x00, 0x02, 0x04,
		0x00, 0x13, 0x03, 0x08, 0x00, 0x97, 0x05, 0x00, 0x00, 0x00, 0x2C, 0x00,
		0x00, 0x00, 0x04, 0x1C, 0x00, 0x13, 0x04, 0x20, 0x00, 0x13, 0x05, 0x08,
		0x00, 0x04, 0x20, 0x00, 0x00, 0x10, 0x00, 0x13, 0x01, 0x14, 0x00, 0x1B,
		0x01, 0x44, 0x00, 0x1B, 0x05, 0x38, 0x00, 0x17, 0x16, 0x38, 0x00, 0x0F,
		0x08, 0x00, 0x05, 0x1F, 0x01, 0x28, 0x00, 0x40, 0x1F, 0x04, 0x7C, 0x00,
		0x68, 0x13, 0x06, 0x10, 0x01, 0x00, 0x0C, 0x00, 0x53, 0x17, 0x00, 0x00,
		0x00, 0x2F, 0x1C, 0x00, 0x0E, 0x08, 0x00, 0x06, 0x34, 0x00, 0x13, 0x0A,
		0x08, 0x00, 0x08, 0x84, 0x01, 0x04, 0x0C, 0x00, 0x0F, 0x44, 0x00, 0x15,
		0xC2, 0x03, 0x03, 0x01, 0x01, 0x01, 0x07, 0x03, 0x02, 0x02, 0x03, 0x03,
		0x03, 0x06, 0x00, 0x21, 0x08, 0x03, 0x0B, 0x00, 0x01, 0x06, 0x00, 0x01,
		0x13, 0x00, 0x05, 0x03, 0x00, 0x06, 0x01, 0x00, 0x0F, 0x16, 0x00, 0x54,
		0x2F, 0x02, 0x01, 0x18, 0x00, 0x03, 0x19, 0x01, 0x39, 0x00, 0x0B, 0x1D,
		0x00, 0x11, 0x00, 0x01, 0x00, 0x17, 0x01, 0xAC, 0x02, 0x17, 0x80, 0x84,
		0x02, 0x00, 0x68, 0x01, 0x93, 0x07, 0x00, 0x00, 0x00, 0x08, 0x00, 0x00,
		0x00, 0x09, 0x44, 0x01, 0x53, 0x0B, 0x00, 0x00, 0x00, 0x0C, 0x04, 0x00,
		0x13, 0x0D, 0x24, 0x00, 0xF0, 0x05, 0x0E, 0x00, 0x00, 0x00, 0x0F, 0x00,
		0x00, 0x00, 0x10, 0x00, 0x00, 0x00, 0x11, 0x00, 0x00, 0x00, 0x12, 0x00,
		0x00, 0x00, 0x04, 0x03, 0x53, 0x14, 0x00, 0x00, 0x00, 0x15, 0xD8, 0x01,
		0x13, 0x00, 0x68, 0x01, 0x13, 0x18, 0x64, 0x00, 0xF3, 0x02, 0x19, 0x00,
		0x00, 0x00, 0x1A, 0x00, 0x00, 0x00, 0x1B, 0x00, 0x00, 0x00, 0x1C, 0x00,
		0x00, 0x00, 0x1D, 0x24, 0x00, 0x57, 0x1E, 0x00, 0x00, 0x00, 0x1F, 0x1C,
		0x00, 0x53, 0x20, 0x00, 0x00, 0x00, 0x21, 0x24, 0x00, 0xD3, 0x22, 0x00,
		0x00, 0x00, 0xFF, 0xFF, 0xFF, 0xFF, 0x23, 0x00, 0x00, 0x00, 0x24, 0xB0,
		0x00, 0x13, 0x25, 0x84, 0x00, 0xF3, 0x06, 0x26, 0x00, 0x00, 0x00, 0x27,
		0x00, 0x00, 0x00, 0x28, 0x00, 0x00, 0x00, 0x29, 0x00, 0x00, 0x00, 0x2A,
		0x00, 0x00, 0x00, 0x2B, 0xE4, 0x01, 0x53, 0x2D, 0x00, 0x00, 0x00, 0x2E,
		0xCC, 0x01, 0xF3, 0x76, 0x30, 0x00, 0x00, 0x00, 0x31, 0x00, 0x00, 0x00,
		0x32, 0x00, 0x00, 0x00, 0x33, 0x00, 0x00, 0x00, 0x34, 0x00, 0x00, 0x00,
		0x35, 0x00, 0x00, 0x00, 0x36, 0x00, 0x00, 0x00, 0x37, 0x00, 0x00, 0x00,
		0x38, 0x00, 0x00, 0x00, 0x39, 0x00, 0x00, 0x00, 0x3A, 0x00, 0x00, 0x00,
		0x3B, 0x00, 0x00, 0x00, 0x3C, 0x00, 0x00, 0x00, 0x3D, 0x00, 0x00, 0x00,
		0x3E, 0x00, 0x00, 0x00, 0x3F, 0x00, 0x00, 0x00, 0x40, 0x00, 0x00, 0x00,
		0x41, 0x00, 0x00, 0x00, 0x42, 0x00, 0x00, 0x00, 0x43, 0x00, 0x00, 0x00,
		0x44, 0x00, 0x00, 0x00, 0x45, 0x00, 0x00, 0x00, 0x46, 0x00, 0x00, 0x00,
		0x47, 0x00, 0x00, 0x00, 0x48, 0x00, 0x00, 0x00, 0x49, 0x00, 0x00, 0x00,
		0x4A, 0x00, 0x00, 0x00, 0x4B, 0x00, 0x00, 0x00, 0x4C, 0x00, 0x00, 0x00,
		0x4D, 0x00, 0x00, 0x00, 0x4E, 0x00, 0x00, 0x00, 0x4F, 0x00, 0x00, 0x00,
		0x50, 0x00, 0x00, 0x00, 0x51, 0xEC, 0x00, 0x13, 0x52, 0x08, 0x00, 0xF3,
		0x02, 0x53, 0x00, 0x00, 0x00, 0x54, 0x00, 0x00, 0x00, 0x55, 0x00, 0x00,
		0x00, 0x56, 0x00, 0x00, 0x00, 0x57, 0x18, 0x00, 0x53, 0x58, 0x00, 0x00,
		0x00, 0x59, 0x7C, 0x01, 0x00, 0x01, 0x00, 0x53, 0x5A, 0x00, 0x00, 0x00,
		0x5B, 0x1C, 0x01, 0x17, 0x5C, 0xF0, 0x00, 0x04, 0xEC, 0x00, 0x0F, 0x24,
		0x00, 0x11, 0x00, 0x1C, 0x01, 0x13, 0x5D, 0xE4, 0x01, 0x0C, 0x30, 0x00,
		0x1F, 0x5E, 0x70, 0x01, 0xDC, 0x13, 0x5D, 0x10, 0x00, 0xF3, 0x02, 0x5F,
		0x00, 0x00, 0x00, 0x60, 0x00, 0x00, 0x00, 0x61, 0x00, 0x00, 0x00, 0x62,
		0x00, 0x00, 0x00, 0x63, 0x18, 0x00, 0x53, 0x64, 0x00, 0x00, 0x00, 0x65,
		0x0C, 0x00, 0x93, 0x66, 0x00, 0x00, 0x00, 0x67, 0x00, 0x00, 0x00, 0x68,
		0x10, 0x00, 0x13, 0x69, 0x08, 0x00, 0x93, 0x6A, 0x00, 0x00, 0x00, 0x6B,
		0x00, 0x00, 0x00, 0x6C, 0x10, 0x00, 0x53, 0x6D, 0x00, 0x00, 0x00, 0x6E,
		0xFC, 0x02, 0x00, 0x01, 0x00, 0xF3, 0x02, 0x6F, 0x00, 0x00, 0x00, 0x70,
		0x00, 0x00, 0x00, 0x71, 0x00, 0x00, 0x00, 0x72, 0x00, 0x00, 0x00, 0x73,
		0x18, 0x00, 0x53, 0x74, 0x00, 0x00, 0x00, 0x75, 0x48, 0x03, 0x13, 0x76,
		0x18, 0x00, 0x13, 0x71, 0x1C, 0x00, 0xD3, 0x77, 0x00, 0x00, 0x00, 0x78,
		0x00, 0x00, 0x00, 0x79, 0x00, 0x00, 0x00, 0x7A, 0x14, 0x00, 0xD3, 0x7B,
		0x00, 0x00, 0x00, 0x7C, 0x00, 0x00, 0x00, 0x7D, 0x00, 0x00, 0x00, 0x7E,
		0x14, 0x00, 0x13, 0x7F, 0x3C, 0x01, 0x00, 0x50, 0x03, 0x13, 0x81, 0xC4,
		0x01, 0x97, 0x82, 0x00, 0x00, 0x00, 0x83, 0x00, 0x00, 0x00, 0x84, 0xC0,
		0x01, 0x17, 0x85, 0xB8, 0x01, 0x40, 0x86, 0x00, 0x00, 0x00, 0xD0, 0x01,
		0xDF, 0x87, 0x00, 0x00, 0x00, 0x88, 0x00, 0x00, 0x00, 0x89, 0x00, 0x00,
		0x00, 0x8A, 0x70, 0x03, 0xE4, 0x1F, 0x8B, 0xF8, 0x00, 0xE4, 0x1F, 0x8C,
		0xF8, 0x00, 0xE4, 0x1F, 0x8D, 0xF8, 0x00, 0xE4, 0xF3, 0x06, 0x8E, 0x00,
		0x00, 0x00, 0x8F, 0x00, 0x00, 0x00, 0x90, 0x00, 0x00, 0x00, 0x91, 0x00,
		0x00, 0x00, 0x92, 0x00, 0x00, 0x00, 0x93, 0x24, 0x00, 0x9F, 0x94, 0x00,
		0x00, 0x00, 0x95, 0x00, 0x00, 0x00, 0x96, 0x40, 0x04, 0xFF, 0xFF, 0xFF,
		0xFF, 0x30, 0x1F, 0x97, 0x40, 0x04, 0xFF, 0xFF, 0xFF, 0xFF, 0x30, 0x03,
		0xD0, 0x0C, 0x0F, 0xC8, 0x0C, 0xFF, 0xFF, 0xFF, 0xFF, 0xFF, 0xFF, 0xFF,
		0xFF, 0xFF, 0xFF, 0xFF, 0xFF, 0xBA, 0x13, 0x98, 0x10, 0x00, 0xF3, 0x16,
		0x99, 0x00, 0x00, 0x00, 0x9A, 0x00, 0x00, 0x00, 0x9B, 0x00, 0x00, 0x00,
		0x9C, 0x00, 0x00, 0x00, 0x9D, 0x00, 0x00, 0x00, 0x9E, 0x00, 0x00, 0x00,
		0x9F, 0x00, 0x00, 0x00, 0xA0, 0x00, 0x00, 0x00, 0xA1, 0x00, 0x00, 0x00,
		0xA2, 0x48, 0x01, 0x1F, 0xA3, 0x6C, 0x04, 0x14, 0x1F, 0xA4, 0x70, 0x04,
		0x40, 0x13, 0xA5, 0x2C, 0x00, 0x0F, 0x90, 0x01, 0x49, 0x1F, 0xA6, 0x94,
		0x01, 0x20, 0x5F, 0xA7, 0x00, 0x00, 0x00, 0xA8, 0x84, 0x04, 0x5C, 0x0F,
		0x0C, 0x01, 0xB5, 0x1F, 0x8C, 0x0C, 0x01, 0xF8, 0x1F, 0x8D, 0x0C, 0x01,
		0xF8, 0x0F, 0x88, 0x11, 0x15, 0x13, 0x99, 0xA0, 0x04, 0x04, 0xB0, 0x04,
		0x5F, 0xA9, 0x00, 0x00, 0x00, 0xAA, 0xF4, 0x05, 0xE4, 0x13, 0xAB, 0xBC,
		0x05, 0x08, 0xCC, 0x05, 0x1F, 0xAC, 0x0C, 0x01, 0xE4, 0x0F, 0xB0, 0x06,
		0xFF, 0xFF, 0xFF, 0xFF, 0x85, 0x24, 0xAD, 0x00, 0x01, 0x00, 0x22, 0x54,
		0x40, 0x08, 0x00, 0x21, 0xE8, 0x3F, 0x07, 0x00, 0x23, 0x40, 0x8F, 0x10,
		0x00, 0x13, 0x80, 0x08, 0x00, 0x12, 0x60, 0x08, 0x00, 0x50, 0x70, 0x87,
		0x40, 0x9A, 0x99, 0x01, 0x00, 0x22, 0xB9, 0x3F, 0x18, 0x00, 0x13, 0xE0,
		0x08, 0x00, 0x22, 0x04, 0x40, 0x2F, 0x00, 0x2A, 0x76, 0x40, 0x18, 0x00,
		0x1D, 0x10, 0x30, 0x00, 0x89, 0x71, 0x3D, 0x0A, 0xD7, 0xA3, 0x70, 0xE1,
		0xBF, 0x58, 0x00, 0x32, 0x00, 0xD0, 0x3F, 0x28, 0x00, 0x13, 0xD9, 0x08,
		0x00, 0x13, 0xC9, 0x30, 0x00, 0x13, 0x08, 0x20, 0x00, 0x23, 0x14, 0xC0,
		0x08, 0x00, 0x13, 0x40, 0xB1, 0x00, 0x05, 0x38, 0x00, 0x20, 0xCD, 0xCC,
		0x01, 0x00, 0x24, 0xE4, 0x3F, 0x10, 0x00, 0x0A, 0x50, 0x00, 0x06, 0x78,
		0x00, 0x0F, 0x10, 0x00, 0xFF, 0x5E, 0x02, 0x08, 0x00, 0x15, 0x20, 0xB0,
		0x01, 0x0F, 0x50, 0x00, 0x33, 0x2E, 0x00, 0x40, 0x58, 0x02, 0x0E, 0x70,
		0x00, 0x00, 0x38, 0x02, 0x0F, 0xD0, 0x00, 0x3D, 0xF0, 0x07, 0x09, 0x06,
		0x0E, 0x0B, 0x19, 0x05, 0x19, 0x05, 0x05, 0x05, 0x05, 0x0E, 0x0D, 0x05,
		0x0B, 0x0B, 0x18, 0x09, 0x06, 0x18, 0x09, 0x06, 0x04, 0x00, 0xF3, 0x1C,
		0x0B, 0x09, 0x06, 0x05, 0x18, 0x09, 0x06, 0x09, 0x06, 0x06, 0x05, 0x06,
		0x0F, 0x0B, 0x0B, 0x0F, 0x11, 0x12, 0x0E, 0x06, 0x11, 0x11, 0x11, 0x11,
		0x0F, 0x11, 0x12, 0x05, 0x19, 0x05, 0x11, 0x10, 0x06, 0x06, 0x06, 0x12,
		0x05, 0x12, 0x0D, 0x0E, 0x06, 0x12, 0x11, 0x02, 0x00, 0x74, 0x06, 0x11,
		0x09, 0x08, 0x08, 0x19, 0x05, 0x02, 0x00, 0xF0, 0x01, 0x06, 0x0B, 0x06,
		0x09, 0x06, 0x12, 0x05, 0x06, 0x06, 0x09, 0x06, 0x11, 0x05, 0x06, 0x0D,
		0x0B, 0x4B, 0x00, 0x11, 0x11, 0x4B, 0x00, 0x2F, 0x05, 0x05, 0x4B, 0x00,
		0x0E, 0x13, 0x05, 0x4B, 0x00, 0x50, 0x10, 0x06, 0x05, 0x19, 0x0B, 0x02,
		0x00, 0x00, 0x93, 0x00, 0x00, 0x55, 0x00, 0x20, 0x06, 0x05, 0x59, 0x00,
		0x05, 0x63, 0x00, 0xD0, 0x05, 0x05, 0x05, 0x06, 0x19, 0x0B, 0x05, 0x05,
		0x06, 0x05, 0x05, 0x18, 0x09, 0x6B, 0x00, 0x41, 0x19, 0x05, 0x19, 0x0B,
		0xD4, 0x00, 0x12, 0x0F, 0x23, 0x00, 0x05, 0x75, 0x00, 0x0F, 0xC0, 0x00,
		0x18, 0x0F, 0x34, 0x00, 0x89, 0x21, 0x11, 0x12, 0x3A, 0x00, 0x03, 0x40,
		0x00, 0x0F, 0xEE, 0x00, 0xFF, 0xC8, 0x0F, 0xCB, 0x02, 0xFF, 0xFF, 0xBA,
		0x00, 0x46, 0x06, 0x79, 0x11, 0x05, 0x0E, 0x18, 0x09, 0x86, 0x01, 0xFA,
		0x00, 0x1E, 0x0F, 0xFB, 0x00, 0x1F, 0x0B, 0x60, 0x00, 0x01, 0x18, 0x11,
		0x61, 0x00, 0x0E, 0x96, 0x00, 0x0F, 0x37, 0x00, 0x89, 0x09, 0xD2, 0x03,
		0x10, 0x05, 0x02, 0x01, 0x0F, 0x50, 0x07, 0x21, 0x5F, 0x0D, 0x0E, 0x09,
		0x11, 0x05, 0x39, 0x00, 0x21, 0x0F, 0x6E, 0x01, 0xE8, 0x50, 0x12, 0x00,
		0xDD, 0xEE, 0xFF
	};

	inline unsigned char lightning_kill_blue[ 3667 ]
	{
		0x53, 0x0E, 0x00, 0x00, 0x0C, 0x00, 0x01, 0x00, 0x08, 0x00, 0x00, 0x00,
		0x03, 0x00, 0x00, 0x00, 0x52, 0x45, 0x52, 0x4C, 0x20, 0x00, 0x00, 0x00,
		0x4C, 0x00, 0x00, 0x00, 0x52, 0x45, 0x44, 0x32, 0x60, 0x00, 0x00, 0x00,
		0x94, 0x02, 0x00, 0x00, 0x44, 0x41, 0x54, 0x41, 0xF4, 0x02, 0x00, 0x00,
		0x33, 0x0B, 0x00, 0x00, 0x0C, 0x00, 0x00, 0x00, 0x01, 0x00, 0x00, 0x00,
		0x00, 0x00, 0x00, 0x00, 0x99, 0x4E, 0x84, 0xE3, 0xCA, 0x25, 0x67, 0x6B,
		0x08, 0x00, 0x00, 0x00, 0x00, 0x00, 0x00, 0x00, 0x6D, 0x61, 0x74, 0x65,
		0x72, 0x69, 0x61, 0x6C, 0x73, 0x2F, 0x70, 0x61, 0x72, 0x74, 0x69, 0x63,
		0x6C, 0x65, 0x2F, 0x62, 0x65, 0x61, 0x6D, 0x5F, 0x63, 0x72, 0x61, 0x63,
		0x6B, 0x5F, 0x30, 0x36, 0x5F, 0x62, 0x77, 0x5F, 0x63, 0x65, 0x6E, 0x74,
		0x65, 0x72, 0x2E, 0x76, 0x74, 0x65, 0x78, 0x00, 0x04, 0x33, 0x56, 0x4B,
		0x7C, 0x16, 0x12, 0x74, 0xE9, 0x06, 0x98, 0x46, 0xAF, 0xF2, 0xE6, 0x3E,
		0xB5, 0x90, 0x37, 0xE7, 0x01, 0x00, 0x00, 0x00, 0x00, 0x00, 0x00, 0x40,
		0x03, 0x00, 0x00, 0x00, 0x33, 0x00, 0x00, 0x00, 0x00, 0x00, 0x00, 0x00,
		0x5D, 0x02, 0x00, 0x00, 0x06, 0x00, 0x07, 0x00, 0x31, 0x03, 0x00, 0x00,
		0x4C, 0x02, 0x00, 0x00, 0x00, 0x00, 0x00, 0x00, 0x00, 0x00, 0x00, 0x00,
		0x00, 0x00, 0x00, 0x00, 0x00, 0x00, 0x00, 0x00, 0xA2, 0x01, 0x01, 0x02,
		0x00, 0x1F, 0x00, 0x00, 0x00, 0x0A, 0x00, 0x01, 0x00, 0xF0, 0x0D, 0x06,
		0x00, 0x00, 0x00, 0x01, 0x00, 0x00, 0x00, 0x02, 0x00, 0x00, 0x00, 0x03,
		0x00, 0x00, 0x00, 0x04, 0x00, 0x00, 0x00, 0x05, 0x00, 0x00, 0x00, 0x91,
		0x0B, 0x98, 0xB0, 0x1C, 0x00, 0x93, 0x07, 0x00, 0x00, 0x00, 0x08, 0x00,
		0x00, 0x00, 0x09, 0x30, 0x00, 0x13, 0x0A, 0x24, 0x00, 0xF3, 0x0A, 0x0B,
		0x00, 0x00, 0x00, 0x0C, 0x00, 0x00, 0x00, 0x0D, 0x00, 0x00, 0x00, 0x0E,
		0x00, 0x00, 0x00, 0x0F, 0x00, 0x00, 0x00, 0x10, 0x00, 0x00, 0x00, 0x11,
		0x20, 0x00, 0xD3, 0x12, 0x00, 0x00, 0x00, 0x13, 0x00, 0x00, 0x00, 0x14,
		0x00, 0x00, 0x00, 0x15, 0x20, 0x00, 0x00, 0x64, 0x00, 0x17, 0x16, 0x20,
		0x00, 0x1F, 0x17, 0x20, 0x00, 0x04, 0x13, 0x18, 0x6C, 0x00, 0x13, 0x19,
		0x08, 0x00, 0x13, 0x1A, 0x08, 0x00, 0x13, 0x1B, 0xAC, 0x00, 0xF0, 0x59,
		0x1C, 0x00, 0x00, 0x00, 0x1D, 0x00, 0x00, 0x00, 0x1E, 0x00, 0x00, 0x00,
		0x6D, 0x5F, 0x49, 0x6E, 0x70, 0x75, 0x74, 0x44, 0x65, 0x70, 0x65, 0x6E,
		0x64, 0x65, 0x6E, 0x63, 0x69, 0x65, 0x73, 0x00, 0x6D, 0x5F, 0x52, 0x65,
		0x6C, 0x61, 0x74, 0x69, 0x76, 0x65, 0x46, 0x69, 0x6C, 0x65, 0x6E, 0x61,
		0x6D, 0x65, 0x00, 0x6C, 0x69, 0x67, 0x68, 0x74, 0x6E, 0x69, 0x6E, 0x67,
		0x5F, 0x6B, 0x69, 0x6C, 0x6C, 0x2E, 0x76, 0x70, 0x63, 0x66, 0x00, 0x6D,
		0x5F, 0x53, 0x65, 0x61, 0x72, 0x63, 0x68, 0x50, 0x61, 0x74, 0x68, 0x00,
		0x63, 0x73, 0x67, 0x6F, 0x5F, 0x61, 0x64, 0x64, 0x6F, 0x6E, 0x73, 0x2F,
		0x74, 0x65, 0x73, 0x74, 0x00, 0x6D, 0x5F, 0x6E, 0x3E, 0x00, 0xF0, 0x00,
		0x43, 0x52, 0x43, 0x00, 0x6D, 0x5F, 0x62, 0x4F, 0x70, 0x74, 0x69, 0x6F,
		0x6E, 0x61, 0x6C, 0x0C, 0x00, 0x00, 0x17, 0x00, 0x60, 0x45, 0x78, 0x69,
		0x73, 0x74, 0x73, 0x0E, 0x00, 0x51, 0x49, 0x73, 0x47, 0x61, 0x6D, 0x69,
		0x00, 0x72, 0x00, 0x6D, 0x5F, 0x41, 0x64, 0x64, 0x69, 0x29, 0x00, 0x0F,
		0x96, 0x00, 0x01, 0x7C, 0x41, 0x72, 0x67, 0x75, 0x6D, 0x65, 0x6E, 0x17,
		0x00, 0xA0, 0x50, 0x61, 0x72, 0x61, 0x6D, 0x65, 0x74, 0x65, 0x72, 0x4E,
		0xAA, 0x00, 0xB2, 0x5F, 0x5F, 0x5F, 0x4F, 0x76, 0x65, 0x72, 0x72, 0x69,
		0x64, 0x65, 0x44, 0x00, 0x68, 0x61, 0x74, 0x61, 0x5F, 0x5F, 0x5F, 0x28,
		0x00, 0xF2, 0x03, 0x54, 0x79, 0x70, 0x65, 0x00, 0x42, 0x69, 0x6E, 0x61,
		0x72, 0x79, 0x42, 0x6C, 0x6F, 0x62, 0x41, 0x72, 0x67, 0xAE, 0x00, 0x9B,
		0x6E, 0x67, 0x65, 0x72, 0x70, 0x72, 0x69, 0x6E, 0x74, 0x0F, 0x00, 0x70,
		0x44, 0x65, 0x66, 0x61, 0x75, 0x6C, 0x74, 0xF1, 0x00, 0x6B, 0x70, 0x65,
		0x63, 0x69, 0x61, 0x6C, 0x81, 0x00, 0xF4, 0x0F, 0x53, 0x74, 0x72, 0x69,
		0x6E, 0x67, 0x00, 0x4B, 0x56, 0x33, 0x20, 0x43, 0x6F, 0x6D, 0x70, 0x69,
		0x6C, 0x65, 0x72, 0x20, 0x56, 0x65, 0x72, 0x73, 0x69, 0x6F, 0x6E, 0x00,
		0x6D, 0x5F, 0x13, 0x00, 0xB3, 0x49, 0x64, 0x65, 0x6E, 0x74, 0x69, 0x66,
		0x69, 0x65, 0x72, 0x00, 0x13, 0x00, 0x61, 0x50, 0x61, 0x72, 0x74, 0x69,
		0x63, 0xF9, 0x00, 0x50, 0x6E, 0x55, 0x73, 0x65, 0x72, 0xAB, 0x00, 0x14,
		0x00, 0x15, 0x00, 0x0E, 0x4B, 0x00, 0x08, 0x1F, 0x01, 0x01, 0xA1, 0x01,
		0x20, 0x65, 0x64, 0x37, 0x01, 0x10, 0x73, 0x64, 0x00, 0xE1, 0x68, 0x69,
		0x6C, 0x64, 0x52, 0x65, 0x73, 0x6F, 0x75, 0x72, 0x63, 0x65, 0x4C, 0x69,
		0x7F, 0x01, 0xB5, 0x57, 0x65, 0x61, 0x6B, 0x52, 0x65, 0x66, 0x65, 0x72,
		0x65, 0x6E, 0x14, 0x00, 0x02, 0xB1, 0x01, 0x45, 0x61, 0x62, 0x6C, 0x65,
		0x70, 0x00, 0x29, 0x49, 0x73, 0x3D, 0x00, 0x00, 0x25, 0x00, 0x75, 0x75,
		0x62, 0x61, 0x73, 0x73, 0x65, 0x74, 0x3D, 0x00, 0x16, 0x73, 0x15, 0x00,
		0x00, 0x0C, 0x01, 0x21, 0x69, 0x6E, 0x85, 0x00, 0xC0, 0x73, 0x00, 0x09,
		0x18, 0x09, 0x06, 0x06, 0x0C, 0x0E, 0x0D, 0x0E, 0x08, 0x09, 0x00, 0x21,
		0x0F, 0x0F, 0x0F, 0x00, 0x10, 0x0F, 0x04, 0x00, 0xB0, 0x08, 0x08, 0x08,
		0x09, 0x0F, 0x01, 0x01, 0x00, 0xDD, 0xEE, 0xFF, 0x00, 0x00, 0x00, 0x00,
		0x00, 0x00, 0x00, 0x00, 0x00, 0x00, 0x00, 0x00, 0x04, 0x33, 0x56, 0x4B,
		0x9C, 0xA3, 0xAD, 0x9B, 0x31, 0xA9, 0xD0, 0x42, 0xAB, 0xDD, 0xE5, 0xC1,
		0xB1, 0x3D, 0x37, 0xA6, 0x01, 0x00, 0x00, 0x00, 0x00, 0x00, 0x00, 0x40,
		0x61, 0x00, 0x00, 0x00, 0x44, 0x05, 0x00, 0x00, 0x11, 0x01, 0x00, 0x00,
		0x67, 0x0E, 0x00, 0x00, 0x3E, 0x00, 0x88, 0x00, 0x6B, 0x2C, 0x00, 0x00,
		0xEB, 0x0A, 0x00, 0x00, 0x00, 0x00, 0x00, 0x00, 0x00, 0x00, 0x00, 0x00,
		0x00, 0x00, 0x00, 0x00, 0x00, 0x00, 0x00, 0x00, 0xE0, 0x01, 0x01, 0x01,
		0x03, 0x02, 0x02, 0x04, 0x03, 0x02, 0x02, 0x03, 0x03, 0x02, 0x02, 0x06,
		0x00, 0x01, 0x01, 0x00, 0x26, 0x02, 0x02, 0x03, 0x00, 0x06, 0x01, 0x00,
		0x0C, 0x16, 0x00, 0x19, 0x01, 0x22, 0x00, 0x0B, 0x1E, 0x00, 0x03, 0x1D,
		0x00, 0x92, 0x00, 0x00, 0x00, 0x91, 0x00, 0x00, 0x00, 0x0B, 0x00, 0x01,
		0x00, 0x40, 0x01, 0x00, 0x00, 0x00, 0x14, 0x00, 0x93, 0x03, 0x00, 0x00,
		0x00, 0x0C, 0x00, 0x00, 0x00, 0x04, 0x08, 0x00, 0x13, 0x05, 0x0C, 0x00,
		0x53, 0x06, 0x00, 0x00, 0x00, 0x07, 0x24, 0x00, 0x93, 0x08, 0x00, 0x00,
		0x00, 0x09, 0x00, 0x00, 0x00, 0x0A, 0x10, 0x00, 0x13, 0x0B, 0x2C, 0x00,
		0x93, 0x0D, 0x00, 0x00, 0x00, 0x0E, 0x00, 0x00, 0x00, 0x0F, 0x18, 0x00,
		0x00, 0x01, 0x00, 0xF3, 0x16, 0x10, 0x00, 0x00, 0x00, 0x11, 0x00, 0x00,
		0x00, 0x29, 0x00, 0x00, 0x00, 0x12, 0x00, 0x00, 0x00, 0x13, 0x00, 0x00,
		0x00, 0x14, 0x00, 0x00, 0x00, 0x15, 0x00, 0x00, 0x00, 0x16, 0x00, 0x00,
		0x00, 0x17, 0x00, 0x00, 0x00, 0x18, 0x78, 0x00, 0x13, 0x19, 0x68, 0x00,
		0xF3, 0x2A, 0x1A, 0x00, 0x00, 0x00, 0x1B, 0x00, 0x00, 0x00, 0x1C, 0x00,
		0x00, 0x00, 0x1D, 0x00, 0x00, 0x00, 0x1E, 0x00, 0x00, 0x00, 0x1F, 0x00,
		0x00, 0x00, 0x20, 0x00, 0x00, 0x00, 0x21, 0x00, 0x00, 0x00, 0x22, 0x00,
		0x00, 0x00, 0x23, 0x00, 0x00, 0x00, 0x24, 0x00, 0x00, 0x00, 0x25, 0x00,
		0x00, 0x00, 0x26, 0x00, 0x00, 0x00, 0x27, 0x00, 0x00, 0x00, 0x28, 0x68,
		0x00, 0xF3, 0x52, 0x2A, 0x00, 0x00, 0x00, 0x2B, 0x00, 0x00, 0x00, 0x2C,
		0x00, 0x00, 0x00, 0x2D, 0x00, 0x00, 0x00, 0x2E, 0x00, 0x00, 0x00, 0x2F,
		0x00, 0x00, 0x00, 0x30, 0x00, 0x00, 0x00, 0x31, 0x00, 0x00, 0x00, 0x32,
		0x00, 0x00, 0x00, 0x33, 0x00, 0x00, 0x00, 0x34, 0x00, 0x00, 0x00, 0x35,
		0x00, 0x00, 0x00, 0x36, 0x00, 0x00, 0x00, 0x37, 0x00, 0x00, 0x00, 0x38,
		0x00, 0x00, 0x00, 0x39, 0x00, 0x00, 0x00, 0x3A, 0x00, 0x00, 0x00, 0x3B,
		0x00, 0x00, 0x00, 0x3C, 0x00, 0x00, 0x00, 0x3D, 0x00, 0x00, 0x00, 0x3E,
		0x00, 0x00, 0x00, 0x3F, 0x00, 0x00, 0x00, 0x40, 0x00, 0x00, 0x00, 0x41,
		0x00, 0x00, 0x00, 0x42, 0x14, 0x01, 0x13, 0x43, 0xE4, 0x00, 0x13, 0x44,
		0x08, 0x00, 0x93, 0x45, 0x00, 0x00, 0x00, 0x46, 0x00, 0x00, 0x00, 0x47,
		0xD0, 0x00, 0x00, 0x01, 0x00, 0x53, 0x48, 0x00, 0x00, 0x00, 0x49, 0x84,
		0x00, 0x0F, 0x00, 0x01, 0x01, 0x8F, 0x4A, 0x00, 0x00, 0x00, 0xFF, 0xFF,
		0xFF, 0xFF, 0x08, 0x01, 0x11, 0x13, 0x4B, 0x2C, 0x00, 0x0F, 0x10, 0x01,
		0x05, 0x1F, 0x4C, 0x14, 0x01, 0x30, 0x5F, 0x4D, 0x00, 0x00, 0x00, 0x4E,
		0x1C, 0x01, 0x48, 0x17, 0x4F, 0x1C, 0x01, 0x93, 0x50, 0x00, 0x00, 0x00,
		0x51, 0x00, 0x00, 0x00, 0x52, 0x80, 0x02, 0x1E, 0x53, 0x38, 0x01, 0x05,
		0x38, 0x02, 0x13, 0x54, 0x38, 0x01, 0x1F, 0x55, 0x38, 0x02, 0xB4, 0x00,
		0x08, 0x00, 0xDF, 0x56, 0x00, 0x00, 0x00, 0x57, 0x00, 0x00, 0x00, 0x58,
		0x00, 0x00, 0x00, 0x59, 0x14, 0x00, 0x04, 0x13, 0x44, 0x4C, 0x03, 0x93,
		0x5A, 0x00, 0x00, 0x00, 0x5B, 0x00, 0x00, 0x00, 0x5C, 0x08, 0x00, 0x04,
		0x14, 0x00, 0x13, 0x5D, 0x14, 0x00, 0x1B, 0x5E, 0x64, 0x01, 0x17, 0x07,
		0x4C, 0x01, 0x53, 0x5F, 0x00, 0x00, 0x00, 0x60, 0x40, 0x01, 0x00, 0x4C,
		0x01, 0xAA, 0x61, 0x00, 0x00, 0x00, 0x62, 0x00, 0x00, 0x00, 0x63, 0x00,
		0x01, 0x00, 0x04, 0x48, 0x01, 0x13, 0x64, 0x60, 0x01, 0xDF, 0x65, 0x00,
		0x00, 0x00, 0x66, 0x00, 0x00, 0x00, 0x67, 0x00, 0x00, 0x00, 0x68, 0xC4,
		0x03, 0xDC, 0x1F, 0x69, 0xF0, 0x00, 0xDC, 0x1F, 0x6A, 0xF0, 0x00, 0xDC,
		0x1F, 0x6B, 0xF0, 0x00, 0xDC, 0xF3, 0x02, 0x6C, 0x00, 0x00, 0x00, 0x6D,
		0x00, 0x00, 0x00, 0x6E, 0x00, 0x00, 0x00, 0x6F, 0x00, 0x00, 0x00, 0x70,
		0x74, 0x05, 0x13, 0x71, 0x28, 0x00, 0x9F, 0x72, 0x00, 0x00, 0x00, 0x73,
		0x00, 0x00, 0x00, 0x74, 0x28, 0x04, 0xFF, 0xFF, 0xFF, 0xFF, 0x18, 0x13,
		0x75, 0x18, 0x00, 0x00, 0x01, 0x00, 0x13, 0x76, 0x28, 0x0C, 0x00, 0x01,
		0x00, 0xF7, 0x02, 0x77, 0x00, 0x00, 0x00, 0x78, 0x00, 0x00, 0x00, 0x79,
		0x00, 0x00, 0x00, 0x7A, 0x00, 0x00, 0x00, 0x7B, 0x28, 0x00, 0x53, 0x7C,
		0x00, 0x00, 0x00, 0x7D, 0x2C, 0x0C, 0x00, 0x01, 0x00, 0x53, 0x7E, 0x00,
		0x00, 0x00, 0x7F, 0x40, 0x01, 0x13, 0x80, 0x14, 0x01, 0x0F, 0x68, 0x01,
		0x21, 0x0F, 0x64, 0x01, 0x61, 0x0F, 0x54, 0x01, 0x19, 0x1F, 0x81, 0x44,
		0x02, 0xDC, 0x13, 0x82, 0xD8, 0x00, 0x00, 0xF0, 0x00, 0x17, 0x83, 0x44,
		0x06, 0x00, 0xEC, 0x01, 0x10, 0xC7, 0xC4, 0x0C, 0x07, 0xF8, 0x0C, 0x2E,
		0x84, 0x00, 0x50, 0x06, 0x1E, 0x85, 0x54, 0x06, 0x0F, 0x40, 0x0D, 0xF6,
		0x1F, 0x69, 0x0C, 0x01, 0xF8, 0x1F, 0x6A, 0x0C, 0x01, 0xF8, 0x1F, 0x6B,
		0x0C, 0x01, 0xF8, 0x0F, 0xC4, 0x06, 0x15, 0x13, 0x86, 0x18, 0x00, 0xFF,
		0x06, 0x87, 0x00, 0x00, 0x00, 0x88, 0x00, 0x00, 0x00, 0x89, 0x00, 0x00,
		0x00, 0x8A, 0x00, 0x00, 0x00, 0x8B, 0x00, 0x00, 0x00, 0x8C, 0x90, 0x06,
		0xC8, 0x1F, 0x8D, 0x2C, 0x02, 0xF8, 0x99, 0x8E, 0x00, 0x00, 0x00, 0x8F,
		0x00, 0x00, 0x00, 0x90, 0xE2, 0x0C, 0x24, 0x28, 0x40, 0x08, 0x00, 0x20,
		0x9A, 0x99, 0x01, 0x00, 0x3F, 0xB9, 0x3F, 0x00, 0x01, 0x00, 0x0A, 0x13,
		0xF4, 0x20, 0x00, 0x1E, 0xE0, 0x28, 0x00, 0x0B, 0x01, 0x00, 0x02, 0x50,
		0x00, 0x2F, 0xD9, 0x3F, 0x58, 0x00, 0x13, 0x0F, 0x50, 0x00, 0x0F, 0x0A,
		0xB0, 0x00, 0x0B, 0x01, 0x00, 0x2F, 0x20, 0x7C, 0xC0, 0x00, 0x1E, 0xF4,
		0x01, 0x8F, 0xA7, 0xE5, 0x07, 0xAE, 0xF2, 0xE5, 0x3F, 0xBF, 0x45, 0x27,
		0x4B, 0xAD, 0x77, 0x09, 0xC0, 0x08, 0x00, 0x0F, 0x38, 0x00, 0x03, 0x29,
		0xF0, 0x3F, 0x08, 0x00, 0x39, 0xE0, 0x65, 0xC0, 0x08, 0x00, 0x0E, 0x28,
		0x00, 0x0F, 0x08, 0x00, 0x14, 0x0F, 0x01, 0x00, 0x05, 0x0E, 0x20, 0x00,
		0x0F, 0x48, 0x01, 0x35, 0x0F, 0x48, 0x00, 0xC5, 0x0F, 0x50, 0x01, 0x13,
		0x0F, 0x80, 0x01, 0x15, 0x0F, 0x87, 0x00, 0x05, 0x29, 0x65, 0x40, 0x08,
		0x00, 0x0F, 0xF8, 0x01, 0xFF, 0xD6, 0x3A, 0x00, 0x08, 0x40, 0xD0, 0x04,
		0x12, 0xD9, 0x48, 0x00, 0x2F, 0xC0, 0x72, 0x38, 0x05, 0x3E, 0x02, 0x01,
		0x00, 0x2F, 0x69, 0xC0, 0x58, 0x00, 0x43, 0x0E, 0x28, 0x01, 0x0F, 0xC0,
		0x02, 0xFF, 0xCE, 0x0F, 0xA8, 0x00, 0x3B, 0x1F, 0x59, 0xF0, 0x02, 0x3E,
		0xF4, 0x40, 0x5F, 0x63, 0x6C, 0x61, 0x73, 0x73, 0x00, 0x43, 0x50, 0x61,
		0x72, 0x74, 0x69, 0x63, 0x6C, 0x65, 0x53, 0x79, 0x73, 0x74, 0x65, 0x6D,
		0x44, 0x65, 0x66, 0x69, 0x6E, 0x69, 0x74, 0x69, 0x6F, 0x6E, 0x00, 0x6D,
		0x5F, 0x62, 0x53, 0x68, 0x6F, 0x75, 0x6C, 0x64, 0x48, 0x69, 0x74, 0x62,
		0x6F, 0x78, 0x65, 0x73, 0x46, 0x61, 0x6C, 0x6C, 0x62, 0x61, 0x63, 0x6B,
		0x54, 0x6F, 0x52, 0x65, 0x6E, 0x64, 0x65, 0x72, 0x42, 0x6F, 0x75, 0x6E,
		0x64, 0x73, 0x00, 0x6D, 0x5F, 0x6E, 0x4D, 0x61, 0x78, 0x47, 0x00, 0x01,
		0x10, 0x00, 0xC2, 0x42, 0x65, 0x68, 0x61, 0x76, 0x69, 0x6F, 0x72, 0x56,
		0x65, 0x72, 0x73, 0x4B, 0x00, 0xF0, 0x28, 0x6E, 0x46, 0x69, 0x72, 0x73,
		0x74, 0x4D, 0x75, 0x6C, 0x74, 0x69, 0x70, 0x6C, 0x65, 0x4F, 0x76, 0x65,
		0x72, 0x72, 0x69, 0x64, 0x65, 0x5F, 0x42, 0x61, 0x63, 0x6B, 0x77, 0x61,
		0x72, 0x64, 0x43, 0x6F, 0x6D, 0x70, 0x61, 0x74, 0x00, 0x6D, 0x5F, 0x66,
		0x6C, 0x43, 0x6F, 0x6E, 0x73, 0x74, 0x61, 0x6E, 0x74, 0x52, 0x61, 0x64,
		0x69, 0x75, 0x4E, 0x00, 0xF0, 0x06, 0x63, 0x6F, 0x6E, 0x74, 0x72, 0x6F,
		0x6C, 0x50, 0x6F, 0x69, 0x6E, 0x74, 0x43, 0x6F, 0x6E, 0x66, 0x69, 0x67,
		0x75, 0x72, 0x61, 0xA2, 0x00, 0x01, 0x6B, 0x00, 0xF0, 0x05, 0x61, 0x6D,
		0x65, 0x00, 0x70, 0x72, 0x65, 0x76, 0x69, 0x65, 0x77, 0x00, 0x6D, 0x5F,
		0x64, 0x72, 0x69, 0x76, 0x65, 0x72, 0x19, 0x00, 0xF0, 0x1A, 0x69, 0x41,
		0x74, 0x74, 0x61, 0x63, 0x68, 0x54, 0x79, 0x70, 0x65, 0x00, 0x50, 0x41,
		0x54, 0x54, 0x41, 0x43, 0x48, 0x5F, 0x57, 0x4F, 0x52, 0x4C, 0x44, 0x4F,
		0x52, 0x49, 0x47, 0x49, 0x4E, 0x00, 0x6D, 0x5F, 0x65, 0x6E, 0x74, 0x69,
		0x74, 0x79, 0x4E, 0x41, 0x00, 0xC0, 0x73, 0x65, 0x6C, 0x66, 0x00, 0x6D,
		0x5F, 0x45, 0x6D, 0x69, 0x74, 0x74, 0x3F, 0x00, 0x62, 0x43, 0x5F, 0x4F,
		0x50, 0x5F, 0x49, 0x88, 0x00, 0x63, 0x61, 0x6E, 0x65, 0x6F, 0x75, 0x73,
		0x1B, 0x00, 0x00, 0x72, 0x00, 0x05, 0xEA, 0x00, 0x20, 0x54, 0x6F, 0x16,
		0x00, 0x00, 0x13, 0x00, 0x02, 0x66, 0x00, 0xE2, 0x46, 0x5F, 0x54, 0x59,
		0x50, 0x45, 0x5F, 0x4C, 0x49, 0x54, 0x45, 0x52, 0x41, 0x4C, 0x18, 0x01,
		0x14, 0x70, 0x1B, 0x00, 0x32, 0x4D, 0x41, 0x50, 0x1F, 0x00, 0x61, 0x44,
		0x49, 0x52, 0x45, 0x43, 0x54, 0xEB, 0x00, 0xC0, 0x4C, 0x69, 0x74, 0x65,
		0x72, 0x61, 0x6C, 0x56, 0x61, 0x6C, 0x75, 0x65, 0x2F, 0x00, 0x17, 0x43,
		0xEA, 0x00, 0x00, 0x10, 0x00, 0xE1, 0x53, 0x63, 0x61, 0x6C, 0x61, 0x72,
		0x41, 0x74, 0x74, 0x72, 0x69, 0x62, 0x75, 0x74, 0x23, 0x00, 0x5F, 0x56,
		0x65, 0x63, 0x74, 0x6F, 0x13, 0x00, 0x01, 0x00, 0x42, 0x01, 0x42, 0x6F,
		0x6E, 0x65, 0x6E, 0x45, 0x01, 0x98, 0x52, 0x61, 0x6E, 0x64, 0x6F, 0x6D,
		0x4D, 0x69, 0x6E, 0x0E, 0x00, 0x20, 0x61, 0x78, 0xD4, 0x01, 0x32, 0x48,
		0x61, 0x73, 0x10, 0x00, 0x80, 0x53, 0x69, 0x67, 0x6E, 0x46, 0x6C, 0x69,
		0x70, 0x44, 0x00, 0x03, 0x22, 0x00, 0x21, 0x6F, 0x64, 0xAC, 0x00, 0xF3,
		0x04, 0x52, 0x41, 0x4E, 0x44, 0x4F, 0x4D, 0x5F, 0x4D, 0x4F, 0x44, 0x45,
		0x5F, 0x43, 0x4F, 0x4E, 0x53, 0x54, 0x41, 0x4E, 0xB1, 0x00, 0x34, 0x4F,
		0x44, 0x30, 0x09, 0x00, 0x14, 0x31, 0x09, 0x00, 0x14, 0x32, 0x09, 0x00,
		0x11, 0x33, 0x09, 0x00, 0xB4, 0x4E, 0x6F, 0x69, 0x73, 0x65, 0x4F, 0x75,
		0x74, 0x70, 0x75, 0x74, 0x80, 0x00, 0x08, 0x13, 0x00, 0x26, 0x61, 0x78,
		0x13, 0x00, 0x00, 0xE0, 0x00, 0x00, 0xC3, 0x00, 0x32, 0x76, 0x65, 0x63,
		0x23, 0x00, 0x97, 0x66, 0x66, 0x73, 0x65, 0x74, 0x52, 0x61, 0x74, 0x65,
		0x37, 0x00, 0x01, 0x14, 0x00, 0x00, 0xA4, 0x00, 0x02, 0x0F, 0x00, 0x65,
		0x63, 0x74, 0x61, 0x76, 0x65, 0x73, 0x10, 0x00, 0x91, 0x54, 0x75, 0x72,
		0x62, 0x75, 0x6C, 0x65, 0x6E, 0x63, 0xB9, 0x00, 0xF6, 0x00, 0x4E, 0x4F,
		0x49, 0x53, 0x45, 0x5F, 0x54, 0x55, 0x52, 0x42, 0x5F, 0x4E, 0x4F, 0x4E,
		0x45, 0x26, 0x00, 0x28, 0x79, 0x70, 0x20, 0x00, 0x00, 0x87, 0x01, 0x65,
		0x50, 0x45, 0x52, 0x4C, 0x49, 0x4E, 0x22, 0x00, 0x85, 0x4D, 0x6F, 0x64,
		0x69, 0x66, 0x69, 0x65, 0x72, 0x26, 0x00, 0x00, 0xFE, 0x00, 0x54, 0x49,
		0x46, 0x49, 0x45, 0x52, 0x4A, 0x00, 0x2B, 0x66, 0x6C, 0x71, 0x00, 0x04,
		0xBE, 0x00, 0x0D, 0x19, 0x00, 0x27, 0x4D, 0x69, 0xE4, 0x00, 0x42, 0x49,
		0x6D, 0x67, 0x50, 0x9F, 0x02, 0x04, 0x30, 0x00, 0x1B, 0x62, 0x18, 0x00,
		0x31, 0x4C, 0x69, 0x76, 0xC8, 0x01, 0x20, 0x49, 0x6E, 0x20, 0x01, 0x03,
		0x83, 0x01, 0x53, 0x49, 0x4E, 0x50, 0x55, 0x54, 0x82, 0x01, 0x61, 0x4C,
		0x41, 0x4D, 0x50, 0x45, 0x44, 0x53, 0x00, 0x00, 0x41, 0x03, 0x20, 0x46,
		0x61, 0xF0, 0x01, 0x01, 0x0F, 0x00, 0x01, 0x33, 0x00, 0x16, 0x30, 0x0B,
		0x00, 0x02, 0x94, 0x01, 0x02, 0x6A, 0x01, 0x17, 0x30, 0x0C, 0x00, 0x13,
		0x31, 0x90, 0x00, 0xA6, 0x74, 0x63, 0x68, 0x65, 0x64, 0x52, 0x61, 0x6E,
		0x67, 0x65, 0x9B, 0x01, 0x07, 0x14, 0x00, 0x28, 0x61, 0x78, 0x14, 0x00,
		0x02, 0x3B, 0x00, 0x7E, 0x4F, 0x75, 0x74, 0x73, 0x69, 0x64, 0x65, 0x19,
		0x00, 0x23, 0x49, 0x6E, 0x18, 0x00, 0x54, 0x6E, 0x42, 0x69, 0x61, 0x73,
		0x62, 0x01, 0x42, 0x42, 0x49, 0x41, 0x53, 0x61, 0x01, 0x00, 0x36, 0x02,
		0x32, 0x44, 0x41, 0x52, 0xB8, 0x00, 0x00, 0x23, 0x00, 0x62, 0x50, 0x61,
		0x72, 0x61, 0x6D, 0x65, 0x45, 0x03, 0x31, 0x43, 0x75, 0x72, 0xF5, 0x00,
		0x50, 0x73, 0x70, 0x6C, 0x69, 0x6E, 0x09, 0x00, 0x10, 0x74, 0x81, 0x00,
		0x30, 0x6E, 0x74, 0x73, 0x0E, 0x02, 0x98, 0x44, 0x6F, 0x6D, 0x61, 0x69,
		0x6E, 0x4D, 0x69, 0x6E, 0x0E, 0x00, 0x20, 0x61, 0x78, 0x0E, 0x00, 0x10,
		0x49, 0x9C, 0x04, 0x42, 0x61, 0x6C, 0x69, 0x7A, 0xA6, 0x03, 0x41, 0x49,
		0x4E, 0x49, 0x54, 0x14, 0x00, 0x31, 0x46, 0x6C, 0x6F, 0x3F, 0x04, 0x01,
		0x06, 0x01, 0x04, 0x50, 0x03, 0x00, 0xDB, 0x03, 0x15, 0x64, 0x5D, 0x03,
		0x03, 0xF5, 0x02, 0x35, 0x65, 0x65, 0x64, 0xF5, 0x01, 0x02, 0x2E, 0x00,
		0x0D, 0x52, 0x03, 0x00, 0xE9, 0x00, 0x64, 0x43, 0x61, 0x6D, 0x65, 0x72,
		0x61, 0xF2, 0x04, 0x00, 0xB6, 0x01, 0x32, 0x55, 0x73, 0x65, 0xF1, 0x04,
		0x33, 0x43, 0x65, 0x6E, 0x0A, 0x04, 0x02, 0x09, 0x01, 0x54, 0x46, 0x69,
		0x65, 0x6C, 0x64, 0x8D, 0x00, 0xC0, 0x43, 0x72, 0x65, 0x61, 0x74, 0x65,
		0x53, 0x65, 0x71, 0x75, 0x65, 0x6E, 0xAA, 0x00, 0x62, 0x50, 0x61, 0x74,
		0x68, 0x56, 0x32, 0x55, 0x00, 0x90, 0x75, 0x6D, 0x54, 0x6F, 0x41, 0x73,
		0x73, 0x69, 0x67, 0x7B, 0x01, 0x00, 0x19, 0x00, 0x01, 0x12, 0x01, 0x01,
		0xE5, 0x00, 0x33, 0x45, 0x6E, 0x64, 0xE9, 0x02, 0x04, 0x46, 0x04, 0xD1,
		0x50, 0x41, 0x52, 0x54, 0x49, 0x43, 0x4C, 0x45, 0x5F, 0x4E, 0x55, 0x4D,
		0x42, 0x86, 0x02, 0x89, 0x52, 0x4D, 0x41, 0x4C, 0x49, 0x5A, 0x45, 0x44,
		0x4E, 0x04, 0x91, 0x43, 0x55, 0x52, 0x56, 0x45, 0x00, 0x78, 0x00, 0x79,
		0x63, 0x00, 0xD5, 0x53, 0x6C, 0x6F, 0x70, 0x65, 0x49, 0x6E, 0x63, 0x6F,
		0x6D, 0x69, 0x6E, 0x67, 0x12, 0x00, 0x00, 0x7B, 0x03, 0x22, 0x67, 0x6F,
		0x12, 0x00, 0x14, 0x6E, 0x1E, 0x00, 0x12, 0x54, 0x71, 0x01, 0x11, 0x00,
		0x41, 0x00, 0xD2, 0x5F, 0x54, 0x41, 0x4E, 0x47, 0x45, 0x4E, 0x54, 0x5F,
		0x53, 0x50, 0x4C, 0x49, 0x38, 0x03, 0x04, 0x34, 0x00, 0x0F, 0x28, 0x00,
		0x03, 0x4B, 0x46, 0x52, 0x45, 0x45, 0x13, 0x00, 0x64, 0x4D, 0x49, 0x52,
		0x52, 0x4F, 0x52, 0x08, 0x01, 0x82, 0x56, 0x65, 0x6C, 0x6F, 0x63, 0x69,
		0x74, 0x79, 0x76, 0x01, 0xF3, 0x02, 0x00, 0x6D, 0x5F, 0x4C, 0x6F, 0x63,
		0x61, 0x6C, 0x43, 0x6F, 0x6F, 0x72, 0x64, 0x69, 0x6E, 0x61, 0x74, 0x6E,
		0x06, 0x50, 0x53, 0x70, 0x65, 0x65, 0x64, 0x8B, 0x02, 0x4C, 0x50, 0x56,
		0x45, 0x43, 0x3E, 0x05, 0x1B, 0x76, 0x1F, 0x05, 0x03, 0x0F, 0x00, 0x31,
		0x43, 0x6F, 0x6C, 0xFE, 0x02, 0x1B, 0x76, 0xB9, 0x01, 0x05, 0x4D, 0x04,
		0x21, 0x43, 0x50, 0x32, 0x00, 0x07, 0x10, 0x00, 0xB4, 0x52, 0x65, 0x6C,
		0x61, 0x74, 0x69, 0x76, 0x65, 0x50, 0x6F, 0x73, 0xDB, 0x06, 0x07, 0x16,
		0x00, 0x20, 0x44, 0x69, 0x4F, 0x00, 0x01, 0x42, 0x02, 0x05, 0x45, 0x05,
		0x1D, 0x58, 0x12, 0x00, 0x1D, 0x59, 0x12, 0x00, 0x14, 0x5A, 0x12, 0x00,
		0x10, 0x49, 0x10, 0x02, 0x13, 0x70, 0x86, 0x03, 0x00, 0x0B, 0x00, 0x09,
		0x97, 0x03, 0x05, 0x11, 0x00, 0x10, 0x31, 0x77, 0x00, 0x02, 0x10, 0x00,
		0x06, 0xA2, 0x03, 0x09, 0x11, 0x00, 0x00, 0x22, 0x00, 0x52, 0x47, 0x72,
		0x61, 0x64, 0x69, 0xC7, 0x05, 0x41, 0x53, 0x74, 0x6F, 0x70, 0x1E, 0x02,
		0x08, 0xCE, 0x05, 0x18, 0x76, 0xCD, 0x05, 0x0F, 0x55, 0x01, 0x08, 0x01,
		0x20, 0x00, 0x74, 0x4F, 0x70, 0x65, 0x72, 0x61, 0x74, 0x6F, 0xD2, 0x06,
		0x54, 0x44, 0x65, 0x63, 0x61, 0x79, 0xDD, 0x06, 0x00, 0x77, 0x00, 0x54,
		0x6F, 0x6C, 0x61, 0x74, 0x65, 0x69, 0x07, 0x00, 0x2E, 0x02, 0x46, 0x74,
		0x61, 0x72, 0x74, 0xD8, 0x04, 0x36, 0x45, 0x6E, 0x64, 0x0D, 0x00, 0x00,
		0xC3, 0x03, 0x06, 0x25, 0x00, 0x42, 0x54, 0x69, 0x6D, 0x65, 0x4A, 0x00,
		0xA2, 0x42, 0x61, 0x73, 0x69, 0x63, 0x4D, 0x6F, 0x76, 0x65, 0x6D, 0xB6,
		0x00, 0x02, 0x1C, 0x08, 0x05, 0x46, 0x07, 0x02, 0x0F, 0x00, 0x44, 0x52,
		0x6F, 0x70, 0x65, 0x2A, 0x08, 0x41, 0x54, 0x65, 0x73, 0x73, 0x7B, 0x01,
		0x12, 0x6F, 0x83, 0x04, 0xF9, 0x02, 0x54, 0x65, 0x78, 0x74, 0x75, 0x72,
		0x65, 0x56, 0x57, 0x6F, 0x72, 0x6C, 0x64, 0x53, 0x69, 0x7A, 0x65, 0x16,
		0x00, 0x62, 0x53, 0x63, 0x72, 0x6F, 0x6C, 0x6C, 0x14, 0x06, 0x00, 0x29,
		0x06, 0x01, 0xFF, 0x01, 0x02, 0x96, 0x00, 0x0D, 0x35, 0x02, 0x60, 0x5F,
		0x43, 0x4F, 0x4C, 0x4F, 0x52, 0xAD, 0x03, 0x6A, 0x46, 0x6F, 0x6C, 0x6C,
		0x6F, 0x77, 0x01, 0x04, 0x5A, 0x44, 0x65, 0x6C, 0x74, 0x61, 0x63, 0x07,
		0x00, 0x51, 0x00, 0x03, 0x69, 0x00, 0x10, 0x73, 0xA4, 0x01, 0x00, 0x13,
		0x00, 0x13, 0x68, 0x11, 0x00, 0xC3, 0x00, 0x6D, 0x61, 0x74, 0x65, 0x72,
		0x69, 0x61, 0x6C, 0x73, 0x2F, 0x70, 0xF2, 0x07, 0xF1, 0x04, 0x2F, 0x62,
		0x65, 0x61, 0x6D, 0x5F, 0x63, 0x72, 0x61, 0x63, 0x6B, 0x5F, 0x30, 0x36,
		0x5F, 0x62, 0x77, 0x5F, 0x63, 0x0C, 0x04, 0x56, 0x2E, 0x76, 0x74, 0x65,
		0x78, 0x11, 0x04, 0x52, 0x42, 0x6C, 0x65, 0x6E, 0x64, 0xC9, 0x05, 0x04,
		0xC5, 0x03, 0x30, 0x4F, 0x55, 0x54, 0xD0, 0x05, 0x52, 0x42, 0x4C, 0x45,
		0x4E, 0x44, 0xD6, 0x05, 0x43, 0x48, 0x41, 0x4C, 0x46, 0x10, 0x00, 0x31,
		0x41, 0x44, 0x44, 0x6D, 0x09, 0x20, 0x61, 0x74, 0xD9, 0x08, 0x11, 0x65,
		0xE2, 0x00, 0x81, 0x50, 0x72, 0x65, 0x41, 0x6C, 0x70, 0x68, 0x61, 0x4C,
		0x00, 0x01, 0x11, 0x01, 0xB3, 0x41, 0x64, 0x64, 0x53, 0x65, 0x6C, 0x66,
		0x41, 0x6D, 0x6F, 0x75, 0xE5, 0x07, 0x00, 0x46, 0x09, 0x56, 0x62, 0x72,
		0x69, 0x67, 0x68, 0x13, 0x06, 0xBA, 0x6E, 0x46, 0x65, 0x61, 0x74, 0x68,
		0x65, 0x72, 0x69, 0x6E, 0x67, 0x81, 0x00, 0xF1, 0x0D, 0x44, 0x45, 0x50,
		0x54, 0x48, 0x5F, 0x46, 0x45, 0x41, 0x54, 0x48, 0x45, 0x52, 0x49, 0x4E,
		0x47, 0x5F, 0x4F, 0x4E, 0x5F, 0x4F, 0x50, 0x54, 0x49, 0x4F, 0x4E, 0x41,
		0x4C, 0x4D, 0x00, 0x51, 0x44, 0x65, 0x70, 0x74, 0x68, 0xE4, 0x01, 0xD0,
		0x09, 0x06, 0x0E, 0x0B, 0x0B, 0x0B, 0x05, 0x18, 0x09, 0x06, 0x18, 0x09,
		0x06, 0x04, 0x00, 0xD0, 0x09, 0x06, 0x06, 0x05, 0x0F, 0x0B, 0x0B, 0x0F,
		0x11, 0x12, 0x0E, 0x06, 0x11, 0x01, 0x00, 0xF3, 0x01, 0x12, 0x05, 0x18,
		0x05, 0x11, 0x10, 0x06, 0x06, 0x06, 0x05, 0x05, 0x12, 0x0D, 0x06, 0x12,
		0x11, 0x02, 0x00, 0x93, 0x06, 0x11, 0x09, 0x08, 0x08, 0x18, 0x05, 0x18,
		0x05, 0x34, 0x00, 0x13, 0x06, 0x35, 0x00, 0x11, 0x0B, 0x36, 0x00, 0x16,
		0x0F, 0x37, 0x00, 0x7E, 0x12, 0x05, 0x12, 0x0D, 0x11, 0x0E, 0x06, 0x39,
		0x00, 0x60, 0x10, 0x06, 0x05, 0x09, 0x18, 0x05, 0x3D, 0x00, 0x1F, 0x11,
		0x71, 0x00, 0x14, 0xA0, 0x18, 0x09, 0x05, 0x12, 0x05, 0x05, 0x12, 0x11,
		0x11, 0x11, 0xAD, 0x00, 0x20, 0x06, 0x06, 0x46, 0x00, 0x30, 0x0B, 0x06,
		0x09, 0x08, 0x00, 0x51, 0x0B, 0x0B, 0x18, 0x05, 0x0F, 0x8F, 0x00, 0x1F,
		0x05, 0x51, 0x00, 0x07, 0x1E, 0x12, 0xC2, 0x00, 0x0F, 0x31, 0x00, 0x84,
		0x21, 0x11, 0x12, 0x37, 0x00, 0x03, 0x3D, 0x00, 0x0F, 0xE0, 0x00, 0xCB,
		0x10, 0x18, 0x3F, 0x02, 0x30, 0x11, 0x05, 0x05, 0x7E, 0x02, 0x16, 0x0B,
		0x7F, 0x02, 0x0F, 0x0D, 0x02, 0x06, 0x08, 0x76, 0x00, 0x0F, 0xAB, 0x02,
		0x1B, 0x02, 0x4A, 0x01, 0x20, 0x06, 0x0E, 0x4C, 0x01, 0x07, 0x4D, 0x01,
		0x0F, 0xBB, 0x02, 0x1F, 0x0F, 0x36, 0x00, 0x8F, 0x0A, 0x61, 0x01, 0x8F,
		0x86, 0x01, 0x06, 0x0E, 0x09, 0x06, 0x06, 0x12, 0x5A, 0x01, 0x02, 0x1E,
		0x12, 0x5A, 0x01, 0x0F, 0xD1, 0x03, 0x0A, 0x1F, 0x05, 0x74, 0x00, 0x05,
		0x60, 0x06, 0x12, 0x00, 0xDD, 0xEE, 0xFF
	};

	inline unsigned char lightning_kill_green[ 3811 ]
	{
		0xE3, 0x0E, 0x00, 0x00, 0x0C, 0x00, 0x01, 0x00, 0x08, 0x00, 0x00, 0x00,
		0x03, 0x00, 0x00, 0x00, 0x52, 0x45, 0x52, 0x4C, 0x20, 0x00, 0x00, 0x00,
		0x4C, 0x00, 0x00, 0x00, 0x52, 0x45, 0x44, 0x32, 0x60, 0x00, 0x00, 0x00,
		0xCA, 0x02, 0x00, 0x00, 0x44, 0x41, 0x54, 0x41, 0x24, 0x03, 0x00, 0x00,
		0x93, 0x0B, 0x00, 0x00, 0x0C, 0x00, 0x00, 0x00, 0x01, 0x00, 0x00, 0x00,
		0x00, 0x00, 0x00, 0x00, 0x99, 0x4E, 0x84, 0xE3, 0xCA, 0x25, 0x67, 0x6B,
		0x08, 0x00, 0x00, 0x00, 0x00, 0x00, 0x00, 0x00, 0x6D, 0x61, 0x74, 0x65,
		0x72, 0x69, 0x61, 0x6C, 0x73, 0x2F, 0x70, 0x61, 0x72, 0x74, 0x69, 0x63,
		0x6C, 0x65, 0x2F, 0x62, 0x65, 0x61, 0x6D, 0x5F, 0x63, 0x72, 0x61, 0x63,
		0x6B, 0x5F, 0x30, 0x36, 0x5F, 0x62, 0x77, 0x5F, 0x63, 0x65, 0x6E, 0x74,
		0x65, 0x72, 0x2E, 0x76, 0x74, 0x65, 0x78, 0x00, 0x05, 0x33, 0x56, 0x4B,
		0x7C, 0x16, 0x12, 0x74, 0xE9, 0x06, 0x98, 0x46, 0xAF, 0xF2, 0xE6, 0x3E,
		0xB5, 0x90, 0x37, 0xE7, 0x01, 0x00, 0x00, 0x00, 0x00, 0x00, 0x00, 0x40,
		0x3F, 0x02, 0x00, 0x00, 0x01, 0x00, 0x00, 0x00, 0x00, 0x00, 0x00, 0x00,
		0x21, 0x00, 0x00, 0x00, 0x06, 0x00, 0x07, 0x00, 0x35, 0x03, 0x00, 0x00,
		0x52, 0x02, 0x00, 0x00, 0x00, 0x00, 0x00, 0x00, 0x00, 0x00, 0x00, 0x00,
		0x00, 0x00, 0x00, 0x00, 0x00, 0x00, 0x00, 0x00, 0x44, 0x02, 0x00, 0x00,
		0xA3, 0x01, 0x00, 0x00, 0xF1, 0x00, 0x00, 0x00, 0xAF, 0x00, 0x00, 0x00,
		0x03, 0x00, 0x00, 0x00, 0x00, 0x00, 0x00, 0x00, 0x2C, 0x00, 0x00, 0x00,
		0x00, 0x00, 0x00, 0x00, 0x1E, 0x00, 0x00, 0x00, 0x06, 0x00, 0x00, 0x00,
		0x07, 0x00, 0x00, 0x00, 0x08, 0x00, 0x00, 0x00, 0xF0, 0x50, 0x6D, 0x5F,
		0x49, 0x6E, 0x70, 0x75, 0x74, 0x44, 0x65, 0x70, 0x65, 0x6E, 0x64, 0x65,
		0x6E, 0x63, 0x69, 0x65, 0x73, 0x00, 0x6D, 0x5F, 0x52, 0x65, 0x6C, 0x61,
		0x74, 0x69, 0x76, 0x65, 0x46, 0x69, 0x6C, 0x65, 0x6E, 0x61, 0x6D, 0x65,
		0x00, 0x6C, 0x69, 0x67, 0x68, 0x74, 0x6E, 0x69, 0x6E, 0x67, 0x5F, 0x6B,
		0x69, 0x6C, 0x6C, 0x2E, 0x76, 0x70, 0x63, 0x66, 0x00, 0x6D, 0x5F, 0x53,
		0x65, 0x61, 0x72, 0x63, 0x68, 0x50, 0x61, 0x74, 0x68, 0x00, 0x63, 0x73,
		0x67, 0x6F, 0x5F, 0x61, 0x64, 0x64, 0x6F, 0x6E, 0x73, 0x2F, 0x73, 0x6F,
		0x73, 0x69, 0x73, 0x6B, 0x61, 0x00, 0x6D, 0x5F, 0x6E, 0x41, 0x00, 0xF0,
		0x00, 0x43, 0x52, 0x43, 0x00, 0x6D, 0x5F, 0x62, 0x4F, 0x70, 0x74, 0x69,
		0x6F, 0x6E, 0x61, 0x6C, 0x0C, 0x00, 0x00, 0x17, 0x00, 0x60, 0x45, 0x78,
		0x69, 0x73, 0x74, 0x73, 0x0E, 0x00, 0x51, 0x49, 0x73, 0x47, 0x61, 0x6D,
		0x6C, 0x00, 0x72, 0x00, 0x6D, 0x5F, 0x41, 0x64, 0x64, 0x69, 0x29, 0x00,
		0x0F, 0x99, 0x00, 0x01, 0x7C, 0x41, 0x72, 0x67, 0x75, 0x6D, 0x65, 0x6E,
		0x17, 0x00, 0xA0, 0x50, 0x61, 0x72, 0x61, 0x6D, 0x65, 0x74, 0x65, 0x72,
		0x4E, 0xAD, 0x00, 0xB2, 0x5F, 0x5F, 0x5F, 0x4F, 0x76, 0x65, 0x72, 0x72,
		0x69, 0x64, 0x65, 0x44, 0x00, 0x68, 0x61, 0x74, 0x61, 0x5F, 0x5F, 0x5F,
		0x28, 0x00, 0xF2, 0x03, 0x54, 0x79, 0x70, 0x65, 0x00, 0x42, 0x69, 0x6E,
		0x61, 0x72, 0x79, 0x42, 0x6C, 0x6F, 0x62, 0x41, 0x72, 0x67, 0xAE, 0x00,
		0x9B, 0x6E, 0x67, 0x65, 0x72, 0x70, 0x72, 0x69, 0x6E, 0x74, 0x0F, 0x00,
		0x70, 0x44, 0x65, 0x66, 0x61, 0x75, 0x6C, 0x74, 0xF4, 0x00, 0x6B, 0x70,
		0x65, 0x63, 0x69, 0x61, 0x6C, 0x81, 0x00, 0xF4, 0x0F, 0x53, 0x74, 0x72,
		0x69, 0x6E, 0x67, 0x00, 0x4B, 0x56, 0x33, 0x20, 0x43, 0x6F, 0x6D, 0x70,
		0x69, 0x6C, 0x65, 0x72, 0x20, 0x56, 0x65, 0x72, 0x73, 0x69, 0x6F, 0x6E,
		0x00, 0x6D, 0x5F, 0x13, 0x00, 0xB3, 0x49, 0x64, 0x65, 0x6E, 0x74, 0x69,
		0x66, 0x69, 0x65, 0x72, 0x00, 0x13, 0x00, 0x61, 0x50, 0x61, 0x72, 0x74,
		0x69, 0x63, 0xF9, 0x00, 0x50, 0x6E, 0x55, 0x73, 0x65, 0x72, 0xAB, 0x00,
		0x14, 0x00, 0x15, 0x00, 0x0E, 0x4B, 0x00, 0x08, 0x1F, 0x01, 0x01, 0xA4,
		0x01, 0x20, 0x65, 0x64, 0x37, 0x01, 0x10, 0x73, 0x64, 0x00, 0xF0, 0x00,
		0x68, 0x69, 0x6C, 0x64, 0x52, 0x65, 0x73, 0x6F, 0x75, 0x72, 0x63, 0x65,
		0x4C, 0x69, 0x73, 0xAC, 0x00, 0xB5, 0x57, 0x65, 0x61, 0x6B, 0x52, 0x65,
		0x66, 0x65, 0x72, 0x65, 0x6E, 0x14, 0x00, 0x02, 0xB4, 0x01, 0x45, 0x61,
		0x62, 0x6C, 0x65, 0x70, 0x00, 0x29, 0x49, 0x73, 0x3D, 0x00, 0x00, 0x25,
		0x00, 0x75, 0x75, 0x62, 0x61, 0x73, 0x73, 0x65, 0x74, 0x3D, 0x00, 0x16,
		0x73, 0x15, 0x00, 0x00, 0x0C, 0x01, 0x21, 0x69, 0x6E, 0x85, 0x00, 0x70,
		0x73, 0x00, 0x00, 0x1F, 0x00, 0x00, 0x00, 0x97, 0x0A, 0x00, 0x00, 0x00,
		0x06, 0x00, 0x00, 0x00, 0x04, 0x04, 0x00, 0x10, 0x01, 0x04, 0x00, 0x43,
		0x01, 0x02, 0x00, 0x00, 0x0C, 0x00, 0x00, 0x0A, 0x00, 0x13, 0x03, 0x1C,
		0x00, 0x80, 0x05, 0x00, 0x00, 0x00, 0xF1, 0x21, 0x45, 0x6D, 0x34, 0x00,
		0xA2, 0x07, 0x00, 0x00, 0x00, 0x08, 0x00, 0x00, 0x00, 0x09, 0x00, 0x01,
		0x00, 0x00, 0x4C, 0x00, 0xF3, 0x1A, 0x0B, 0x00, 0x00, 0x00, 0x0C, 0x00,
		0x00, 0x00, 0x0D, 0x00, 0x00, 0x00, 0x0E, 0x00, 0x00, 0x00, 0x0F, 0x00,
		0x00, 0x00, 0x10, 0x00, 0x00, 0x00, 0x11, 0x00, 0x00, 0x00, 0x12, 0x00,
		0x00, 0x00, 0x13, 0x00, 0x00, 0x00, 0x14, 0x00, 0x00, 0x00, 0x15, 0x1C,
		0x00, 0x00, 0x5C, 0x00, 0x13, 0x16, 0x1C, 0x00, 0x1F, 0x17, 0x1C, 0x00,
		0x04, 0x13, 0x18, 0x60, 0x00, 0x13, 0x19, 0x08, 0x00, 0x13, 0x1A, 0x08,
		0x00, 0xD0, 0x1B, 0x00, 0x00, 0x00, 0x1C, 0x00, 0x00, 0x00, 0x1D, 0x00,
		0x00, 0x00, 0x1E, 0x88, 0x00, 0x90, 0x18, 0x09, 0x06, 0x06, 0x0C, 0x0E,
		0x0D, 0x0E, 0x08, 0x09, 0x00, 0x21, 0x0F, 0x0F, 0x0F, 0x00, 0x10, 0x0F,
		0x04, 0x00, 0xB0, 0x08, 0x08, 0x08, 0x09, 0x0F, 0x01, 0x01, 0x00, 0xDD,
		0xEE, 0xFF, 0x00, 0x00, 0x00, 0x00, 0x00, 0x00, 0x05, 0x33, 0x56, 0x4B,
		0x1D, 0xCE, 0xD3, 0x39, 0x42, 0x94, 0x07, 0x44, 0x9B, 0x78, 0x83, 0x17,
		0x14, 0x5B, 0x17, 0x32, 0x01, 0x00, 0x00, 0x00, 0x00, 0x00, 0x00, 0x40,
		0x3C, 0x0A, 0x00, 0x00, 0x0A, 0x00, 0x00, 0x00, 0xD9, 0x00, 0x00, 0x00,
		0x52, 0x04, 0x00, 0x00, 0x3E, 0x00, 0x88, 0x00, 0xB6, 0x2C, 0x00, 0x00,
		0x1B, 0x0B, 0x00, 0x00, 0x00, 0x00, 0x00, 0x00, 0x00, 0x00, 0x00, 0x00,
		0x00, 0x00, 0x00, 0x00, 0x00, 0x00, 0x00, 0x00, 0x30, 0x11, 0x00, 0x00,
		0xCB, 0x06, 0x00, 0x00, 0x86, 0x1B, 0x00, 0x00, 0x50, 0x04, 0x00, 0x00,
		0x61, 0x00, 0x00, 0x00, 0x00, 0x00, 0x00, 0x00, 0x04, 0x05, 0x00, 0x00,
		0x38, 0x00, 0x00, 0x00, 0xF0, 0x03, 0x00, 0x00, 0x3E, 0x00, 0x00, 0x00,
		0x30, 0x00, 0x00, 0x00, 0x37, 0x00, 0x00, 0x00, 0xF4, 0x40, 0x5F, 0x63,
		0x6C, 0x61, 0x73, 0x73, 0x00, 0x43, 0x50, 0x61, 0x72, 0x74, 0x69, 0x63,
		0x6C, 0x65, 0x53, 0x79, 0x73, 0x74, 0x65, 0x6D, 0x44, 0x65, 0x66, 0x69,
		0x6E, 0x69, 0x74, 0x69, 0x6F, 0x6E, 0x00, 0x6D, 0x5F, 0x62, 0x53, 0x68,
		0x6F, 0x75, 0x6C, 0x64, 0x48, 0x69, 0x74, 0x62, 0x6F, 0x78, 0x65, 0x73,
		0x46, 0x61, 0x6C, 0x6C, 0x62, 0x61, 0x63, 0x6B, 0x54, 0x6F, 0x52, 0x65,
		0x6E, 0x64, 0x65, 0x72, 0x42, 0x6F, 0x75, 0x6E, 0x64, 0x73, 0x00, 0x6D,
		0x5F, 0x6E, 0x4D, 0x61, 0x78, 0x47, 0x00, 0x01, 0x10, 0x00, 0xC2, 0x42,
		0x65, 0x68, 0x61, 0x76, 0x69, 0x6F, 0x72, 0x56, 0x65, 0x72, 0x73, 0x4B,
		0x00, 0xF0, 0x28, 0x6E, 0x46, 0x69, 0x72, 0x73, 0x74, 0x4D, 0x75, 0x6C,
		0x74, 0x69, 0x70, 0x6C, 0x65, 0x4F, 0x76, 0x65, 0x72, 0x72, 0x69, 0x64,
		0x65, 0x5F, 0x42, 0x61, 0x63, 0x6B, 0x77, 0x61, 0x72, 0x64, 0x43, 0x6F,
		0x6D, 0x70, 0x61, 0x74, 0x00, 0x6D, 0x5F, 0x66, 0x6C, 0x43, 0x6F, 0x6E,
		0x73, 0x74, 0x61, 0x6E, 0x74, 0x52, 0x61, 0x64, 0x69, 0x75, 0x4E, 0x00,
		0xF0, 0x06, 0x63, 0x6F, 0x6E, 0x74, 0x72, 0x6F, 0x6C, 0x50, 0x6F, 0x69,
		0x6E, 0x74, 0x43, 0x6F, 0x6E, 0x66, 0x69, 0x67, 0x75, 0x72, 0x61, 0xA2,
		0x00, 0x01, 0x6B, 0x00, 0xF0, 0x05, 0x61, 0x6D, 0x65, 0x00, 0x70, 0x72,
		0x65, 0x76, 0x69, 0x65, 0x77, 0x00, 0x6D, 0x5F, 0x64, 0x72, 0x69, 0x76,
		0x65, 0x72, 0x19, 0x00, 0xF0, 0x1A, 0x69, 0x41, 0x74, 0x74, 0x61, 0x63,
		0x68, 0x54, 0x79, 0x70, 0x65, 0x00, 0x50, 0x41, 0x54, 0x54, 0x41, 0x43,
		0x48, 0x5F, 0x57, 0x4F, 0x52, 0x4C, 0x44, 0x4F, 0x52, 0x49, 0x47, 0x49,
		0x4E, 0x00, 0x6D, 0x5F, 0x65, 0x6E, 0x74, 0x69, 0x74, 0x79, 0x4E, 0x41,
		0x00, 0xC0, 0x73, 0x65, 0x6C, 0x66, 0x00, 0x6D, 0x5F, 0x45, 0x6D, 0x69,
		0x74, 0x74, 0x3F, 0x00, 0x62, 0x43, 0x5F, 0x4F, 0x50, 0x5F, 0x49, 0x88,
		0x00, 0x63, 0x61, 0x6E, 0x65, 0x6F, 0x75, 0x73, 0x1B, 0x00, 0x00, 0x72,
		0x00, 0x05, 0xEA, 0x00, 0x20, 0x54, 0x6F, 0x16, 0x00, 0x00, 0x13, 0x00,
		0x02, 0x66, 0x00, 0xE2, 0x46, 0x5F, 0x54, 0x59, 0x50, 0x45, 0x5F, 0x4C,
		0x49, 0x54, 0x45, 0x52, 0x41, 0x4C, 0x18, 0x01, 0x14, 0x70, 0x1B, 0x00,
		0x32, 0x4D, 0x41, 0x50, 0x1F, 0x00, 0x61, 0x44, 0x49, 0x52, 0x45, 0x43,
		0x54, 0xEB, 0x00, 0xC0, 0x4C, 0x69, 0x74, 0x65, 0x72, 0x61, 0x6C, 0x56,
		0x61, 0x6C, 0x75, 0x65, 0x2F, 0x00, 0x17, 0x43, 0xEA, 0x00, 0x00, 0x10,
		0x00, 0xE1, 0x53, 0x63, 0x61, 0x6C, 0x61, 0x72, 0x41, 0x74, 0x74, 0x72,
		0x69, 0x62, 0x75, 0x74, 0x23, 0x00, 0x5F, 0x56, 0x65, 0x63, 0x74, 0x6F,
		0x13, 0x00, 0x01, 0x00, 0x42, 0x01, 0x42, 0x6F, 0x6E, 0x65, 0x6E, 0x45,
		0x01, 0x98, 0x52, 0x61, 0x6E, 0x64, 0x6F, 0x6D, 0x4D, 0x69, 0x6E, 0x0E,
		0x00, 0x20, 0x61, 0x78, 0xD4, 0x01, 0x32, 0x48, 0x61, 0x73, 0x10, 0x00,
		0x80, 0x53, 0x69, 0x67, 0x6E, 0x46, 0x6C, 0x69, 0x70, 0x44, 0x00, 0x03,
		0x22, 0x00, 0x21, 0x6F, 0x64, 0xAC, 0x00, 0xF3, 0x04, 0x52, 0x41, 0x4E,
		0x44, 0x4F, 0x4D, 0x5F, 0x4D, 0x4F, 0x44, 0x45, 0x5F, 0x43, 0x4F, 0x4E,
		0x53, 0x54, 0x41, 0x4E, 0xB1, 0x00, 0x34, 0x4F, 0x44, 0x30, 0x09, 0x00,
		0x14, 0x31, 0x09, 0x00, 0x14, 0x32, 0x09, 0x00, 0x11, 0x33, 0x09, 0x00,
		0xB4, 0x4E, 0x6F, 0x69, 0x73, 0x65, 0x4F, 0x75, 0x74, 0x70, 0x75, 0x74,
		0x80, 0x00, 0x08, 0x13, 0x00, 0x26, 0x61, 0x78, 0x13, 0x00, 0x00, 0xE0,
		0x00, 0x00, 0xC3, 0x00, 0x32, 0x76, 0x65, 0x63, 0x23, 0x00, 0x97, 0x66,
		0x66, 0x73, 0x65, 0x74, 0x52, 0x61, 0x74, 0x65, 0x37, 0x00, 0x01, 0x14,
		0x00, 0x00, 0xA4, 0x00, 0x02, 0x0F, 0x00, 0x65, 0x63, 0x74, 0x61, 0x76,
		0x65, 0x73, 0x10, 0x00, 0x91, 0x54, 0x75, 0x72, 0x62, 0x75, 0x6C, 0x65,
		0x6E, 0x63, 0xB9, 0x00, 0xF6, 0x00, 0x4E, 0x4F, 0x49, 0x53, 0x45, 0x5F,
		0x54, 0x55, 0x52, 0x42, 0x5F, 0x4E, 0x4F, 0x4E, 0x45, 0x26, 0x00, 0x28,
		0x79, 0x70, 0x20, 0x00, 0x00, 0x87, 0x01, 0x65, 0x50, 0x45, 0x52, 0x4C,
		0x49, 0x4E, 0x22, 0x00, 0x85, 0x4D, 0x6F, 0x64, 0x69, 0x66, 0x69, 0x65,
		0x72, 0x26, 0x00, 0x00, 0xFE, 0x00, 0x54, 0x49, 0x46, 0x49, 0x45, 0x52,
		0x4A, 0x00, 0x2B, 0x66, 0x6C, 0x71, 0x00, 0x04, 0xBE, 0x00, 0x0D, 0x19,
		0x00, 0x27, 0x4D, 0x69, 0xE4, 0x00, 0x42, 0x49, 0x6D, 0x67, 0x50, 0x9F,
		0x02, 0x04, 0x30, 0x00, 0x1B, 0x62, 0x18, 0x00, 0x31, 0x4C, 0x69, 0x76,
		0xC8, 0x01, 0x20, 0x49, 0x6E, 0x20, 0x01, 0x03, 0x83, 0x01, 0x53, 0x49,
		0x4E, 0x50, 0x55, 0x54, 0x82, 0x01, 0x61, 0x4C, 0x41, 0x4D, 0x50, 0x45,
		0x44, 0x53, 0x00, 0x00, 0x41, 0x03, 0x20, 0x46, 0x61, 0xF0, 0x01, 0x01,
		0x0F, 0x00, 0x01, 0x33, 0x00, 0x16, 0x30, 0x0B, 0x00, 0x02, 0x94, 0x01,
		0x02, 0x6A, 0x01, 0x17, 0x30, 0x0C, 0x00, 0x13, 0x31, 0x90, 0x00, 0xA6,
		0x74, 0x63, 0x68, 0x65, 0x64, 0x52, 0x61, 0x6E, 0x67, 0x65, 0x9B, 0x01,
		0x07, 0x14, 0x00, 0x28, 0x61, 0x78, 0x14, 0x00, 0x02, 0x3B, 0x00, 0x7E,
		0x4F, 0x75, 0x74, 0x73, 0x69, 0x64, 0x65, 0x19, 0x00, 0x23, 0x49, 0x6E,
		0x18, 0x00, 0x54, 0x6E, 0x42, 0x69, 0x61, 0x73, 0x62, 0x01, 0x42, 0x42,
		0x49, 0x41, 0x53, 0x61, 0x01, 0x00, 0x36, 0x02, 0x32, 0x44, 0x41, 0x52,
		0xB8, 0x00, 0x00, 0x23, 0x00, 0x62, 0x50, 0x61, 0x72, 0x61, 0x6D, 0x65,
		0x45, 0x03, 0x31, 0x43, 0x75, 0x72, 0xF5, 0x00, 0x50, 0x73, 0x70, 0x6C,
		0x69, 0x6E, 0x09, 0x00, 0x10, 0x74, 0x81, 0x00, 0x30, 0x6E, 0x74, 0x73,
		0x0E, 0x02, 0x98, 0x44, 0x6F, 0x6D, 0x61, 0x69, 0x6E, 0x4D, 0x69, 0x6E,
		0x0E, 0x00, 0x20, 0x61, 0x78, 0x0E, 0x00, 0x10, 0x49, 0x9C, 0x04, 0x42,
		0x61, 0x6C, 0x69, 0x7A, 0xA6, 0x03, 0x41, 0x49, 0x4E, 0x49, 0x54, 0x14,
		0x00, 0x31, 0x46, 0x6C, 0x6F, 0x3F, 0x04, 0x01, 0x06, 0x01, 0x04, 0x50,
		0x03, 0x00, 0xDB, 0x03, 0x15, 0x64, 0x5D, 0x03, 0x03, 0xF5, 0x02, 0x35,
		0x65, 0x65, 0x64, 0xF5, 0x01, 0x02, 0x2E, 0x00, 0x0D, 0x52, 0x03, 0x00,
		0xE9, 0x00, 0x64, 0x43, 0x61, 0x6D, 0x65, 0x72, 0x61, 0xF2, 0x04, 0x00,
		0xB6, 0x01, 0x32, 0x55, 0x73, 0x65, 0xF1, 0x04, 0x33, 0x43, 0x65, 0x6E,
		0x0A, 0x04, 0x02, 0x09, 0x01, 0x54, 0x46, 0x69, 0x65, 0x6C, 0x64, 0x8D,
		0x00, 0xC0, 0x43, 0x72, 0x65, 0x61, 0x74, 0x65, 0x53, 0x65, 0x71, 0x75,
		0x65, 0x6E, 0xAA, 0x00, 0x62, 0x50, 0x61, 0x74, 0x68, 0x56, 0x32, 0x55,
		0x00, 0x90, 0x75, 0x6D, 0x54, 0x6F, 0x41, 0x73, 0x73, 0x69, 0x67, 0x7B,
		0x01, 0x00, 0x19, 0x00, 0x01, 0x12, 0x01, 0x01, 0xE5, 0x00, 0x33, 0x45,
		0x6E, 0x64, 0xE9, 0x02, 0x04, 0x46, 0x04, 0xD1, 0x50, 0x41, 0x52, 0x54,
		0x49, 0x43, 0x4C, 0x45, 0x5F, 0x4E, 0x55, 0x4D, 0x42, 0x86, 0x02, 0x89,
		0x52, 0x4D, 0x41, 0x4C, 0x49, 0x5A, 0x45, 0x44, 0x4E, 0x04, 0x91, 0x43,
		0x55, 0x52, 0x56, 0x45, 0x00, 0x78, 0x00, 0x79, 0x63, 0x00, 0xD5, 0x53,
		0x6C, 0x6F, 0x70, 0x65, 0x49, 0x6E, 0x63, 0x6F, 0x6D, 0x69, 0x6E, 0x67,
		0x12, 0x00, 0x00, 0x7B, 0x03, 0x22, 0x67, 0x6F, 0x12, 0x00, 0x14, 0x6E,
		0x1E, 0x00, 0x12, 0x54, 0x71, 0x01, 0x11, 0x00, 0x41, 0x00, 0xD2, 0x5F,
		0x54, 0x41, 0x4E, 0x47, 0x45, 0x4E, 0x54, 0x5F, 0x53, 0x50, 0x4C, 0x49,
		0x38, 0x03, 0x04, 0x34, 0x00, 0x0F, 0x28, 0x00, 0x03, 0x4B, 0x46, 0x52,
		0x45, 0x45, 0x13, 0x00, 0x64, 0x4D, 0x49, 0x52, 0x52, 0x4F, 0x52, 0x08,
		0x01, 0x82, 0x56, 0x65, 0x6C, 0x6F, 0x63, 0x69, 0x74, 0x79, 0x76, 0x01,
		0xF3, 0x02, 0x00, 0x6D, 0x5F, 0x4C, 0x6F, 0x63, 0x61, 0x6C, 0x43, 0x6F,
		0x6F, 0x72, 0x64, 0x69, 0x6E, 0x61, 0x74, 0x6E, 0x06, 0x50, 0x53, 0x70,
		0x65, 0x65, 0x64, 0x8B, 0x02, 0x4C, 0x50, 0x56, 0x45, 0x43, 0x3E, 0x05,
		0x1B, 0x76, 0x1F, 0x05, 0x03, 0x0F, 0x00, 0x31, 0x43, 0x6F, 0x6C, 0xFE,
		0x02, 0x1B, 0x76, 0xB9, 0x01, 0x05, 0x4D, 0x04, 0x21, 0x43, 0x50, 0x32,
		0x00, 0x07, 0x10, 0x00, 0xB4, 0x52, 0x65, 0x6C, 0x61, 0x74, 0x69, 0x76,
		0x65, 0x50, 0x6F, 0x73, 0xDB, 0x06, 0x07, 0x16, 0x00, 0x20, 0x44, 0x69,
		0x4F, 0x00, 0x01, 0x42, 0x02, 0x05, 0x45, 0x05, 0x1D, 0x58, 0x12, 0x00,
		0x1D, 0x59, 0x12, 0x00, 0x14, 0x5A, 0x12, 0x00, 0x10, 0x49, 0x10, 0x02,
		0x13, 0x70, 0x86, 0x03, 0x00, 0x0B, 0x00, 0x09, 0x97, 0x03, 0x05, 0x11,
		0x00, 0x10, 0x31, 0x77, 0x00, 0x02, 0x10, 0x00, 0x06, 0xA2, 0x03, 0x09,
		0x11, 0x00, 0x00, 0x22, 0x00, 0x52, 0x47, 0x72, 0x61, 0x64, 0x69, 0xC7,
		0x05, 0x41, 0x53, 0x74, 0x6F, 0x70, 0x1E, 0x02, 0x08, 0xCE, 0x05, 0x18,
		0x76, 0xCD, 0x05, 0x0F, 0x55, 0x01, 0x08, 0x01, 0x20, 0x00, 0x74, 0x4F,
		0x70, 0x65, 0x72, 0x61, 0x74, 0x6F, 0xD2, 0x06, 0x54, 0x44, 0x65, 0x63,
		0x61, 0x79, 0xDD, 0x06, 0x00, 0x77, 0x00, 0x54, 0x6F, 0x6C, 0x61, 0x74,
		0x65, 0x69, 0x07, 0x00, 0x2E, 0x02, 0x46, 0x74, 0x61, 0x72, 0x74, 0xD8,
		0x04, 0x36, 0x45, 0x6E, 0x64, 0x0D, 0x00, 0x00, 0xC3, 0x03, 0x06, 0x25,
		0x00, 0x42, 0x54, 0x69, 0x6D, 0x65, 0x4A, 0x00, 0xA2, 0x42, 0x61, 0x73,
		0x69, 0x63, 0x4D, 0x6F, 0x76, 0x65, 0x6D, 0xB6, 0x00, 0x02, 0x1C, 0x08,
		0x05, 0x46, 0x07, 0x02, 0x0F, 0x00, 0x44, 0x52, 0x6F, 0x70, 0x65, 0x2A,
		0x08, 0x41, 0x54, 0x65, 0x73, 0x73, 0x7B, 0x01, 0x12, 0x6F, 0x83, 0x04,
		0xF9, 0x02, 0x54, 0x65, 0x78, 0x74, 0x75, 0x72, 0x65, 0x56, 0x57, 0x6F,
		0x72, 0x6C, 0x64, 0x53, 0x69, 0x7A, 0x65, 0x16, 0x00, 0x62, 0x53, 0x63,
		0x72, 0x6F, 0x6C, 0x6C, 0x14, 0x06, 0x00, 0x29, 0x06, 0x01, 0xFF, 0x01,
		0x02, 0x96, 0x00, 0x0D, 0x35, 0x02, 0x60, 0x5F, 0x43, 0x4F, 0x4C, 0x4F,
		0x52, 0xAD, 0x03, 0x6A, 0x46, 0x6F, 0x6C, 0x6C, 0x6F, 0x77, 0x01, 0x04,
		0x5C, 0x44, 0x65, 0x6C, 0x74, 0x61, 0x63, 0x07, 0x10, 0x52, 0xD3, 0x03,
		0x04, 0xBD, 0x04, 0x52, 0x52, 0x4F, 0x55, 0x4E, 0x44, 0x52, 0x00, 0x72,
		0x4E, 0x45, 0x41, 0x52, 0x45, 0x53, 0x54, 0x74, 0x00, 0x03, 0x8C, 0x00,
		0x10, 0x73, 0xC7, 0x01, 0x00, 0x36, 0x00, 0x13, 0x68, 0x11, 0x00, 0xC3,
		0x00, 0x6D, 0x61, 0x74, 0x65, 0x72, 0x69, 0x61, 0x6C, 0x73, 0x2F, 0x70,
		0x15, 0x08, 0xF1, 0x04, 0x2F, 0x62, 0x65, 0x61, 0x6D, 0x5F, 0x63, 0x72,
		0x61, 0x63, 0x6B, 0x5F, 0x30, 0x36, 0x5F, 0x62, 0x77, 0x5F, 0x63, 0x2F,
		0x04, 0x56, 0x2E, 0x76, 0x74, 0x65, 0x78, 0x34, 0x04, 0x52, 0x42, 0x6C,
		0x65, 0x6E, 0x64, 0xEC, 0x05, 0x04, 0xE8, 0x03, 0x30, 0x4F, 0x55, 0x54,
		0xF3, 0x05, 0x52, 0x42, 0x4C, 0x45, 0x4E, 0x44, 0xF9, 0x05, 0x43, 0x48,
		0x41, 0x4C, 0x46, 0x10, 0x00, 0x31, 0x41, 0x44, 0x44, 0x90, 0x09, 0x20,
		0x61, 0x74, 0xFC, 0x08, 0x11, 0x65, 0x05, 0x01, 0x81, 0x50, 0x72, 0x65,
		0x41, 0x6C, 0x70, 0x68, 0x61, 0x4C, 0x00, 0x01, 0x34, 0x01, 0xB3, 0x41,
		0x64, 0x64, 0x53, 0x65, 0x6C, 0x66, 0x41, 0x6D, 0x6F, 0x75, 0x08, 0x08,
		0x00, 0x69, 0x09, 0x56, 0x62, 0x72, 0x69, 0x67, 0x68, 0x36, 0x06, 0xBA,
		0x6E, 0x46, 0x65, 0x61, 0x74, 0x68, 0x65, 0x72, 0x69, 0x6E, 0x67, 0x81,
		0x00, 0xF1, 0x0D, 0x44, 0x45, 0x50, 0x54, 0x48, 0x5F, 0x46, 0x45, 0x41,
		0x54, 0x48, 0x45, 0x52, 0x49, 0x4E, 0x47, 0x5F, 0x4F, 0x4E, 0x5F, 0x4F,
		0x50, 0x54, 0x49, 0x4F, 0x4E, 0x41, 0x4C, 0x4D, 0x00, 0x51, 0x44, 0x65,
		0x70, 0x74, 0x68, 0x07, 0x02, 0x2F, 0x93, 0x00, 0x01, 0x00, 0x07, 0xAF,
		0x2E, 0x00, 0x00, 0x00, 0x8B, 0x00, 0x00, 0x00, 0x57, 0x00, 0x01, 0x00,
		0x78, 0x3F, 0x20, 0x7C, 0x40, 0x31, 0x00, 0x1B, 0x29, 0xF0, 0x3F, 0x08,
		0x00, 0x39, 0xE0, 0x65, 0xC0, 0x08, 0x00, 0x0E, 0x28, 0x00, 0x0F, 0x08,
		0x00, 0x14, 0x0F, 0x70, 0x00, 0x0D, 0x0F, 0x01, 0x00, 0xF5, 0x0E, 0x40,
		0x01, 0x0F, 0x47, 0x00, 0x22, 0x39, 0xE0, 0x65, 0x40, 0x08, 0x00, 0x0F,
		0xB8, 0x01, 0xFF, 0x96, 0x0F, 0xD0, 0x00, 0x8E, 0x0F, 0x28, 0x02, 0xFF,
		0xDB, 0x50, 0x00, 0x00, 0x00, 0x00, 0x00, 0x57, 0x0B, 0x00, 0x00, 0x00,
		0x02, 0x04, 0x00, 0xD7, 0x29, 0x00, 0x00, 0x00, 0x04, 0x00, 0x00, 0x00,
		0x03, 0x00, 0x00, 0x00, 0x2E, 0x0C, 0x00, 0x13, 0x01, 0x08, 0x00, 0x04,
		0x20, 0x00, 0x04, 0x04, 0x00, 0x04, 0x38, 0x00, 0x00, 0x1C, 0x00, 0x17,
		0x14, 0x20, 0x00, 0x0F, 0x08, 0x00, 0x05, 0x1F, 0x01, 0x28, 0x00, 0x18,
		0x00, 0x04, 0x00, 0x13, 0x05, 0x08, 0x00, 0x5B, 0x0C, 0x00, 0x00, 0x00,
		0x24, 0x24, 0x00, 0x53, 0x17, 0x00, 0x00, 0x00, 0x2F, 0x0C, 0x00, 0x0E,
		0x08, 0x00, 0x0A, 0x48, 0x00, 0x04, 0x3C, 0x00, 0x14, 0x2E, 0x18, 0x00,
		0xD0, 0x01, 0x01, 0x03, 0x02, 0x02, 0x04, 0x03, 0x02, 0x02, 0x03, 0x03,
		0x02, 0x02, 0x06, 0x00, 0x01, 0x01, 0x00, 0x26, 0x02, 0x02, 0x03, 0x00,
		0x06, 0x01, 0x00, 0x0C, 0x16, 0x00, 0x19, 0x01, 0x22, 0x00, 0x0B, 0x1E,
		0x00, 0x03, 0x1D, 0x00, 0x12, 0x00, 0x01, 0x00, 0x17, 0x01, 0x20, 0x01,
		0x13, 0x0C, 0x7C, 0x00, 0x13, 0x0C, 0xD8, 0x00, 0x00, 0x0C, 0x00, 0xF3,
		0x06, 0x06, 0x00, 0x00, 0x00, 0x07, 0x00, 0x00, 0x00, 0x08, 0x00, 0x00,
		0x00, 0x09, 0x00, 0x00, 0x00, 0x0A, 0x00, 0x00, 0x00, 0x0B, 0x24, 0x00,
		0x93, 0x0D, 0x00, 0x00, 0x00, 0x0E, 0x00, 0x00, 0x00, 0x0F, 0x4C, 0x00,
		0xD3, 0x10, 0x00, 0x00, 0x00, 0x11, 0x00, 0x00, 0x00, 0x12, 0x00, 0x00,
		0x00, 0x13, 0x48, 0x01, 0x53, 0x15, 0x00, 0x00, 0x00, 0x16, 0x0C, 0x01,
		0x13, 0x18, 0x68, 0x00, 0x13, 0x19, 0x58, 0x00, 0xF3, 0x16, 0x1A, 0x00,
		0x00, 0x00, 0x1B, 0x00, 0x00, 0x00, 0x1C, 0x00, 0x00, 0x00, 0x1D, 0x00,
		0x00, 0x00, 0x1E, 0x00, 0x00, 0x00, 0x1F, 0x00, 0x00, 0x00, 0x20, 0x00,
		0x00, 0x00, 0x21, 0x00, 0x00, 0x00, 0x22, 0x00, 0x00, 0x00, 0x23, 0x1C,
		0x01, 0xD3, 0x25, 0x00, 0x00, 0x00, 0x26, 0x00, 0x00, 0x00, 0x27, 0x00,
		0x00, 0x00, 0x28, 0x64, 0x01, 0xD3, 0x2A, 0x00, 0x00, 0x00, 0x2B, 0x00,
		0x00, 0x00, 0x2C, 0x00, 0x00, 0x00, 0x2D, 0x3C, 0x01, 0x00, 0x58, 0x01,
		0xF3, 0x3E, 0x30, 0x00, 0x00, 0x00, 0x31, 0x00, 0x00, 0x00, 0x32, 0x00,
		0x00, 0x00, 0x33, 0x00, 0x00, 0x00, 0x34, 0x00, 0x00, 0x00, 0x35, 0x00,
		0x00, 0x00, 0x36, 0x00, 0x00, 0x00, 0x37, 0x00, 0x00, 0x00, 0x38, 0x00,
		0x00, 0x00, 0x39, 0x00, 0x00, 0x00, 0x3A, 0x00, 0x00, 0x00, 0x3B, 0x00,
		0x00, 0x00, 0x3C, 0x00, 0x00, 0x00, 0x3D, 0x00, 0x00, 0x00, 0x3E, 0x00,
		0x00, 0x00, 0x3F, 0x00, 0x00, 0x00, 0x40, 0x00, 0x00, 0x00, 0x41, 0x00,
		0x00, 0x00, 0x42, 0x00, 0x00, 0x00, 0x43, 0xDC, 0x00, 0x13, 0x44, 0x08,
		0x00, 0x93, 0x45, 0x00, 0x00, 0x00, 0x46, 0x00, 0x00, 0x00, 0x47, 0x10,
		0x00, 0x5F, 0x48, 0x00, 0x00, 0x00, 0x49, 0xF4, 0x00, 0x04, 0x8F, 0x4A,
		0x00, 0x00, 0x00, 0xFF, 0xFF, 0xFF, 0xFF, 0xFC, 0x00, 0x11, 0x13, 0x4B,
		0x2C, 0x00, 0x0F, 0x04, 0x01, 0x05, 0x1F, 0x4C, 0x08, 0x01, 0x30, 0x5F,
		0x4D, 0x00, 0x00, 0x00, 0x4E, 0x10, 0x01, 0x44, 0x13, 0x4F, 0x10, 0x00,
		0xEE, 0x50, 0x00, 0x00, 0x00, 0x51, 0x00, 0x00, 0x00, 0x52, 0x00, 0x00,
		0x00, 0x53, 0x00, 0x24, 0x01, 0x13, 0x54, 0x24, 0x01, 0x1F, 0x55, 0x18,
		0x02, 0xB0, 0xDE, 0x56, 0x00, 0x00, 0x00, 0x57, 0x00, 0x00, 0x00, 0x58,
		0x00, 0x00, 0x00, 0x59, 0x10, 0x00, 0x01, 0x24, 0x01, 0x93, 0x5A, 0x00,
		0x00, 0x00, 0x5B, 0x00, 0x00, 0x00, 0x5C, 0x08, 0x00, 0x00, 0x10, 0x00,
		0x13, 0x5D, 0x10, 0x00, 0x1B, 0x5E, 0x40, 0x01, 0x13, 0x07, 0x30, 0x01,
		0x53, 0x5F, 0x00, 0x00, 0x00, 0x60, 0x30, 0x01, 0x97, 0x61, 0x00, 0x00,
		0x00, 0x62, 0x00, 0x00, 0x00, 0x63, 0x20, 0x01, 0x13, 0x64, 0x38, 0x01,
		0xDF, 0x65, 0x00, 0x00, 0x00, 0x66, 0x00, 0x00, 0x00, 0x67, 0x00, 0x00,
		0x00, 0x68, 0x78, 0x03, 0xD4, 0x1F, 0x69, 0xE8, 0x00, 0xD4, 0x1F, 0x6A,
		0xE8, 0x00, 0xD4, 0x1F, 0x6B, 0xE8, 0x00, 0xD4, 0xF3, 0x06, 0x6C, 0x00,
		0x00, 0x00, 0x6D, 0x00, 0x00, 0x00, 0x6E, 0x00, 0x00, 0x00, 0x6F, 0x00,
		0x00, 0x00, 0x70, 0x00, 0x00, 0x00, 0x71, 0x24, 0x00, 0x9F, 0x72, 0x00,
		0x00, 0x00, 0x73, 0x00, 0x00, 0x00, 0x74, 0xF4, 0x03, 0xFF, 0xFF, 0xFF,
		0xE3, 0x13, 0x75, 0x10, 0x00, 0x13, 0x76, 0x08, 0x00, 0xF3, 0x02, 0x77,
		0x00, 0x00, 0x00, 0x78, 0x00, 0x00, 0x00, 0x79, 0x00, 0x00, 0x00, 0x7A,
		0x00, 0x00, 0x00, 0x7B, 0x18, 0x00, 0x53, 0x7C, 0x00, 0x00, 0x00, 0x7D,
		0x0C, 0x00, 0x53, 0x7E, 0x00, 0x00, 0x00, 0x7F, 0x28, 0x01, 0x1F, 0x80,
		0x4C, 0x01, 0x24, 0x0F, 0x48, 0x01, 0x61, 0x0F, 0x38, 0x01, 0x15, 0x1F,
		0x81, 0x20, 0x02, 0xD4, 0x13, 0x82, 0xE8, 0x00, 0x17, 0x83, 0xF0, 0x05,
		0x04, 0x34, 0x0C, 0x2E, 0x84, 0x00, 0xFC, 0x05, 0x1E, 0x85, 0x00, 0x06,
		0x0F, 0x78, 0x0C, 0xC6, 0x5F, 0x86, 0x00, 0x00, 0x00, 0x87, 0x24, 0x06,
		0x30, 0x0F, 0x0C, 0x01, 0xE1, 0x1F, 0x6A, 0x0C, 0x01, 0xF8, 0x1F, 0x6B,
		0x0C, 0x01, 0xF8, 0x0F, 0x90, 0x06, 0x11, 0xFF, 0x0A, 0x88, 0x00, 0x00,
		0x00, 0x89, 0x00, 0x00, 0x00, 0x8A, 0x00, 0x00, 0x00, 0x8B, 0x00, 0x00,
		0x00, 0x8C, 0x00, 0x00, 0x00, 0x8D, 0x00, 0x00, 0x00, 0x8E, 0x68, 0x06,
		0xC0, 0x1F, 0x8F, 0xB8, 0x11, 0xF0, 0xA8, 0x90, 0x00, 0x00, 0x00, 0x91,
		0x00, 0x00, 0x00, 0x92, 0x00, 0x01, 0x00, 0x24, 0x28, 0x40, 0x08, 0x00,
		0x20, 0x9A, 0x99, 0x01, 0x00, 0x22, 0xB9, 0x3F, 0x10, 0x00, 0x13, 0xF4,
		0x08, 0x00, 0x22, 0xE0, 0x3F, 0x18, 0x00, 0x2A, 0xD9, 0x3F, 0x20, 0x00,
		0x2F, 0xE0, 0x3F, 0x38, 0x00, 0x0D, 0xF4, 0x01, 0x8F, 0xA7, 0xE5, 0x07,
		0xAE, 0xF2, 0xE5, 0x3F, 0xBF, 0x45, 0x27, 0x4B, 0xAD, 0x77, 0x09, 0xC0,
		0x08, 0x00, 0x0C, 0x48, 0x00, 0x0F, 0x10, 0x00, 0x5D, 0x02, 0x08, 0x00,
		0x2A, 0x08, 0x40, 0xD8, 0x00, 0x12, 0xD9, 0x18, 0x00, 0x2E, 0xC0, 0x72,
		0xD0, 0x00, 0x09, 0x38, 0x00, 0x2E, 0x69, 0xC0, 0x28, 0x01, 0x0F, 0xA8,
		0x00, 0x49, 0x1F, 0x59, 0x90, 0x00, 0x06, 0xD0, 0x09, 0x06, 0x0E, 0x0B,
		0x0B, 0x0B, 0x05, 0x18, 0x09, 0x06, 0x18, 0x09, 0x06, 0x04, 0x00, 0xD0,
		0x09, 0x06, 0x06, 0x05, 0x0F, 0x0B, 0x0B, 0x0F, 0x11, 0x12, 0x0E, 0x06,
		0x11, 0x01, 0x00, 0xF3, 0x01, 0x12, 0x05, 0x19, 0x05, 0x11, 0x10, 0x06,
		0x06, 0x06, 0x05, 0x05, 0x12, 0x0D, 0x06, 0x12, 0x11, 0x02, 0x00, 0x93,
		0x06, 0x11, 0x09, 0x08, 0x08, 0x19, 0x05, 0x19, 0x05, 0x34, 0x00, 0x13,
		0x06, 0x35, 0x00, 0x11, 0x0B, 0x36, 0x00, 0x16, 0x0F, 0x37, 0x00, 0x7E,
		0x12, 0x05, 0x12, 0x0D, 0x11, 0x0E, 0x06, 0x39, 0x00, 0x60, 0x10, 0x06,
		0x05, 0x09, 0x19, 0x05, 0x3D, 0x00, 0x1F, 0x11, 0x71, 0x00, 0x14, 0xA0,
		0x18, 0x09, 0x05, 0x12, 0x05, 0x05, 0x12, 0x11, 0x11, 0x11, 0xAD, 0x00,
		0x20, 0x06, 0x06, 0x46, 0x00, 0x30, 0x0B, 0x06, 0x09, 0x08, 0x00, 0x70,
		0x0B, 0x0B, 0x19, 0x05, 0x0F, 0x19, 0x05, 0x02, 0x00, 0x0F, 0x51, 0x00,
		0x07, 0x1E, 0x12, 0xC2, 0x00, 0x0F, 0x31, 0x00, 0x84, 0x21, 0x11, 0x12,
		0x37, 0x00, 0x03, 0x3D, 0x00, 0x0F, 0xE0, 0x00, 0xCB, 0x10, 0x18, 0x3F,
		0x02, 0x30, 0x11, 0x05, 0x05, 0x7E, 0x02, 0x16, 0x0B, 0x7F, 0x02, 0x0F,
		0x0D, 0x02, 0x06, 0x08, 0x76, 0x00, 0x0F, 0xAB, 0x02, 0x1B, 0x02, 0x4A,
		0x01, 0x20, 0x06, 0x0E, 0x4C, 0x01, 0x07, 0x4D, 0x01, 0x0F, 0xBB, 0x02,
		0x17, 0x09, 0xF1, 0x00, 0x0F, 0x37, 0x00, 0x8E, 0x0A, 0x65, 0x01, 0x8F,
		0x86, 0x01, 0x06, 0x0E, 0x09, 0x06, 0x06, 0x12, 0x5E, 0x01, 0x02, 0x1E,
		0x12, 0x5E, 0x01, 0x0F, 0xD5, 0x03, 0x0A, 0x1F, 0x05, 0xD5, 0x03, 0x05,
		0x60, 0x06, 0x12, 0x00, 0xDD, 0xEE, 0xFF
	};

	inline unsigned char lightning_kill_purple[ 3811 ]
	{
		0xE3, 0x0E, 0x00, 0x00, 0x0C, 0x00, 0x01, 0x00, 0x08, 0x00, 0x00, 0x00,
		0x03, 0x00, 0x00, 0x00, 0x52, 0x45, 0x52, 0x4C, 0x20, 0x00, 0x00, 0x00,
		0x4C, 0x00, 0x00, 0x00, 0x52, 0x45, 0x44, 0x32, 0x60, 0x00, 0x00, 0x00,
		0xCA, 0x02, 0x00, 0x00, 0x44, 0x41, 0x54, 0x41, 0x24, 0x03, 0x00, 0x00,
		0x93, 0x0B, 0x00, 0x00, 0x0C, 0x00, 0x00, 0x00, 0x01, 0x00, 0x00, 0x00,
		0x00, 0x00, 0x00, 0x00, 0x99, 0x4E, 0x84, 0xE3, 0xCA, 0x25, 0x67, 0x6B,
		0x08, 0x00, 0x00, 0x00, 0x00, 0x00, 0x00, 0x00, 0x6D, 0x61, 0x74, 0x65,
		0x72, 0x69, 0x61, 0x6C, 0x73, 0x2F, 0x70, 0x61, 0x72, 0x74, 0x69, 0x63,
		0x6C, 0x65, 0x2F, 0x62, 0x65, 0x61, 0x6D, 0x5F, 0x63, 0x72, 0x61, 0x63,
		0x6B, 0x5F, 0x30, 0x36, 0x5F, 0x62, 0x77, 0x5F, 0x63, 0x65, 0x6E, 0x74,
		0x65, 0x72, 0x2E, 0x76, 0x74, 0x65, 0x78, 0x00, 0x05, 0x33, 0x56, 0x4B,
		0x7C, 0x16, 0x12, 0x74, 0xE9, 0x06, 0x98, 0x46, 0xAF, 0xF2, 0xE6, 0x3E,
		0xB5, 0x90, 0x37, 0xE7, 0x01, 0x00, 0x00, 0x00, 0x00, 0x00, 0x00, 0x40,
		0x3F, 0x02, 0x00, 0x00, 0x01, 0x00, 0x00, 0x00, 0x00, 0x00, 0x00, 0x00,
		0x21, 0x00, 0x00, 0x00, 0x06, 0x00, 0x07, 0x00, 0x35, 0x03, 0x00, 0x00,
		0x52, 0x02, 0x00, 0x00, 0x00, 0x00, 0x00, 0x00, 0x00, 0x00, 0x00, 0x00,
		0x00, 0x00, 0x00, 0x00, 0x00, 0x00, 0x00, 0x00, 0x44, 0x02, 0x00, 0x00,
		0xA3, 0x01, 0x00, 0x00, 0xF1, 0x00, 0x00, 0x00, 0xAF, 0x00, 0x00, 0x00,
		0x03, 0x00, 0x00, 0x00, 0x00, 0x00, 0x00, 0x00, 0x2C, 0x00, 0x00, 0x00,
		0x00, 0x00, 0x00, 0x00, 0x1E, 0x00, 0x00, 0x00, 0x06, 0x00, 0x00, 0x00,
		0x07, 0x00, 0x00, 0x00, 0x08, 0x00, 0x00, 0x00, 0xF0, 0x50, 0x6D, 0x5F,
		0x49, 0x6E, 0x70, 0x75, 0x74, 0x44, 0x65, 0x70, 0x65, 0x6E, 0x64, 0x65,
		0x6E, 0x63, 0x69, 0x65, 0x73, 0x00, 0x6D, 0x5F, 0x52, 0x65, 0x6C, 0x61,
		0x74, 0x69, 0x76, 0x65, 0x46, 0x69, 0x6C, 0x65, 0x6E, 0x61, 0x6D, 0x65,
		0x00, 0x6C, 0x69, 0x67, 0x68, 0x74, 0x6E, 0x69, 0x6E, 0x67, 0x5F, 0x6B,
		0x69, 0x6C, 0x6C, 0x2E, 0x76, 0x70, 0x63, 0x66, 0x00, 0x6D, 0x5F, 0x53,
		0x65, 0x61, 0x72, 0x63, 0x68, 0x50, 0x61, 0x74, 0x68, 0x00, 0x63, 0x73,
		0x67, 0x6F, 0x5F, 0x61, 0x64, 0x64, 0x6F, 0x6E, 0x73, 0x2F, 0x73, 0x6F,
		0x73, 0x69, 0x73, 0x6B, 0x61, 0x00, 0x6D, 0x5F, 0x6E, 0x41, 0x00, 0xF0,
		0x00, 0x43, 0x52, 0x43, 0x00, 0x6D, 0x5F, 0x62, 0x4F, 0x70, 0x74, 0x69,
		0x6F, 0x6E, 0x61, 0x6C, 0x0C, 0x00, 0x00, 0x17, 0x00, 0x60, 0x45, 0x78,
		0x69, 0x73, 0x74, 0x73, 0x0E, 0x00, 0x51, 0x49, 0x73, 0x47, 0x61, 0x6D,
		0x6C, 0x00, 0x72, 0x00, 0x6D, 0x5F, 0x41, 0x64, 0x64, 0x69, 0x29, 0x00,
		0x0F, 0x99, 0x00, 0x01, 0x7C, 0x41, 0x72, 0x67, 0x75, 0x6D, 0x65, 0x6E,
		0x17, 0x00, 0xA0, 0x50, 0x61, 0x72, 0x61, 0x6D, 0x65, 0x74, 0x65, 0x72,
		0x4E, 0xAD, 0x00, 0xB2, 0x5F, 0x5F, 0x5F, 0x4F, 0x76, 0x65, 0x72, 0x72,
		0x69, 0x64, 0x65, 0x44, 0x00, 0x68, 0x61, 0x74, 0x61, 0x5F, 0x5F, 0x5F,
		0x28, 0x00, 0xF2, 0x03, 0x54, 0x79, 0x70, 0x65, 0x00, 0x42, 0x69, 0x6E,
		0x61, 0x72, 0x79, 0x42, 0x6C, 0x6F, 0x62, 0x41, 0x72, 0x67, 0xAE, 0x00,
		0x9B, 0x6E, 0x67, 0x65, 0x72, 0x70, 0x72, 0x69, 0x6E, 0x74, 0x0F, 0x00,
		0x70, 0x44, 0x65, 0x66, 0x61, 0x75, 0x6C, 0x74, 0xF4, 0x00, 0x6B, 0x70,
		0x65, 0x63, 0x69, 0x61, 0x6C, 0x81, 0x00, 0xF4, 0x0F, 0x53, 0x74, 0x72,
		0x69, 0x6E, 0x67, 0x00, 0x4B, 0x56, 0x33, 0x20, 0x43, 0x6F, 0x6D, 0x70,
		0x69, 0x6C, 0x65, 0x72, 0x20, 0x56, 0x65, 0x72, 0x73, 0x69, 0x6F, 0x6E,
		0x00, 0x6D, 0x5F, 0x13, 0x00, 0xB3, 0x49, 0x64, 0x65, 0x6E, 0x74, 0x69,
		0x66, 0x69, 0x65, 0x72, 0x00, 0x13, 0x00, 0x61, 0x50, 0x61, 0x72, 0x74,
		0x69, 0x63, 0xF9, 0x00, 0x50, 0x6E, 0x55, 0x73, 0x65, 0x72, 0xAB, 0x00,
		0x14, 0x00, 0x15, 0x00, 0x0E, 0x4B, 0x00, 0x08, 0x1F, 0x01, 0x01, 0xA4,
		0x01, 0x20, 0x65, 0x64, 0x37, 0x01, 0x10, 0x73, 0x64, 0x00, 0xF0, 0x00,
		0x68, 0x69, 0x6C, 0x64, 0x52, 0x65, 0x73, 0x6F, 0x75, 0x72, 0x63, 0x65,
		0x4C, 0x69, 0x73, 0xAC, 0x00, 0xB5, 0x57, 0x65, 0x61, 0x6B, 0x52, 0x65,
		0x66, 0x65, 0x72, 0x65, 0x6E, 0x14, 0x00, 0x02, 0xB4, 0x01, 0x45, 0x61,
		0x62, 0x6C, 0x65, 0x70, 0x00, 0x29, 0x49, 0x73, 0x3D, 0x00, 0x00, 0x25,
		0x00, 0x75, 0x75, 0x62, 0x61, 0x73, 0x73, 0x65, 0x74, 0x3D, 0x00, 0x16,
		0x73, 0x15, 0x00, 0x00, 0x0C, 0x01, 0x21, 0x69, 0x6E, 0x85, 0x00, 0x70,
		0x73, 0x00, 0x00, 0x1F, 0x00, 0x00, 0x00, 0x97, 0x0A, 0x00, 0x00, 0x00,
		0x06, 0x00, 0x00, 0x00, 0x04, 0x04, 0x00, 0x10, 0x01, 0x04, 0x00, 0x43,
		0x01, 0x02, 0x00, 0x00, 0x0C, 0x00, 0x00, 0x0A, 0x00, 0x13, 0x03, 0x1C,
		0x00, 0x80, 0x05, 0x00, 0x00, 0x00, 0xF2, 0xAC, 0x8B, 0x2C, 0x34, 0x00,
		0xA2, 0x07, 0x00, 0x00, 0x00, 0x08, 0x00, 0x00, 0x00, 0x09, 0x00, 0x01,
		0x00, 0x00, 0x4C, 0x00, 0xF3, 0x1A, 0x0B, 0x00, 0x00, 0x00, 0x0C, 0x00,
		0x00, 0x00, 0x0D, 0x00, 0x00, 0x00, 0x0E, 0x00, 0x00, 0x00, 0x0F, 0x00,
		0x00, 0x00, 0x10, 0x00, 0x00, 0x00, 0x11, 0x00, 0x00, 0x00, 0x12, 0x00,
		0x00, 0x00, 0x13, 0x00, 0x00, 0x00, 0x14, 0x00, 0x00, 0x00, 0x15, 0x1C,
		0x00, 0x00, 0x5C, 0x00, 0x13, 0x16, 0x1C, 0x00, 0x1F, 0x17, 0x1C, 0x00,
		0x04, 0x13, 0x18, 0x60, 0x00, 0x13, 0x19, 0x08, 0x00, 0x13, 0x1A, 0x08,
		0x00, 0xD0, 0x1B, 0x00, 0x00, 0x00, 0x1C, 0x00, 0x00, 0x00, 0x1D, 0x00,
		0x00, 0x00, 0x1E, 0x88, 0x00, 0x90, 0x18, 0x09, 0x06, 0x06, 0x0C, 0x0E,
		0x0D, 0x0E, 0x08, 0x09, 0x00, 0x21, 0x0F, 0x0F, 0x0F, 0x00, 0x10, 0x0F,
		0x04, 0x00, 0xB0, 0x08, 0x08, 0x08, 0x09, 0x0F, 0x01, 0x01, 0x00, 0xDD,
		0xEE, 0xFF, 0x00, 0x00, 0x00, 0x00, 0x00, 0x00, 0x05, 0x33, 0x56, 0x4B,
		0x1D, 0xCE, 0xD3, 0x39, 0x42, 0x94, 0x07, 0x44, 0x9B, 0x78, 0x83, 0x17,
		0x14, 0x5B, 0x17, 0x32, 0x01, 0x00, 0x00, 0x00, 0x00, 0x00, 0x00, 0x40,
		0x3C, 0x0A, 0x00, 0x00, 0x0A, 0x00, 0x00, 0x00, 0xD9, 0x00, 0x00, 0x00,
		0x52, 0x04, 0x00, 0x00, 0x3E, 0x00, 0x88, 0x00, 0xB6, 0x2C, 0x00, 0x00,
		0x1B, 0x0B, 0x00, 0x00, 0x00, 0x00, 0x00, 0x00, 0x00, 0x00, 0x00, 0x00,
		0x00, 0x00, 0x00, 0x00, 0x00, 0x00, 0x00, 0x00, 0x30, 0x11, 0x00, 0x00,
		0xCB, 0x06, 0x00, 0x00, 0x86, 0x1B, 0x00, 0x00, 0x50, 0x04, 0x00, 0x00,
		0x61, 0x00, 0x00, 0x00, 0x00, 0x00, 0x00, 0x00, 0x04, 0x05, 0x00, 0x00,
		0x38, 0x00, 0x00, 0x00, 0xF0, 0x03, 0x00, 0x00, 0x3E, 0x00, 0x00, 0x00,
		0x30, 0x00, 0x00, 0x00, 0x37, 0x00, 0x00, 0x00, 0xF4, 0x40, 0x5F, 0x63,
		0x6C, 0x61, 0x73, 0x73, 0x00, 0x43, 0x50, 0x61, 0x72, 0x74, 0x69, 0x63,
		0x6C, 0x65, 0x53, 0x79, 0x73, 0x74, 0x65, 0x6D, 0x44, 0x65, 0x66, 0x69,
		0x6E, 0x69, 0x74, 0x69, 0x6F, 0x6E, 0x00, 0x6D, 0x5F, 0x62, 0x53, 0x68,
		0x6F, 0x75, 0x6C, 0x64, 0x48, 0x69, 0x74, 0x62, 0x6F, 0x78, 0x65, 0x73,
		0x46, 0x61, 0x6C, 0x6C, 0x62, 0x61, 0x63, 0x6B, 0x54, 0x6F, 0x52, 0x65,
		0x6E, 0x64, 0x65, 0x72, 0x42, 0x6F, 0x75, 0x6E, 0x64, 0x73, 0x00, 0x6D,
		0x5F, 0x6E, 0x4D, 0x61, 0x78, 0x47, 0x00, 0x01, 0x10, 0x00, 0xC2, 0x42,
		0x65, 0x68, 0x61, 0x76, 0x69, 0x6F, 0x72, 0x56, 0x65, 0x72, 0x73, 0x4B,
		0x00, 0xF0, 0x28, 0x6E, 0x46, 0x69, 0x72, 0x73, 0x74, 0x4D, 0x75, 0x6C,
		0x74, 0x69, 0x70, 0x6C, 0x65, 0x4F, 0x76, 0x65, 0x72, 0x72, 0x69, 0x64,
		0x65, 0x5F, 0x42, 0x61, 0x63, 0x6B, 0x77, 0x61, 0x72, 0x64, 0x43, 0x6F,
		0x6D, 0x70, 0x61, 0x74, 0x00, 0x6D, 0x5F, 0x66, 0x6C, 0x43, 0x6F, 0x6E,
		0x73, 0x74, 0x61, 0x6E, 0x74, 0x52, 0x61, 0x64, 0x69, 0x75, 0x4E, 0x00,
		0xF0, 0x06, 0x63, 0x6F, 0x6E, 0x74, 0x72, 0x6F, 0x6C, 0x50, 0x6F, 0x69,
		0x6E, 0x74, 0x43, 0x6F, 0x6E, 0x66, 0x69, 0x67, 0x75, 0x72, 0x61, 0xA2,
		0x00, 0x01, 0x6B, 0x00, 0xF0, 0x05, 0x61, 0x6D, 0x65, 0x00, 0x70, 0x72,
		0x65, 0x76, 0x69, 0x65, 0x77, 0x00, 0x6D, 0x5F, 0x64, 0x72, 0x69, 0x76,
		0x65, 0x72, 0x19, 0x00, 0xF0, 0x1A, 0x69, 0x41, 0x74, 0x74, 0x61, 0x63,
		0x68, 0x54, 0x79, 0x70, 0x65, 0x00, 0x50, 0x41, 0x54, 0x54, 0x41, 0x43,
		0x48, 0x5F, 0x57, 0x4F, 0x52, 0x4C, 0x44, 0x4F, 0x52, 0x49, 0x47, 0x49,
		0x4E, 0x00, 0x6D, 0x5F, 0x65, 0x6E, 0x74, 0x69, 0x74, 0x79, 0x4E, 0x41,
		0x00, 0xC0, 0x73, 0x65, 0x6C, 0x66, 0x00, 0x6D, 0x5F, 0x45, 0x6D, 0x69,
		0x74, 0x74, 0x3F, 0x00, 0x62, 0x43, 0x5F, 0x4F, 0x50, 0x5F, 0x49, 0x88,
		0x00, 0x63, 0x61, 0x6E, 0x65, 0x6F, 0x75, 0x73, 0x1B, 0x00, 0x00, 0x72,
		0x00, 0x05, 0xEA, 0x00, 0x20, 0x54, 0x6F, 0x16, 0x00, 0x00, 0x13, 0x00,
		0x02, 0x66, 0x00, 0xE2, 0x46, 0x5F, 0x54, 0x59, 0x50, 0x45, 0x5F, 0x4C,
		0x49, 0x54, 0x45, 0x52, 0x41, 0x4C, 0x18, 0x01, 0x14, 0x70, 0x1B, 0x00,
		0x32, 0x4D, 0x41, 0x50, 0x1F, 0x00, 0x61, 0x44, 0x49, 0x52, 0x45, 0x43,
		0x54, 0xEB, 0x00, 0xC0, 0x4C, 0x69, 0x74, 0x65, 0x72, 0x61, 0x6C, 0x56,
		0x61, 0x6C, 0x75, 0x65, 0x2F, 0x00, 0x17, 0x43, 0xEA, 0x00, 0x00, 0x10,
		0x00, 0xE1, 0x53, 0x63, 0x61, 0x6C, 0x61, 0x72, 0x41, 0x74, 0x74, 0x72,
		0x69, 0x62, 0x75, 0x74, 0x23, 0x00, 0x5F, 0x56, 0x65, 0x63, 0x74, 0x6F,
		0x13, 0x00, 0x01, 0x00, 0x42, 0x01, 0x42, 0x6F, 0x6E, 0x65, 0x6E, 0x45,
		0x01, 0x98, 0x52, 0x61, 0x6E, 0x64, 0x6F, 0x6D, 0x4D, 0x69, 0x6E, 0x0E,
		0x00, 0x20, 0x61, 0x78, 0xD4, 0x01, 0x32, 0x48, 0x61, 0x73, 0x10, 0x00,
		0x80, 0x53, 0x69, 0x67, 0x6E, 0x46, 0x6C, 0x69, 0x70, 0x44, 0x00, 0x03,
		0x22, 0x00, 0x21, 0x6F, 0x64, 0xAC, 0x00, 0xF3, 0x04, 0x52, 0x41, 0x4E,
		0x44, 0x4F, 0x4D, 0x5F, 0x4D, 0x4F, 0x44, 0x45, 0x5F, 0x43, 0x4F, 0x4E,
		0x53, 0x54, 0x41, 0x4E, 0xB1, 0x00, 0x34, 0x4F, 0x44, 0x30, 0x09, 0x00,
		0x14, 0x31, 0x09, 0x00, 0x14, 0x32, 0x09, 0x00, 0x11, 0x33, 0x09, 0x00,
		0xB4, 0x4E, 0x6F, 0x69, 0x73, 0x65, 0x4F, 0x75, 0x74, 0x70, 0x75, 0x74,
		0x80, 0x00, 0x08, 0x13, 0x00, 0x26, 0x61, 0x78, 0x13, 0x00, 0x00, 0xE0,
		0x00, 0x00, 0xC3, 0x00, 0x32, 0x76, 0x65, 0x63, 0x23, 0x00, 0x97, 0x66,
		0x66, 0x73, 0x65, 0x74, 0x52, 0x61, 0x74, 0x65, 0x37, 0x00, 0x01, 0x14,
		0x00, 0x00, 0xA4, 0x00, 0x02, 0x0F, 0x00, 0x65, 0x63, 0x74, 0x61, 0x76,
		0x65, 0x73, 0x10, 0x00, 0x91, 0x54, 0x75, 0x72, 0x62, 0x75, 0x6C, 0x65,
		0x6E, 0x63, 0xB9, 0x00, 0xF6, 0x00, 0x4E, 0x4F, 0x49, 0x53, 0x45, 0x5F,
		0x54, 0x55, 0x52, 0x42, 0x5F, 0x4E, 0x4F, 0x4E, 0x45, 0x26, 0x00, 0x28,
		0x79, 0x70, 0x20, 0x00, 0x00, 0x87, 0x01, 0x65, 0x50, 0x45, 0x52, 0x4C,
		0x49, 0x4E, 0x22, 0x00, 0x85, 0x4D, 0x6F, 0x64, 0x69, 0x66, 0x69, 0x65,
		0x72, 0x26, 0x00, 0x00, 0xFE, 0x00, 0x54, 0x49, 0x46, 0x49, 0x45, 0x52,
		0x4A, 0x00, 0x2B, 0x66, 0x6C, 0x71, 0x00, 0x04, 0xBE, 0x00, 0x0D, 0x19,
		0x00, 0x27, 0x4D, 0x69, 0xE4, 0x00, 0x42, 0x49, 0x6D, 0x67, 0x50, 0x9F,
		0x02, 0x04, 0x30, 0x00, 0x1B, 0x62, 0x18, 0x00, 0x31, 0x4C, 0x69, 0x76,
		0xC8, 0x01, 0x20, 0x49, 0x6E, 0x20, 0x01, 0x03, 0x83, 0x01, 0x53, 0x49,
		0x4E, 0x50, 0x55, 0x54, 0x82, 0x01, 0x61, 0x4C, 0x41, 0x4D, 0x50, 0x45,
		0x44, 0x53, 0x00, 0x00, 0x41, 0x03, 0x20, 0x46, 0x61, 0xF0, 0x01, 0x01,
		0x0F, 0x00, 0x01, 0x33, 0x00, 0x16, 0x30, 0x0B, 0x00, 0x02, 0x94, 0x01,
		0x02, 0x6A, 0x01, 0x17, 0x30, 0x0C, 0x00, 0x13, 0x31, 0x90, 0x00, 0xA6,
		0x74, 0x63, 0x68, 0x65, 0x64, 0x52, 0x61, 0x6E, 0x67, 0x65, 0x9B, 0x01,
		0x07, 0x14, 0x00, 0x28, 0x61, 0x78, 0x14, 0x00, 0x02, 0x3B, 0x00, 0x7E,
		0x4F, 0x75, 0x74, 0x73, 0x69, 0x64, 0x65, 0x19, 0x00, 0x23, 0x49, 0x6E,
		0x18, 0x00, 0x54, 0x6E, 0x42, 0x69, 0x61, 0x73, 0x62, 0x01, 0x42, 0x42,
		0x49, 0x41, 0x53, 0x61, 0x01, 0x00, 0x36, 0x02, 0x32, 0x44, 0x41, 0x52,
		0xB8, 0x00, 0x00, 0x23, 0x00, 0x62, 0x50, 0x61, 0x72, 0x61, 0x6D, 0x65,
		0x45, 0x03, 0x31, 0x43, 0x75, 0x72, 0xF5, 0x00, 0x50, 0x73, 0x70, 0x6C,
		0x69, 0x6E, 0x09, 0x00, 0x10, 0x74, 0x81, 0x00, 0x30, 0x6E, 0x74, 0x73,
		0x0E, 0x02, 0x98, 0x44, 0x6F, 0x6D, 0x61, 0x69, 0x6E, 0x4D, 0x69, 0x6E,
		0x0E, 0x00, 0x20, 0x61, 0x78, 0x0E, 0x00, 0x10, 0x49, 0x9C, 0x04, 0x42,
		0x61, 0x6C, 0x69, 0x7A, 0xA6, 0x03, 0x41, 0x49, 0x4E, 0x49, 0x54, 0x14,
		0x00, 0x31, 0x46, 0x6C, 0x6F, 0x3F, 0x04, 0x01, 0x06, 0x01, 0x04, 0x50,
		0x03, 0x00, 0xDB, 0x03, 0x15, 0x64, 0x5D, 0x03, 0x03, 0xF5, 0x02, 0x35,
		0x65, 0x65, 0x64, 0xF5, 0x01, 0x02, 0x2E, 0x00, 0x0D, 0x52, 0x03, 0x00,
		0xE9, 0x00, 0x64, 0x43, 0x61, 0x6D, 0x65, 0x72, 0x61, 0xF2, 0x04, 0x00,
		0xB6, 0x01, 0x32, 0x55, 0x73, 0x65, 0xF1, 0x04, 0x33, 0x43, 0x65, 0x6E,
		0x0A, 0x04, 0x02, 0x09, 0x01, 0x54, 0x46, 0x69, 0x65, 0x6C, 0x64, 0x8D,
		0x00, 0xC0, 0x43, 0x72, 0x65, 0x61, 0x74, 0x65, 0x53, 0x65, 0x71, 0x75,
		0x65, 0x6E, 0xAA, 0x00, 0x62, 0x50, 0x61, 0x74, 0x68, 0x56, 0x32, 0x55,
		0x00, 0x90, 0x75, 0x6D, 0x54, 0x6F, 0x41, 0x73, 0x73, 0x69, 0x67, 0x7B,
		0x01, 0x00, 0x19, 0x00, 0x01, 0x12, 0x01, 0x01, 0xE5, 0x00, 0x33, 0x45,
		0x6E, 0x64, 0xE9, 0x02, 0x04, 0x46, 0x04, 0xD1, 0x50, 0x41, 0x52, 0x54,
		0x49, 0x43, 0x4C, 0x45, 0x5F, 0x4E, 0x55, 0x4D, 0x42, 0x86, 0x02, 0x89,
		0x52, 0x4D, 0x41, 0x4C, 0x49, 0x5A, 0x45, 0x44, 0x4E, 0x04, 0x91, 0x43,
		0x55, 0x52, 0x56, 0x45, 0x00, 0x78, 0x00, 0x79, 0x63, 0x00, 0xD5, 0x53,
		0x6C, 0x6F, 0x70, 0x65, 0x49, 0x6E, 0x63, 0x6F, 0x6D, 0x69, 0x6E, 0x67,
		0x12, 0x00, 0x00, 0x7B, 0x03, 0x22, 0x67, 0x6F, 0x12, 0x00, 0x14, 0x6E,
		0x1E, 0x00, 0x12, 0x54, 0x71, 0x01, 0x11, 0x00, 0x41, 0x00, 0xD2, 0x5F,
		0x54, 0x41, 0x4E, 0x47, 0x45, 0x4E, 0x54, 0x5F, 0x53, 0x50, 0x4C, 0x49,
		0x38, 0x03, 0x04, 0x34, 0x00, 0x0F, 0x28, 0x00, 0x03, 0x4B, 0x46, 0x52,
		0x45, 0x45, 0x13, 0x00, 0x64, 0x4D, 0x49, 0x52, 0x52, 0x4F, 0x52, 0x08,
		0x01, 0x82, 0x56, 0x65, 0x6C, 0x6F, 0x63, 0x69, 0x74, 0x79, 0x76, 0x01,
		0xF3, 0x02, 0x00, 0x6D, 0x5F, 0x4C, 0x6F, 0x63, 0x61, 0x6C, 0x43, 0x6F,
		0x6F, 0x72, 0x64, 0x69, 0x6E, 0x61, 0x74, 0x6E, 0x06, 0x50, 0x53, 0x70,
		0x65, 0x65, 0x64, 0x8B, 0x02, 0x4C, 0x50, 0x56, 0x45, 0x43, 0x3E, 0x05,
		0x1B, 0x76, 0x1F, 0x05, 0x03, 0x0F, 0x00, 0x31, 0x43, 0x6F, 0x6C, 0xFE,
		0x02, 0x1B, 0x76, 0xB9, 0x01, 0x05, 0x4D, 0x04, 0x21, 0x43, 0x50, 0x32,
		0x00, 0x07, 0x10, 0x00, 0xB4, 0x52, 0x65, 0x6C, 0x61, 0x74, 0x69, 0x76,
		0x65, 0x50, 0x6F, 0x73, 0xDB, 0x06, 0x07, 0x16, 0x00, 0x20, 0x44, 0x69,
		0x4F, 0x00, 0x01, 0x42, 0x02, 0x05, 0x45, 0x05, 0x1D, 0x58, 0x12, 0x00,
		0x1D, 0x59, 0x12, 0x00, 0x14, 0x5A, 0x12, 0x00, 0x10, 0x49, 0x10, 0x02,
		0x13, 0x70, 0x86, 0x03, 0x00, 0x0B, 0x00, 0x09, 0x97, 0x03, 0x05, 0x11,
		0x00, 0x10, 0x31, 0x77, 0x00, 0x02, 0x10, 0x00, 0x06, 0xA2, 0x03, 0x09,
		0x11, 0x00, 0x00, 0x22, 0x00, 0x52, 0x47, 0x72, 0x61, 0x64, 0x69, 0xC7,
		0x05, 0x41, 0x53, 0x74, 0x6F, 0x70, 0x1E, 0x02, 0x08, 0xCE, 0x05, 0x18,
		0x76, 0xCD, 0x05, 0x0F, 0x55, 0x01, 0x08, 0x01, 0x20, 0x00, 0x74, 0x4F,
		0x70, 0x65, 0x72, 0x61, 0x74, 0x6F, 0xD2, 0x06, 0x54, 0x44, 0x65, 0x63,
		0x61, 0x79, 0xDD, 0x06, 0x00, 0x77, 0x00, 0x54, 0x6F, 0x6C, 0x61, 0x74,
		0x65, 0x69, 0x07, 0x00, 0x2E, 0x02, 0x46, 0x74, 0x61, 0x72, 0x74, 0xD8,
		0x04, 0x36, 0x45, 0x6E, 0x64, 0x0D, 0x00, 0x00, 0xC3, 0x03, 0x06, 0x25,
		0x00, 0x42, 0x54, 0x69, 0x6D, 0x65, 0x4A, 0x00, 0xA2, 0x42, 0x61, 0x73,
		0x69, 0x63, 0x4D, 0x6F, 0x76, 0x65, 0x6D, 0xB6, 0x00, 0x02, 0x1C, 0x08,
		0x05, 0x46, 0x07, 0x02, 0x0F, 0x00, 0x44, 0x52, 0x6F, 0x70, 0x65, 0x2A,
		0x08, 0x41, 0x54, 0x65, 0x73, 0x73, 0x7B, 0x01, 0x12, 0x6F, 0x83, 0x04,
		0xF9, 0x02, 0x54, 0x65, 0x78, 0x74, 0x75, 0x72, 0x65, 0x56, 0x57, 0x6F,
		0x72, 0x6C, 0x64, 0x53, 0x69, 0x7A, 0x65, 0x16, 0x00, 0x62, 0x53, 0x63,
		0x72, 0x6F, 0x6C, 0x6C, 0x14, 0x06, 0x00, 0x29, 0x06, 0x01, 0xFF, 0x01,
		0x02, 0x96, 0x00, 0x0D, 0x35, 0x02, 0x60, 0x5F, 0x43, 0x4F, 0x4C, 0x4F,
		0x52, 0xAD, 0x03, 0x6A, 0x46, 0x6F, 0x6C, 0x6C, 0x6F, 0x77, 0x01, 0x04,
		0x5C, 0x44, 0x65, 0x6C, 0x74, 0x61, 0x63, 0x07, 0x10, 0x52, 0xD3, 0x03,
		0x04, 0xBD, 0x04, 0x52, 0x52, 0x4F, 0x55, 0x4E, 0x44, 0x52, 0x00, 0x72,
		0x4E, 0x45, 0x41, 0x52, 0x45, 0x53, 0x54, 0x74, 0x00, 0x03, 0x8C, 0x00,
		0x10, 0x73, 0xC7, 0x01, 0x00, 0x36, 0x00, 0x13, 0x68, 0x11, 0x00, 0xC3,
		0x00, 0x6D, 0x61, 0x74, 0x65, 0x72, 0x69, 0x61, 0x6C, 0x73, 0x2F, 0x70,
		0x15, 0x08, 0xF1, 0x04, 0x2F, 0x62, 0x65, 0x61, 0x6D, 0x5F, 0x63, 0x72,
		0x61, 0x63, 0x6B, 0x5F, 0x30, 0x36, 0x5F, 0x62, 0x77, 0x5F, 0x63, 0x2F,
		0x04, 0x56, 0x2E, 0x76, 0x74, 0x65, 0x78, 0x34, 0x04, 0x52, 0x42, 0x6C,
		0x65, 0x6E, 0x64, 0xEC, 0x05, 0x04, 0xE8, 0x03, 0x30, 0x4F, 0x55, 0x54,
		0xF3, 0x05, 0x52, 0x42, 0x4C, 0x45, 0x4E, 0x44, 0xF9, 0x05, 0x43, 0x48,
		0x41, 0x4C, 0x46, 0x10, 0x00, 0x31, 0x41, 0x44, 0x44, 0x90, 0x09, 0x20,
		0x61, 0x74, 0xFC, 0x08, 0x11, 0x65, 0x05, 0x01, 0x81, 0x50, 0x72, 0x65,
		0x41, 0x6C, 0x70, 0x68, 0x61, 0x4C, 0x00, 0x01, 0x34, 0x01, 0xB3, 0x41,
		0x64, 0x64, 0x53, 0x65, 0x6C, 0x66, 0x41, 0x6D, 0x6F, 0x75, 0x08, 0x08,
		0x00, 0x69, 0x09, 0x56, 0x62, 0x72, 0x69, 0x67, 0x68, 0x36, 0x06, 0xBA,
		0x6E, 0x46, 0x65, 0x61, 0x74, 0x68, 0x65, 0x72, 0x69, 0x6E, 0x67, 0x81,
		0x00, 0xF1, 0x0D, 0x44, 0x45, 0x50, 0x54, 0x48, 0x5F, 0x46, 0x45, 0x41,
		0x54, 0x48, 0x45, 0x52, 0x49, 0x4E, 0x47, 0x5F, 0x4F, 0x4E, 0x5F, 0x4F,
		0x50, 0x54, 0x49, 0x4F, 0x4E, 0x41, 0x4C, 0x4D, 0x00, 0x51, 0x44, 0x65,
		0x70, 0x74, 0x68, 0x07, 0x02, 0x2F, 0x93, 0x00, 0x01, 0x00, 0x07, 0xAF,
		0x6A, 0x00, 0x00, 0x00, 0x5A, 0x00, 0x00, 0x00, 0xCD, 0x00, 0x01, 0x00,
		0x78, 0x3F, 0x20, 0x7C, 0x40, 0x31, 0x00, 0x1B, 0x29, 0xF0, 0x3F, 0x08,
		0x00, 0x39, 0xE0, 0x65, 0xC0, 0x08, 0x00, 0x0E, 0x28, 0x00, 0x0F, 0x08,
		0x00, 0x14, 0x0F, 0x70, 0x00, 0x0D, 0x0F, 0x01, 0x00, 0xF5, 0x0E, 0x40,
		0x01, 0x0F, 0x47, 0x00, 0x22, 0x39, 0xE0, 0x65, 0x40, 0x08, 0x00, 0x0F,
		0xB8, 0x01, 0xFF, 0x96, 0x0F, 0xD0, 0x00, 0x8E, 0x0F, 0x28, 0x02, 0xFF,
		0xDB, 0x50, 0x00, 0x00, 0x00, 0x00, 0x00, 0x57, 0x0B, 0x00, 0x00, 0x00,
		0x02, 0x04, 0x00, 0xD7, 0x29, 0x00, 0x00, 0x00, 0x04, 0x00, 0x00, 0x00,
		0x03, 0x00, 0x00, 0x00, 0x2E, 0x0C, 0x00, 0x13, 0x01, 0x08, 0x00, 0x04,
		0x20, 0x00, 0x04, 0x04, 0x00, 0x04, 0x38, 0x00, 0x00, 0x1C, 0x00, 0x17,
		0x14, 0x20, 0x00, 0x0F, 0x08, 0x00, 0x05, 0x1F, 0x01, 0x28, 0x00, 0x18,
		0x00, 0x04, 0x00, 0x13, 0x05, 0x08, 0x00, 0x5B, 0x0C, 0x00, 0x00, 0x00,
		0x24, 0x24, 0x00, 0x53, 0x17, 0x00, 0x00, 0x00, 0x2F, 0x0C, 0x00, 0x0E,
		0x08, 0x00, 0x0A, 0x48, 0x00, 0x04, 0x3C, 0x00, 0x14, 0x2E, 0x18, 0x00,
		0xD0, 0x01, 0x01, 0x03, 0x02, 0x02, 0x04, 0x03, 0x02, 0x02, 0x03, 0x03,
		0x02, 0x02, 0x06, 0x00, 0x01, 0x01, 0x00, 0x26, 0x02, 0x02, 0x03, 0x00,
		0x06, 0x01, 0x00, 0x0C, 0x16, 0x00, 0x19, 0x01, 0x22, 0x00, 0x0B, 0x1E,
		0x00, 0x03, 0x1D, 0x00, 0x12, 0x00, 0x01, 0x00, 0x17, 0x01, 0x20, 0x01,
		0x13, 0x0C, 0x7C, 0x00, 0x13, 0x0C, 0xD8, 0x00, 0x00, 0x0C, 0x00, 0xF3,
		0x06, 0x06, 0x00, 0x00, 0x00, 0x07, 0x00, 0x00, 0x00, 0x08, 0x00, 0x00,
		0x00, 0x09, 0x00, 0x00, 0x00, 0x0A, 0x00, 0x00, 0x00, 0x0B, 0x24, 0x00,
		0x93, 0x0D, 0x00, 0x00, 0x00, 0x0E, 0x00, 0x00, 0x00, 0x0F, 0x4C, 0x00,
		0xD3, 0x10, 0x00, 0x00, 0x00, 0x11, 0x00, 0x00, 0x00, 0x12, 0x00, 0x00,
		0x00, 0x13, 0x48, 0x01, 0x53, 0x15, 0x00, 0x00, 0x00, 0x16, 0x0C, 0x01,
		0x13, 0x18, 0x68, 0x00, 0x13, 0x19, 0x58, 0x00, 0xF3, 0x16, 0x1A, 0x00,
		0x00, 0x00, 0x1B, 0x00, 0x00, 0x00, 0x1C, 0x00, 0x00, 0x00, 0x1D, 0x00,
		0x00, 0x00, 0x1E, 0x00, 0x00, 0x00, 0x1F, 0x00, 0x00, 0x00, 0x20, 0x00,
		0x00, 0x00, 0x21, 0x00, 0x00, 0x00, 0x22, 0x00, 0x00, 0x00, 0x23, 0x1C,
		0x01, 0xD3, 0x25, 0x00, 0x00, 0x00, 0x26, 0x00, 0x00, 0x00, 0x27, 0x00,
		0x00, 0x00, 0x28, 0x64, 0x01, 0xD3, 0x2A, 0x00, 0x00, 0x00, 0x2B, 0x00,
		0x00, 0x00, 0x2C, 0x00, 0x00, 0x00, 0x2D, 0x3C, 0x01, 0x00, 0x58, 0x01,
		0xF3, 0x3E, 0x30, 0x00, 0x00, 0x00, 0x31, 0x00, 0x00, 0x00, 0x32, 0x00,
		0x00, 0x00, 0x33, 0x00, 0x00, 0x00, 0x34, 0x00, 0x00, 0x00, 0x35, 0x00,
		0x00, 0x00, 0x36, 0x00, 0x00, 0x00, 0x37, 0x00, 0x00, 0x00, 0x38, 0x00,
		0x00, 0x00, 0x39, 0x00, 0x00, 0x00, 0x3A, 0x00, 0x00, 0x00, 0x3B, 0x00,
		0x00, 0x00, 0x3C, 0x00, 0x00, 0x00, 0x3D, 0x00, 0x00, 0x00, 0x3E, 0x00,
		0x00, 0x00, 0x3F, 0x00, 0x00, 0x00, 0x40, 0x00, 0x00, 0x00, 0x41, 0x00,
		0x00, 0x00, 0x42, 0x00, 0x00, 0x00, 0x43, 0xDC, 0x00, 0x13, 0x44, 0x08,
		0x00, 0x93, 0x45, 0x00, 0x00, 0x00, 0x46, 0x00, 0x00, 0x00, 0x47, 0x10,
		0x00, 0x5F, 0x48, 0x00, 0x00, 0x00, 0x49, 0xF4, 0x00, 0x04, 0x8F, 0x4A,
		0x00, 0x00, 0x00, 0xFF, 0xFF, 0xFF, 0xFF, 0xFC, 0x00, 0x11, 0x13, 0x4B,
		0x2C, 0x00, 0x0F, 0x04, 0x01, 0x05, 0x1F, 0x4C, 0x08, 0x01, 0x30, 0x5F,
		0x4D, 0x00, 0x00, 0x00, 0x4E, 0x10, 0x01, 0x44, 0x13, 0x4F, 0x10, 0x00,
		0xEE, 0x50, 0x00, 0x00, 0x00, 0x51, 0x00, 0x00, 0x00, 0x52, 0x00, 0x00,
		0x00, 0x53, 0x00, 0x24, 0x01, 0x13, 0x54, 0x24, 0x01, 0x1F, 0x55, 0x18,
		0x02, 0xB0, 0xDE, 0x56, 0x00, 0x00, 0x00, 0x57, 0x00, 0x00, 0x00, 0x58,
		0x00, 0x00, 0x00, 0x59, 0x10, 0x00, 0x01, 0x24, 0x01, 0x93, 0x5A, 0x00,
		0x00, 0x00, 0x5B, 0x00, 0x00, 0x00, 0x5C, 0x08, 0x00, 0x00, 0x10, 0x00,
		0x13, 0x5D, 0x10, 0x00, 0x1B, 0x5E, 0x40, 0x01, 0x13, 0x07, 0x30, 0x01,
		0x53, 0x5F, 0x00, 0x00, 0x00, 0x60, 0x30, 0x01, 0x97, 0x61, 0x00, 0x00,
		0x00, 0x62, 0x00, 0x00, 0x00, 0x63, 0x20, 0x01, 0x13, 0x64, 0x38, 0x01,
		0xDF, 0x65, 0x00, 0x00, 0x00, 0x66, 0x00, 0x00, 0x00, 0x67, 0x00, 0x00,
		0x00, 0x68, 0x78, 0x03, 0xD4, 0x1F, 0x69, 0xE8, 0x00, 0xD4, 0x1F, 0x6A,
		0xE8, 0x00, 0xD4, 0x1F, 0x6B, 0xE8, 0x00, 0xD4, 0xF3, 0x06, 0x6C, 0x00,
		0x00, 0x00, 0x6D, 0x00, 0x00, 0x00, 0x6E, 0x00, 0x00, 0x00, 0x6F, 0x00,
		0x00, 0x00, 0x70, 0x00, 0x00, 0x00, 0x71, 0x24, 0x00, 0x9F, 0x72, 0x00,
		0x00, 0x00, 0x73, 0x00, 0x00, 0x00, 0x74, 0xF4, 0x03, 0xFF, 0xFF, 0xFF,
		0xE3, 0x13, 0x75, 0x10, 0x00, 0x13, 0x76, 0x08, 0x00, 0xF3, 0x02, 0x77,
		0x00, 0x00, 0x00, 0x78, 0x00, 0x00, 0x00, 0x79, 0x00, 0x00, 0x00, 0x7A,
		0x00, 0x00, 0x00, 0x7B, 0x18, 0x00, 0x53, 0x7C, 0x00, 0x00, 0x00, 0x7D,
		0x0C, 0x00, 0x53, 0x7E, 0x00, 0x00, 0x00, 0x7F, 0x28, 0x01, 0x1F, 0x80,
		0x4C, 0x01, 0x24, 0x0F, 0x48, 0x01, 0x61, 0x0F, 0x38, 0x01, 0x15, 0x1F,
		0x81, 0x20, 0x02, 0xD4, 0x13, 0x82, 0xE8, 0x00, 0x17, 0x83, 0xF0, 0x05,
		0x04, 0x34, 0x0C, 0x2E, 0x84, 0x00, 0xFC, 0x05, 0x1E, 0x85, 0x00, 0x06,
		0x0F, 0x78, 0x0C, 0xC6, 0x5F, 0x86, 0x00, 0x00, 0x00, 0x87, 0x24, 0x06,
		0x30, 0x0F, 0x0C, 0x01, 0xE1, 0x1F, 0x6A, 0x0C, 0x01, 0xF8, 0x1F, 0x6B,
		0x0C, 0x01, 0xF8, 0x0F, 0x90, 0x06, 0x11, 0xFF, 0x0A, 0x88, 0x00, 0x00,
		0x00, 0x89, 0x00, 0x00, 0x00, 0x8A, 0x00, 0x00, 0x00, 0x8B, 0x00, 0x00,
		0x00, 0x8C, 0x00, 0x00, 0x00, 0x8D, 0x00, 0x00, 0x00, 0x8E, 0x68, 0x06,
		0xC0, 0x1F, 0x8F, 0xB8, 0x11, 0xF0, 0xA8, 0x90, 0x00, 0x00, 0x00, 0x91,
		0x00, 0x00, 0x00, 0x92, 0x00, 0x01, 0x00, 0x24, 0x28, 0x40, 0x08, 0x00,
		0x20, 0x9A, 0x99, 0x01, 0x00, 0x22, 0xB9, 0x3F, 0x10, 0x00, 0x13, 0xF4,
		0x08, 0x00, 0x22, 0xE0, 0x3F, 0x18, 0x00, 0x2A, 0xD9, 0x3F, 0x20, 0x00,
		0x2F, 0xE0, 0x3F, 0x38, 0x00, 0x0D, 0xF4, 0x01, 0x8F, 0xA7, 0xE5, 0x07,
		0xAE, 0xF2, 0xE5, 0x3F, 0xBF, 0x45, 0x27, 0x4B, 0xAD, 0x77, 0x09, 0xC0,
		0x08, 0x00, 0x0C, 0x48, 0x00, 0x0F, 0x10, 0x00, 0x5D, 0x02, 0x08, 0x00,
		0x2A, 0x08, 0x40, 0xD8, 0x00, 0x12, 0xD9, 0x18, 0x00, 0x2E, 0xC0, 0x72,
		0xD0, 0x00, 0x09, 0x38, 0x00, 0x2E, 0x69, 0xC0, 0x28, 0x01, 0x0F, 0xA8,
		0x00, 0x49, 0x1F, 0x59, 0x90, 0x00, 0x06, 0xD0, 0x09, 0x06, 0x0E, 0x0B,
		0x0B, 0x0B, 0x05, 0x18, 0x09, 0x06, 0x18, 0x09, 0x06, 0x04, 0x00, 0xD0,
		0x09, 0x06, 0x06, 0x05, 0x0F, 0x0B, 0x0B, 0x0F, 0x11, 0x12, 0x0E, 0x06,
		0x11, 0x01, 0x00, 0xF3, 0x01, 0x12, 0x05, 0x19, 0x05, 0x11, 0x10, 0x06,
		0x06, 0x06, 0x05, 0x05, 0x12, 0x0D, 0x06, 0x12, 0x11, 0x02, 0x00, 0x93,
		0x06, 0x11, 0x09, 0x08, 0x08, 0x19, 0x05, 0x19, 0x05, 0x34, 0x00, 0x13,
		0x06, 0x35, 0x00, 0x11, 0x0B, 0x36, 0x00, 0x16, 0x0F, 0x37, 0x00, 0x7E,
		0x12, 0x05, 0x12, 0x0D, 0x11, 0x0E, 0x06, 0x39, 0x00, 0x60, 0x10, 0x06,
		0x05, 0x09, 0x19, 0x05, 0x3D, 0x00, 0x1F, 0x11, 0x71, 0x00, 0x14, 0xA0,
		0x18, 0x09, 0x05, 0x12, 0x05, 0x05, 0x12, 0x11, 0x11, 0x11, 0xAD, 0x00,
		0x20, 0x06, 0x06, 0x46, 0x00, 0x30, 0x0B, 0x06, 0x09, 0x08, 0x00, 0x70,
		0x0B, 0x0B, 0x19, 0x05, 0x0F, 0x19, 0x05, 0x02, 0x00, 0x0F, 0x51, 0x00,
		0x07, 0x1E, 0x12, 0xC2, 0x00, 0x0F, 0x31, 0x00, 0x84, 0x21, 0x11, 0x12,
		0x37, 0x00, 0x03, 0x3D, 0x00, 0x0F, 0xE0, 0x00, 0xCB, 0x10, 0x18, 0x3F,
		0x02, 0x30, 0x11, 0x05, 0x05, 0x7E, 0x02, 0x16, 0x0B, 0x7F, 0x02, 0x0F,
		0x0D, 0x02, 0x06, 0x08, 0x76, 0x00, 0x0F, 0xAB, 0x02, 0x1B, 0x02, 0x4A,
		0x01, 0x20, 0x06, 0x0E, 0x4C, 0x01, 0x07, 0x4D, 0x01, 0x0F, 0xBB, 0x02,
		0x17, 0x09, 0xF1, 0x00, 0x0F, 0x37, 0x00, 0x8E, 0x0A, 0x65, 0x01, 0x8F,
		0x86, 0x01, 0x06, 0x0E, 0x09, 0x06, 0x06, 0x12, 0x5E, 0x01, 0x02, 0x1E,
		0x12, 0x5E, 0x01, 0x0F, 0xD5, 0x03, 0x0A, 0x1F, 0x05, 0xD5, 0x03, 0x05,
		0x60, 0x06, 0x12, 0x00, 0xDD, 0xEE, 0xFF
	};

	inline unsigned char nomove_stars[ 4645 ]
	{
		0x25, 0x12, 0x00, 0x00, 0x0C, 0x00, 0x01, 0x00, 0x08, 0x00, 0x00, 0x00,
		0x03, 0x00, 0x00, 0x00, 0x52, 0x45, 0x52, 0x4C, 0x20, 0x00, 0x00, 0x00,
		0x3F, 0x00, 0x00, 0x00, 0x52, 0x45, 0x44, 0x32, 0x60, 0x00, 0x00, 0x00,
		0xC6, 0x02, 0x00, 0x00, 0x44, 0x41, 0x54, 0x41, 0x24, 0x03, 0x00, 0x00,
		0xD5, 0x0E, 0x00, 0x00, 0x0C, 0x00, 0x00, 0x00, 0x01, 0x00, 0x00, 0x00,
		0x00, 0x00, 0x00, 0x00, 0x30, 0x5E, 0xF0, 0x5D, 0x26, 0x20, 0x50, 0xE5,
		0x08, 0x00, 0x00, 0x00, 0x00, 0x00, 0x00, 0x00, 0x6D, 0x61, 0x74, 0x65,
		0x72, 0x69, 0x61, 0x6C, 0x73, 0x2F, 0x70, 0x61, 0x72, 0x74, 0x69, 0x63,
		0x6C, 0x65, 0x2F, 0x75, 0x69, 0x2F, 0x78, 0x70, 0x5F, 0x73, 0x74, 0x61,
		0x72, 0x2E, 0x76, 0x74, 0x65, 0x78, 0x00, 0x00, 0x00, 0x00, 0x00, 0x00,
		0x00, 0x00, 0x00, 0x00, 0x00, 0x00, 0x00, 0x00, 0x05, 0x33, 0x56, 0x4B,
		0x7C, 0x16, 0x12, 0x74, 0xE9, 0x06, 0x98, 0x46, 0xAF, 0xF2, 0xE6, 0x3E,
		0xB5, 0x90, 0x37, 0xE7, 0x01, 0x00, 0x00, 0x00, 0x00, 0x00, 0x00, 0x40,
		0x3B, 0x02, 0x00, 0x00, 0x01, 0x00, 0x00, 0x00, 0x00, 0x00, 0x00, 0x00,
		0x21, 0x00, 0x00, 0x00, 0x06, 0x00, 0x07, 0x00, 0x31, 0x03, 0x00, 0x00,
		0x4E, 0x02, 0x00, 0x00, 0x00, 0x00, 0x00, 0x00, 0x00, 0x00, 0x00, 0x00,
		0x00, 0x00, 0x00, 0x00, 0x00, 0x00, 0x00, 0x00, 0x40, 0x02, 0x00, 0x00,
		0x9F, 0x01, 0x00, 0x00, 0xF1, 0x00, 0x00, 0x00, 0xAF, 0x00, 0x00, 0x00,
		0x03, 0x00, 0x00, 0x00, 0x00, 0x00, 0x00, 0x00, 0x2C, 0x00, 0x00, 0x00,
		0x00, 0x00, 0x00, 0x00, 0x1E, 0x00, 0x00, 0x00, 0x06, 0x00, 0x00, 0x00,
		0x07, 0x00, 0x00, 0x00, 0x08, 0x00, 0x00, 0x00, 0xF0, 0x4C, 0x6D, 0x5F,
		0x49, 0x6E, 0x70, 0x75, 0x74, 0x44, 0x65, 0x70, 0x65, 0x6E, 0x64, 0x65,
		0x6E, 0x63, 0x69, 0x65, 0x73, 0x00, 0x6D, 0x5F, 0x52, 0x65, 0x6C, 0x61,
		0x74, 0x69, 0x76, 0x65, 0x46, 0x69, 0x6C, 0x65, 0x6E, 0x61, 0x6D, 0x65,
		0x00, 0x71, 0x2F, 0x6E, 0x6F, 0x6D, 0x6F, 0x76, 0x65, 0x5F, 0x73, 0x74,
		0x61, 0x72, 0x73, 0x2E, 0x76, 0x70, 0x63, 0x66, 0x00, 0x6D, 0x5F, 0x53,
		0x65, 0x61, 0x72, 0x63, 0x68, 0x50, 0x61, 0x74, 0x68, 0x00, 0x63, 0x73,
		0x67, 0x6F, 0x5F, 0x61, 0x64, 0x64, 0x6F, 0x6E, 0x73, 0x2F, 0x64, 0x73,
		0x61, 0x00, 0x6D, 0x5F, 0x6E, 0x3D, 0x00, 0xF0, 0x00, 0x43, 0x52, 0x43,
		0x00, 0x6D, 0x5F, 0x62, 0x4F, 0x70, 0x74, 0x69, 0x6F, 0x6E, 0x61, 0x6C,
		0x0C, 0x00, 0x00, 0x17, 0x00, 0x60, 0x45, 0x78, 0x69, 0x73, 0x74, 0x73,
		0x0E, 0x00, 0x51, 0x49, 0x73, 0x47, 0x61, 0x6D, 0x68, 0x00, 0x72, 0x00,
		0x6D, 0x5F, 0x41, 0x64, 0x64, 0x69, 0x29, 0x00, 0x0F, 0x95, 0x00, 0x01,
		0x7C, 0x41, 0x72, 0x67, 0x75, 0x6D, 0x65, 0x6E, 0x17, 0x00, 0xA0, 0x50,
		0x61, 0x72, 0x61, 0x6D, 0x65, 0x74, 0x65, 0x72, 0x4E, 0xA9, 0x00, 0xB2,
		0x5F, 0x5F, 0x5F, 0x4F, 0x76, 0x65, 0x72, 0x72, 0x69, 0x64, 0x65, 0x44,
		0x00, 0x68, 0x61, 0x74, 0x61, 0x5F, 0x5F, 0x5F, 0x28, 0x00, 0xF2, 0x03,
		0x54, 0x79, 0x70, 0x65, 0x00, 0x42, 0x69, 0x6E, 0x61, 0x72, 0x79, 0x42,
		0x6C, 0x6F, 0x62, 0x41, 0x72, 0x67, 0xAE, 0x00, 0x9B, 0x6E, 0x67, 0x65,
		0x72, 0x70, 0x72, 0x69, 0x6E, 0x74, 0x0F, 0x00, 0x70, 0x44, 0x65, 0x66,
		0x61, 0x75, 0x6C, 0x74, 0xF0, 0x00, 0x6B, 0x70, 0x65, 0x63, 0x69, 0x61,
		0x6C, 0x81, 0x00, 0xF4, 0x0F, 0x53, 0x74, 0x72, 0x69, 0x6E, 0x67, 0x00,
		0x4B, 0x56, 0x33, 0x20, 0x43, 0x6F, 0x6D, 0x70, 0x69, 0x6C, 0x65, 0x72,
		0x20, 0x56, 0x65, 0x72, 0x73, 0x69, 0x6F, 0x6E, 0x00, 0x6D, 0x5F, 0x13,
		0x00, 0xB3, 0x49, 0x64, 0x65, 0x6E, 0x74, 0x69, 0x66, 0x69, 0x65, 0x72,
		0x00, 0x13, 0x00, 0x61, 0x50, 0x61, 0x72, 0x74, 0x69, 0x63, 0xF9, 0x00,
		0x50, 0x6E, 0x55, 0x73, 0x65, 0x72, 0xAB, 0x00, 0x14, 0x00, 0x15, 0x00,
		0x0E, 0x4B, 0x00, 0x08, 0x1F, 0x01, 0x01, 0xA0, 0x01, 0x20, 0x65, 0x64,
		0x37, 0x01, 0x10, 0x73, 0x64, 0x00, 0xF0, 0x00, 0x68, 0x69, 0x6C, 0x64,
		0x52, 0x65, 0x73, 0x6F, 0x75, 0x72, 0x63, 0x65, 0x4C, 0x69, 0x73, 0xAC,
		0x00, 0xB5, 0x57, 0x65, 0x61, 0x6B, 0x52, 0x65, 0x66, 0x65, 0x72, 0x65,
		0x6E, 0x14, 0x00, 0x02, 0xB0, 0x01, 0x45, 0x61, 0x62, 0x6C, 0x65, 0x70,
		0x00, 0x29, 0x49, 0x73, 0x3D, 0x00, 0x00, 0x25, 0x00, 0x75, 0x75, 0x62,
		0x61, 0x73, 0x73, 0x65, 0x74, 0x3D, 0x00, 0x16, 0x73, 0x15, 0x00, 0x00,
		0x0C, 0x01, 0x21, 0x69, 0x6E, 0x85, 0x00, 0x70, 0x73, 0x00, 0x00, 0x1F,
		0x00, 0x00, 0x00, 0x97, 0x0A, 0x00, 0x00, 0x00, 0x06, 0x00, 0x00, 0x00,
		0x04, 0x04, 0x00, 0x10, 0x01, 0x04, 0x00, 0x43, 0x01, 0x02, 0x00, 0x00,
		0x0C, 0x00, 0x00, 0x0A, 0x00, 0x13, 0x03, 0x1C, 0x00, 0x80, 0x05, 0x00,
		0x00, 0x00, 0xB7, 0x70, 0x48, 0xBD, 0x34, 0x00, 0xA2, 0x07, 0x00, 0x00,
		0x00, 0x08, 0x00, 0x00, 0x00, 0x09, 0x00, 0x01, 0x00, 0x00, 0x4C, 0x00,
		0xF3, 0x1A, 0x0B, 0x00, 0x00, 0x00, 0x0C, 0x00, 0x00, 0x00, 0x0D, 0x00,
		0x00, 0x00, 0x0E, 0x00, 0x00, 0x00, 0x0F, 0x00, 0x00, 0x00, 0x10, 0x00,
		0x00, 0x00, 0x11, 0x00, 0x00, 0x00, 0x12, 0x00, 0x00, 0x00, 0x13, 0x00,
		0x00, 0x00, 0x14, 0x00, 0x00, 0x00, 0x15, 0x1C, 0x00, 0x00, 0x5C, 0x00,
		0x13, 0x16, 0x1C, 0x00, 0x1F, 0x17, 0x1C, 0x00, 0x04, 0x13, 0x18, 0x60,
		0x00, 0x13, 0x19, 0x08, 0x00, 0x13, 0x1A, 0x08, 0x00, 0xD0, 0x1B, 0x00,
		0x00, 0x00, 0x1C, 0x00, 0x00, 0x00, 0x1D, 0x00, 0x00, 0x00, 0x1E, 0x88,
		0x00, 0x90, 0x18, 0x09, 0x06, 0x06, 0x0C, 0x0E, 0x0D, 0x0E, 0x08, 0x09,
		0x00, 0x21, 0x0F, 0x0F, 0x0F, 0x00, 0x10, 0x0F, 0x04, 0x00, 0xB0, 0x08,
		0x08, 0x08, 0x09, 0x0F, 0x01, 0x01, 0x00, 0xDD, 0xEE, 0xFF, 0x00, 0x00,
		0x00, 0x00, 0x00, 0x00, 0x00, 0x00, 0x00, 0x00, 0x05, 0x33, 0x56, 0x4B,
		0x1D, 0xCE, 0xD3, 0x39, 0x42, 0x94, 0x07, 0x44, 0x9B, 0x78, 0x83, 0x17,
		0x14, 0x5B, 0x17, 0x32, 0x01, 0x00, 0x00, 0x00, 0x00, 0x00, 0x00, 0x40,
		0x71, 0x0C, 0x00, 0x00, 0x1A, 0x00, 0x00, 0x00, 0x94, 0x01, 0x00, 0x00,
		0x11, 0x08, 0x00, 0x00, 0x70, 0x00, 0xF1, 0x00, 0x5D, 0x4D, 0x00, 0x00,
		0x5D, 0x0E, 0x00, 0x00, 0x00, 0x00, 0x00, 0x00, 0x00, 0x00, 0x00, 0x00,
		0x00, 0x00, 0x00, 0x00, 0x00, 0x00, 0x00, 0x00, 0x80, 0x19, 0x00, 0x00,
		0x84, 0x08, 0x00, 0x00, 0xDD, 0x33, 0x00, 0x00, 0xD9, 0x05, 0x00, 0x00,
		0xAF, 0x00, 0x00, 0x00, 0x00, 0x00, 0x00, 0x00, 0x7D, 0x09, 0x00, 0x00,
		0x6C, 0x00, 0x00, 0x00, 0x5F, 0x07, 0x00, 0x00, 0x70, 0x00, 0x00, 0x00,
		0x4D, 0x00, 0x00, 0x00, 0x63, 0x00, 0x00, 0x00, 0xF4, 0x18, 0x5F, 0x63,
		0x6C, 0x61, 0x73, 0x73, 0x00, 0x43, 0x50, 0x61, 0x72, 0x74, 0x69, 0x63,
		0x6C, 0x65, 0x53, 0x79, 0x73, 0x74, 0x65, 0x6D, 0x44, 0x65, 0x66, 0x69,
		0x6E, 0x69, 0x74, 0x69, 0x6F, 0x6E, 0x00, 0x6D, 0x5F, 0x6E, 0x4D, 0x61,
		0x78, 0x1F, 0x00, 0xFB, 0x03, 0x73, 0x00, 0x6D, 0x5F, 0x42, 0x6F, 0x75,
		0x6E, 0x64, 0x69, 0x6E, 0x67, 0x42, 0x6F, 0x78, 0x4D, 0x69, 0x6E, 0x11,
		0x00, 0x20, 0x61, 0x78, 0x32, 0x00, 0xC3, 0x42, 0x65, 0x68, 0x61, 0x76,
		0x69, 0x6F, 0x72, 0x56, 0x65, 0x72, 0x73, 0x45, 0x00, 0xF0, 0x15, 0x46,
		0x69, 0x72, 0x73, 0x74, 0x4D, 0x75, 0x6C, 0x74, 0x69, 0x70, 0x6C, 0x65,
		0x4F, 0x76, 0x65, 0x72, 0x72, 0x69, 0x64, 0x65, 0x5F, 0x42, 0x61, 0x63,
		0x6B, 0x77, 0x61, 0x72, 0x64, 0x43, 0x6F, 0x6D, 0x70, 0x61, 0x74, 0x28,
		0x00, 0xF4, 0x0A, 0x43, 0x6F, 0x6E, 0x73, 0x74, 0x61, 0x6E, 0x74, 0x53,
		0x65, 0x71, 0x75, 0x65, 0x6E, 0x63, 0x65, 0x4E, 0x75, 0x6D, 0x62, 0x65,
		0x72, 0x00, 0x6D, 0x5F, 0x19, 0x00, 0x40, 0x43, 0x6F, 0x6C, 0x6F, 0x10,
		0x00, 0xA0, 0x63, 0x6F, 0x6E, 0x74, 0x72, 0x6F, 0x6C, 0x50, 0x6F, 0x69,
		0x14, 0x00, 0x70, 0x6E, 0x66, 0x69, 0x67, 0x75, 0x72, 0x61, 0xB3, 0x00,
		0x10, 0x73, 0x47, 0x00, 0xE3, 0x61, 0x6D, 0x65, 0x00, 0x70, 0x72, 0x65,
		0x76, 0x69, 0x65, 0x77, 0x00, 0x6D, 0x5F, 0x0A, 0x00, 0x56, 0x53, 0x74,
		0x61, 0x74, 0x65, 0x0F, 0x00, 0xF0, 0x03, 0x4D, 0x6F, 0x64, 0x65, 0x6C,
		0x00, 0x63, 0x68, 0x61, 0x72, 0x61, 0x63, 0x74, 0x65, 0x72, 0x73, 0x2F,
		0x6D, 0x11, 0x00, 0xFD, 0x03, 0x73, 0x2F, 0x74, 0x6D, 0x5F, 0x6A, 0x75,
		0x6E, 0x67, 0x6C, 0x65, 0x5F, 0x72, 0x61, 0x69, 0x64, 0x65, 0x72, 0x11,
		0x00, 0xF4, 0x04, 0x5F, 0x76, 0x61, 0x72, 0x69, 0x61, 0x6E, 0x74, 0x62,
		0x32, 0x2E, 0x76, 0x6D, 0x64, 0x6C, 0x00, 0x6D, 0x5F, 0x73, 0xAE, 0x00,
		0x00, 0x78, 0x00, 0x66, 0x74, 0x6F, 0x6F, 0x6C, 0x73, 0x5F, 0x7E, 0x00,
		0x91, 0x68, 0x69, 0x74, 0x62, 0x6F, 0x78, 0x53, 0x65, 0x74, 0x1E, 0x00,
		0x60, 0x63, 0x73, 0x74, 0x72, 0x69, 0x6B, 0x87, 0x00, 0x40, 0x45, 0x6D,
		0x69, 0x74, 0x78, 0x00, 0x50, 0x00, 0x43, 0x5F, 0x4F, 0x50, 0xE0, 0x00,
		0x72, 0x74, 0x69, 0x6E, 0x75, 0x6F, 0x75, 0x73, 0x18, 0x00, 0x00, 0xE4,
		0x00, 0x20, 0x66, 0x6C, 0x0C, 0x00, 0x12, 0x52, 0xB6, 0x00, 0xF2, 0x16,
		0x6E, 0x54, 0x79, 0x70, 0x65, 0x00, 0x50, 0x46, 0x5F, 0x54, 0x59, 0x50,
		0x45, 0x5F, 0x43, 0x4F, 0x4E, 0x54, 0x52, 0x4F, 0x4C, 0x5F, 0x50, 0x4F,
		0x49, 0x4E, 0x54, 0x5F, 0x43, 0x4F, 0x4D, 0x50, 0x4F, 0x4E, 0x45, 0x4E,
		0x54, 0xB0, 0x01, 0x14, 0x70, 0x2B, 0x00, 0x32, 0x4D, 0x41, 0x50, 0x2F,
		0x00, 0x51, 0x52, 0x45, 0x4D, 0x41, 0x50, 0x52, 0x00, 0xB0, 0x4C, 0x69,
		0x74, 0x65, 0x72, 0x61, 0x6C, 0x56, 0x61, 0x6C, 0x75, 0x56, 0x00, 0x00,
		0x94, 0x00, 0x14, 0x64, 0x0D, 0x00, 0x27, 0x6E, 0x43, 0x55, 0x01, 0x00,
		0x10, 0x00, 0xD2, 0x53, 0x63, 0x61, 0x6C, 0x61, 0x72, 0x41, 0x74, 0x74,
		0x72, 0x69, 0x62, 0x75, 0x86, 0x00, 0x5F, 0x56, 0x65, 0x63, 0x74, 0x6F,
		0x13, 0x00, 0x01, 0x00, 0xC4, 0x01, 0x51, 0x6F, 0x6E, 0x65, 0x6E, 0x74,
		0x67, 0x00, 0x62, 0x52, 0x61, 0x6E, 0x64, 0x6F, 0x6D, 0x21, 0x02, 0x05,
		0x0E, 0x00, 0x01, 0x1E, 0x02, 0x42, 0x62, 0x48, 0x61, 0x73, 0x10, 0x00,
		0x80, 0x53, 0x69, 0x67, 0x6E, 0x46, 0x6C, 0x69, 0x70, 0x44, 0x00, 0x03,
		0x12, 0x00, 0x36, 0x65, 0x65, 0x64, 0x0E, 0x00, 0x00, 0xA1, 0x01, 0x00,
		0xC6, 0x00, 0xA1, 0x52, 0x41, 0x4E, 0x44, 0x4F, 0x4D, 0x5F, 0x4D, 0x4F,
		0x44, 0xF8, 0x00, 0x52, 0x53, 0x54, 0x41, 0x4E, 0x54, 0xCC, 0x00, 0x34,
		0x4F, 0x44, 0x30, 0x09, 0x00, 0x14, 0x31, 0x09, 0x00, 0x14, 0x32, 0x09,
		0x00, 0x10, 0x33, 0x4A, 0x00, 0xAE, 0x4E, 0x6F, 0x69, 0x73, 0x65, 0x49,
		0x6E, 0x70, 0x75, 0x74, 0xB9, 0x00, 0x21, 0x66, 0x6C, 0x1E, 0x00, 0x64,
		0x4F, 0x75, 0x74, 0x70, 0x75, 0x74, 0xAB, 0x00, 0x08, 0x13, 0x00, 0x26,
		0x61, 0x78, 0x13, 0x00, 0x00, 0x0B, 0x01, 0x00, 0x35, 0x00, 0x32, 0x76,
		0x65, 0x63, 0x23, 0x00, 0x44, 0x66, 0x66, 0x73, 0x65, 0x9C, 0x01, 0x27,
		0x66, 0x6C, 0x14, 0x00, 0x05, 0x77, 0x00, 0x75, 0x4F, 0x63, 0x74, 0x61,
		0x76, 0x65, 0x73, 0x10, 0x00, 0x60, 0x54, 0x75, 0x72, 0x62, 0x75, 0x6C,
		0x28, 0x02, 0x00, 0xD6, 0x00, 0xF6, 0x00, 0x4E, 0x4F, 0x49, 0x53, 0x45,
		0x5F, 0x54, 0x55, 0x52, 0x42, 0x5F, 0x4E, 0x4F, 0x4E, 0x45, 0x26, 0x00,
		0x28, 0x79, 0x70, 0x20, 0x00, 0x00, 0xBE, 0x01, 0x65, 0x50, 0x45, 0x52,
		0x4C, 0x49, 0x4E, 0x22, 0x00, 0x85, 0x4D, 0x6F, 0x64, 0x69, 0x66, 0x69,
		0x65, 0x72, 0x26, 0x00, 0x00, 0x1B, 0x01, 0x54, 0x49, 0x46, 0x49, 0x45,
		0x52, 0x4A, 0x00, 0x2B, 0x66, 0x6C, 0x71, 0x00, 0x04, 0xBE, 0x00, 0x0D,
		0x19, 0x00, 0x27, 0x4D, 0x69, 0xE4, 0x00, 0x43, 0x49, 0x6D, 0x67, 0x50,
		0x2B, 0x03, 0x03, 0x30, 0x00, 0x1B, 0x62, 0x18, 0x00, 0x34, 0x4C, 0x69,
		0x76, 0x47, 0x00, 0xE0, 0x43, 0x61, 0x6D, 0x65, 0x72, 0x61, 0x46, 0x61,
		0x6C, 0x6C, 0x62, 0x61, 0x63, 0x6B, 0x2C, 0x00, 0x31, 0x55, 0x73, 0x65,
		0x0C, 0x04, 0x42, 0x73, 0x43, 0x65, 0x6E, 0xC1, 0x02, 0x11, 0x6E, 0x7A,
		0x01, 0x04, 0xC8, 0x01, 0x53, 0x49, 0x4E, 0x50, 0x55, 0x54, 0xC7, 0x01,
		0x61, 0x4C, 0x41, 0x4D, 0x50, 0x45, 0x44, 0x4B, 0x00, 0x00, 0x16, 0x04,
		0x20, 0x46, 0x61, 0x9D, 0x01, 0x01, 0x0F, 0x00, 0x01, 0x33, 0x00, 0x16,
		0x30, 0x0B, 0x00, 0x02, 0xD9, 0x01, 0x02, 0x92, 0x01, 0x17, 0x30, 0x0C,
		0x00, 0x13, 0x31, 0x88, 0x00, 0xA6, 0x74, 0x63, 0x68, 0x65, 0x64, 0x52,
		0x61, 0x6E, 0x67, 0x65, 0xC3, 0x01, 0x07, 0x14, 0x00, 0x28, 0x61, 0x78,
		0x14, 0x00, 0x02, 0x3B, 0x00, 0x7E, 0x4F, 0x75, 0x74, 0x73, 0x69, 0x64,
		0x65, 0x19, 0x00, 0x23, 0x49, 0x6E, 0x18, 0x00, 0x20, 0x6E, 0x52, 0xC9,
		0x00, 0x04, 0x8B, 0x01, 0x52, 0x52, 0x4F, 0x55, 0x4E, 0x44, 0x8B, 0x01,
		0x71, 0x4E, 0x45, 0x41, 0x52, 0x45, 0x53, 0x54, 0xE6, 0x04, 0x34, 0x69,
		0x61, 0x73, 0x22, 0x00, 0x42, 0x42, 0x49, 0x41, 0x53, 0x21, 0x00, 0x00,
		0x9E, 0x02, 0x32, 0x44, 0x41, 0x52, 0xDB, 0x00, 0x00, 0x23, 0x00, 0x72,
		0x50, 0x61, 0x72, 0x61, 0x6D, 0x65, 0x74, 0xC5, 0x04, 0x21, 0x75, 0x72,
		0x40, 0x01, 0xA1, 0x73, 0x70, 0x6C, 0x69, 0x6E, 0x65, 0x00, 0x78, 0x00,
		0x79, 0x27, 0x00, 0xD5, 0x53, 0x6C, 0x6F, 0x70, 0x65, 0x49, 0x6E, 0x63,
		0x6F, 0x6D, 0x69, 0x6E, 0x67, 0x12, 0x00, 0x00, 0x86, 0x02, 0x22, 0x67,
		0x6F, 0x12, 0x00, 0x10, 0x74, 0xCC, 0x00, 0x21, 0x6E, 0x74, 0x4C, 0x02,
		0x04, 0x29, 0x00, 0x12, 0x54, 0x14, 0x00, 0xF2, 0x04, 0x00, 0x43, 0x55,
		0x52, 0x56, 0x45, 0x5F, 0x54, 0x41, 0x4E, 0x47, 0x45, 0x4E, 0x54, 0x5F,
		0x53, 0x50, 0x4C, 0x49, 0x4E, 0x02, 0x04, 0x3F, 0x00, 0x03, 0x28, 0x00,
		0x00, 0xBC, 0x02, 0xA7, 0x44, 0x6F, 0x6D, 0x61, 0x69, 0x6E, 0x4D, 0x69,
		0x6E, 0x73, 0x0E, 0x00, 0x21, 0x61, 0x78, 0x57, 0x00, 0x52, 0x45, 0x76,
		0x65, 0x6E, 0x74, 0xD0, 0x00, 0xA0, 0x41, 0x52, 0x54, 0x49, 0x43, 0x4C,
		0x45, 0x5F, 0x45, 0x56, 0x52, 0x00, 0x01, 0xD7, 0x00, 0xD0, 0x4D, 0x41,
		0x53, 0x4B, 0x5F, 0x43, 0x4F, 0x4C, 0x4C, 0x49, 0x53, 0x49, 0x4F, 0x8B,
		0x02, 0x10, 0x49, 0x21, 0x06, 0x42, 0x61, 0x6C, 0x69, 0x7A, 0xC2, 0x04,
		0xF2, 0x05, 0x49, 0x4E, 0x49, 0x54, 0x5F, 0x43, 0x72, 0x65, 0x61, 0x74,
		0x65, 0x57, 0x69, 0x74, 0x68, 0x69, 0x6E, 0x42, 0x6F, 0x78, 0x2E, 0x03,
		0x00, 0x96, 0x01, 0x42, 0x50, 0x56, 0x45, 0x43, 0x48, 0x00, 0x70, 0x4C,
		0x49, 0x54, 0x45, 0x52, 0x41, 0x4C, 0x1B, 0x00, 0x0B, 0x8A, 0x04, 0x03,
		0x0F, 0x00, 0x04, 0xE0, 0x05, 0x79, 0x62, 0x46, 0x6F, 0x6C, 0x6C, 0x6F,
		0x77, 0xA0, 0x04, 0x1B, 0x76, 0xC4, 0x03, 0x04, 0xA6, 0x02, 0x6B, 0x6E,
		0x44, 0x65, 0x6C, 0x74, 0x61, 0xBD, 0x04, 0x31, 0x76, 0x43, 0x50, 0x38,
		0x00, 0x05, 0xB9, 0x03, 0xD4, 0x43, 0x50, 0x52, 0x65, 0x6C, 0x61, 0x74,
		0x69, 0x76, 0x65, 0x50, 0x6F, 0x73, 0xDE, 0x06, 0x07, 0x16, 0x00, 0x20,
		0x44, 0x69, 0x78, 0x00, 0x55, 0x46, 0x6C, 0x6F, 0x61, 0x74, 0xCC, 0x04,
		0x15, 0x58, 0x71, 0x05, 0x04, 0xB9, 0x00, 0x08, 0x56, 0x05, 0x6D, 0x44,
		0x49, 0x52, 0x45, 0x43, 0x54, 0x35, 0x00, 0x1D, 0x59, 0x12, 0x00, 0x14,
		0x5A, 0x12, 0x00, 0x10, 0x49, 0x19, 0x03, 0x13, 0x70, 0xDD, 0x02, 0x00,
		0x0B, 0x00, 0x09, 0xEE, 0x02, 0x05, 0x11, 0x00, 0x10, 0x31, 0x9A, 0x00,
		0x02, 0x10, 0x00, 0x06, 0xF9, 0x02, 0x09, 0x11, 0x00, 0x00, 0x22, 0x00,
		0x52, 0x47, 0x72, 0x61, 0x64, 0x69, 0xDA, 0x01, 0x41, 0x53, 0x74, 0x6F,
		0x70, 0xD4, 0x01, 0x08, 0x78, 0x05, 0x18, 0x76, 0x77, 0x05, 0x00, 0x8A,
		0x01, 0x24, 0x61, 0x78, 0xAA, 0x01, 0x00, 0xBE, 0x01, 0x01, 0x91, 0x00,
		0x01, 0xCA, 0x01, 0x00, 0x1E, 0x05, 0x01, 0x63, 0x01, 0x04, 0xED, 0x00,
		0x05, 0x02, 0x02, 0x69, 0x4E, 0x55, 0x4D, 0x42, 0x45, 0x52, 0xF5, 0x00,
		0x01, 0x6F, 0x02, 0x0B, 0xCF, 0x03, 0x32, 0x4C, 0x4F, 0x4F, 0xCE, 0x03,
		0x12, 0x6E, 0x9E, 0x00, 0x54, 0x46, 0x69, 0x65, 0x6C, 0x64, 0x6C, 0x00,
		0x65, 0x4E, 0x6F, 0x72, 0x6D, 0x61, 0x6C, 0x1C, 0x05, 0x02, 0x09, 0x00,
		0x02, 0xA2, 0x00, 0x03, 0x0C, 0x00, 0x02, 0x18, 0x06, 0x01, 0x28, 0x00,
		0x00, 0x51, 0x02, 0x0C, 0xA5, 0x00, 0x00, 0xF4, 0x07, 0x31, 0x6C, 0x65,
		0x63, 0xB2, 0x01, 0x03, 0x1B, 0x00, 0x02, 0xDA, 0x00, 0x31, 0x59, 0x61,
		0x77, 0x40, 0x06, 0x04, 0xB7, 0x00, 0x03, 0x29, 0x06, 0x77, 0x55, 0x4E,
		0x49, 0x46, 0x4F, 0x52, 0x4D, 0x47, 0x00, 0x00, 0xAA, 0x02, 0x81, 0x56,
		0x65, 0x6C, 0x6F, 0x63, 0x69, 0x74, 0x79, 0xD2, 0x04, 0x02, 0x48, 0x04,
		0x03, 0x93, 0x00, 0x00, 0x1C, 0x01, 0x08, 0x05, 0x06, 0x06, 0x0F, 0x00,
		0x0D, 0x01, 0x06, 0xF1, 0x00, 0x4C, 0x6F, 0x63, 0x00, 0x6D, 0x5F, 0x54,
		0x72, 0x61, 0x6E, 0x73, 0x66, 0x6F, 0x72, 0x6D, 0x3B, 0x01, 0x23, 0x00,
		0x50, 0x24, 0x03, 0x7A, 0x49, 0x4E, 0x56, 0x41, 0x4C, 0x49, 0x44, 0xA4,
		0x00, 0x04, 0xC9, 0x08, 0x01, 0x4F, 0x07, 0x03, 0x0C, 0x00, 0x02, 0x58,
		0x00, 0x74, 0x4F, 0x70, 0x65, 0x72, 0x61, 0x74, 0x6F, 0x01, 0x08, 0x02,
		0xDE, 0x01, 0xB2, 0x6F, 0x6C, 0x61, 0x74, 0x65, 0x52, 0x61, 0x64, 0x69,
		0x75, 0x73, 0x01, 0x08, 0x26, 0x6E, 0x64, 0xBC, 0x05, 0x00, 0x4F, 0x04,
		0x02, 0x2D, 0x00, 0x52, 0x44, 0x65, 0x63, 0x61, 0x79, 0x0B, 0x00, 0x20,
		0x52, 0x6F, 0xD7, 0x08, 0x02, 0x1A, 0x03, 0x02, 0xBD, 0x00, 0x75, 0x52,
		0x6F, 0x74, 0x41, 0x78, 0x69, 0x73, 0xCD, 0x00, 0x04, 0x10, 0x00, 0x03,
		0xCE, 0x00, 0x21, 0x52, 0x6F, 0xB7, 0x06, 0x05, 0x9C, 0x07, 0x03, 0x0F,
		0x00, 0x22, 0x61, 0x78, 0x50, 0x00, 0xA3, 0x46, 0x61, 0x64, 0x65, 0x49,
		0x6E, 0x53, 0x69, 0x6D, 0x70, 0x76, 0x00, 0x02, 0x11, 0x00, 0x45, 0x54,
		0x69, 0x6D, 0x65, 0x21, 0x00, 0x00, 0x9B, 0x04, 0x0A, 0x22, 0x00, 0x00,
		0x12, 0x00, 0x01, 0x23, 0x00, 0x85, 0x6D, 0x5F, 0x52, 0x65, 0x6E, 0x64,
		0x65, 0x72, 0xD9, 0x08, 0x02, 0x0F, 0x00, 0x52, 0x53, 0x70, 0x72, 0x69,
		0x74, 0x0C, 0x07, 0x20, 0x4F, 0x72, 0xB5, 0x02, 0x01, 0xAC, 0x09, 0x0A,
		0x6F, 0x04, 0xF7, 0x05, 0x4F, 0x52, 0x49, 0x45, 0x4E, 0x54, 0x41, 0x54,
		0x49, 0x4F, 0x4E, 0x5F, 0x41, 0x4C, 0x49, 0x47, 0x4E, 0x5F, 0x54, 0x4F,
		0x8B, 0x02, 0x52, 0x4F, 0x52, 0x4D, 0x41, 0x4C, 0x1E, 0x05, 0x40, 0x74,
		0x61, 0x72, 0x74, 0x75, 0x00, 0x10, 0x53, 0x2E, 0x02, 0x03, 0x27, 0x01,
		0x07, 0x10, 0x00, 0x30, 0x4F, 0x75, 0x74, 0x60, 0x05, 0x04, 0x4B, 0x04,
		0x13, 0x6E, 0x10, 0x00, 0x54, 0x41, 0x6C, 0x70, 0x68, 0x61, 0x42, 0x06,
		0x00, 0x11, 0x00, 0x01, 0x48, 0x00, 0x1D, 0x30, 0x12, 0x00, 0x18, 0x31,
		0x12, 0x00, 0x4B, 0x45, 0x6E, 0x64, 0x30, 0x10, 0x00, 0x12, 0x31, 0x57,
		0x01, 0x81, 0x54, 0x65, 0x78, 0x74, 0x75, 0x72, 0x65, 0x73, 0x05, 0x02,
		0x00, 0xE8, 0x09, 0x03, 0x11, 0x00, 0xC3, 0x00, 0x6D, 0x61, 0x74, 0x65,
		0x72, 0x69, 0x61, 0x6C, 0x73, 0x2F, 0x70, 0x38, 0x0B, 0xF1, 0x00, 0x2F,
		0x75, 0x69, 0x2F, 0x78, 0x70, 0x5F, 0x73, 0x74, 0x61, 0x72, 0x2E, 0x76,
		0x74, 0x65, 0x25, 0x0B, 0x03, 0x2E, 0x00, 0x51, 0x42, 0x6C, 0x65, 0x6E,
		0x64, 0x22, 0x07, 0xF0, 0x0D, 0x53, 0x50, 0x52, 0x49, 0x54, 0x45, 0x43,
		0x41, 0x52, 0x44, 0x5F, 0x54, 0x45, 0x58, 0x54, 0x55, 0x52, 0x45, 0x5F,
		0x42, 0x4C, 0x45, 0x4E, 0x44, 0x5F, 0x41, 0x44, 0x44, 0x20, 0x03, 0x51,
		0x45, 0x6E, 0x61, 0x62, 0x6C, 0x20, 0x09, 0xF1, 0x04, 0x62, 0x47, 0x61,
		0x6D, 0x6D, 0x61, 0x43, 0x6F, 0x72, 0x72, 0x65, 0x63, 0x74, 0x56, 0x65,
		0x72, 0x74, 0x65, 0x78, 0xEC, 0x00, 0x10, 0x73, 0x1C, 0x00, 0x30, 0x53,
		0x61, 0x74, 0x0A, 0x0B, 0x02, 0xFE, 0x00, 0x22, 0x50, 0x72, 0xF6, 0x00,
		0x01, 0x66, 0x00, 0x01, 0xC7, 0x00, 0x00, 0x7C, 0x0B, 0x58, 0x62, 0x72,
		0x69, 0x67, 0x68, 0x74, 0x07, 0xD3, 0x53, 0x65, 0x6C, 0x66, 0x49, 0x6C,
		0x6C, 0x75, 0x6D, 0x41, 0x6D, 0x6F, 0x75, 0xC2, 0x09, 0x74, 0x44, 0x69,
		0x66, 0x66, 0x75, 0x73, 0x65, 0x12, 0x00, 0x00, 0xF2, 0x00, 0x01, 0x53,
		0x00, 0x02, 0x8F, 0x02, 0x0D, 0xD2, 0x05, 0x00, 0x1D, 0x06, 0x20, 0x4F,
		0x52, 0x81, 0x00, 0x42, 0x4F, 0x6E, 0x6C, 0x79, 0xF5, 0x01, 0xF0, 0x00,
		0x49, 0x6E, 0x45, 0x66, 0x66, 0x65, 0x63, 0x74, 0x73, 0x42, 0x6C, 0x6F,
		0x6F, 0x6D, 0x50, 0x6A, 0x0C, 0xF3, 0x01, 0x00, 0x00, 0x00, 0xB4, 0x00,
		0x00, 0x00, 0x5A, 0x00, 0x00, 0x00, 0x7E, 0x00, 0x00, 0x00, 0xFF, 0x04,
		0x00, 0x0F, 0x01, 0x00, 0x1D, 0xF3, 0x02, 0xE7, 0x00, 0x00, 0x00, 0x2C,
		0x00, 0x00, 0x00, 0x13, 0x00, 0x00, 0x00, 0x7D, 0x00, 0x00, 0x00, 0xA2,
		0x48, 0x00, 0x5D, 0x75, 0x00, 0x00, 0x00, 0x8C, 0x54, 0x00, 0x2F, 0x20,
		0xC0, 0x08, 0x00, 0x04, 0x1E, 0x40, 0x08, 0x00, 0x0F, 0x01, 0x00, 0x19,
		0x12, 0x24, 0x30, 0x00, 0x22, 0x40, 0x8F, 0x08, 0x00, 0x2A, 0x80, 0x7C,
		0x08, 0x00, 0x23, 0x00, 0x39, 0x68, 0x00, 0x2F, 0xF0, 0x3F, 0x08, 0x00,
		0x1B, 0x0E, 0x01, 0x00, 0x0E, 0x20, 0x00, 0x0F, 0x01, 0x00, 0xF1, 0x0E,
		0x40, 0x01, 0x0F, 0x47, 0x00, 0x22, 0x39, 0x80, 0x7C, 0xC0, 0x08, 0x00,
		0x3F, 0x00, 0x79, 0x40, 0xB8, 0x01, 0xFF, 0x93, 0x0F, 0xE0, 0x01, 0x16,
		0x13, 0x61, 0xD0, 0x01, 0x13, 0x6E, 0xB0, 0x03, 0x2F, 0x7F, 0xC0, 0x08,
		0x00, 0x04, 0x1E, 0x40, 0x08, 0x00, 0x0F, 0x01, 0x00, 0x61, 0x2A, 0x39,
		0xC0, 0x08, 0x00, 0x2F, 0x24, 0xC0, 0x90, 0x02, 0xFF, 0x94, 0x2A, 0x39,
		0x40, 0x08, 0x00, 0x2F, 0x3E, 0xC0, 0x48, 0x04, 0xFF, 0xBB, 0x0E, 0x80,
		0x00, 0x1E, 0xBF, 0x08, 0x00, 0x0E, 0x98, 0x00, 0x0F, 0xB8, 0x01, 0xB7,
		0x0F, 0xC8, 0x02, 0xFF, 0xA6, 0x0F, 0xB8, 0x01, 0xFF, 0x83, 0x50, 0x00,
		0x00, 0x00, 0x00, 0x00, 0x93, 0x0D, 0x00, 0x00, 0x00, 0x02, 0x00, 0x00,
		0x00, 0x03, 0x04, 0x00, 0x6E, 0x2F, 0x00, 0x00, 0x00, 0x04, 0x00, 0x04,
		0x00, 0x1B, 0x02, 0x04, 0x00, 0x00, 0x2C, 0x00, 0x17, 0x17, 0x30, 0x00,
		0x0F, 0x08, 0x00, 0x05, 0x1F, 0x01, 0x28, 0x00, 0x18, 0x00, 0x54, 0x00,
		0x1F, 0x2E, 0x78, 0x00, 0x04, 0x13, 0x04, 0x20, 0x00, 0x17, 0x24, 0x30,
		0x00, 0x17, 0x02, 0x40, 0x00, 0x1F, 0x07, 0x90, 0x00, 0x40, 0x04, 0x64,
		0x00, 0x08, 0x18, 0x01, 0x13, 0x03, 0x18, 0x00, 0x17, 0x05, 0x9C, 0x00,
		0x1E, 0x11, 0xC0, 0x00, 0x0D, 0x08, 0x00, 0x0F, 0x74, 0x00, 0x15, 0x1F,
		0x04, 0xA0, 0x00, 0x1C, 0xC2, 0x03, 0x03, 0x04, 0x01, 0x01, 0x03, 0x04,
		0x04, 0x02, 0x02, 0x09, 0x03, 0x01, 0x00, 0x26, 0x02, 0x02, 0x03, 0x00,
		0x06, 0x01, 0x00, 0x0C, 0x16, 0x00, 0x45, 0x02, 0x02, 0x02, 0x02, 0x17,
		0x00, 0x0F, 0x39, 0x00, 0x1B, 0x5D, 0x05, 0x03, 0x03, 0x02, 0x03, 0x2C,
		0x00, 0x0F, 0x3E, 0x00, 0x12, 0x00, 0xB2, 0x00, 0x06, 0x58, 0x01, 0x22,
		0x88, 0x13, 0x34, 0x01, 0x13, 0x04, 0x50, 0x01, 0x53, 0x0C, 0x00, 0x00,
		0x00, 0x06, 0x04, 0x00, 0x13, 0x07, 0x08, 0x00, 0xD3, 0x08, 0x00, 0x00,
		0x00, 0x09, 0x00, 0x00, 0x00, 0x0A, 0x00, 0x00, 0x00, 0x0B, 0x24, 0x00,
		0x00, 0xB4, 0x02, 0x93, 0x0E, 0x00, 0x00, 0x00, 0x0F, 0x00, 0x00, 0x00,
		0x10, 0x80, 0x01, 0x62, 0x12, 0x00, 0x00, 0x00, 0x13, 0x00, 0x01, 0x00,
		0x93, 0x14, 0x00, 0x00, 0x00, 0x15, 0x00, 0x00, 0x00, 0x16, 0x4C, 0x01,
		0xF3, 0x06, 0x18, 0x00, 0x00, 0x00, 0x19, 0x00, 0x00, 0x00, 0x1A, 0x00,
		0x00, 0x00, 0x1B, 0x00, 0x00, 0x00, 0xFF, 0xFF, 0xFF, 0xFF, 0x1C, 0x84,
		0x00, 0x13, 0x1D, 0xB8, 0x01, 0x13, 0x1E, 0x70, 0x00, 0xF3, 0x02, 0x1F,
		0x00, 0x00, 0x00, 0x20, 0x00, 0x00, 0x00, 0x21, 0x00, 0x00, 0x00, 0x22,
		0x00, 0x00, 0x00, 0x23, 0x30, 0x00, 0x00, 0x78, 0x02, 0xF3, 0x12, 0x25,
		0x00, 0x00, 0x00, 0x26, 0x00, 0x00, 0x00, 0x27, 0x00, 0x00, 0x00, 0x28,
		0x00, 0x00, 0x00, 0x29, 0x00, 0x00, 0x00, 0x2A, 0x00, 0x00, 0x00, 0x2B,
		0x00, 0x00, 0x00, 0x2C, 0x00, 0x00, 0x00, 0x2D, 0xF0, 0x01, 0x00, 0xA4,
		0x01, 0xFF, 0x7A, 0x30, 0x00, 0x00, 0x00, 0x31, 0x00, 0x00, 0x00, 0x32,
		0x00, 0x00, 0x00, 0x33, 0x00, 0x00, 0x00, 0x34, 0x00, 0x00, 0x00, 0x35,
		0x00, 0x00, 0x00, 0x36, 0x00, 0x00, 0x00, 0x37, 0x00, 0x00, 0x00, 0x38,
		0x00, 0x00, 0x00, 0x39, 0x00, 0x00, 0x00, 0x3A, 0x00, 0x00, 0x00, 0x3B,
		0x00, 0x00, 0x00, 0x3C, 0x00, 0x00, 0x00, 0x3D, 0x00, 0x00, 0x00, 0x3E,
		0x00, 0x00, 0x00, 0x3F, 0x00, 0x00, 0x00, 0x40, 0x00, 0x00, 0x00, 0x41,
		0x00, 0x00, 0x00, 0x42, 0x00, 0x00, 0x00, 0x43, 0x00, 0x00, 0x00, 0x44,
		0x00, 0x00, 0x00, 0x45, 0x00, 0x00, 0x00, 0x46, 0x00, 0x00, 0x00, 0x47,
		0x00, 0x00, 0x00, 0x48, 0x00, 0x00, 0x00, 0x49, 0x00, 0x00, 0x00, 0x4A,
		0x00, 0x00, 0x00, 0x4B, 0x00, 0x00, 0x00, 0x4C, 0x00, 0x00, 0x00, 0x4D,
		0x00, 0x00, 0x00, 0x4E, 0x00, 0x00, 0x00, 0x4F, 0x00, 0x00, 0x00, 0x50,
		0x00, 0x00, 0x00, 0x51, 0x00, 0x00, 0x00, 0x52, 0x10, 0x00, 0x20, 0xD3,
		0x53, 0x00, 0x00, 0x00, 0x54, 0x00, 0x00, 0x00, 0x55, 0x00, 0x00, 0x00,
		0x56, 0x08, 0x00, 0x0F, 0x10, 0x00, 0x1D, 0xF3, 0x02, 0x57, 0x00, 0x00,
		0x00, 0x58, 0x00, 0x00, 0x00, 0x59, 0x00, 0x00, 0x00, 0x5A, 0x00, 0x00,
		0x00, 0x5B, 0x9C, 0x01, 0x53, 0x5C, 0x00, 0x00, 0x00, 0x5D, 0x9C, 0x01,
		0x97, 0x5E, 0x00, 0x00, 0x00, 0x5F, 0x00, 0x00, 0x00, 0x60, 0x98, 0x01,
		0x17, 0x61, 0x8C, 0x01, 0x40, 0x62, 0x00, 0x00, 0x00, 0xA8, 0x01, 0xF3,
		0x02, 0x63, 0x00, 0x00, 0x00, 0x64, 0x00, 0x00, 0x00, 0x65, 0x00, 0x00,
		0x00, 0x66, 0x00, 0x00, 0x00, 0x67, 0x40, 0x00, 0x13, 0x68, 0xDC, 0x01,
		0x1E, 0x69, 0xDC, 0x01, 0x0F, 0xD8, 0x01, 0xC2, 0x13, 0x00, 0x9C, 0x01,
		0x17, 0x00, 0x60, 0x01, 0x1F, 0x6A, 0x0C, 0x01, 0xF8, 0x1F, 0x6B, 0x0C,
		0x01, 0xF8, 0x1F, 0x6C, 0x0C, 0x01, 0xF8, 0xF3, 0x06, 0x6D, 0x00, 0x00,
		0x00, 0x6E, 0x00, 0x00, 0x00, 0x6F, 0x00, 0x00, 0x00, 0x70, 0x00, 0x00,
		0x00, 0x71, 0x00, 0x00, 0x00, 0x72, 0x24, 0x00, 0x9F, 0x73, 0x00, 0x00,
		0x00, 0x74, 0x00, 0x00, 0x00, 0x75, 0x94, 0x04, 0xFF, 0xFF, 0xFF, 0xFF,
		0x84, 0x00, 0x01, 0x00, 0x53, 0x76, 0x00, 0x00, 0x00, 0x77, 0x38, 0x01,
		0x13, 0x78, 0x38, 0x01, 0x1F, 0x79, 0x38, 0x01, 0x90, 0x1F, 0x7A, 0x38,
		0x01, 0x14, 0x0F, 0xC0, 0x0A, 0x21, 0x1F, 0x53, 0x80, 0x0A, 0x18, 0x13,
		0x7B, 0xE8, 0x00, 0x00, 0x01, 0x00, 0xD3, 0x7C, 0x00, 0x00, 0x00, 0x7D,
		0x00, 0x00, 0x00, 0x7E, 0x00, 0x00, 0x00, 0x7F, 0x14, 0x00, 0x17, 0x80,
		0x60, 0x01, 0x0C, 0x98, 0x02, 0x0F, 0x58, 0x01, 0x0D, 0x0F, 0x4C, 0x01,
		0x05, 0x0F, 0x48, 0x01, 0x2D, 0x0F, 0x78, 0x02, 0x09, 0x0F, 0x60, 0x02,
		0x15, 0x08, 0xF8, 0x00, 0x2E, 0x81, 0x00, 0x4C, 0x02, 0x1F, 0x82, 0x84,
		0x03, 0xF0, 0x00, 0x01, 0x00, 0x9F, 0x83, 0x00, 0x00, 0x00, 0x84, 0x00,
		0x00, 0x00, 0x85, 0x00, 0x08, 0xFF, 0xFF, 0xFF, 0xFF, 0x84, 0x1F, 0x86,
		0x94, 0x04, 0xFF, 0xFF, 0xFF, 0xFF, 0x84, 0x00, 0xC0, 0x00, 0x10, 0x87,
		0xBC, 0x17, 0x03, 0x38, 0x01, 0x13, 0x89, 0x20, 0x00, 0x57, 0x8A, 0x00,
		0x00, 0x00, 0x8B, 0x74, 0x0A, 0x0F, 0x6C, 0x0A, 0xFD, 0x00, 0x90, 0x0B,
		0x13, 0x8C, 0x14, 0x00, 0x93, 0x8D, 0x00, 0x00, 0x00, 0x8E, 0x00, 0x00,
		0x00, 0x8F, 0x10, 0x00, 0x13, 0x90, 0x08, 0x00, 0xF3, 0x02, 0x91, 0x00,
		0x00, 0x00, 0x92, 0x00, 0x00, 0x00, 0x93, 0x00, 0x00, 0x00, 0x94, 0x00,
		0x00, 0x00, 0x95, 0x18, 0x00, 0x53, 0x96, 0x00, 0x00, 0x00, 0x97, 0x0C,
		0x00, 0x93, 0x98, 0x00, 0x00, 0x00, 0x99, 0x00, 0x00, 0x00, 0x9A, 0x10,
		0x00, 0xF7, 0x2A, 0x9B, 0x00, 0x00, 0x00, 0x9C, 0x00, 0x00, 0x00, 0x9D,
		0x00, 0x00, 0x00, 0x9E, 0x00, 0x00, 0x00, 0x9F, 0x00, 0x00, 0x00, 0xA0,
		0x00, 0x00, 0x00, 0xA1, 0x00, 0x00, 0x00, 0xC8, 0x00, 0x00, 0x00, 0xA2,
		0x00, 0x00, 0x00, 0xA3, 0x00, 0x00, 0x00, 0xA4, 0x00, 0x00, 0x00, 0xA5,
		0x00, 0x00, 0x00, 0xA6, 0x00, 0x00, 0x00, 0xA7, 0x00, 0x00, 0x00, 0xA8,
		0x08, 0x00, 0xFF, 0x06, 0xA9, 0x00, 0x00, 0x00, 0xAA, 0x00, 0x00, 0x00,
		0xAB, 0x00, 0x00, 0x00, 0xAC, 0x00, 0x00, 0x00, 0xAD, 0x00, 0x00, 0x00,
		0xAE, 0x18, 0x03, 0xC8, 0x0F, 0xB4, 0x01, 0x15, 0x1F, 0xAF, 0x04, 0x01,
		0xF0, 0x1F, 0xB0, 0x04, 0x01, 0xF0, 0x13, 0xB1, 0x04, 0x01, 0x1F, 0xB2,
		0x1C, 0x16, 0xFF, 0xFF, 0xFF, 0xFF, 0x80, 0x1F, 0x9B, 0x9C, 0x04, 0xFF,
		0xFF, 0xFF, 0xFF, 0x88, 0x08, 0x64, 0x0C, 0x27, 0xB3, 0x00, 0x01, 0x00,
		0x50, 0x40, 0x7F, 0x40, 0x9A, 0x99, 0x01, 0x00, 0x22, 0xB9, 0x3F, 0x11,
		0x00, 0x13, 0xE0, 0x08, 0x00, 0x24, 0x50, 0x40, 0x20, 0x00, 0x02, 0x08,
		0x00, 0xF5, 0x02, 0x8F, 0x40, 0x14, 0xAE, 0x47, 0xE1, 0x7A, 0x14, 0x2A,
		0x40, 0x6B, 0x0C, 0x3A, 0x21, 0x74, 0xF9, 0x57, 0x08, 0x00, 0xF5, 0x08,
		0x0A, 0xF8, 0x35, 0x92, 0x04, 0x81, 0x06, 0x40, 0x14, 0x93, 0x37, 0xC0,
		0xCC, 0xAC, 0x71, 0x40, 0x77, 0x48, 0x31, 0x40, 0xA2, 0xD3, 0x58, 0x08,
		0x00, 0xF5, 0x08, 0xC5, 0x8D, 0x5B, 0xCC, 0xCF, 0x4D, 0x14, 0x40, 0x78,
		0x45, 0xF0, 0xBF, 0xF5, 0x28, 0x80, 0x40, 0xE8, 0x87, 0x11, 0xC2, 0xA3,
		0xF2, 0x58, 0x08, 0x00, 0x02, 0x70, 0x00, 0x15, 0x24, 0x68, 0x00, 0x75,
		0x0F, 0x60, 0x91, 0x5F, 0x3F, 0x84, 0x58, 0x08, 0x00, 0x0C, 0xA0, 0x00,
		0x0F, 0x10, 0x00, 0x6D, 0x04, 0x18, 0x01, 0x84, 0xBA, 0xD9, 0x1F, 0x28,
		0xB7, 0x6D, 0xFB, 0x3F, 0x08, 0x00, 0x02, 0xBD, 0x1A, 0x13, 0x61, 0xD0,
		0x00, 0x1D, 0x6E, 0x20, 0x00, 0x04, 0x48, 0x00, 0x0F, 0x60, 0x00, 0x03,
		0x31, 0xE1, 0x3F, 0x33, 0x01, 0x00, 0x1F, 0xF7, 0x70, 0x00, 0x02, 0x4F,
		0xF0, 0x69, 0xF8, 0x40, 0xF8, 0x00, 0x72, 0x23, 0x00, 0x08, 0xE0, 0x00,
		0x13, 0x10, 0x08, 0x00, 0x1D, 0x18, 0x98, 0x00, 0x02, 0xC8, 0x00, 0x14,
		0xE3, 0x48, 0x02, 0x19, 0xC0, 0x50, 0x02, 0x25, 0x00, 0xE0, 0x28, 0x00,
		0x20, 0xCD, 0xCC, 0x01, 0x00, 0x31, 0xDC, 0x3F, 0x66, 0x01, 0x00, 0x1B,
		0xE2, 0x20, 0x01, 0x24, 0xE9, 0x3F, 0x68, 0x00, 0x0F, 0x88, 0x00, 0x03,
		0x1F, 0x00, 0x18, 0x02, 0x7E, 0x0C, 0x10, 0x00, 0xF2, 0x04, 0x09, 0x06,
		0x0B, 0x19, 0x05, 0x19, 0x05, 0x0B, 0x0B, 0x0B, 0x19, 0x0B, 0x18, 0x09,
		0x06, 0x09, 0x06, 0x06, 0x06, 0x07, 0x00, 0xF0, 0x14, 0x05, 0x06, 0x0B,
		0x0B, 0x0B, 0x0F, 0x11, 0x12, 0x0E, 0x0B, 0x06, 0x11, 0x11, 0x11, 0x11,
		0x0F, 0x11, 0x12, 0x05, 0x19, 0x05, 0x11, 0x10, 0x06, 0x06, 0x06, 0x12,
		0x05, 0x12, 0x0D, 0x11, 0x0E, 0x06, 0x05, 0x11, 0x02, 0x00, 0xBA, 0x12,
		0x11, 0x12, 0x06, 0x06, 0x11, 0x09, 0x18, 0x09, 0x11, 0x05, 0x01, 0x00,
		0x33, 0x18, 0x09, 0x06, 0x01, 0x00, 0x00, 0x60, 0x00, 0x01, 0x55, 0x00,
		0x00, 0x0A, 0x00, 0xA0, 0x0B, 0x06, 0x0E, 0x0B, 0x19, 0x05, 0x0F, 0x0F,
		0x19, 0x05, 0x02, 0x00, 0x6F, 0x09, 0x06, 0x06, 0x11, 0x06, 0x0F, 0x68,
		0x00, 0x0B, 0x10, 0x12, 0x64, 0x00, 0x04, 0x68, 0x00, 0x2F, 0x08, 0x08,
		0x37, 0x00, 0x96, 0x21, 0x11, 0x12, 0x3D, 0x00, 0x03, 0x43, 0x00, 0x0F,
		0xFB, 0x00, 0xE6, 0x1F, 0x06, 0x44, 0x00, 0x15, 0x02, 0x4C, 0x02, 0x01,
		0x4B, 0x02, 0x18, 0x11, 0x43, 0x02, 0x01, 0x9F, 0x02, 0x01, 0x06, 0x00,
		0x11, 0x0D, 0x98, 0x02, 0x02, 0x4B, 0x00, 0x01, 0x49, 0x00, 0x0A, 0x48,
		0x00, 0x02, 0x8A, 0x00, 0x05, 0x85, 0x00, 0x26, 0x0B, 0x06, 0x7B, 0x00,
		0x2F, 0x05, 0x05, 0xBF, 0x00, 0x19, 0x2F, 0x06, 0x05, 0xAB, 0x02, 0xFF,
		0xE4, 0x6F, 0x05, 0x12, 0x09, 0x06, 0x06, 0x0B, 0x36, 0x02, 0x25, 0x62,
		0x10, 0x18, 0x09, 0x06, 0x11, 0x05, 0xB0, 0x02, 0x51, 0x05, 0x05, 0x06,
		0x05, 0x06, 0xC0, 0x02, 0xF1, 0x04, 0x05, 0x05, 0x19, 0x0B, 0x0B, 0x11,
		0x05, 0x05, 0x12, 0x18, 0x09, 0x86, 0x01, 0x86, 0x01, 0x06, 0x0E, 0x0E,
		0x0E, 0x5D, 0x05, 0x0F, 0xAA, 0x00, 0x16, 0x07, 0xE0, 0x00, 0x0F, 0x36,
		0x00, 0x23, 0x1F, 0x11, 0x36, 0x00, 0x21, 0x0F, 0xAF, 0x04, 0xE9, 0x0F,
		0xFC, 0x00, 0xE6, 0x90, 0x18, 0x09, 0x86, 0x01, 0x0D, 0x00, 0xDD, 0xEE,
		0xFF
	};

	inline unsigned char poxian_exp[ 3249 ]
	{
		0xB1, 0x0C, 0x00, 0x00, 0x0C, 0x00, 0x01, 0x00, 0x08, 0x00, 0x00, 0x00,
		0x03, 0x00, 0x00, 0x00, 0x52, 0x45, 0x52, 0x4C, 0x20, 0x00, 0x00, 0x00,
		0xC5, 0x00, 0x00, 0x00, 0x52, 0x45, 0x44, 0x32, 0xE0, 0x00, 0x00, 0x00,
		0xA1, 0x02, 0x00, 0x00, 0x44, 0x41, 0x54, 0x41, 0x84, 0x03, 0x00, 0x00,
		0x01, 0x09, 0x00, 0x00, 0x0C, 0x00, 0x00, 0x00, 0x03, 0x00, 0x00, 0x00,
		0x00, 0x00, 0x00, 0x00, 0xAB, 0x78, 0x3A, 0x53, 0xC8, 0xFB, 0x09, 0x80,
		0x28, 0x00, 0x00, 0x00, 0x00, 0x00, 0x00, 0x00, 0xE7, 0x77, 0xF6, 0x43,
		0x47, 0x30, 0x41, 0x1E, 0x53, 0x00, 0x00, 0x00, 0x00, 0x00, 0x00, 0x00,
		0xE8, 0x66, 0xE7, 0xFD, 0x37, 0x28, 0x1D, 0x2D, 0x6A, 0x00, 0x00, 0x00,
		0x00, 0x00, 0x00, 0x00, 0x6D, 0x61, 0x74, 0x65, 0x72, 0x69, 0x61, 0x6C,
		0x73, 0x2F, 0x70, 0x61, 0x72, 0x74, 0x69, 0x63, 0x6C, 0x65, 0x2F, 0x70,
		0x61, 0x72, 0x74, 0x69, 0x63, 0x6C, 0x65, 0x5F, 0x66, 0x6C, 0x61, 0x72,
		0x65, 0x73, 0x2F, 0x70, 0x61, 0x72, 0x74, 0x69, 0x63, 0x6C, 0x65, 0x5F,
		0x66, 0x6C, 0x61, 0x72, 0x65, 0x5F, 0x30, 0x30, 0x31, 0x2E, 0x76, 0x74,
		0x65, 0x78, 0x00, 0x70, 0x61, 0x72, 0x74, 0x69, 0x63, 0x6C, 0x65, 0x73,
		0x2F, 0x65, 0x78, 0x67, 0x2F, 0x70, 0x6F, 0x78, 0x69, 0x61, 0x6E, 0x2F,
		0x70, 0x6F, 0x78, 0x69, 0x61, 0x6E, 0x5F, 0x65, 0x78, 0x70, 0x5F, 0x32,
		0x2E, 0x76, 0x70, 0x63, 0x66, 0x00, 0x70, 0x61, 0x72, 0x74, 0x69, 0x63,
		0x6C, 0x65, 0x73, 0x2F, 0x65, 0x78, 0x67, 0x2F, 0x70, 0x6F, 0x78, 0x69,
		0x61, 0x6E, 0x2F, 0x70, 0x6F, 0x78, 0x69, 0x61, 0x6E, 0x5F, 0x65, 0x78,
		0x70, 0x5F, 0x33, 0x2E, 0x76, 0x70, 0x63, 0x66, 0x00, 0x00, 0x00, 0x00,
		0x00, 0x00, 0x00, 0x00, 0x04, 0x33, 0x56, 0x4B, 0x7C, 0x16, 0x12, 0x74,
		0xE9, 0x06, 0x98, 0x46, 0xAF, 0xF2, 0xE6, 0x3E, 0xB5, 0x90, 0x37, 0xE7,
		0x01, 0x00, 0x00, 0x00, 0x00, 0x00, 0x00, 0x40, 0x03, 0x00, 0x00, 0x00,
		0x33, 0x00, 0x00, 0x00, 0x00, 0x00, 0x00, 0x00, 0x70, 0x02, 0x00, 0x00,
		0x06, 0x00, 0x07, 0x00, 0x44, 0x03, 0x00, 0x00, 0x59, 0x02, 0x00, 0x00,
		0x00, 0x00, 0x00, 0x00, 0x00, 0x00, 0x00, 0x00, 0x00, 0x00, 0x00, 0x00,
		0x00, 0x00, 0x00, 0x00, 0xA2, 0x01, 0x01, 0x02, 0x00, 0x1F, 0x00, 0x00,
		0x00, 0x0A, 0x00, 0x01, 0x00, 0xF0, 0x0D, 0x06, 0x00, 0x00, 0x00, 0x01,
		0x00, 0x00, 0x00, 0x02, 0x00, 0x00, 0x00, 0x03, 0x00, 0x00, 0x00, 0x04,
		0x00, 0x00, 0x00, 0x05, 0x00, 0x00, 0x00, 0x22, 0x50, 0xB6, 0xBC, 0x1C,
		0x00, 0x93, 0x07, 0x00, 0x00, 0x00, 0x08, 0x00, 0x00, 0x00, 0x09, 0x30,
		0x00, 0x13, 0x0A, 0x24, 0x00, 0xF3, 0x0A, 0x0B, 0x00, 0x00, 0x00, 0x0C,
		0x00, 0x00, 0x00, 0x0D, 0x00, 0x00, 0x00, 0x0E, 0x00, 0x00, 0x00, 0x0F,
		0x00, 0x00, 0x00, 0x10, 0x00, 0x00, 0x00, 0x11, 0x20, 0x00, 0xD3, 0x12,
		0x00, 0x00, 0x00, 0x13, 0x00, 0x00, 0x00, 0x14, 0x00, 0x00, 0x00, 0x15,
		0x20, 0x00, 0x00, 0x64, 0x00, 0x17, 0x16, 0x20, 0x00, 0x1F, 0x17, 0x20,
		0x00, 0x04, 0x13, 0x18, 0x6C, 0x00, 0x13, 0x19, 0x08, 0x00, 0x13, 0x1A,
		0x08, 0x00, 0x13, 0x1B, 0xAC, 0x00, 0xF3, 0x38, 0x1C, 0x00, 0x00, 0x00,
		0x1D, 0x00, 0x00, 0x00, 0x1E, 0x00, 0x00, 0x00, 0x6D, 0x5F, 0x49, 0x6E,
		0x70, 0x75, 0x74, 0x44, 0x65, 0x70, 0x65, 0x6E, 0x64, 0x65, 0x6E, 0x63,
		0x69, 0x65, 0x73, 0x00, 0x6D, 0x5F, 0x52, 0x65, 0x6C, 0x61, 0x74, 0x69,
		0x76, 0x65, 0x46, 0x69, 0x6C, 0x65, 0x6E, 0x61, 0x6D, 0x65, 0x00, 0x70,
		0x61, 0x72, 0x74, 0x69, 0x63, 0x6C, 0x65, 0x73, 0x2F, 0x65, 0x78, 0x67,
		0x2F, 0x70, 0x6F, 0x78, 0x69, 0x61, 0x6E, 0x07, 0x00, 0xF1, 0x12, 0x5F,
		0x65, 0x78, 0x70, 0x2E, 0x76, 0x70, 0x63, 0x66, 0x00, 0x6D, 0x5F, 0x53,
		0x65, 0x61, 0x72, 0x63, 0x68, 0x50, 0x61, 0x74, 0x68, 0x00, 0x63, 0x73,
		0x67, 0x6F, 0x5F, 0x61, 0x64, 0x64, 0x6F, 0x6E, 0x34, 0x00, 0x70, 0x66,
		0x69, 0x78, 0x00, 0x6D, 0x5F, 0x6E, 0x51, 0x00, 0xF0, 0x00, 0x43, 0x52,
		0x43, 0x00, 0x6D, 0x5F, 0x62, 0x4F, 0x70, 0x74, 0x69, 0x6F, 0x6E, 0x61,
		0x6C, 0x0C, 0x00, 0x00, 0x17, 0x00, 0x60, 0x45, 0x78, 0x69, 0x73, 0x74,
		0x73, 0x0E, 0x00, 0x51, 0x49, 0x73, 0x47, 0x61, 0x6D, 0x7C, 0x00, 0x72,
		0x00, 0x6D, 0x5F, 0x41, 0x64, 0x64, 0x69, 0x29, 0x00, 0x0F, 0xA9, 0x00,
		0x01, 0x7C, 0x41, 0x72, 0x67, 0x75, 0x6D, 0x65, 0x6E, 0x17, 0x00, 0xA0,
		0x50, 0x61, 0x72, 0x61, 0x6D, 0x65, 0x74, 0x65, 0x72, 0x4E, 0xBD, 0x00,
		0xB2, 0x5F, 0x5F, 0x5F, 0x4F, 0x76, 0x65, 0x72, 0x72, 0x69, 0x64, 0x65,
		0x44, 0x00, 0x68, 0x61, 0x74, 0x61, 0x5F, 0x5F, 0x5F, 0x28, 0x00, 0xF2,
		0x03, 0x54, 0x79, 0x70, 0x65, 0x00, 0x42, 0x69, 0x6E, 0x61, 0x72, 0x79,
		0x42, 0x6C, 0x6F, 0x62, 0x41, 0x72, 0x67, 0xAE, 0x00, 0x9B, 0x6E, 0x67,
		0x65, 0x72, 0x70, 0x72, 0x69, 0x6E, 0x74, 0x0F, 0x00, 0x70, 0x44, 0x65,
		0x66, 0x61, 0x75, 0x6C, 0x74, 0xF3, 0x00, 0x6B, 0x70, 0x65, 0x63, 0x69,
		0x61, 0x6C, 0x81, 0x00, 0xF4, 0x0F, 0x53, 0x74, 0x72, 0x69, 0x6E, 0x67,
		0x00, 0x4B, 0x56, 0x33, 0x20, 0x43, 0x6F, 0x6D, 0x70, 0x69, 0x6C, 0x65,
		0x72, 0x20, 0x56, 0x65, 0x72, 0x73, 0x69, 0x6F, 0x6E, 0x00, 0x6D, 0x5F,
		0x13, 0x00, 0xB3, 0x49, 0x64, 0x65, 0x6E, 0x74, 0x69, 0x66, 0x69, 0x65,
		0x72, 0x00, 0x13, 0x00, 0x13, 0x50, 0x68, 0x01, 0x00, 0x6F, 0x00, 0x40,
		0x55, 0x73, 0x65, 0x72, 0xAB, 0x00, 0x14, 0x00, 0x15, 0x00, 0x0E, 0x4B,
		0x00, 0x08, 0x1F, 0x01, 0x01, 0xB4, 0x01, 0x20, 0x65, 0x64, 0x37, 0x01,
		0x10, 0x73, 0x64, 0x00, 0xF0, 0x00, 0x68, 0x69, 0x6C, 0x64, 0x52, 0x65,
		0x73, 0x6F, 0x75, 0x72, 0x63, 0x65, 0x4C, 0x69, 0x73, 0xAC, 0x00, 0xB5,
		0x57, 0x65, 0x61, 0x6B, 0x52, 0x65, 0x66, 0x65, 0x72, 0x65, 0x6E, 0x14,
		0x00, 0x02, 0xB3, 0x01, 0x45, 0x61, 0x62, 0x6C, 0x65, 0x70, 0x00, 0x29,
		0x49, 0x73, 0x3D, 0x00, 0x00, 0x25, 0x00, 0x75, 0x75, 0x62, 0x61, 0x73,
		0x73, 0x65, 0x74, 0x3D, 0x00, 0x16, 0x73, 0x15, 0x00, 0x00, 0x0C, 0x01,
		0x21, 0x69, 0x6E, 0x85, 0x00, 0xC0, 0x73, 0x00, 0x09, 0x18, 0x09, 0x06,
		0x06, 0x0C, 0x0E, 0x0D, 0x0E, 0x08, 0x09, 0x00, 0x21, 0x0F, 0x0F, 0x0F,
		0x00, 0x10, 0x0F, 0x04, 0x00, 0xB0, 0x08, 0x08, 0x08, 0x09, 0x0F, 0x01,
		0x01, 0x00, 0xDD, 0xEE, 0xFF, 0x00, 0x00, 0x00, 0x00, 0x00, 0x00, 0x00,
		0x00, 0x00, 0x00, 0x00, 0x00, 0x00, 0x00, 0x00, 0x04, 0x33, 0x56, 0x4B,
		0x1D, 0xCE, 0xD3, 0x39, 0x42, 0x94, 0x07, 0x44, 0x9B, 0x78, 0x83, 0x17,
		0x14, 0x5B, 0x17, 0x32, 0x01, 0x00, 0x00, 0x00, 0x00, 0x00, 0x00, 0x40,
		0x1A, 0x00, 0x00, 0x00, 0x6F, 0x01, 0x00, 0x00, 0x3D, 0x00, 0x00, 0x00,
		0x0F, 0x09, 0x00, 0x00, 0x1E, 0x00, 0x20, 0x00, 0xD3, 0x10, 0x00, 0x00,
		0xB9, 0x08, 0x00, 0x00, 0x00, 0x00, 0x00, 0x00, 0x00, 0x00, 0x00, 0x00,
		0x00, 0x00, 0x00, 0x00, 0x00, 0x00, 0x00, 0x00, 0xF2, 0x13, 0x03, 0x03,
		0x01, 0x01, 0x01, 0x07, 0x03, 0x03, 0x03, 0x03, 0x02, 0x02, 0x04, 0x03,
		0x03, 0x04, 0x03, 0x01, 0x01, 0x03, 0x02, 0x02, 0x03, 0x02, 0x02, 0x02,
		0x00, 0x00, 0x75, 0x00, 0x00, 0x00, 0x0C, 0x00, 0x01, 0x00, 0x00, 0x08,
		0x00, 0xF3, 0x0E, 0x01, 0x00, 0x00, 0x00, 0x02, 0x00, 0x00, 0x00, 0x03,
		0x00, 0x00, 0x00, 0x0A, 0x00, 0x00, 0x00, 0x04, 0x00, 0x00, 0x00, 0x05,
		0x00, 0x00, 0x00, 0x06, 0x00, 0x00, 0x00, 0x07, 0x1C, 0x00, 0x53, 0x08,
		0x00, 0x00, 0x00, 0x09, 0x20, 0x00, 0x00, 0x10, 0x00, 0x13, 0x0B, 0x3C,
		0x00, 0x93, 0x0D, 0x00, 0x00, 0x00, 0x0E, 0x00, 0x00, 0x00, 0x0F, 0x40,
		0x00, 0x00, 0x4C, 0x00, 0x53, 0x10, 0x00, 0x00, 0x00, 0x11, 0x10, 0x00,
		0xF3, 0x12, 0x12, 0x00, 0x00, 0x00, 0x13, 0x00, 0x00, 0x00, 0x14, 0x00,
		0x00, 0x00, 0xFF, 0xFF, 0xFF, 0xFF, 0x15, 0x00, 0x00, 0x00, 0x32, 0x00,
		0x00, 0x00, 0x16, 0x00, 0x00, 0x00, 0x28, 0x00, 0x00, 0x00, 0x17, 0x5C,
		0x00, 0x00, 0x38, 0x00, 0xF7, 0x0E, 0x18, 0x00, 0x00, 0x00, 0x19, 0x00,
		0x00, 0x00, 0x1A, 0x00, 0x00, 0x00, 0x1B, 0x00, 0x00, 0x00, 0x1C, 0x00,
		0x00, 0x00, 0x1D, 0x00, 0x00, 0x00, 0x1E, 0x00, 0x00, 0x00, 0x1F, 0x60,
		0x00, 0x53, 0x20, 0x00, 0x00, 0x00, 0x21, 0x9C, 0x00, 0x00, 0x60, 0x00,
		0x13, 0x22, 0x60, 0x00, 0x00, 0x5C, 0x00, 0xF3, 0x02, 0x23, 0x00, 0x00,
		0x00, 0x24, 0x00, 0x00, 0x00, 0x25, 0x00, 0x00, 0x00, 0x26, 0x00, 0x00,
		0x00, 0x27, 0x68, 0x00, 0x13, 0x29, 0xD8, 0x00, 0x1B, 0x02, 0x44, 0x00,
		0x1F, 0x06, 0x44, 0x00, 0x14, 0x0C, 0x7C, 0x00, 0x17, 0x2F, 0x38, 0x00,
		0xD3, 0x2A, 0x00, 0x00, 0x00, 0x2B, 0x00, 0x00, 0x00, 0x2C, 0x00, 0x00,
		0x00, 0x2D, 0xE8, 0x00, 0x13, 0x2E, 0x24, 0x00, 0x00, 0x38, 0x00, 0x13,
		0x30, 0x68, 0x00, 0x17, 0x31, 0x64, 0x00, 0x13, 0x28, 0x08, 0x01, 0x00,
		0x2C, 0x00, 0x04, 0x70, 0x00, 0xFB, 0x7E, 0x33, 0x00, 0x00, 0x00, 0x34,
		0x00, 0x00, 0x00, 0x35, 0x00, 0x00, 0x00, 0x36, 0x00, 0x00, 0x00, 0x37,
		0x00, 0x00, 0x00, 0x38, 0x00, 0x00, 0x00, 0x39, 0x00, 0x00, 0x00, 0x3A,
		0x00, 0x00, 0x00, 0x3B, 0x00, 0x00, 0x00, 0x3C, 0x00, 0x00, 0x00, 0x3D,
		0x00, 0x00, 0x00, 0x3E, 0x00, 0x00, 0x00, 0x3F, 0x00, 0x00, 0x00, 0x40,
		0x00, 0x00, 0x00, 0x41, 0x00, 0x00, 0x00, 0x42, 0x00, 0x00, 0x00, 0x43,
		0x00, 0x00, 0x00, 0x44, 0x00, 0x00, 0x00, 0x45, 0x00, 0x00, 0x00, 0x46,
		0x00, 0x00, 0x00, 0x47, 0x00, 0x00, 0x00, 0x48, 0x00, 0x00, 0x00, 0x49,
		0x00, 0x00, 0x00, 0x4A, 0x00, 0x00, 0x00, 0x4B, 0x00, 0x00, 0x00, 0x4C,
		0x00, 0x00, 0x00, 0x4D, 0x00, 0x00, 0x00, 0x4E, 0x00, 0x00, 0x00, 0x4F,
		0x00, 0x00, 0x00, 0x50, 0x00, 0x00, 0x00, 0x51, 0x00, 0x00, 0x00, 0x52,
		0x00, 0x00, 0x00, 0x53, 0x00, 0x00, 0x00, 0x54, 0x00, 0x00, 0x00, 0x55,
		0x00, 0x00, 0x00, 0x56, 0x00, 0x01, 0x13, 0x57, 0x40, 0x01, 0x13, 0x58,
		0x38, 0x02, 0x13, 0x59, 0x08, 0x00, 0x53, 0x5A, 0x00, 0x00, 0x00, 0x5B,
		0x60, 0x01, 0x1F, 0x03, 0x5C, 0x01, 0x24, 0x13, 0x29, 0xCC, 0x01, 0x13,
		0x04, 0x40, 0x00, 0x6E, 0x5C, 0x00, 0x00, 0x00, 0x5D, 0x00, 0x01, 0x00,
		0xFF, 0x0E, 0x5E, 0x00, 0x00, 0x00, 0x64, 0x00, 0x00, 0x00, 0x95, 0x00,
		0x00, 0x00, 0xED, 0x00, 0x00, 0x00, 0x5F, 0x00, 0x00, 0x00, 0xB0, 0x00,
		0x00, 0x00, 0xC4, 0x00, 0x00, 0x00, 0xDE, 0x80, 0x00, 0x2C, 0x00, 0xD8,
		0x02, 0x13, 0x60, 0x40, 0x00, 0x00, 0x04, 0x00, 0x17, 0x61, 0x0C, 0x00,
		0x17, 0x62, 0x38, 0x02, 0x13, 0x63, 0x84, 0x00, 0x04, 0x10, 0x00, 0x93,
		0x65, 0x00, 0x00, 0x00, 0x66, 0x00, 0x00, 0x00, 0x67, 0x34, 0x03, 0x00,
		0x14, 0x00, 0x53, 0x68, 0x00, 0x00, 0x00, 0x69, 0x0C, 0x00, 0x97, 0x6A,
		0x00, 0x00, 0x00, 0x6B, 0x00, 0x00, 0x00, 0x6C, 0x34, 0x02, 0x1F, 0x6D,
		0x34, 0x02, 0xCC, 0x1F, 0x6E, 0x34, 0x02, 0x14, 0x5F, 0x6F, 0x00, 0x00,
		0x00, 0x70, 0x18, 0x01, 0xFF, 0x01, 0x13, 0x71, 0x3C, 0x02, 0x57, 0x72,
		0x00, 0x00, 0x00, 0x73, 0x0C, 0x00, 0x15, 0x74, 0x0A, 0x03, 0x2F, 0x70,
		0xC0, 0x08, 0x00, 0x04, 0x1F, 0x40, 0x08, 0x00, 0x02, 0x23, 0x6A, 0xF8,
		0x10, 0x00, 0x1B, 0x1C, 0x08, 0x00, 0x2A, 0xF0, 0x3F, 0x08, 0x00, 0x13,
		0xE0, 0x08, 0x00, 0x12, 0x69, 0x20, 0x00, 0x23, 0xC0, 0x72, 0x28, 0x00,
		0x0B, 0x01, 0x00, 0x2F, 0x80, 0x66, 0x18, 0x00, 0x03, 0x32, 0x00, 0x34,
		0x40, 0x20, 0x00, 0x13, 0x76, 0x20, 0x00, 0x13, 0xD0, 0x50, 0x00, 0x13,
		0x24, 0x10, 0x00, 0x13, 0x10, 0x08, 0x00, 0x40, 0x14, 0x40, 0x9A, 0x99,
		0x01, 0x00, 0x3F, 0xB9, 0x3F, 0x00, 0x01, 0x00, 0x0A, 0x1F, 0xE0, 0x20,
		0x00, 0x0B, 0x00, 0x1C, 0x01, 0xF2, 0x00, 0x88, 0xBB, 0x7A, 0x15, 0x19,
		0xC9, 0x3F, 0x7B, 0x14, 0xAE, 0x47, 0xE1, 0x7A, 0x84, 0x3F, 0x58, 0x00,
		0x14, 0xA9, 0x38, 0x00, 0x0F, 0xA8, 0x00, 0x04, 0x2F, 0x69, 0xC0, 0x88,
		0x00, 0x3D, 0x04, 0x48, 0x00, 0x0F, 0x50, 0x00, 0x35, 0xF0, 0x24, 0x6D,
		0x5F, 0x6E, 0x42, 0x65, 0x68, 0x61, 0x76, 0x69, 0x6F, 0x72, 0x56, 0x65,
		0x72, 0x73, 0x69, 0x6F, 0x6E, 0x00, 0x5F, 0x63, 0x6C, 0x61, 0x73, 0x73,
		0x00, 0x43, 0x50, 0x61, 0x72, 0x74, 0x69, 0x63, 0x6C, 0x65, 0x53, 0x79,
		0x73, 0x74, 0x65, 0x6D, 0x44, 0x65, 0x66, 0x69, 0x6E, 0x69, 0x74, 0x69,
		0x6F, 0x6E, 0x34, 0x00, 0x34, 0x4D, 0x61, 0x78, 0x1F, 0x00, 0xFB, 0x03,
		0x73, 0x00, 0x6D, 0x5F, 0x42, 0x6F, 0x75, 0x6E, 0x64, 0x69, 0x6E, 0x67,
		0x42, 0x6F, 0x78, 0x4D, 0x69, 0x6E, 0x11, 0x00, 0xF0, 0x1F, 0x61, 0x78,
		0x00, 0x6D, 0x5F, 0x66, 0x6C, 0x4D, 0x61, 0x78, 0x44, 0x72, 0x61, 0x77,
		0x44, 0x69, 0x73, 0x74, 0x61, 0x6E, 0x63, 0x65, 0x00, 0x6D, 0x5F, 0x63,
		0x6F, 0x6E, 0x74, 0x72, 0x6F, 0x6C, 0x50, 0x6F, 0x69, 0x6E, 0x74, 0x43,
		0x6F, 0x6E, 0x66, 0x69, 0x67, 0x75, 0x72, 0x61, 0x62, 0x00, 0x10, 0x73,
		0x63, 0x00, 0xF0, 0x05, 0x61, 0x6D, 0x65, 0x00, 0x70, 0x72, 0x65, 0x76,
		0x69, 0x65, 0x77, 0x00, 0x6D, 0x5F, 0x64, 0x72, 0x69, 0x76, 0x65, 0x72,
		0x19, 0x00, 0xF0, 0x1A, 0x69, 0x41, 0x74, 0x74, 0x61, 0x63, 0x68, 0x54,
		0x79, 0x70, 0x65, 0x00, 0x50, 0x41, 0x54, 0x54, 0x41, 0x43, 0x48, 0x5F,
		0x57, 0x4F, 0x52, 0x4C, 0x44, 0x4F, 0x52, 0x49, 0x47, 0x49, 0x4E, 0x00,
		0x6D, 0x5F, 0x65, 0x6E, 0x74, 0x69, 0x74, 0x79, 0x4E, 0x41, 0x00, 0xC0,
		0x73, 0x65, 0x6C, 0x66, 0x00, 0x6D, 0x5F, 0x45, 0x6D, 0x69, 0x74, 0x74,
		0x3F, 0x00, 0x70, 0x43, 0x5F, 0x4F, 0x50, 0x5F, 0x49, 0x6E, 0x83, 0x00,
		0x73, 0x74, 0x61, 0x6E, 0x65, 0x6F, 0x75, 0x73, 0x1B, 0x00, 0x00, 0x72,
		0x00, 0x05, 0xD2, 0x00, 0x20, 0x54, 0x6F, 0x16, 0x00, 0x00, 0x13, 0x00,
		0x02, 0x66, 0x00, 0xF1, 0x06, 0x46, 0x5F, 0x54, 0x59, 0x50, 0x45, 0x5F,
		0x52, 0x41, 0x4E, 0x44, 0x4F, 0x4D, 0x5F, 0x55, 0x4E, 0x49, 0x46, 0x4F,
		0x52, 0x4D, 0xD5, 0x00, 0x62, 0x52, 0x61, 0x6E, 0x64, 0x6F, 0x6D, 0xF4,
		0x00, 0x05, 0x0E, 0x00, 0x23, 0x61, 0x78, 0x23, 0x01, 0x02, 0x5C, 0x00,
		0x80, 0x64, 0x50, 0x65, 0x72, 0x46, 0x72, 0x61, 0x6D, 0xF3, 0x00, 0x10,
		0x49, 0x43, 0x01, 0x42, 0x61, 0x6C, 0x69, 0x7A, 0x8D, 0x00, 0xF0, 0x11,
		0x49, 0x4E, 0x49, 0x54, 0x5F, 0x43, 0x72, 0x65, 0x61, 0x74, 0x65, 0x57,
		0x69, 0x74, 0x68, 0x69, 0x6E, 0x53, 0x70, 0x68, 0x65, 0x72, 0x65, 0x54,
		0x72, 0x61, 0x6E, 0x73, 0x66, 0x6F, 0x72, 0x6D, 0x56, 0x00, 0x63, 0x52,
		0x61, 0x64, 0x69, 0x75, 0x73, 0x63, 0x00, 0x03, 0x0D, 0x00, 0x01, 0x62,
		0x00, 0x34, 0x76, 0x65, 0x63, 0x4D, 0x01, 0x40, 0x42, 0x69, 0x61, 0x73,
		0x1F, 0x00, 0x53, 0x53, 0x70, 0x65, 0x65, 0x64, 0x2B, 0x00, 0x02, 0x0C,
		0x00, 0x01, 0x2A, 0x00, 0xE3, 0x4C, 0x6F, 0x63, 0x61, 0x6C, 0x43, 0x6F,
		0x6F, 0x72, 0x64, 0x69, 0x6E, 0x61, 0x74, 0xD1, 0x01, 0x07, 0x2C, 0x00,
		0x0F, 0x20, 0x00, 0x08, 0x24, 0x61, 0x78, 0xA7, 0x00, 0x00, 0xBB, 0x00,
		0x51, 0x46, 0x6C, 0x6F, 0x61, 0x74, 0xC7, 0x00, 0x7D, 0x70, 0x75, 0x74,
		0x56, 0x61, 0x6C, 0x75, 0x1D, 0x01, 0x60, 0x42, 0x49, 0x41, 0x53, 0x45,
		0x44, 0x00, 0x01, 0x03, 0x0D, 0x01, 0x21, 0x6F, 0x64, 0x24, 0x00, 0x03,
		0x1F, 0x00, 0xD0, 0x4D, 0x4F, 0x44, 0x45, 0x5F, 0x43, 0x4F, 0x4E, 0x53,
		0x54, 0x41, 0x4E, 0x54, 0x7D, 0x02, 0x00, 0xBA, 0x00, 0x04, 0x65, 0x01,
		0x00, 0x3C, 0x00, 0x02, 0x4D, 0x00, 0xB1, 0x45, 0x58, 0x50, 0x4F, 0x4E,
		0x45, 0x4E, 0x54, 0x49, 0x41, 0x4C, 0x59, 0x01, 0x00, 0x26, 0x00, 0x20,
		0x50, 0x61, 0x44, 0x01, 0x02, 0xAB, 0x01, 0x42, 0x62, 0x48, 0x61, 0x73,
		0x60, 0x00, 0x80, 0x53, 0x69, 0x67, 0x6E, 0x46, 0x6C, 0x69, 0x70, 0x4C,
		0x00, 0xB2, 0x4F, 0x75, 0x74, 0x70, 0x75, 0x74, 0x46, 0x69, 0x65, 0x6C,
		0x64, 0x81, 0x01, 0x14, 0x70, 0x5A, 0x00, 0x32, 0x4D, 0x41, 0x50, 0x59,
		0x00, 0x61, 0x44, 0x49, 0x52, 0x45, 0x43, 0x54, 0x54, 0x00, 0x72, 0x4C,
		0x69, 0x74, 0x65, 0x72, 0x61, 0x6C, 0xC6, 0x00, 0x20, 0x6D, 0x5F, 0x2F,
		0x02, 0x14, 0x64, 0x0D, 0x00, 0x27, 0x6E, 0x43, 0x9B, 0x02, 0x00, 0x10,
		0x00, 0xE1, 0x53, 0x63, 0x61, 0x6C, 0x61, 0x72, 0x41, 0x74, 0x74, 0x72,
		0x69, 0x62, 0x75, 0x74, 0x23, 0x00, 0x5F, 0x56, 0x65, 0x63, 0x74, 0x6F,
		0x13, 0x00, 0x01, 0x72, 0x43, 0x6F, 0x6D, 0x70, 0x6F, 0x6E, 0x65, 0x39,
		0x00, 0x03, 0xA6, 0x00, 0x32, 0x65, 0x65, 0x64, 0x75, 0x00, 0x34, 0x4F,
		0x44, 0x30, 0x09, 0x00, 0x14, 0x31, 0x09, 0x00, 0x14, 0x32, 0x09, 0x00,
		0x10, 0x33, 0x32, 0x00, 0x52, 0x4E, 0x6F, 0x69, 0x73, 0x65, 0x61, 0x01,
		0x0D, 0x62, 0x00, 0x21, 0x66, 0x6C, 0x1E, 0x00, 0x02, 0xE9, 0x00, 0x04,
		0x76, 0x02, 0x08, 0x13, 0x00, 0x26, 0x61, 0x78, 0x13, 0x00, 0x00, 0xB4,
		0x00, 0x12, 0x65, 0x28, 0x02, 0x02, 0x23, 0x00, 0x79, 0x66, 0x66, 0x73,
		0x65, 0x74, 0x52, 0x61, 0x4A, 0x00, 0x01, 0x14, 0x00, 0x05, 0x77, 0x00,
		0x75, 0x4F, 0x63, 0x74, 0x61, 0x76, 0x65, 0x73, 0x10, 0x00, 0x91, 0x54,
		0x75, 0x72, 0x62, 0x75, 0x6C, 0x65, 0x6E, 0x63, 0x46, 0x01, 0xF6, 0x00,
		0x4E, 0x4F, 0x49, 0x53, 0x45, 0x5F, 0x54, 0x55, 0x52, 0x42, 0x5F, 0x4E,
		0x4F, 0x4E, 0x45, 0x26, 0x00, 0x28, 0x79, 0x70, 0x20, 0x00, 0x00, 0x68,
		0x01, 0x65, 0x50, 0x45, 0x52, 0x4C, 0x49, 0x4E, 0x22, 0x00, 0x85, 0x4D,
		0x6F, 0x64, 0x69, 0x66, 0x69, 0x65, 0x72, 0x26, 0x00, 0x00, 0x09, 0x02,
		0x54, 0x49, 0x46, 0x49, 0x45, 0x52, 0x4A, 0x00, 0x2B, 0x66, 0x6C, 0x71,
		0x00, 0x04, 0xBE, 0x00, 0x0D, 0x19, 0x00, 0x27, 0x4D, 0x69, 0xE4, 0x00,
		0x42, 0x49, 0x6D, 0x67, 0x50, 0x24, 0x04, 0x04, 0x30, 0x00, 0x1B, 0x62,
		0x18, 0x00, 0x34, 0x4C, 0x69, 0x76, 0x47, 0x00, 0xE0, 0x43, 0x61, 0x6D,
		0x65, 0x72, 0x61, 0x46, 0x61, 0x6C, 0x6C, 0x62, 0x61, 0x63, 0x6B, 0x2C,
		0x00, 0x31, 0x55, 0x73, 0x65, 0xAA, 0x04, 0x43, 0x73, 0x43, 0x65, 0x6E,
		0x05, 0x04, 0x01, 0x7A, 0x01, 0x04, 0xB6, 0x02, 0x53, 0x49, 0x4E, 0x50,
		0x55, 0x54, 0xB5, 0x02, 0x62, 0x4C, 0x41, 0x4D, 0x50, 0x45, 0x44, 0xCB,
		0x04, 0x50, 0x75, 0x6C, 0x74, 0x46, 0x61, 0x9D, 0x01, 0x01, 0x0F, 0x00,
		0x01, 0x33, 0x00, 0x16, 0x30, 0x0B, 0x00, 0x02, 0xD9, 0x01, 0x02, 0x92,
		0x01, 0x17, 0x30, 0x0C, 0x00, 0x13, 0x31, 0x88, 0x00, 0xA6, 0x74, 0x63,
		0x68, 0x65, 0x64, 0x52, 0x61, 0x6E, 0x67, 0x65, 0xC3, 0x01, 0x07, 0x14,
		0x00, 0x28, 0x61, 0x78, 0x14, 0x00, 0x02, 0x3B, 0x00, 0x7E, 0x4F, 0x75,
		0x74, 0x73, 0x69, 0x64, 0x65, 0x19, 0x00, 0x23, 0x49, 0x6E, 0x18, 0x00,
		0x20, 0x6E, 0x52, 0xC9, 0x00, 0x04, 0x8B, 0x01, 0x52, 0x52, 0x4F, 0x55,
		0x4E, 0x44, 0x8B, 0x01, 0x60, 0x4E, 0x45, 0x41, 0x52, 0x45, 0x53, 0xF4,
		0x02, 0x31, 0x43, 0x75, 0x72, 0x0C, 0x01, 0x50, 0x73, 0x70, 0x6C, 0x69,
		0x6E, 0x09, 0x00, 0x10, 0x74, 0x70, 0x00, 0x30, 0x6E, 0x74, 0x73, 0x25,
		0x02, 0x98, 0x44, 0x6F, 0x6D, 0x61, 0x69, 0x6E, 0x4D, 0x69, 0x6E, 0x0E,
		0x00, 0x25, 0x61, 0x78, 0xA6, 0x04, 0x02, 0xC9, 0x02, 0x31, 0x43, 0x6F,
		0x6C, 0xF5, 0x00, 0x33, 0x54, 0x69, 0x6E, 0x80, 0x02, 0x01, 0x12, 0x00,
		0x02, 0xB4, 0x00, 0x02, 0x0B, 0x00, 0x01, 0x16, 0x00, 0x74, 0x4F, 0x70,
		0x65, 0x72, 0x61, 0x74, 0x6F, 0x72, 0x05, 0x52, 0x44, 0x65, 0x63, 0x61,
		0x79, 0x0B, 0x00, 0x30, 0x46, 0x61, 0x64, 0xAD, 0x02, 0x03, 0x8A, 0x05,
		0x00, 0x76, 0x01, 0x62, 0x70, 0x6F, 0x6C, 0x61, 0x74, 0x65, 0xDA, 0x04,
		0x01, 0xE1, 0x00, 0x32, 0x45, 0x6E, 0x64, 0xCE, 0x01, 0x01, 0x24, 0x00,
		0xA2, 0x42, 0x61, 0x73, 0x69, 0x63, 0x4D, 0x6F, 0x76, 0x65, 0x6D, 0x53,
		0x03, 0xF5, 0x01, 0x47, 0x72, 0x61, 0x76, 0x69, 0x74, 0x79, 0x00, 0x6D,
		0x5F, 0x52, 0x65, 0x6E, 0x64, 0x65, 0x72, 0xD7, 0x05, 0x02, 0x0F, 0x00,
		0x62, 0x54, 0x72, 0x61, 0x69, 0x6C, 0x73, 0xF7, 0x02, 0x80, 0x54, 0x65,
		0x78, 0x74, 0x75, 0x72, 0x65, 0x73, 0x96, 0x01, 0x00, 0x3B, 0x00, 0x13,
		0x68, 0x11, 0x00, 0xC3, 0x00, 0x6D, 0x61, 0x74, 0x65, 0x72, 0x69, 0x61,
		0x6C, 0x73, 0x2F, 0x70, 0xF4, 0x05, 0x05, 0x09, 0x00, 0x7B, 0x5F, 0x66,
		0x6C, 0x61, 0x72, 0x65, 0x73, 0x10, 0x00, 0x82, 0x5F, 0x30, 0x30, 0x31,
		0x2E, 0x76, 0x74, 0x65, 0x9B, 0x01, 0xF5, 0x00, 0x53, 0x65, 0x6C, 0x66,
		0x49, 0x6C, 0x6C, 0x75, 0x6D, 0x41, 0x6D, 0x6F, 0x75, 0x6E, 0x74, 0x04,
		0x05, 0x7A, 0x4C, 0x49, 0x54, 0x45, 0x52, 0x41, 0x4C, 0xCC, 0x04, 0x00,
		0xEB, 0x04, 0x40, 0x44, 0x41, 0x52, 0x44, 0x70, 0x02, 0x42, 0x4F, 0x6E,
		0x6C, 0x79, 0xA7, 0x00, 0xF1, 0x04, 0x49, 0x6E, 0x45, 0x66, 0x66, 0x65,
		0x63, 0x73, 0x47, 0x61, 0x6D, 0x65, 0x4F, 0x76, 0x65, 0x72, 0x6C, 0x61,
		0x79, 0x5B, 0x00, 0x53, 0x44, 0x65, 0x73, 0x61, 0x74, 0x07, 0x07, 0x00,
		0x53, 0x01, 0x65, 0x68, 0x69, 0x6C, 0x64, 0x72, 0x65, 0x0B, 0x00, 0x54,
		0x52, 0x65, 0x66, 0x00, 0x70, 0xA7, 0x06, 0xB3, 0x2F, 0x65, 0x78, 0x67,
		0x2F, 0x70, 0x6F, 0x78, 0x69, 0x61, 0x6E, 0x07, 0x00, 0xAF, 0x5F, 0x65,
		0x78, 0x70, 0x5F, 0x32, 0x2E, 0x76, 0x70, 0x63, 0x27, 0x00, 0x0F, 0x12,
		0x33, 0x27, 0x00, 0xF0, 0x00, 0x09, 0x0B, 0x06, 0x0B, 0x18, 0x05, 0x18,
		0x05, 0x05, 0x18, 0x09, 0x06, 0x18, 0x09, 0x06, 0x04, 0x00, 0x90, 0x09,
		0x06, 0x0B, 0x0B, 0x0B, 0x18, 0x09, 0x06, 0x05, 0x17, 0x00, 0x10, 0x05,
		0x1D, 0x00, 0xE0, 0x06, 0x09, 0x06, 0x11, 0x05, 0x06, 0x06, 0x11, 0x0D,
		0x0B, 0x06, 0x09, 0x06, 0x05, 0x0A, 0x00, 0x20, 0x06, 0x09, 0x05, 0x00,
		0xF3, 0x12, 0x0F, 0x0B, 0x0B, 0x0F, 0x05, 0x05, 0x0E, 0x0B, 0x06, 0x11,
		0x11, 0x11, 0x11, 0x0F, 0x11, 0x12, 0x05, 0x18, 0x05, 0x11, 0x10, 0x06,
		0x06, 0x06, 0x12, 0x05, 0x12, 0x0D, 0x11, 0x0E, 0x06, 0x12, 0x11, 0x02,
		0x00, 0x60, 0x06, 0x06, 0x11, 0x09, 0x08, 0x08, 0x4A, 0x00, 0x10, 0x10,
		0x41, 0x00, 0x00, 0x10, 0x00, 0x40, 0x0B, 0x06, 0x18, 0x0B, 0x02, 0x00,
		0x04, 0x51, 0x00, 0x10, 0x0B, 0x7D, 0x00, 0x42, 0x06, 0x05, 0x06, 0x18,
		0x89, 0x00, 0x30, 0x86, 0x01, 0x09, 0x0E, 0x00, 0x00, 0x61, 0x00, 0x2F,
		0x11, 0x12, 0x61, 0x00, 0x19, 0x1F, 0x0D, 0x38, 0x00, 0x24, 0xA0, 0x18,
		0x09, 0x86, 0x01, 0x86, 0x01, 0x00, 0xDD, 0xEE, 0xFF
	};

	inline unsigned char purpletime[ 4468 ]
	{
		0x74, 0x11, 0x00, 0x00, 0x0C, 0x00, 0x01, 0x00, 0x08, 0x00, 0x00, 0x00,
		0x03, 0x00, 0x00, 0x00, 0x52, 0x45, 0x52, 0x4C, 0x20, 0x00, 0x00, 0x00,
		0x8C, 0x00, 0x00, 0x00, 0x52, 0x45, 0x44, 0x32, 0xA0, 0x00, 0x00, 0x00,
		0xD6, 0x02, 0x00, 0x00, 0x44, 0x41, 0x54, 0x41, 0x74, 0x03, 0x00, 0x00,
		0xD4, 0x0D, 0x00, 0x00, 0x0C, 0x00, 0x00, 0x00, 0x02, 0x00, 0x00, 0x00,
		0x00, 0x00, 0x00, 0x00, 0xA2, 0x57, 0x82, 0x70, 0x5E, 0xFD, 0x45, 0xDC,
		0x18, 0x00, 0x00, 0x00, 0x00, 0x00, 0x00, 0x00, 0x17, 0xB7, 0x44, 0xE9,
		0xF5, 0x97, 0x77, 0x94, 0x3E, 0x00, 0x00, 0x00, 0x00, 0x00, 0x00, 0x00,
		0x6D, 0x61, 0x74, 0x65, 0x72, 0x69, 0x61, 0x6C, 0x73, 0x2F, 0x70, 0x61,
		0x72, 0x74, 0x69, 0x63, 0x6C, 0x65, 0x2F, 0x66, 0x69, 0x72, 0x65, 0x5F,
		0x6F, 0x6E, 0x73, 0x75, 0x72, 0x66, 0x61, 0x63, 0x65, 0x2F, 0x66, 0x69,
		0x72, 0x65, 0x5F, 0x6F, 0x6E, 0x73, 0x75, 0x72, 0x66, 0x61, 0x63, 0x65,
		0x2E, 0x76, 0x74, 0x65, 0x78, 0x00, 0x6D, 0x61, 0x74, 0x65, 0x72, 0x69,
		0x61, 0x6C, 0x73, 0x2F, 0x70, 0x61, 0x72, 0x74, 0x69, 0x63, 0x6C, 0x65,
		0x2F, 0x69, 0x6D, 0x70, 0x61, 0x63, 0x74, 0x2F, 0x66, 0x6C, 0x65, 0x6B,
		0x73, 0x5F, 0x67, 0x6C, 0x6F, 0x77, 0x2E, 0x76, 0x74, 0x65, 0x78, 0x00,
		0x05, 0x33, 0x56, 0x4B, 0x7C, 0x16, 0x12, 0x74, 0xE9, 0x06, 0x98, 0x46,
		0xAF, 0xF2, 0xE6, 0x3E, 0xB5, 0x90, 0x37, 0xE7, 0x01, 0x00, 0x00, 0x00,
		0x00, 0x00, 0x00, 0x40, 0x4B, 0x02, 0x00, 0x00, 0x01, 0x00, 0x00, 0x00,
		0x00, 0x00, 0x00, 0x00, 0x21, 0x00, 0x00, 0x00, 0x06, 0x00, 0x07, 0x00,
		0x41, 0x03, 0x00, 0x00, 0x5E, 0x02, 0x00, 0x00, 0x00, 0x00, 0x00, 0x00,
		0x00, 0x00, 0x00, 0x00, 0x00, 0x00, 0x00, 0x00, 0x00, 0x00, 0x00, 0x00,
		0x50, 0x02, 0x00, 0x00, 0xAF, 0x01, 0x00, 0x00, 0xF1, 0x00, 0x00, 0x00,
		0xAF, 0x00, 0x00, 0x00, 0x03, 0x00, 0x00, 0x00, 0x00, 0x00, 0x00, 0x00,
		0x2C, 0x00, 0x00, 0x00, 0x00, 0x00, 0x00, 0x00, 0x1E, 0x00, 0x00, 0x00,
		0x06, 0x00, 0x00, 0x00, 0x07, 0x00, 0x00, 0x00, 0x08, 0x00, 0x00, 0x00,
		0xF0, 0x5C, 0x6D, 0x5F, 0x49, 0x6E, 0x70, 0x75, 0x74, 0x44, 0x65, 0x70,
		0x65, 0x6E, 0x64, 0x65, 0x6E, 0x63, 0x69, 0x65, 0x73, 0x00, 0x6D, 0x5F,
		0x52, 0x65, 0x6C, 0x61, 0x74, 0x69, 0x76, 0x65, 0x46, 0x69, 0x6C, 0x65,
		0x6E, 0x61, 0x6D, 0x65, 0x00, 0x63, 0x68, 0x69, 0x63, 0x6B, 0x65, 0x6E,
		0x5F, 0x67, 0x6F, 0x6E, 0x65, 0x5F, 0x66, 0x65, 0x61, 0x74, 0x68, 0x65,
		0x72, 0x73, 0x5F, 0x66, 0x69, 0x72, 0x65, 0x2E, 0x76, 0x70, 0x63, 0x66,
		0x00, 0x6D, 0x5F, 0x53, 0x65, 0x61, 0x72, 0x63, 0x68, 0x50, 0x61, 0x74,
		0x68, 0x00, 0x63, 0x73, 0x67, 0x6F, 0x5F, 0x61, 0x64, 0x64, 0x6F, 0x6E,
		0x73, 0x2F, 0x73, 0x6F, 0x73, 0x69, 0x73, 0x6B, 0x61, 0x00, 0x6D, 0x5F,
		0x6E, 0x4D, 0x00, 0xF0, 0x00, 0x43, 0x52, 0x43, 0x00, 0x6D, 0x5F, 0x62,
		0x4F, 0x70, 0x74, 0x69, 0x6F, 0x6E, 0x61, 0x6C, 0x0C, 0x00, 0x00, 0x17,
		0x00, 0x60, 0x45, 0x78, 0x69, 0x73, 0x74, 0x73, 0x0E, 0x00, 0x51, 0x49,
		0x73, 0x47, 0x61, 0x6D, 0x78, 0x00, 0x72, 0x00, 0x6D, 0x5F, 0x41, 0x64,
		0x64, 0x69, 0x29, 0x00, 0x0F, 0xA5, 0x00, 0x01, 0x7C, 0x41, 0x72, 0x67,
		0x75, 0x6D, 0x65, 0x6E, 0x17, 0x00, 0xA0, 0x50, 0x61, 0x72, 0x61, 0x6D,
		0x65, 0x74, 0x65, 0x72, 0x4E, 0xB9, 0x00, 0xB2, 0x5F, 0x5F, 0x5F, 0x4F,
		0x76, 0x65, 0x72, 0x72, 0x69, 0x64, 0x65, 0x44, 0x00, 0x68, 0x61, 0x74,
		0x61, 0x5F, 0x5F, 0x5F, 0x28, 0x00, 0xF2, 0x03, 0x54, 0x79, 0x70, 0x65,
		0x00, 0x42, 0x69, 0x6E, 0x61, 0x72, 0x79, 0x42, 0x6C, 0x6F, 0x62, 0x41,
		0x72, 0x67, 0xAE, 0x00, 0x9B, 0x6E, 0x67, 0x65, 0x72, 0x70, 0x72, 0x69,
		0x6E, 0x74, 0x0F, 0x00, 0x70, 0x44, 0x65, 0x66, 0x61, 0x75, 0x6C, 0x74,
		0xF4, 0x00, 0x6B, 0x70, 0x65, 0x63, 0x69, 0x61, 0x6C, 0x81, 0x00, 0xF4,
		0x0F, 0x53, 0x74, 0x72, 0x69, 0x6E, 0x67, 0x00, 0x4B, 0x56, 0x33, 0x20,
		0x43, 0x6F, 0x6D, 0x70, 0x69, 0x6C, 0x65, 0x72, 0x20, 0x56, 0x65, 0x72,
		0x73, 0x69, 0x6F, 0x6E, 0x00, 0x6D, 0x5F, 0x13, 0x00, 0xB3, 0x49, 0x64,
		0x65, 0x6E, 0x74, 0x69, 0x66, 0x69, 0x65, 0x72, 0x00, 0x13, 0x00, 0x61,
		0x50, 0x61, 0x72, 0x74, 0x69, 0x63, 0xF9, 0x00, 0x50, 0x6E, 0x55, 0x73,
		0x65, 0x72, 0xAB, 0x00, 0x14, 0x00, 0x15, 0x00, 0x0E, 0x4B, 0x00, 0x08,
		0x1F, 0x01, 0x01, 0xB0, 0x01, 0x20, 0x65, 0x64, 0x37, 0x01, 0x10, 0x73,
		0x64, 0x00, 0xF0, 0x00, 0x68, 0x69, 0x6C, 0x64, 0x52, 0x65, 0x73, 0x6F,
		0x75, 0x72, 0x63, 0x65, 0x4C, 0x69, 0x73, 0xAC, 0x00, 0xB5, 0x57, 0x65,
		0x61, 0x6B, 0x52, 0x65, 0x66, 0x65, 0x72, 0x65, 0x6E, 0x14, 0x00, 0x02,
		0xB4, 0x01, 0x45, 0x61, 0x62, 0x6C, 0x65, 0x70, 0x00, 0x29, 0x49, 0x73,
		0x3D, 0x00, 0x00, 0x25, 0x00, 0x75, 0x75, 0x62, 0x61, 0x73, 0x73, 0x65,
		0x74, 0x3D, 0x00, 0x16, 0x73, 0x15, 0x00, 0x00, 0x0C, 0x01, 0x21, 0x69,
		0x6E, 0x85, 0x00, 0x70, 0x73, 0x00, 0x00, 0x1F, 0x00, 0x00, 0x00, 0x97,
		0x0A, 0x00, 0x00, 0x00, 0x06, 0x00, 0x00, 0x00, 0x04, 0x04, 0x00, 0x10,
		0x01, 0x04, 0x00, 0x43, 0x01, 0x02, 0x00, 0x00, 0x0C, 0x00, 0x00, 0x0A,
		0x00, 0x13, 0x03, 0x1C, 0x00, 0x80, 0x05, 0x00, 0x00, 0x00, 0x6D, 0xD1,
		0xD5, 0xDB, 0x34, 0x00, 0xA2, 0x07, 0x00, 0x00, 0x00, 0x08, 0x00, 0x00,
		0x00, 0x09, 0x00, 0x01, 0x00, 0x00, 0x4C, 0x00, 0xF3, 0x1A, 0x0B, 0x00,
		0x00, 0x00, 0x0C, 0x00, 0x00, 0x00, 0x0D, 0x00, 0x00, 0x00, 0x0E, 0x00,
		0x00, 0x00, 0x0F, 0x00, 0x00, 0x00, 0x10, 0x00, 0x00, 0x00, 0x11, 0x00,
		0x00, 0x00, 0x12, 0x00, 0x00, 0x00, 0x13, 0x00, 0x00, 0x00, 0x14, 0x00,
		0x00, 0x00, 0x15, 0x1C, 0x00, 0x00, 0x5C, 0x00, 0x13, 0x16, 0x1C, 0x00,
		0x1F, 0x17, 0x1C, 0x00, 0x04, 0x13, 0x18, 0x60, 0x00, 0x13, 0x19, 0x08,
		0x00, 0x13, 0x1A, 0x08, 0x00, 0xD0, 0x1B, 0x00, 0x00, 0x00, 0x1C, 0x00,
		0x00, 0x00, 0x1D, 0x00, 0x00, 0x00, 0x1E, 0x88, 0x00, 0x90, 0x18, 0x09,
		0x06, 0x06, 0x0C, 0x0E, 0x0D, 0x0E, 0x08, 0x09, 0x00, 0x21, 0x0F, 0x0F,
		0x0F, 0x00, 0x10, 0x0F, 0x04, 0x00, 0xB0, 0x08, 0x08, 0x08, 0x09, 0x0F,
		0x01, 0x01, 0x00, 0xDD, 0xEE, 0xFF, 0x00, 0x00, 0x00, 0x00, 0x00, 0x00,
		0x00, 0x00, 0x00, 0x00, 0x05, 0x33, 0x56, 0x4B, 0x1D, 0xCE, 0xD3, 0x39,
		0x42, 0x94, 0x07, 0x44, 0x9B, 0x78, 0x83, 0x17, 0x14, 0x5B, 0x17, 0x32,
		0x01, 0x00, 0x00, 0x00, 0x00, 0x00, 0x00, 0x40, 0xDE, 0x0B, 0x00, 0x00,
		0x25, 0x00, 0x00, 0x00, 0xEF, 0x01, 0x00, 0x00, 0xDA, 0x08, 0x00, 0x00,
		0x76, 0x00, 0x22, 0x01, 0x66, 0x53, 0x00, 0x00, 0x5C, 0x0D, 0x00, 0x00,
		0x00, 0x00, 0x00, 0x00, 0x00, 0x00, 0x00, 0x00, 0x00, 0x00, 0x00, 0x00,
		0x00, 0x00, 0x00, 0x00, 0xF0, 0x1B, 0x00, 0x00, 0x1E, 0x08, 0x00, 0x00,
		0x76, 0x37, 0x00, 0x00, 0x3E, 0x05, 0x00, 0x00, 0xD2, 0x00, 0x00, 0x00,
		0x00, 0x00, 0x00, 0x00, 0x31, 0x0A, 0x00, 0x00, 0x65, 0x00, 0x00, 0x00,
		0x06, 0x08, 0x00, 0x00, 0x76, 0x00, 0x00, 0x00, 0x59, 0x00, 0x00, 0x00,
		0x68, 0x00, 0x00, 0x00, 0xF4, 0x40, 0x5F, 0x63, 0x6C, 0x61, 0x73, 0x73,
		0x00, 0x43, 0x50, 0x61, 0x72, 0x74, 0x69, 0x63, 0x6C, 0x65, 0x53, 0x79,
		0x73, 0x74, 0x65, 0x6D, 0x44, 0x65, 0x66, 0x69, 0x6E, 0x69, 0x74, 0x69,
		0x6F, 0x6E, 0x00, 0x6D, 0x5F, 0x62, 0x53, 0x68, 0x6F, 0x75, 0x6C, 0x64,
		0x48, 0x69, 0x74, 0x62, 0x6F, 0x78, 0x65, 0x73, 0x46, 0x61, 0x6C, 0x6C,
		0x62, 0x61, 0x63, 0x6B, 0x54, 0x6F, 0x52, 0x65, 0x6E, 0x64, 0x65, 0x72,
		0x42, 0x6F, 0x75, 0x6E, 0x64, 0x73, 0x00, 0x6D, 0x5F, 0x6E, 0x4D, 0x61,
		0x78, 0x47, 0x00, 0x00, 0x10, 0x00, 0x01, 0x19, 0x00, 0x9B, 0x69, 0x6E,
		0x67, 0x42, 0x6F, 0x78, 0x4D, 0x69, 0x6E, 0x11, 0x00, 0xF2, 0x02, 0x61,
		0x78, 0x00, 0x6D, 0x5F, 0x66, 0x6C, 0x43, 0x75, 0x6C, 0x6C, 0x52, 0x61,
		0x64, 0x69, 0x75, 0x73, 0x0F, 0x00, 0x77, 0x6F, 0x6E, 0x73, 0x74, 0x61,
		0x6E, 0x74, 0x13, 0x00, 0x90, 0x4D, 0x61, 0x78, 0x44, 0x72, 0x61, 0x77,
		0x44, 0x69, 0x19, 0x00, 0x26, 0x63, 0x65, 0x90, 0x00, 0x46, 0x53, 0x6F,
		0x72, 0x74, 0x0E, 0x00, 0x51, 0x42, 0x61, 0x74, 0x63, 0x68, 0x31, 0x00,
		0x95, 0x41, 0x67, 0x67, 0x72, 0x65, 0x67, 0x61, 0x74, 0x65, 0x45, 0x00,
		0xD2, 0x6E, 0x42, 0x65, 0x68, 0x61, 0x76, 0x69, 0x6F, 0x72, 0x56, 0x65,
		0x72, 0x73, 0xD4, 0x00, 0xF0, 0x15, 0x6E, 0x46, 0x69, 0x72, 0x73, 0x74,
		0x4D, 0x75, 0x6C, 0x74, 0x69, 0x70, 0x6C, 0x65, 0x4F, 0x76, 0x65, 0x72,
		0x72, 0x69, 0x64, 0x65, 0x5F, 0x42, 0x61, 0x63, 0x6B, 0x77, 0x61, 0x72,
		0x64, 0x43, 0x6F, 0x6D, 0x70, 0x61, 0x5E, 0x00, 0xF0, 0x06, 0x63, 0x6F,
		0x6E, 0x74, 0x72, 0x6F, 0x6C, 0x50, 0x6F, 0x69, 0x6E, 0x74, 0x43, 0x6F,
		0x6E, 0x66, 0x69, 0x67, 0x75, 0x72, 0x61, 0x18, 0x01, 0x01, 0x58, 0x00,
		0xF0, 0x05, 0x61, 0x6D, 0x65, 0x00, 0x70, 0x72, 0x65, 0x76, 0x69, 0x65,
		0x77, 0x00, 0x6D, 0x5F, 0x64, 0x72, 0x69, 0x76, 0x65, 0x72, 0x19, 0x00,
		0xF0, 0x1A, 0x69, 0x41, 0x74, 0x74, 0x61, 0x63, 0x68, 0x54, 0x79, 0x70,
		0x65, 0x00, 0x50, 0x41, 0x54, 0x54, 0x41, 0x43, 0x48, 0x5F, 0x57, 0x4F,
		0x52, 0x4C, 0x44, 0x4F, 0x52, 0x49, 0x47, 0x49, 0x4E, 0x00, 0x6D, 0x5F,
		0x65, 0x6E, 0x74, 0x69, 0x74, 0x79, 0x4E, 0x41, 0x00, 0xC0, 0x73, 0x65,
		0x6C, 0x66, 0x00, 0x6D, 0x5F, 0x45, 0x6D, 0x69, 0x74, 0x74, 0x3F, 0x00,
		0x62, 0x43, 0x5F, 0x4F, 0x50, 0x5F, 0x49, 0x08, 0x01, 0x63, 0x61, 0x6E,
		0x65, 0x6F, 0x75, 0x73, 0x1B, 0x00, 0x03, 0x63, 0x01, 0x02, 0x0E, 0x00,
		0x90, 0x64, 0x50, 0x65, 0x72, 0x46, 0x72, 0x61, 0x6D, 0x65, 0x16, 0x00,
		0x05, 0x76, 0x01, 0x20, 0x54, 0x6F, 0x1E, 0x00, 0x00, 0x13, 0x00, 0x02,
		0x7C, 0x00, 0xE1, 0x46, 0x5F, 0x54, 0x59, 0x50, 0x45, 0x5F, 0x4C, 0x49,
		0x54, 0x45, 0x52, 0x41, 0x4C, 0x1F, 0x01, 0xB0, 0x4C, 0x69, 0x74, 0x65,
		0x72, 0x61, 0x6C, 0x56, 0x61, 0x6C, 0x75, 0x3C, 0x00, 0x10, 0x49, 0xE7,
		0x01, 0x42, 0x61, 0x6C, 0x69, 0x7A, 0x7B, 0x00, 0xF0, 0x11, 0x49, 0x4E,
		0x49, 0x54, 0x5F, 0x43, 0x72, 0x65, 0x61, 0x74, 0x65, 0x57, 0x69, 0x74,
		0x68, 0x69, 0x6E, 0x53, 0x70, 0x68, 0x65, 0x72, 0x65, 0x54, 0x72, 0x61,
		0x6E, 0x73, 0x66, 0x6F, 0x72, 0x6D, 0x43, 0x00, 0x51, 0x53, 0x70, 0x65,
		0x65, 0x64, 0xC1, 0x01, 0x00, 0x90, 0x00, 0x14, 0x70, 0x6A, 0x00, 0x32,
		0x4D, 0x41, 0x50, 0x6E, 0x00, 0x90, 0x44, 0x49, 0x52, 0x45, 0x43, 0x54,
		0x00, 0x6D, 0x5F, 0xDF, 0x00, 0x14, 0x64, 0x69, 0x00, 0x27, 0x6E, 0x43,
		0x4B, 0x01, 0x00, 0x10, 0x00, 0xE1, 0x53, 0x63, 0x61, 0x6C, 0x61, 0x72,
		0x41, 0x74, 0x74, 0x72, 0x69, 0x62, 0x75, 0x74, 0x23, 0x00, 0x5F, 0x56,
		0x65, 0x63, 0x74, 0x6F, 0x13, 0x00, 0x01, 0x00, 0x90, 0x01, 0x51, 0x6F,
		0x6E, 0x65, 0x6E, 0x74, 0xC3, 0x00, 0x62, 0x52, 0x61, 0x6E, 0x64, 0x6F,
		0x6D, 0x54, 0x02, 0x05, 0x0E, 0x00, 0x01, 0x90, 0x00, 0x42, 0x62, 0x48,
		0x61, 0x73, 0x10, 0x00, 0x80, 0x53, 0x69, 0x67, 0x6E, 0x46, 0x6C, 0x69,
		0x70, 0x44, 0x00, 0x03, 0x22, 0x00, 0x21, 0x6F, 0x64, 0xA8, 0x00, 0xF2,
		0x05, 0x52, 0x41, 0x4E, 0x44, 0x4F, 0x4D, 0x5F, 0x4D, 0x4F, 0x44, 0x45,
		0x5F, 0x43, 0x4F, 0x4E, 0x53, 0x54, 0x41, 0x4E, 0x54, 0x1A, 0x01, 0x34,
		0x4F, 0x44, 0x30, 0x09, 0x00, 0x14, 0x31, 0x09, 0x00, 0x14, 0x32, 0x09,
		0x00, 0x10, 0x33, 0x4A, 0x00, 0xAE, 0x4E, 0x6F, 0x69, 0x73, 0x65, 0x49,
		0x6E, 0x70, 0x75, 0x74, 0xAB, 0x00, 0x21, 0x66, 0x6C, 0x1E, 0x00, 0x64,
		0x4F, 0x75, 0x74, 0x70, 0x75, 0x74, 0x9D, 0x00, 0x08, 0x13, 0x00, 0x26,
		0x61, 0x78, 0x13, 0x00, 0x00, 0xFD, 0x00, 0x00, 0x35, 0x00, 0x32, 0x76,
		0x65, 0x63, 0x23, 0x00, 0x79, 0x66, 0x66, 0x73, 0x65, 0x74, 0x52, 0x61,
		0x4A, 0x00, 0x01, 0x14, 0x00, 0x05, 0x77, 0x00, 0x75, 0x4F, 0x63, 0x74,
		0x61, 0x76, 0x65, 0x73, 0x10, 0x00, 0x91, 0x54, 0x75, 0x72, 0x62, 0x75,
		0x6C, 0x65, 0x6E, 0x63, 0xD6, 0x00, 0xF6, 0x00, 0x4E, 0x4F, 0x49, 0x53,
		0x45, 0x5F, 0x54, 0x55, 0x52, 0x42, 0x5F, 0x4E, 0x4F, 0x4E, 0x45, 0x26,
		0x00, 0x28, 0x79, 0x70, 0x20, 0x00, 0x00, 0xA0, 0x01, 0x65, 0x50, 0x45,
		0x52, 0x4C, 0x49, 0x4E, 0x22, 0x00, 0x85, 0x4D, 0x6F, 0x64, 0x69, 0x66,
		0x69, 0x65, 0x72, 0x26, 0x00, 0x00, 0x1B, 0x01, 0x54, 0x49, 0x46, 0x49,
		0x45, 0x52, 0x4A, 0x00, 0x2B, 0x66, 0x6C, 0x71, 0x00, 0x04, 0xBE, 0x00,
		0x0D, 0x19, 0x00, 0x27, 0x4D, 0x69, 0xE4, 0x00, 0x42, 0x49, 0x6D, 0x67,
		0x50, 0x1D, 0x03, 0x04, 0x30, 0x00, 0x1B, 0x62, 0x18, 0x00, 0x31, 0x4C,
		0x69, 0x76, 0x17, 0x00, 0x32, 0x55, 0x73, 0x65, 0x46, 0x04, 0x33, 0x43,
		0x65, 0x6E, 0xE9, 0x02, 0x01, 0x65, 0x01, 0x04, 0xB3, 0x01, 0x53, 0x49,
		0x4E, 0x50, 0x55, 0x54, 0xB2, 0x01, 0x61, 0x4C, 0x41, 0x4D, 0x50, 0x45,
		0x44, 0x1B, 0x04, 0x00, 0xBF, 0x03, 0x20, 0x46, 0x61, 0x88, 0x01, 0x01,
		0x0F, 0x00, 0x01, 0x33, 0x00, 0x16, 0x30, 0x0B, 0x00, 0x02, 0xC4, 0x01,
		0x02, 0x7D, 0x01, 0x17, 0x30, 0x0C, 0x00, 0x13, 0x31, 0xA3, 0x00, 0xA6,
		0x74, 0x63, 0x68, 0x65, 0x64, 0x52, 0x61, 0x6E, 0x67, 0x65, 0xAE, 0x01,
		0x07, 0x14, 0x00, 0x28, 0x61, 0x78, 0x14, 0x00, 0x02, 0x3B, 0x00, 0x7E,
		0x4F, 0x75, 0x74, 0x73, 0x69, 0x64, 0x65, 0x19, 0x00, 0x23, 0x49, 0x6E,
		0x18, 0x00, 0x54, 0x6E, 0x42, 0x69, 0x61, 0x73, 0x75, 0x01, 0x42, 0x42,
		0x49, 0x41, 0x53, 0x74, 0x01, 0x00, 0x66, 0x02, 0x32, 0x44, 0x41, 0x52,
		0xB8, 0x00, 0x00, 0x23, 0x00, 0x20, 0x50, 0x61, 0xBD, 0x03, 0x02, 0xED,
		0x00, 0x31, 0x43, 0x75, 0x72, 0x08, 0x01, 0x50, 0x73, 0x70, 0x6C, 0x69,
		0x6E, 0x09, 0x00, 0x10, 0x74, 0x81, 0x00, 0x30, 0x6E, 0x74, 0x73, 0x21,
		0x02, 0x98, 0x44, 0x6F, 0x6D, 0x61, 0x69, 0x6E, 0x4D, 0x69, 0x6E, 0x0E,
		0x00, 0x32, 0x61, 0x78, 0x73, 0x3D, 0x02, 0x04, 0x17, 0x05, 0x00, 0x53,
		0x00, 0x20, 0x41, 0x62, 0x15, 0x00, 0xE3, 0x4C, 0x6F, 0x63, 0x61, 0x6C,
		0x43, 0x6F, 0x6F, 0x72, 0x64, 0x69, 0x6E, 0x61, 0x74, 0xD0, 0x05, 0x07,
		0xB3, 0x03, 0x0F, 0x20, 0x00, 0x08, 0x24, 0x69, 0x6E, 0x02, 0x04, 0x03,
		0x44, 0x03, 0x42, 0x65, 0x71, 0x75, 0x65, 0x74, 0x05, 0x14, 0x6E, 0x0C,
		0x00, 0x00, 0x45, 0x00, 0x03, 0x25, 0x00, 0x00, 0x3B, 0x04, 0x31, 0x46,
		0x6C, 0x6F, 0x28, 0x05, 0x02, 0x14, 0x03, 0x01, 0xEB, 0x03, 0x04, 0x75,
		0x04, 0x03, 0x68, 0x03, 0x70, 0x55, 0x4E, 0x49, 0x46, 0x4F, 0x52, 0x4D,
		0x44, 0x00, 0x02, 0x2B, 0x01, 0x5C, 0x46, 0x69, 0x65, 0x6C, 0x64, 0x26,
		0x00, 0x00, 0x2A, 0x01, 0x2A, 0x45, 0x44, 0x7F, 0x00, 0x33, 0x43, 0x6F,
		0x6C, 0xDA, 0x01, 0xF0, 0x00, 0x55, 0x70, 0x64, 0x61, 0x74, 0x65, 0x54,
		0x68, 0x72, 0x65, 0x73, 0x68, 0x6F, 0x6C, 0x64, 0x33, 0x01, 0x00, 0x1C,
		0x00, 0x02, 0xD1, 0x00, 0x02, 0x0B, 0x00, 0x01, 0xC2, 0x01, 0x4D, 0x54,
		0x69, 0x6E, 0x74, 0xC6, 0x00, 0x33, 0x59, 0x61, 0x77, 0x09, 0x04, 0x74,
		0x4F, 0x70, 0x65, 0x72, 0x61, 0x74, 0x6F, 0x64, 0x05, 0xA3, 0x42, 0x61,
		0x73, 0x69, 0x63, 0x4D, 0x6F, 0x76, 0x65, 0x6D, 0x59, 0x04, 0xE2, 0x44,
		0x72, 0x61, 0x67, 0x00, 0x6D, 0x5F, 0x47, 0x72, 0x61, 0x76, 0x69, 0x74,
		0x79, 0x25, 0x00, 0x43, 0x44, 0x65, 0x63, 0x61, 0x0B, 0x00, 0x30, 0x46,
		0x61, 0x64, 0xCB, 0x03, 0x01, 0x92, 0x00, 0x03, 0x0C, 0x00, 0x35, 0x54,
		0x69, 0x6D, 0x29, 0x02, 0x08, 0x13, 0x00, 0x22, 0x69, 0x6E, 0x33, 0x00,
		0x31, 0x53, 0x70, 0x69, 0x6E, 0x06, 0x00, 0x08, 0x00, 0x00, 0xDD, 0x03,
		0x63, 0x44, 0x65, 0x67, 0x72, 0x65, 0x65, 0x80, 0x00, 0x92, 0x4F, 0x73,
		0x63, 0x69, 0x6C, 0x6C, 0x61, 0x74, 0x65, 0x4C, 0x04, 0x02, 0xA2, 0x02,
		0x50, 0x73, 0x63, 0x4D, 0x75, 0x6C, 0x64, 0x00, 0x22, 0x46, 0x72, 0x72,
		0x01, 0x12, 0x79, 0x60, 0x00, 0x06, 0x0F, 0x00, 0x01, 0x52, 0x00, 0x00,
		0x4D, 0x00, 0x02, 0x8B, 0x01, 0x08, 0x49, 0x00, 0x02, 0x53, 0x05, 0x02,
		0xDF, 0x06, 0x00, 0x65, 0x01, 0x03, 0x28, 0x00, 0x04, 0x8E, 0x00, 0x01,
		0x2A, 0x01, 0x10, 0x49, 0x62, 0x03, 0x20, 0x70, 0x6F, 0x2F, 0x00, 0x04,
		0x3D, 0x01, 0x00, 0xBA, 0x00, 0x05, 0xC3, 0x00, 0x41, 0x53, 0x74, 0x61,
		0x72, 0xC5, 0x00, 0x05, 0x12, 0x00, 0x31, 0x45, 0x6E, 0x64, 0x10, 0x00,
		0x03, 0x99, 0x06, 0x05, 0x3F, 0x00, 0x07, 0xA5, 0x07, 0x36, 0x45, 0x6E,
		0x64, 0x14, 0x04, 0x00, 0x8C, 0x02, 0x00, 0xB2, 0x00, 0x78, 0x6F, 0x72,
		0x63, 0x65, 0x47, 0x65, 0x6E, 0x74, 0x01, 0x00, 0xEB, 0x02, 0x02, 0x1D,
		0x04, 0x00, 0x1E, 0x00, 0x00, 0x1D, 0x07, 0x51, 0x52, 0x54, 0x49, 0x43,
		0x4C, 0x34, 0x06, 0x03, 0x7D, 0x04, 0x47, 0x43, 0x55, 0x52, 0x4C, 0x19,
		0x05, 0x00, 0xF8, 0x00, 0x5C, 0x00, 0x50, 0x56, 0x45, 0x43, 0xCA, 0x06,
		0x1B, 0x76, 0xC9, 0x06, 0x03, 0x0F, 0x00, 0x04, 0x35, 0x02, 0x79, 0x62,
		0x46, 0x6F, 0x6C, 0x6C, 0x6F, 0x77, 0x83, 0x06, 0x1B, 0x76, 0xB5, 0x05,
		0x05, 0x85, 0x05, 0x21, 0x43, 0x50, 0x23, 0x00, 0x07, 0x10, 0x00, 0xB4,
		0x52, 0x65, 0x6C, 0x61, 0x74, 0x69, 0x76, 0x65, 0x50, 0x6F, 0x73, 0x07,
		0x09, 0x07, 0x16, 0x00, 0x20, 0x44, 0x69, 0x63, 0x00, 0x01, 0xFC, 0x02,
		0x05, 0x9A, 0x06, 0x1D, 0x58, 0x12, 0x00, 0x1D, 0x59, 0x12, 0x00, 0x14,
		0x5A, 0x12, 0x00, 0x02, 0x46, 0x01, 0x03, 0xAB, 0x04, 0x00, 0x0B, 0x00,
		0x09, 0xBC, 0x04, 0x05, 0x11, 0x00, 0x10, 0x31, 0x77, 0x00, 0x02, 0x10,
		0x00, 0x06, 0xC7, 0x04, 0x09, 0x11, 0x00, 0x12, 0x31, 0xB0, 0x02, 0x22,
		0x64, 0x69, 0xC3, 0x02, 0x41, 0x53, 0x74, 0x6F, 0x70, 0x1A, 0x04, 0x08,
		0x23, 0x07, 0x18, 0x76, 0x22, 0x07, 0x04, 0x58, 0x01, 0x07, 0x81, 0x06,
		0x09, 0x7C, 0x06, 0x02, 0xD4, 0x09, 0x05, 0x88, 0x08, 0x02, 0x0F, 0x00,
		0xF1, 0x03, 0x53, 0x70, 0x72, 0x69, 0x74, 0x65, 0x73, 0x00, 0x56, 0x69,
		0x73, 0x69, 0x62, 0x69, 0x6C, 0x69, 0x74, 0x79, 0x9F, 0x00, 0x02, 0xFC,
		0x01, 0x02, 0x07, 0x02, 0x01, 0x50, 0x00, 0x04, 0x48, 0x05, 0x55, 0x50,
		0x72, 0x6F, 0x78, 0x79, 0x1F, 0x02, 0x61, 0x62, 0x42, 0x6C, 0x65, 0x6E,
		0x64, 0xAD, 0x08, 0x52, 0x73, 0x53, 0x65, 0x71, 0x30, 0x76, 0x00, 0x80,
		0x54, 0x65, 0x78, 0x74, 0x75, 0x72, 0x65, 0x73, 0x4A, 0x00, 0x00, 0xBB,
		0x00, 0x13, 0x68, 0x11, 0x00, 0xC3, 0x00, 0x6D, 0x61, 0x74, 0x65, 0x72,
		0x69, 0x61, 0x6C, 0x73, 0x2F, 0x70, 0xD7, 0x08, 0xF2, 0x07, 0x2F, 0x69,
		0x6D, 0x70, 0x61, 0x63, 0x74, 0x2F, 0x66, 0x6C, 0x65, 0x6B, 0x73, 0x5F,
		0x67, 0x6C, 0x6F, 0x77, 0x2E, 0x76, 0x74, 0x65, 0x76, 0x03, 0xA0, 0x53,
		0x68, 0x61, 0x64, 0x6F, 0x77, 0x44, 0x65, 0x6E, 0x73, 0xB3, 0x03, 0x01,
		0x5A, 0x00, 0x01, 0x03, 0x02, 0x02, 0xE0, 0x00, 0x0D, 0x39, 0x02, 0x60,
		0x5F, 0x43, 0x4F, 0x4C, 0x4F, 0x52, 0x22, 0x03, 0x5C, 0x44, 0x65, 0x6C,
		0x74, 0x61, 0x94, 0x08, 0x04, 0xF8, 0x04, 0x23, 0x65, 0x64, 0xE3, 0x05,
		0x64, 0x43, 0x61, 0x6D, 0x65, 0x72, 0x61, 0xF3, 0x0A, 0x01, 0x23, 0x00,
		0x00, 0xA9, 0x06, 0x04, 0xE1, 0x05, 0x52, 0x52, 0x4F, 0x55, 0x4E, 0x44,
		0x61, 0x00, 0x7F, 0x4E, 0x45, 0x41, 0x52, 0x45, 0x53, 0x54, 0xBF, 0x00,
		0x01, 0xDC, 0x66, 0x69, 0x72, 0x65, 0x5F, 0x6F, 0x6E, 0x73, 0x75, 0x72,
		0x66, 0x61, 0x63, 0x0F, 0x00, 0x06, 0xCB, 0x00, 0x00, 0x86, 0x0A, 0x56,
		0x62, 0x72, 0x69, 0x67, 0x68, 0xD5, 0x06, 0x52, 0x62, 0x4F, 0x6E, 0x6C,
		0x79, 0x84, 0x01, 0xFD, 0x02, 0x49, 0x6E, 0x45, 0x66, 0x66, 0x65, 0x63,
		0x74, 0x73, 0x42, 0x6C, 0x6F, 0x6F, 0x6D, 0x50, 0x61, 0x73, 0x7E, 0x01,
		0x02, 0xFE, 0x0A, 0x31, 0x6E, 0x69, 0x6D, 0xA1, 0x0A, 0x01, 0xD0, 0x01,
		0x77, 0x00, 0x00, 0xAE, 0x00, 0x00, 0x00, 0xEB, 0x04, 0x00, 0xD3, 0x8A,
		0x00, 0x00, 0x00, 0x2B, 0x00, 0x00, 0x00, 0xE2, 0x00, 0x00, 0x00, 0x1C,
		0x04, 0x00, 0x2F, 0x1E, 0x00, 0x01, 0x00, 0x43, 0x08, 0x6C, 0x00, 0x99,
		0x99, 0x00, 0x00, 0x00, 0x32, 0x00, 0x00, 0x00, 0xCC, 0x22, 0x00, 0x2F,
		0x10, 0xC0, 0x08, 0x00, 0x04, 0x1E, 0x40, 0x08, 0x00, 0x0F, 0x01, 0x00,
		0x39, 0x22, 0xF0, 0x3F, 0x08, 0x00, 0x2A, 0x24, 0x40, 0x08, 0x00, 0x14,
		0x49, 0x10, 0x00, 0x1B, 0xC0, 0x08, 0x00, 0x0F, 0x80, 0x00, 0x3C, 0x13,
		0x4E, 0x50, 0x00, 0x1F, 0x08, 0x08, 0x00, 0x04, 0x2F, 0xE0, 0x3F, 0x08,
		0x00, 0x03, 0x1B, 0xE8, 0x08, 0x00, 0x95, 0xD0, 0x3F, 0xB8, 0x1E, 0x85,
		0xEB, 0x51, 0xB8, 0x9E, 0x08, 0x00, 0x8A, 0x7B, 0x14, 0xAE, 0x47, 0xE1,
		0x7A, 0x84, 0x3F, 0xE8, 0x00, 0x0F, 0x08, 0x00, 0x15, 0x0F, 0x30, 0x01,
		0x0D, 0x0F, 0x01, 0x00, 0xF5, 0x0E, 0x40, 0x01, 0x0F, 0x47, 0x00, 0x22,
		0x3E, 0xC0, 0x62, 0x40, 0x08, 0x00, 0x0F, 0xB8, 0x01, 0xFF, 0x8C, 0x02,
		0x60, 0x03, 0x24, 0x94, 0x3F, 0x08, 0x00, 0x20, 0x9A, 0x99, 0x01, 0x00,
		0x2F, 0xA9, 0x3F, 0xB8, 0x01, 0xFF, 0x94, 0x15, 0x84, 0x20, 0x05, 0x0F,
		0x28, 0x05, 0xFF, 0x9B, 0x39, 0x40, 0x8F, 0x40, 0x08, 0x00, 0x2F, 0x70,
		0x97, 0x28, 0x05, 0xFF, 0x8F, 0x02, 0x18, 0x05, 0x2C, 0xC9, 0x3F, 0x08,
		0x00, 0x0F, 0x70, 0x03, 0xFF, 0x93, 0x0F, 0x60, 0x00, 0x1E, 0x0F, 0xB8,
		0x01, 0xFF, 0x8E, 0x0F, 0xD0, 0x00, 0x75, 0x0F, 0x28, 0x02, 0xFF, 0x6B,
		0x50, 0x00, 0x00, 0x00, 0x00, 0x00, 0x53, 0x13, 0x00, 0x00, 0x00, 0x02,
		0x04, 0x00, 0x13, 0x03, 0x08, 0x00, 0x97, 0x05, 0x00, 0x00, 0x00, 0x2C,
		0x00, 0x00, 0x00, 0x04, 0x1C, 0x00, 0x13, 0x04, 0x20, 0x00, 0x13, 0x05,
		0x08, 0x00, 0x04, 0x20, 0x00, 0x00, 0x10, 0x00, 0x13, 0x01, 0x14, 0x00,
		0x1B, 0x01, 0x44, 0x00, 0x1B, 0x05, 0x38, 0x00, 0x17, 0x16, 0x38, 0x00,
		0x0F, 0x08, 0x00, 0x05, 0x1F, 0x01, 0x28, 0x00, 0x40, 0x1F, 0x04, 0x7C,
		0x00, 0x68, 0x13, 0x06, 0x10, 0x01, 0x00, 0x0C, 0x00, 0x53, 0x17, 0x00,
		0x00, 0x00, 0x2F, 0x1C, 0x00, 0x0E, 0x08, 0x00, 0x06, 0x34, 0x00, 0x13,
		0x0A, 0x08, 0x00, 0x08, 0x84, 0x01, 0x04, 0x0C, 0x00, 0x0F, 0x44, 0x00,
		0x15, 0xC2, 0x03, 0x03, 0x01, 0x01, 0x01, 0x07, 0x03, 0x02, 0x02, 0x03,
		0x03, 0x03, 0x06, 0x00, 0x21, 0x08, 0x03, 0x0B, 0x00, 0x01, 0x06, 0x00,
		0x01, 0x13, 0x00, 0x05, 0x03, 0x00, 0x06, 0x01, 0x00, 0x0F, 0x16, 0x00,
		0x54, 0x2F, 0x02, 0x01, 0x18, 0x00, 0x03, 0x19, 0x01, 0x39, 0x00, 0x0B,
		0x1D, 0x00, 0x11, 0x00, 0x01, 0x00, 0x17, 0x01, 0xAC, 0x02, 0x17, 0x80,
		0x84, 0x02, 0x00, 0x68, 0x01, 0x93, 0x07, 0x00, 0x00, 0x00, 0x08, 0x00,
		0x00, 0x00, 0x09, 0x44, 0x01, 0x53, 0x0B, 0x00, 0x00, 0x00, 0x0C, 0x04,
		0x00, 0x13, 0x0D, 0x24, 0x00, 0xF0, 0x05, 0x0E, 0x00, 0x00, 0x00, 0x0F,
		0x00, 0x00, 0x00, 0x10, 0x00, 0x00, 0x00, 0x11, 0x00, 0x00, 0x00, 0x12,
		0x00, 0x00, 0x00, 0x04, 0x03, 0x53, 0x14, 0x00, 0x00, 0x00, 0x15, 0xD8,
		0x01, 0x13, 0x00, 0x68, 0x01, 0x13, 0x18, 0x64, 0x00, 0xF3, 0x02, 0x19,
		0x00, 0x00, 0x00, 0x1A, 0x00, 0x00, 0x00, 0x1B, 0x00, 0x00, 0x00, 0x1C,
		0x00, 0x00, 0x00, 0x1D, 0x24, 0x00, 0x57, 0x1E, 0x00, 0x00, 0x00, 0x1F,
		0x1C, 0x00, 0x53, 0x20, 0x00, 0x00, 0x00, 0x21, 0x24, 0x00, 0xD3, 0x22,
		0x00, 0x00, 0x00, 0xFF, 0xFF, 0xFF, 0xFF, 0x23, 0x00, 0x00, 0x00, 0x24,
		0xB0, 0x00, 0x13, 0x25, 0x84, 0x00, 0xF3, 0x06, 0x26, 0x00, 0x00, 0x00,
		0x27, 0x00, 0x00, 0x00, 0x28, 0x00, 0x00, 0x00, 0x29, 0x00, 0x00, 0x00,
		0x2A, 0x00, 0x00, 0x00, 0x2B, 0xE4, 0x01, 0x53, 0x2D, 0x00, 0x00, 0x00,
		0x2E, 0xCC, 0x01, 0xF3, 0x76, 0x30, 0x00, 0x00, 0x00, 0x31, 0x00, 0x00,
		0x00, 0x32, 0x00, 0x00, 0x00, 0x33, 0x00, 0x00, 0x00, 0x34, 0x00, 0x00,
		0x00, 0x35, 0x00, 0x00, 0x00, 0x36, 0x00, 0x00, 0x00, 0x37, 0x00, 0x00,
		0x00, 0x38, 0x00, 0x00, 0x00, 0x39, 0x00, 0x00, 0x00, 0x3A, 0x00, 0x00,
		0x00, 0x3B, 0x00, 0x00, 0x00, 0x3C, 0x00, 0x00, 0x00, 0x3D, 0x00, 0x00,
		0x00, 0x3E, 0x00, 0x00, 0x00, 0x3F, 0x00, 0x00, 0x00, 0x40, 0x00, 0x00,
		0x00, 0x41, 0x00, 0x00, 0x00, 0x42, 0x00, 0x00, 0x00, 0x43, 0x00, 0x00,
		0x00, 0x44, 0x00, 0x00, 0x00, 0x45, 0x00, 0x00, 0x00, 0x46, 0x00, 0x00,
		0x00, 0x47, 0x00, 0x00, 0x00, 0x48, 0x00, 0x00, 0x00, 0x49, 0x00, 0x00,
		0x00, 0x4A, 0x00, 0x00, 0x00, 0x4B, 0x00, 0x00, 0x00, 0x4C, 0x00, 0x00,
		0x00, 0x4D, 0x00, 0x00, 0x00, 0x4E, 0x00, 0x00, 0x00, 0x4F, 0x00, 0x00,
		0x00, 0x50, 0x00, 0x00, 0x00, 0x51, 0xEC, 0x00, 0x13, 0x52, 0x08, 0x00,
		0xF3, 0x02, 0x53, 0x00, 0x00, 0x00, 0x54, 0x00, 0x00, 0x00, 0x55, 0x00,
		0x00, 0x00, 0x56, 0x00, 0x00, 0x00, 0x57, 0x18, 0x00, 0x53, 0x58, 0x00,
		0x00, 0x00, 0x59, 0x7C, 0x01, 0x00, 0x01, 0x00, 0x53, 0x5A, 0x00, 0x00,
		0x00, 0x5B, 0x1C, 0x01, 0x17, 0x5C, 0xF0, 0x00, 0x04, 0xEC, 0x00, 0x0F,
		0x24, 0x00, 0x11, 0x00, 0x1C, 0x01, 0x13, 0x5D, 0xE4, 0x01, 0x0C, 0x30,
		0x00, 0x1F, 0x5E, 0x70, 0x01, 0xDC, 0x13, 0x5D, 0x10, 0x00, 0xF3, 0x02,
		0x5F, 0x00, 0x00, 0x00, 0x60, 0x00, 0x00, 0x00, 0x61, 0x00, 0x00, 0x00,
		0x62, 0x00, 0x00, 0x00, 0x63, 0x18, 0x00, 0x53, 0x64, 0x00, 0x00, 0x00,
		0x65, 0x0C, 0x00, 0x93, 0x66, 0x00, 0x00, 0x00, 0x67, 0x00, 0x00, 0x00,
		0x68, 0x10, 0x00, 0x13, 0x69, 0x08, 0x00, 0x93, 0x6A, 0x00, 0x00, 0x00,
		0x6B, 0x00, 0x00, 0x00, 0x6C, 0x10, 0x00, 0x53, 0x6D, 0x00, 0x00, 0x00,
		0x6E, 0xFC, 0x02, 0x00, 0x01, 0x00, 0xF3, 0x02, 0x6F, 0x00, 0x00, 0x00,
		0x70, 0x00, 0x00, 0x00, 0x71, 0x00, 0x00, 0x00, 0x72, 0x00, 0x00, 0x00,
		0x73, 0x18, 0x00, 0x53, 0x74, 0x00, 0x00, 0x00, 0x75, 0x48, 0x03, 0x13,
		0x76, 0x18, 0x00, 0x13, 0x71, 0x1C, 0x00, 0xD3, 0x77, 0x00, 0x00, 0x00,
		0x78, 0x00, 0x00, 0x00, 0x79, 0x00, 0x00, 0x00, 0x7A, 0x14, 0x00, 0xD3,
		0x7B, 0x00, 0x00, 0x00, 0x7C, 0x00, 0x00, 0x00, 0x7D, 0x00, 0x00, 0x00,
		0x7E, 0x14, 0x00, 0x13, 0x7F, 0x3C, 0x01, 0x00, 0x50, 0x03, 0x13, 0x81,
		0xC4, 0x01, 0x97, 0x82, 0x00, 0x00, 0x00, 0x83, 0x00, 0x00, 0x00, 0x84,
		0xC0, 0x01, 0x17, 0x85, 0xB8, 0x01, 0x40, 0x86, 0x00, 0x00, 0x00, 0xD0,
		0x01, 0xDF, 0x87, 0x00, 0x00, 0x00, 0x88, 0x00, 0x00, 0x00, 0x89, 0x00,
		0x00, 0x00, 0x8A, 0x70, 0x03, 0xE4, 0x1F, 0x8B, 0xF8, 0x00, 0xE4, 0x1F,
		0x8C, 0xF8, 0x00, 0xE4, 0x1F, 0x8D, 0xF8, 0x00, 0xE4, 0xF3, 0x06, 0x8E,
		0x00, 0x00, 0x00, 0x8F, 0x00, 0x00, 0x00, 0x90, 0x00, 0x00, 0x00, 0x91,
		0x00, 0x00, 0x00, 0x92, 0x00, 0x00, 0x00, 0x93, 0x24, 0x00, 0x9F, 0x94,
		0x00, 0x00, 0x00, 0x95, 0x00, 0x00, 0x00, 0x96, 0x40, 0x04, 0xFF, 0xFF,
		0xFF, 0xFF, 0x30, 0x1F, 0x97, 0x40, 0x04, 0xFF, 0xFF, 0xFF, 0xFF, 0x30,
		0x03, 0xD0, 0x0C, 0x0F, 0xC8, 0x0C, 0xFF, 0xFF, 0xFF, 0xFF, 0xFF, 0xFF,
		0xFF, 0xFF, 0xFF, 0xFF, 0xFF, 0xFF, 0xBA, 0x13, 0x98, 0x10, 0x00, 0xF3,
		0x16, 0x99, 0x00, 0x00, 0x00, 0x9A, 0x00, 0x00, 0x00, 0x9B, 0x00, 0x00,
		0x00, 0x9C, 0x00, 0x00, 0x00, 0x9D, 0x00, 0x00, 0x00, 0x9E, 0x00, 0x00,
		0x00, 0x9F, 0x00, 0x00, 0x00, 0xA0, 0x00, 0x00, 0x00, 0xA1, 0x00, 0x00,
		0x00, 0xA2, 0x48, 0x01, 0x1F, 0xA3, 0x6C, 0x04, 0x14, 0x1F, 0xA4, 0x70,
		0x04, 0x40, 0x13, 0xA5, 0x2C, 0x00, 0x0F, 0x90, 0x01, 0x49, 0x1F, 0xA6,
		0x94, 0x01, 0x20, 0x5F, 0xA7, 0x00, 0x00, 0x00, 0xA8, 0x84, 0x04, 0x5C,
		0x0F, 0x0C, 0x01, 0xB5, 0x1F, 0x8C, 0x0C, 0x01, 0xF8, 0x1F, 0x8D, 0x0C,
		0x01, 0xF8, 0x0F, 0x88, 0x11, 0x15, 0x13, 0x99, 0xA0, 0x04, 0x04, 0xB0,
		0x04, 0x5F, 0xA9, 0x00, 0x00, 0x00, 0xAA, 0xF4, 0x05, 0xE4, 0x13, 0xAB,
		0xBC, 0x05, 0x08, 0xCC, 0x05, 0x1F, 0xAC, 0x0C, 0x01, 0xE4, 0x0F, 0xB0,
		0x06, 0xFF, 0xFF, 0xFF, 0xFF, 0x85, 0x24, 0xAD, 0x00, 0x01, 0x00, 0x22,
		0x54, 0x40, 0x08, 0x00, 0x21, 0xE8, 0x3F, 0x07, 0x00, 0x23, 0x40, 0x8F,
		0x10, 0x00, 0x13, 0x80, 0x08, 0x00, 0x12, 0x60, 0x08, 0x00, 0x50, 0x70,
		0x87, 0x40, 0x9A, 0x99, 0x01, 0x00, 0x22, 0xB9, 0x3F, 0x18, 0x00, 0x13,
		0xE0, 0x08, 0x00, 0x22, 0x04, 0x40, 0x2F, 0x00, 0x2A, 0x76, 0x40, 0x18,
		0x00, 0x1D, 0x10, 0x30, 0x00, 0x89, 0x71, 0x3D, 0x0A, 0xD7, 0xA3, 0x70,
		0xE1, 0xBF, 0x58, 0x00, 0x32, 0x00, 0xD0, 0x3F, 0x28, 0x00, 0x13, 0xD9,
		0x08, 0x00, 0x13, 0xC9, 0x30, 0x00, 0x13, 0x08, 0x20, 0x00, 0x23, 0x14,
		0xC0, 0x08, 0x00, 0x13, 0x40, 0xB1, 0x00, 0x05, 0x38, 0x00, 0x20, 0xCD,
		0xCC, 0x01, 0x00, 0x24, 0xE4, 0x3F, 0x10, 0x00, 0x0A, 0x50, 0x00, 0x06,
		0x78, 0x00, 0x0F, 0x10, 0x00, 0xFF, 0x5E, 0x02, 0x08, 0x00, 0x15, 0x20,
		0xB0, 0x01, 0x0F, 0x50, 0x00, 0x33, 0x2E, 0x00, 0x40, 0x58, 0x02, 0x0E,
		0x70, 0x00, 0x00, 0x38, 0x02, 0x0F, 0xD0, 0x00, 0x3D, 0xF0, 0x07, 0x09,
		0x06, 0x0E, 0x0B, 0x19, 0x05, 0x19, 0x05, 0x05, 0x05, 0x05, 0x0E, 0x0D,
		0x05, 0x0B, 0x0B, 0x18, 0x09, 0x06, 0x18, 0x09, 0x06, 0x04, 0x00, 0xF3,
		0x1C, 0x0B, 0x09, 0x06, 0x05, 0x18, 0x09, 0x06, 0x09, 0x06, 0x06, 0x05,
		0x06, 0x0F, 0x0B, 0x0B, 0x0F, 0x11, 0x12, 0x0E, 0x06, 0x11, 0x11, 0x11,
		0x11, 0x0F, 0x11, 0x12, 0x05, 0x19, 0x05, 0x11, 0x10, 0x06, 0x06, 0x06,
		0x12, 0x05, 0x12, 0x0D, 0x0E, 0x06, 0x12, 0x11, 0x02, 0x00, 0x74, 0x06,
		0x11, 0x09, 0x08, 0x08, 0x19, 0x05, 0x02, 0x00, 0xF0, 0x01, 0x06, 0x0B,
		0x06, 0x09, 0x06, 0x12, 0x05, 0x06, 0x06, 0x09, 0x06, 0x11, 0x05, 0x06,
		0x0D, 0x0B, 0x4B, 0x00, 0x11, 0x11, 0x4B, 0x00, 0x2F, 0x05, 0x05, 0x4B,
		0x00, 0x0E, 0x13, 0x05, 0x4B, 0x00, 0x50, 0x10, 0x06, 0x05, 0x19, 0x0B,
		0x02, 0x00, 0x00, 0x93, 0x00, 0x00, 0x55, 0x00, 0x20, 0x06, 0x05, 0x59,
		0x00, 0x05, 0x63, 0x00, 0xD0, 0x05, 0x05, 0x05, 0x06, 0x19, 0x0B, 0x05,
		0x05, 0x06, 0x05, 0x05, 0x18, 0x09, 0x6B, 0x00, 0x41, 0x19, 0x05, 0x19,
		0x0B, 0xD4, 0x00, 0x12, 0x0F, 0x23, 0x00, 0x05, 0x75, 0x00, 0x0F, 0xC0,
		0x00, 0x18, 0x0F, 0x34, 0x00, 0x89, 0x21, 0x11, 0x12, 0x3A, 0x00, 0x03,
		0x40, 0x00, 0x0F, 0xEE, 0x00, 0xFF, 0xC8, 0x0F, 0xCB, 0x02, 0xFF, 0xFF,
		0xBA, 0x00, 0x46, 0x06, 0x79, 0x11, 0x05, 0x0E, 0x18, 0x09, 0x86, 0x01,
		0xFA, 0x00, 0x1E, 0x0F, 0xFB, 0x00, 0x1F, 0x0B, 0x60, 0x00, 0x01, 0x18,
		0x11, 0x61, 0x00, 0x0E, 0x96, 0x00, 0x0F, 0x37, 0x00, 0x89, 0x09, 0xD2,
		0x03, 0x10, 0x05, 0x02, 0x01, 0x0F, 0x50, 0x07, 0x21, 0x5F, 0x0D, 0x0E,
		0x09, 0x11, 0x05, 0x39, 0x00, 0x21, 0x0F, 0x6E, 0x01, 0xE8, 0x50, 0x12,
		0x00, 0xDD, 0xEE, 0xFF
	};

	inline unsigned char snow[ 3452 ]
	{
		0x7C, 0x0D, 0x00, 0x00, 0x0C, 0x00, 0x01, 0x00, 0x08, 0x00, 0x00, 0x00,
		0x03, 0x00, 0x00, 0x00, 0x52, 0x45, 0x52, 0x4C, 0x20, 0x00, 0x00, 0x00,
		0x48, 0x00, 0x00, 0x00, 0x52, 0x45, 0x44, 0x32, 0x60, 0x00, 0x00, 0x00,
		0xFF, 0x03, 0x00, 0x00, 0x44, 0x41, 0x54, 0x41, 0x54, 0x04, 0x00, 0x00,
		0xFC, 0x08, 0x00, 0x00, 0x0C, 0x00, 0x00, 0x00, 0x01, 0x00, 0x00, 0x00,
		0x00, 0x00, 0x00, 0x00, 0x15, 0x9E, 0xC0, 0x18, 0xE4, 0x3D, 0x05, 0xBF,
		0x08, 0x00, 0x00, 0x00, 0x00, 0x00, 0x00, 0x00, 0x6D, 0x61, 0x74, 0x65,
		0x72, 0x69, 0x61, 0x6C, 0x73, 0x2F, 0x70, 0x61, 0x72, 0x74, 0x69, 0x63,
		0x6C, 0x65, 0x73, 0x2F, 0x65, 0x6E, 0x76, 0x69, 0x72, 0x6F, 0x6E, 0x6D,
		0x65, 0x6E, 0x74, 0x2F, 0x73, 0x6E, 0x6F, 0x77, 0x5F, 0x31, 0x2E, 0x76,
		0x74, 0x65, 0x78, 0x00, 0x00, 0x00, 0x00, 0x00, 0x05, 0x33, 0x56, 0x4B,
		0x7C, 0x16, 0x12, 0x74, 0xE9, 0x06, 0x98, 0x46, 0xAF, 0xF2, 0xE6, 0x3E,
		0xB5, 0x90, 0x37, 0xE7, 0x01, 0x00, 0x00, 0x00, 0x00, 0x00, 0x00, 0x40,
		0x5C, 0x03, 0x00, 0x00, 0x01, 0x00, 0x00, 0x00, 0x00, 0x00, 0x00, 0x00,
		0x2F, 0x00, 0x00, 0x00, 0x08, 0x00, 0x07, 0x00, 0xBB, 0x04, 0x00, 0x00,
		0x87, 0x03, 0x00, 0x00, 0x00, 0x00, 0x00, 0x00, 0x00, 0x00, 0x00, 0x00,
		0x00, 0x00, 0x00, 0x00, 0x00, 0x00, 0x00, 0x00, 0x60, 0x03, 0x00, 0x00,
		0x80, 0x02, 0x00, 0x00, 0x5B, 0x01, 0x00, 0x00, 0x07, 0x01, 0x00, 0x00,
		0x03, 0x00, 0x00, 0x00, 0x00, 0x00, 0x00, 0x00, 0x3C, 0x00, 0x00, 0x00,
		0x02, 0x00, 0x00, 0x00, 0x2C, 0x00, 0x00, 0x00, 0x08, 0x00, 0x00, 0x00,
		0x07, 0x00, 0x00, 0x00, 0x08, 0x00, 0x00, 0x00, 0xF0, 0x2C, 0x6D, 0x5F,
		0x49, 0x6E, 0x70, 0x75, 0x74, 0x44, 0x65, 0x70, 0x65, 0x6E, 0x64, 0x65,
		0x6E, 0x63, 0x69, 0x65, 0x73, 0x00, 0x6D, 0x5F, 0x52, 0x65, 0x6C, 0x61,
		0x74, 0x69, 0x76, 0x65, 0x46, 0x69, 0x6C, 0x65, 0x6E, 0x61, 0x6D, 0x65,
		0x00, 0x6D, 0x61, 0x74, 0x65, 0x72, 0x69, 0x61, 0x6C, 0x73, 0x2F, 0x73,
		0x6E, 0x6F, 0x77, 0x5F, 0x6D, 0x6F, 0x72, 0x65, 0x5F, 0x0A, 0x00, 0xF0,
		0x1A, 0x2E, 0x76, 0x70, 0x63, 0x66, 0x00, 0x6D, 0x5F, 0x53, 0x65, 0x61,
		0x72, 0x63, 0x68, 0x50, 0x61, 0x74, 0x68, 0x00, 0x63, 0x73, 0x67, 0x6F,
		0x5F, 0x61, 0x64, 0x64, 0x6F, 0x6E, 0x73, 0x2F, 0x69, 0x6E, 0x74, 0x65,
		0x6E, 0x74, 0x00, 0x6D, 0x5F, 0x6E, 0x4A, 0x00, 0xF0, 0x00, 0x43, 0x52,
		0x43, 0x00, 0x6D, 0x5F, 0x62, 0x4F, 0x70, 0x74, 0x69, 0x6F, 0x6E, 0x61,
		0x6C, 0x0C, 0x00, 0x00, 0x17, 0x00, 0x60, 0x45, 0x78, 0x69, 0x73, 0x74,
		0x73, 0x0E, 0x00, 0x51, 0x49, 0x73, 0x47, 0x61, 0x6D, 0x75, 0x00, 0x72,
		0x00, 0x6D, 0x5F, 0x41, 0x64, 0x64, 0x69, 0x29, 0x00, 0x0F, 0xA2, 0x00,
		0x01, 0x7C, 0x41, 0x72, 0x67, 0x75, 0x6D, 0x65, 0x6E, 0x17, 0x00, 0xA0,
		0x50, 0x61, 0x72, 0x61, 0x6D, 0x65, 0x74, 0x65, 0x72, 0x4E, 0xB6, 0x00,
		0xB2, 0x5F, 0x5F, 0x5F, 0x4F, 0x76, 0x65, 0x72, 0x72, 0x69, 0x64, 0x65,
		0x44, 0x00, 0x68, 0x61, 0x74, 0x61, 0x5F, 0x5F, 0x5F, 0x28, 0x00, 0xF2,
		0x03, 0x54, 0x79, 0x70, 0x65, 0x00, 0x42, 0x69, 0x6E, 0x61, 0x72, 0x79,
		0x42, 0x6C, 0x6F, 0x62, 0x41, 0x72, 0x67, 0xAE, 0x00, 0x9B, 0x6E, 0x67,
		0x65, 0x72, 0x70, 0x72, 0x69, 0x6E, 0x74, 0x0F, 0x00, 0x70, 0x44, 0x65,
		0x66, 0x61, 0x75, 0x6C, 0x74, 0xF3, 0x00, 0x6B, 0x70, 0x65, 0x63, 0x69,
		0x61, 0x6C, 0x81, 0x00, 0xF4, 0x0F, 0x53, 0x74, 0x72, 0x69, 0x6E, 0x67,
		0x00, 0x4B, 0x56, 0x33, 0x20, 0x43, 0x6F, 0x6D, 0x70, 0x69, 0x6C, 0x65,
		0x72, 0x20, 0x56, 0x65, 0x72, 0x73, 0x69, 0x6F, 0x6E, 0x00, 0x6D, 0x5F,
		0x13, 0x00, 0xB3, 0x49, 0x64, 0x65, 0x6E, 0x74, 0x69, 0x66, 0x69, 0x65,
		0x72, 0x00, 0x13, 0x00, 0x61, 0x50, 0x61, 0x72, 0x74, 0x69, 0x63, 0xF9,
		0x00, 0x50, 0x6E, 0x55, 0x73, 0x65, 0x72, 0xAB, 0x00, 0x14, 0x00, 0x15,
		0x00, 0x0E, 0x4B, 0x00, 0x08, 0x1F, 0x01, 0x01, 0xAD, 0x01, 0x20, 0x65,
		0x64, 0x37, 0x01, 0x10, 0x73, 0x64, 0x00, 0xF0, 0x00, 0x68, 0x69, 0x6C,
		0x64, 0x52, 0x65, 0x73, 0x6F, 0x75, 0x72, 0x63, 0x65, 0x4C, 0x69, 0x73,
		0xAC, 0x00, 0xB5, 0x57, 0x65, 0x61, 0x6B, 0x52, 0x65, 0x66, 0x65, 0x72,
		0x65, 0x6E, 0x14, 0x00, 0x02, 0xB3, 0x01, 0x45, 0x61, 0x62, 0x6C, 0x65,
		0x70, 0x00, 0x13, 0x70, 0x70, 0x00, 0x86, 0x5F, 0x67, 0x72, 0x6F, 0x75,
		0x70, 0x69, 0x64, 0x11, 0x00, 0x89, 0x6D, 0x61, 0x78, 0x63, 0x6F, 0x75,
		0x6E, 0x74, 0x12, 0x00, 0xE6, 0x5F, 0x64, 0x72, 0x61, 0x77, 0x5F, 0x64,
		0x69, 0x73, 0x74, 0x61, 0x6E, 0x63, 0x65, 0x1B, 0x00, 0xF9, 0x01, 0x74,
		0x69, 0x6D, 0x65, 0x5F, 0x74, 0x6F, 0x5F, 0x73, 0x6C, 0x65, 0x65, 0x70,
		0x00, 0x49, 0x73, 0x92, 0x00, 0x00, 0x7A, 0x00, 0x75, 0x75, 0x62, 0x61,
		0x73, 0x73, 0x65, 0x74, 0x92, 0x00, 0x16, 0x73, 0x3C, 0x00, 0xF0, 0x0F,
		0x6F, 0x70, 0x65, 0x72, 0x61, 0x74, 0x6F, 0x72, 0x00, 0x43, 0x5F, 0x4F,
		0x50, 0x5F, 0x43, 0x6F, 0x6E, 0x74, 0x69, 0x6E, 0x75, 0x6F, 0x75, 0x73,
		0x45, 0x6D, 0x69, 0x74, 0x74, 0x65, 0x17, 0x00, 0xE4, 0x49, 0x4E, 0x49,
		0x54, 0x5F, 0x49, 0x6E, 0x69, 0x74, 0x46, 0x6C, 0x6F, 0x61, 0x74, 0x11,
		0x00, 0xE4, 0x56, 0x65, 0x6C, 0x6F, 0x63, 0x69, 0x74, 0x79, 0x52, 0x61,
		0x6E, 0x64, 0x6F, 0x6D, 0x16, 0x00, 0xF2, 0x00, 0x43, 0x72, 0x65, 0x61,
		0x74, 0x65, 0x57, 0x69, 0x74, 0x68, 0x69, 0x6E, 0x42, 0x6F, 0x78, 0x55,
		0x00, 0x52, 0x44, 0x65, 0x63, 0x61, 0x79, 0x0B, 0x00, 0x50, 0x4F, 0x73,
		0x63, 0x69, 0x6C, 0x3E, 0x01, 0x35, 0x56, 0x65, 0x63, 0x75, 0x00, 0x20,
		0x46, 0x61, 0x2F, 0x02, 0x62, 0x53, 0x69, 0x6D, 0x70, 0x6C, 0x65, 0x12,
		0x00, 0x90, 0x42, 0x61, 0x73, 0x69, 0x63, 0x4D, 0x6F, 0x76, 0x65, 0x72,
		0x02, 0x02, 0x13, 0x00, 0x10, 0x52, 0xF5, 0x01, 0x86, 0x72, 0x53, 0x70,
		0x72, 0x69, 0x74, 0x65, 0x73, 0xD4, 0x00, 0x00, 0x20, 0x02, 0xD0, 0x69,
		0x6E, 0x69, 0x74, 0x69, 0x6F, 0x6E, 0x73, 0x00, 0x2D, 0x00, 0x00, 0x00,
		0x97, 0x0A, 0x00, 0x00, 0x00, 0x06, 0x00, 0x00, 0x00, 0x04, 0x04, 0x00,
		0x90, 0x05, 0x00, 0x00, 0x00, 0x01, 0x00, 0x00, 0x00, 0x09, 0x08, 0x00,
		0x43, 0x01, 0x02, 0x00, 0x00, 0x10, 0x00, 0x00, 0x0A, 0x00, 0x17, 0x03,
		0x24, 0x00, 0x40, 0x88, 0x90, 0x4D, 0x32, 0x3C, 0x00, 0x53, 0x07, 0x00,
		0x00, 0x00, 0x08, 0x30, 0x00, 0x00, 0x01, 0x00, 0x00, 0x54, 0x00, 0xF3,
		0x1A, 0x0B, 0x00, 0x00, 0x00, 0x0C, 0x00, 0x00, 0x00, 0x0D, 0x00, 0x00,
		0x00, 0x0E, 0x00, 0x00, 0x00, 0x0F, 0x00, 0x00, 0x00, 0x10, 0x00, 0x00,
		0x00, 0x11, 0x00, 0x00, 0x00, 0x12, 0x00, 0x00, 0x00, 0x13, 0x00, 0x00,
		0x00, 0x14, 0x00, 0x00, 0x00, 0x15, 0x1C, 0x00, 0x00, 0x5C, 0x00, 0x13,
		0x16, 0x1C, 0x00, 0x1F, 0x17, 0x1C, 0x00, 0x04, 0x13, 0x18, 0x60, 0x00,
		0x13, 0x19, 0x08, 0x00, 0x13, 0x1A, 0x08, 0x00, 0xF3, 0x1A, 0x1B, 0x00,
		0x00, 0x00, 0x1C, 0x00, 0x00, 0x00, 0x1D, 0x00, 0x00, 0x00, 0xE8, 0x03,
		0x00, 0x00, 0x1E, 0x00, 0x00, 0x00, 0x1F, 0x00, 0x00, 0x00, 0x20, 0x00,
		0x00, 0x00, 0x21, 0x00, 0x00, 0x00, 0x22, 0x00, 0x00, 0x00, 0x23, 0x00,
		0x00, 0x00, 0x24, 0x4C, 0x00, 0xF7, 0x0F, 0x25, 0x00, 0x00, 0x00, 0x26,
		0x00, 0x00, 0x00, 0x27, 0x00, 0x00, 0x00, 0x28, 0x00, 0x00, 0x00, 0x29,
		0x00, 0x00, 0x00, 0x2A, 0x00, 0x00, 0x00, 0x2B, 0x00, 0x00, 0x00, 0x2C,
		0x00, 0x01, 0x00, 0x33, 0x20, 0x9C, 0x40, 0x09, 0x00, 0xB0, 0x40, 0x09,
		0x18, 0x09, 0x06, 0x06, 0x0C, 0x0E, 0x0D, 0x0E, 0x08, 0x09, 0x00, 0x21,
		0x0F, 0x0F, 0x0F, 0x00, 0x10, 0x0F, 0x04, 0x00, 0xF0, 0x0A, 0x08, 0x08,
		0x08, 0x09, 0x0F, 0x0B, 0x05, 0x05, 0x0F, 0x09, 0x09, 0x10, 0x0B, 0x10,
		0x10, 0x10, 0x10, 0x10, 0x10, 0x10, 0x01, 0x00, 0xDD, 0xEE, 0xFF, 0x00,
		0x05, 0x33, 0x56, 0x4B, 0x9E, 0xA6, 0xE6, 0xA6, 0xD3, 0x52, 0x27, 0x45,
		0x8B, 0x9C, 0xFF, 0x3B, 0xB9, 0x1A, 0xCA, 0x3E, 0x01, 0x00, 0x00, 0x00,
		0x00, 0x00, 0x00, 0x40, 0xD4, 0x07, 0x00, 0x00, 0x0D, 0x00, 0x00, 0x00,
		0xFE, 0x00, 0x00, 0x00, 0xE2, 0x04, 0x00, 0x00, 0x3D, 0x00, 0x98, 0x00,
		0x86, 0x2E, 0x00, 0x00, 0x84, 0x08, 0x00, 0x00, 0x00, 0x00, 0x00, 0x00,
		0x00, 0x00, 0x00, 0x00, 0x00, 0x00, 0x00, 0x00, 0x00, 0x00, 0x00, 0x00,
		0xF8, 0x0F, 0x00, 0x00, 0x4A, 0x05, 0x00, 0x00, 0x8E, 0x1E, 0x00, 0x00,
		0x3A, 0x03, 0x00, 0x00, 0x6C, 0x00, 0x00, 0x00, 0x00, 0x00, 0x00, 0x00,
		0xB4, 0x05, 0x00, 0x00, 0x2F, 0x00, 0x00, 0x00, 0x75, 0x04, 0x00, 0x00,
		0x3D, 0x00, 0x00, 0x00, 0x32, 0x00, 0x00, 0x00, 0x38, 0x00, 0x00, 0x00,
		0xF2, 0x21, 0x5F, 0x63, 0x6C, 0x61, 0x73, 0x73, 0x00, 0x43, 0x50, 0x61,
		0x72, 0x74, 0x69, 0x63, 0x6C, 0x65, 0x53, 0x79, 0x73, 0x74, 0x65, 0x6D,
		0x44, 0x65, 0x66, 0x69, 0x6E, 0x69, 0x74, 0x69, 0x6F, 0x6E, 0x00, 0x6D,
		0x5F, 0x6E, 0x42, 0x65, 0x68, 0x61, 0x76, 0x69, 0x6F, 0x72, 0x56, 0x65,
		0x72, 0x73, 0x13, 0x00, 0xF2, 0x02, 0x66, 0x6C, 0x43, 0x6F, 0x6E, 0x73,
		0x74, 0x61, 0x6E, 0x74, 0x4C, 0x69, 0x66, 0x65, 0x73, 0x70, 0x61, 0x15,
		0x00, 0x90, 0x4D, 0x61, 0x78, 0x44, 0x72, 0x61, 0x77, 0x44, 0x69, 0x1B,
		0x00, 0xF0, 0x0B, 0x63, 0x65, 0x00, 0x6D, 0x5F, 0x63, 0x6F, 0x6E, 0x74,
		0x72, 0x6F, 0x6C, 0x50, 0x6F, 0x69, 0x6E, 0x74, 0x43, 0x6F, 0x6E, 0x66,
		0x69, 0x67, 0x75, 0x72, 0x61, 0x58, 0x00, 0x10, 0x73, 0x59, 0x00, 0xF3,
		0x17, 0x61, 0x6D, 0x65, 0x00, 0x70, 0x72, 0x65, 0x76, 0x69, 0x65, 0x77,
		0x00, 0x6D, 0x5F, 0x45, 0x6D, 0x69, 0x74, 0x74, 0x65, 0x72, 0x73, 0x00,
		0x43, 0x5F, 0x4F, 0x50, 0x5F, 0x43, 0x6F, 0x6E, 0x74, 0x69, 0x6E, 0x75,
		0x6F, 0x75, 0x73, 0x18, 0x00, 0x01, 0x62, 0x00, 0x00, 0x0C, 0x00, 0x40,
		0x52, 0x61, 0x74, 0x65, 0x3E, 0x00, 0xF0, 0x05, 0x54, 0x79, 0x70, 0x65,
		0x00, 0x50, 0x46, 0x5F, 0x54, 0x59, 0x50, 0x45, 0x5F, 0x4C, 0x49, 0x54,
		0x45, 0x52, 0x41, 0x4C, 0x18, 0x00, 0x34, 0x4D, 0x61, 0x70, 0x1B, 0x00,
		0x32, 0x4D, 0x41, 0x50, 0x1F, 0x00, 0x61, 0x44, 0x49, 0x52, 0x45, 0x43,
		0x54, 0x43, 0x00, 0xB0, 0x4C, 0x69, 0x74, 0x65, 0x72, 0x61, 0x6C, 0x56,
		0x61, 0x6C, 0x75, 0x47, 0x00, 0x54, 0x4E, 0x61, 0x6D, 0x65, 0x64, 0x0D,
		0x00, 0x27, 0x6E, 0x43, 0xB0, 0x00, 0x00, 0x10, 0x00, 0xD2, 0x53, 0x63,
		0x61, 0x6C, 0x61, 0x72, 0x41, 0x74, 0x74, 0x72, 0x69, 0x62, 0x75, 0x77,
		0x00, 0x5F, 0x56, 0x65, 0x63, 0x74, 0x6F, 0x13, 0x00, 0x01, 0x91, 0x43,
		0x6F, 0x6D, 0x70, 0x6F, 0x6E, 0x65, 0x6E, 0x74, 0x67, 0x00, 0x98, 0x52,
		0x61, 0x6E, 0x64, 0x6F, 0x6D, 0x4D, 0x69, 0x6E, 0x0E, 0x00, 0x92, 0x61,
		0x78, 0x00, 0x6D, 0x5F, 0x62, 0x48, 0x61, 0x73, 0x10, 0x00, 0x80, 0x53,
		0x69, 0x67, 0x6E, 0x46, 0x6C, 0x69, 0x70, 0x44, 0x00, 0x03, 0x12, 0x00,
		0x36, 0x65, 0x65, 0x64, 0x0E, 0x00, 0x31, 0x4D, 0x6F, 0x64, 0xC7, 0x00,
		0xF3, 0x04, 0x52, 0x41, 0x4E, 0x44, 0x4F, 0x4D, 0x5F, 0x4D, 0x4F, 0x44,
		0x45, 0x5F, 0x43, 0x4F, 0x4E, 0x53, 0x54, 0x41, 0x4E, 0xCC, 0x00, 0x34,
		0x4F, 0x44, 0x30, 0x09, 0x00, 0x14, 0x31, 0x09, 0x00, 0x14, 0x32, 0x09,
		0x00, 0x10, 0x33, 0x4A, 0x00, 0xAE, 0x4E, 0x6F, 0x69, 0x73, 0x65, 0x49,
		0x6E, 0x70, 0x75, 0x74, 0xB9, 0x00, 0x21, 0x66, 0x6C, 0x1E, 0x00, 0x64,
		0x4F, 0x75, 0x74, 0x70, 0x75, 0x74, 0xAB, 0x00, 0x08, 0x13, 0x00, 0x26,
		0x61, 0x78, 0x13, 0x00, 0x00, 0x0B, 0x01, 0x00, 0x35, 0x00, 0x32, 0x76,
		0x65, 0x63, 0x23, 0x00, 0x44, 0x66, 0x66, 0x73, 0x65, 0x8D, 0x01, 0x27,
		0x66, 0x6C, 0x14, 0x00, 0x05, 0x77, 0x00, 0x75, 0x4F, 0x63, 0x74, 0x61,
		0x76, 0x65, 0x73, 0x10, 0x00, 0x91, 0x54, 0x75, 0x72, 0x62, 0x75, 0x6C,
		0x65, 0x6E, 0x63, 0xD6, 0x00, 0xF6, 0x00, 0x4E, 0x4F, 0x49, 0x53, 0x45,
		0x5F, 0x54, 0x55, 0x52, 0x42, 0x5F, 0x4E, 0x4F, 0x4E, 0x45, 0x26, 0x00,
		0x28, 0x79, 0x70, 0x20, 0x00, 0x00, 0xBF, 0x01, 0x65, 0x50, 0x45, 0x52,
		0x4C, 0x49, 0x4E, 0x22, 0x00, 0x85, 0x4D, 0x6F, 0x64, 0x69, 0x66, 0x69,
		0x65, 0x72, 0x26, 0x00, 0x00, 0x1B, 0x01, 0x54, 0x49, 0x46, 0x49, 0x45,
		0x52, 0x4A, 0x00, 0x2B, 0x66, 0x6C, 0x71, 0x00, 0x04, 0xBE, 0x00, 0x0D,
		0x19, 0x00, 0x27, 0x4D, 0x69, 0xE4, 0x00, 0x42, 0x49, 0x6D, 0x67, 0x50,
		0x90, 0x02, 0x04, 0x30, 0x00, 0x1B, 0x62, 0x18, 0x00, 0x34, 0x4C, 0x69,
		0x76, 0x47, 0x00, 0xE0, 0x43, 0x61, 0x6D, 0x65, 0x72, 0x61, 0x46, 0x61,
		0x6C, 0x6C, 0x62, 0x61, 0x63, 0x6B, 0x2C, 0x00, 0xC2, 0x55, 0x73, 0x65,
		0x42, 0x6F, 0x75, 0x6E, 0x64, 0x73, 0x43, 0x65, 0x6E, 0xB2, 0x02, 0x11,
		0x6E, 0x7A, 0x01, 0x04, 0xC8, 0x01, 0x53, 0x49, 0x4E, 0x50, 0x55, 0x54,
		0xC7, 0x01, 0x62, 0x4C, 0x41, 0x4D, 0x50, 0x45, 0x44, 0x37, 0x03, 0x50,
		0x75, 0x6C, 0x74, 0x46, 0x61, 0x9D, 0x01, 0x01, 0x0F, 0x00, 0x01, 0x33,
		0x00, 0x16, 0x30, 0x0B, 0x00, 0x02, 0xD9, 0x01, 0x02, 0x92, 0x01, 0x17,
		0x30, 0x0C, 0x00, 0x13, 0x31, 0x88, 0x00, 0xA6, 0x74, 0x63, 0x68, 0x65,
		0x64, 0x52, 0x61, 0x6E, 0x67, 0x65, 0xC3, 0x01, 0x07, 0x14, 0x00, 0x28,
		0x61, 0x78, 0x14, 0x00, 0x02, 0x3B, 0x00, 0x7E, 0x4F, 0x75, 0x74, 0x73,
		0x69, 0x64, 0x65, 0x19, 0x00, 0x23, 0x49, 0x6E, 0x18, 0x00, 0x20, 0x6E,
		0x52, 0xC9, 0x00, 0x04, 0x8B, 0x01, 0x52, 0x52, 0x4F, 0x55, 0x4E, 0x44,
		0x8B, 0x01, 0x71, 0x4E, 0x45, 0x41, 0x52, 0x45, 0x53, 0x54, 0x18, 0x04,
		0x34, 0x69, 0x61, 0x73, 0x22, 0x00, 0x42, 0x42, 0x49, 0x41, 0x53, 0x21,
		0x00, 0x00, 0x9E, 0x02, 0x32, 0x44, 0x41, 0x52, 0xDB, 0x00, 0x00, 0x23,
		0x00, 0x62, 0x50, 0x61, 0x72, 0x61, 0x6D, 0x65, 0x10, 0x01, 0x31, 0x43,
		0x75, 0x72, 0x40, 0x01, 0x50, 0x73, 0x70, 0x6C, 0x69, 0x6E, 0x09, 0x00,
		0x10, 0x74, 0xA4, 0x00, 0x30, 0x6E, 0x74, 0x73, 0x59, 0x02, 0x98, 0x44,
		0x6F, 0x6D, 0x61, 0x69, 0x6E, 0x4D, 0x69, 0x6E, 0x0E, 0x00, 0x20, 0x61,
		0x78, 0x0E, 0x00, 0x10, 0x49, 0x8E, 0x04, 0x42, 0x61, 0x6C, 0x69, 0x7A,
		0x20, 0x04, 0xF2, 0x05, 0x49, 0x4E, 0x49, 0x54, 0x5F, 0x43, 0x72, 0x65,
		0x61, 0x74, 0x65, 0x57, 0x69, 0x74, 0x68, 0x69, 0x6E, 0x42, 0x6F, 0x78,
		0x9B, 0x02, 0x00, 0x03, 0x01, 0x4C, 0x50, 0x56, 0x45, 0x43, 0x16, 0x04,
		0x1B, 0x76, 0xF7, 0x03, 0x03, 0x0F, 0x00, 0x31, 0x43, 0x6F, 0x6C, 0x76,
		0x01, 0x79, 0x62, 0x46, 0x6F, 0x6C, 0x6C, 0x6F, 0x77, 0x0D, 0x04, 0x1B,
		0x76, 0x31, 0x03, 0x04, 0x13, 0x02, 0x6B, 0x6E, 0x44, 0x65, 0x6C, 0x74,
		0x61, 0x2A, 0x04, 0x31, 0x76, 0x43, 0x50, 0x38, 0x00, 0x05, 0x26, 0x03,
		0xD4, 0x43, 0x50, 0x52, 0x65, 0x6C, 0x61, 0x74, 0x69, 0x76, 0x65, 0x50,
		0x6F, 0x73, 0x4B, 0x05, 0x07, 0x16, 0x00, 0x20, 0x44, 0x69, 0x78, 0x00,
		0x55, 0x46, 0x6C, 0x6F, 0x61, 0x74, 0x39, 0x04, 0x1D, 0x58, 0x12, 0x00,
		0x1D, 0x59, 0x12, 0x00, 0x14, 0x5A, 0x12, 0x00, 0x10, 0x49, 0x63, 0x02,
		0x13, 0x70, 0x27, 0x02, 0x00, 0x0B, 0x00, 0x09, 0x38, 0x02, 0x05, 0x11,
		0x00, 0x10, 0x31, 0x77, 0x00, 0x02, 0x10, 0x00, 0x06, 0x43, 0x02, 0x09,
		0x11, 0x00, 0x00, 0x22, 0x00, 0x52, 0x47, 0x72, 0x61, 0x64, 0x69, 0xBB,
		0x04, 0x41, 0x53, 0x74, 0x6F, 0x70, 0x81, 0x01, 0x08, 0xC2, 0x04, 0x18,
		0x76, 0xC1, 0x04, 0x00, 0x67, 0x01, 0x02, 0xCA, 0x04, 0xA4, 0x4C, 0x6F,
		0x63, 0x61, 0x6C, 0x53, 0x70, 0x61, 0x63, 0x65, 0x95, 0x01, 0x82, 0x56,
		0x65, 0x6C, 0x6F, 0x63, 0x69, 0x74, 0x79, 0x30, 0x00, 0x00, 0x69, 0x01,
		0x20, 0x6F, 0x63, 0x67, 0x01, 0x73, 0x6F, 0x72, 0x64, 0x69, 0x6E, 0x61,
		0x74, 0x60, 0x06, 0x52, 0x53, 0x70, 0x65, 0x65, 0x64, 0x5A, 0x00, 0x0F,
		0x20, 0x00, 0x08, 0x24, 0x61, 0x78, 0x56, 0x00, 0x00, 0xFF, 0x01, 0x01,
		0xF5, 0x00, 0x01, 0x0B, 0x02, 0x00, 0xCC, 0x04, 0x01, 0xA4, 0x01, 0x04,
		0xFD, 0x05, 0x03, 0x20, 0x05, 0x70, 0x55, 0x4E, 0x49, 0x46, 0x4F, 0x52,
		0x4D, 0xA3, 0x01, 0x02, 0xDA, 0x00, 0x40, 0x46, 0x69, 0x65, 0x6C, 0x4F,
		0x05, 0x74, 0x4F, 0x70, 0x65, 0x72, 0x61, 0x74, 0x6F, 0x5B, 0x06, 0xA0,
		0x42, 0x61, 0x73, 0x69, 0x63, 0x4D, 0x6F, 0x76, 0x65, 0x6D, 0xF2, 0x00,
		0x01, 0x13, 0x00, 0xA3, 0x46, 0x61, 0x64, 0x65, 0x49, 0x6E, 0x53, 0x69,
		0x6D, 0x70, 0x26, 0x04, 0x02, 0x11, 0x00, 0x42, 0x54, 0x69, 0x6D, 0x65,
		0x21, 0x00, 0xB3, 0x4F, 0x73, 0x63, 0x69, 0x6C, 0x6C, 0x61, 0x74, 0x65,
		0x56, 0x65, 0xA9, 0x03, 0x00, 0xFA, 0x04, 0x02, 0xC3, 0x00, 0x01, 0x0A,
		0x00, 0x22, 0x61, 0x78, 0x29, 0x00, 0x50, 0x44, 0x65, 0x63, 0x61, 0x79,
		0x15, 0x00, 0x55, 0x65, 0x6E, 0x64, 0x65, 0x72, 0xCF, 0x06, 0x02, 0x0F,
		0x00, 0x72, 0x53, 0x70, 0x72, 0x69, 0x74, 0x65, 0x73, 0x44, 0x01, 0x80,
		0x54, 0x65, 0x78, 0x74, 0x75, 0x72, 0x65, 0x73, 0xD1, 0x00, 0x00, 0xD9,
		0x00, 0x13, 0x68, 0x11, 0x00, 0xC3, 0x00, 0x6D, 0x61, 0x74, 0x65, 0x72,
		0x69, 0x61, 0x6C, 0x73, 0x2F, 0x70, 0x96, 0x07, 0x90, 0x73, 0x2F, 0x65,
		0x6E, 0x76, 0x69, 0x72, 0x6F, 0x6E, 0xB2, 0x00, 0xB2, 0x2F, 0x73, 0x6E,
		0x6F, 0x77, 0x5F, 0x31, 0x2E, 0x76, 0x74, 0x65, 0xDB, 0x03, 0xFF, 0x03,
		0x53, 0x65, 0x6C, 0x66, 0x49, 0x6C, 0x6C, 0x75, 0x6D, 0x41, 0x6D, 0x6F,
		0x75, 0x6E, 0x74, 0x00, 0x76, 0x00, 0x01, 0x00, 0x5D, 0x2A, 0x90, 0x40,
		0x08, 0x00, 0x13, 0x80, 0x08, 0x00, 0x2F, 0xF0, 0x3F, 0x08, 0x00, 0x1B,
		0x0E, 0x01, 0x00, 0x0E, 0x20, 0x00, 0x0F, 0x01, 0x00, 0xF1, 0x0E, 0x40,
		0x01, 0x0F, 0xB8, 0x01, 0x24, 0x1A, 0xC0, 0x08, 0x00, 0x2F, 0x00, 0x00,
		0xB8, 0x01, 0xFF, 0x94, 0x0C, 0x01, 0x00, 0x2F, 0x5E, 0xC0, 0xB8, 0x01,
		0xFF, 0xFF, 0xFF, 0x5E, 0x0F, 0x01, 0x00, 0x47, 0x11, 0x33, 0x01, 0x00,
		0x24, 0xC3, 0xBF, 0x08, 0x00, 0x0B, 0x18, 0x00, 0x14, 0x3F, 0x08, 0x00,
		0x0F, 0x63, 0x00, 0x28, 0x50, 0x00, 0x00, 0x00, 0x00, 0x00, 0xF3, 0x02,
		0x09, 0x00, 0x00, 0x00, 0x01, 0x00, 0x00, 0x00, 0x02, 0x00, 0x00, 0x00,
		0x2F, 0x00, 0x00, 0x00, 0x04, 0x04, 0x00, 0x17, 0x17, 0x10, 0x00, 0x0F,
		0x08, 0x00, 0x05, 0x1F, 0x01, 0x28, 0x00, 0x18, 0x13, 0x03, 0x2C, 0x00,
		0x13, 0x2E, 0x14, 0x00, 0x0F, 0x08, 0x00, 0x05, 0x1F, 0x01, 0x28, 0x00,
		0x18, 0x17, 0x03, 0x10, 0x00, 0x1B, 0x02, 0x1C, 0x00, 0x13, 0x02, 0x20,
		0x00, 0x17, 0x01, 0x08, 0x00, 0x05, 0x20, 0x00, 0x62, 0x01, 0x03, 0x02,
		0x02, 0x04, 0x03, 0x01, 0x00, 0x26, 0x02, 0x02, 0x03, 0x00, 0x06, 0x01,
		0x00, 0x0F, 0x16, 0x00, 0x29, 0x22, 0x02, 0x02, 0x5F, 0x00, 0x01, 0x67,
		0x00, 0x17, 0x00, 0x90, 0x00, 0x13, 0x0C, 0x8C, 0x00, 0x00, 0x84, 0x00,
		0xE2, 0x05, 0x00, 0x00, 0x00, 0x06, 0x00, 0x00, 0x00, 0x07, 0x00, 0x00,
		0x00, 0x08, 0x00, 0x01, 0x00, 0x00, 0x8C, 0x01, 0x53, 0x0A, 0x00, 0x00,
		0x00, 0x0B, 0x2C, 0x00, 0xF3, 0x0A, 0x0D, 0x00, 0x00, 0x00, 0x0E, 0x00,
		0x00, 0x00, 0x0F, 0x00, 0x00, 0x00, 0x10, 0x00, 0x00, 0x00, 0xFF, 0xFF,
		0xFF, 0xFF, 0x11, 0x00, 0x00, 0x00, 0x12, 0x48, 0x00, 0x13, 0x13, 0x44,
		0x00, 0x93, 0x14, 0x00, 0x00, 0x00, 0x15, 0x00, 0x00, 0x00, 0x16, 0x3C,
		0x01, 0x13, 0x18, 0x2C, 0x00, 0xF3, 0x42, 0x19, 0x00, 0x00, 0x00, 0x1A,
		0x00, 0x00, 0x00, 0x1B, 0x00, 0x00, 0x00, 0x1C, 0x00, 0x00, 0x00, 0x1D,
		0x00, 0x00, 0x00, 0x1E, 0x00, 0x00, 0x00, 0x1F, 0x00, 0x00, 0x00, 0x20,
		0x00, 0x00, 0x00, 0x21, 0x00, 0x00, 0x00, 0x22, 0x00, 0x00, 0x00, 0x23,
		0x00, 0x00, 0x00, 0x24, 0x00, 0x00, 0x00, 0x25, 0x00, 0x00, 0x00, 0x26,
		0x00, 0x00, 0x00, 0x27, 0x00, 0x00, 0x00, 0x28, 0x00, 0x00, 0x00, 0x29,
		0x00, 0x00, 0x00, 0x2A, 0x00, 0x00, 0x00, 0x2B, 0x00, 0x00, 0x00, 0x2C,
		0x00, 0x00, 0x00, 0x2D, 0x44, 0x01, 0x00, 0xD8, 0x01, 0xF3, 0x3E, 0x30,
		0x00, 0x00, 0x00, 0x31, 0x00, 0x00, 0x00, 0x32, 0x00, 0x00, 0x00, 0x33,
		0x00, 0x00, 0x00, 0x34, 0x00, 0x00, 0x00, 0x35, 0x00, 0x00, 0x00, 0x36,
		0x00, 0x00, 0x00, 0x37, 0x00, 0x00, 0x00, 0x38, 0x00, 0x00, 0x00, 0x39,
		0x00, 0x00, 0x00, 0x3A, 0x00, 0x00, 0x00, 0x3B, 0x00, 0x00, 0x00, 0x3C,
		0x00, 0x00, 0x00, 0x3D, 0x00, 0x00, 0x00, 0x3E, 0x00, 0x00, 0x00, 0x3F,
		0x00, 0x00, 0x00, 0x40, 0x00, 0x00, 0x00, 0x41, 0x00, 0x00, 0x00, 0x42,
		0x00, 0x00, 0x00, 0x43, 0x00, 0x01, 0x13, 0x44, 0x08, 0x00, 0x93, 0x45,
		0x00, 0x00, 0x00, 0x46, 0x00, 0x00, 0x00, 0x47, 0x10, 0x00, 0x53, 0x48,
		0x00, 0x00, 0x00, 0x49, 0x18, 0x01, 0x97, 0x4A, 0x00, 0x00, 0x00, 0x4B,
		0x00, 0x00, 0x00, 0x4C, 0x14, 0x01, 0x17, 0x4D, 0x0C, 0x01, 0x40, 0x4E,
		0x00, 0x00, 0x00, 0x24, 0x01, 0xFF, 0x02, 0x4F, 0x00, 0x00, 0x00, 0x50,
		0x00, 0x00, 0x00, 0x51, 0x00, 0x00, 0x00, 0x52, 0x00, 0x00, 0x00, 0x53,
		0x58, 0x01, 0xF8, 0x1F, 0x54, 0x0C, 0x01, 0xF8, 0x1F, 0x55, 0x0C, 0x01,
		0xF8, 0x1F, 0x56, 0x0C, 0x01, 0xF8, 0xF3, 0x06, 0x57, 0x00, 0x00, 0x00,
		0x58, 0x00, 0x00, 0x00, 0x59, 0x00, 0x00, 0x00, 0x5A, 0x00, 0x00, 0x00,
		0x5B, 0x00, 0x00, 0x00, 0x5C, 0x24, 0x00, 0x9F, 0x5D, 0x00, 0x00, 0x00,
		0x5E, 0x00, 0x00, 0x00, 0x5F, 0x94, 0x04, 0xFF, 0xFF, 0xFF, 0xFF, 0x84,
		0x13, 0x60, 0x10, 0x00, 0x5F, 0x61, 0x00, 0x00, 0x00, 0x62, 0xA0, 0x04,
		0xFF, 0x09, 0x0F, 0x98, 0x04, 0xF1, 0x0F, 0x90, 0x04, 0xF1, 0x0F, 0x88,
		0x04, 0xF1, 0x0F, 0x80, 0x04, 0x39, 0x1F, 0x63, 0x74, 0x04, 0xFF, 0xFF,
		0xFF, 0xFF, 0x64, 0x00, 0x01, 0x00, 0x53, 0x64, 0x00, 0x00, 0x00, 0x65,
		0x30, 0x01, 0x1F, 0x66, 0x30, 0x01, 0xE8, 0x13, 0x67, 0x60, 0x14, 0x0F,
		0x14, 0x01, 0xF9, 0x13, 0x68, 0x10, 0x00, 0x13, 0x69, 0x08, 0x00, 0x53,
		0x6A, 0x00, 0x00, 0x00, 0x6B, 0x0C, 0x00, 0x93, 0x6C, 0x00, 0x00, 0x00,
		0x6D, 0x00, 0x00, 0x00, 0x6E, 0x10, 0x00, 0x53, 0x6F, 0x00, 0x00, 0x00,
		0x70, 0x0C, 0x00, 0xFF, 0x02, 0x71, 0x00, 0x00, 0x00, 0x72, 0x00, 0x00,
		0x00, 0x73, 0x00, 0x00, 0x00, 0x74, 0x00, 0x00, 0x00, 0x75, 0x90, 0x03,
		0xF0, 0x02, 0x01, 0x00, 0x21, 0x1C, 0x40, 0x07, 0x00, 0x33, 0x20, 0x9C,
		0x40, 0x5A, 0x01, 0x30, 0x40, 0x9A, 0x99, 0x01, 0x00, 0x22, 0xB9, 0x3F,
		0x10, 0x00, 0x2F, 0xE0, 0x3F, 0x10, 0x00, 0xED, 0x01, 0x07, 0x00, 0x2D,
		0x80, 0x76, 0x18, 0x01, 0x03, 0x41, 0x01, 0x0F, 0x30, 0x01, 0x06, 0x02,
		0x08, 0x00, 0x1D, 0xD9, 0x50, 0x00, 0xF3, 0x22, 0x09, 0x06, 0x0B, 0x05,
		0x05, 0x18, 0x09, 0x06, 0x18, 0x09, 0x06, 0x09, 0x06, 0x06, 0x05, 0x06,
		0x0F, 0x0B, 0x0B, 0x0F, 0x11, 0x12, 0x0E, 0x0B, 0x06, 0x11, 0x11, 0x11,
		0x11, 0x0F, 0x11, 0x12, 0x05, 0x19, 0x05, 0x11, 0x10, 0x06, 0x06, 0x06,
		0x12, 0x05, 0x12, 0x0D, 0x11, 0x0E, 0x06, 0x12, 0x11, 0x02, 0x00, 0xA1,
		0x06, 0x06, 0x11, 0x09, 0x08, 0x08, 0x19, 0x05, 0x19, 0x05, 0x3A, 0x00,
		0xD0, 0x19, 0x05, 0x19, 0x0B, 0x06, 0x0E, 0x0B, 0x19, 0x05, 0x0F, 0x0F,
		0x19, 0x05, 0x02, 0x00, 0x4F, 0x09, 0x06, 0x06, 0x11, 0x4D, 0x00, 0x20,
		0x0F, 0x37, 0x00, 0x92, 0x21, 0x11, 0x12, 0x3D, 0x00, 0x03, 0x43, 0x00,
		0x0F, 0xFB, 0x00, 0xE6, 0x1F, 0x0D, 0xF8, 0x01, 0x2F, 0x0E, 0x8E, 0x00,
		0x0F, 0x36, 0x00, 0x85, 0x0E, 0xF4, 0x01, 0x0F, 0xF7, 0x00, 0xDE, 0x16,
		0x06, 0x43, 0x00, 0x2F, 0x05, 0x0D, 0x43, 0x00, 0x17, 0x16, 0x0B, 0x38,
		0x00, 0x2F, 0x12, 0x05, 0x7B, 0x00, 0x18, 0x11, 0x18, 0x90, 0x04, 0x01,
		0x79, 0x00, 0x01, 0xA0, 0x04, 0x2F, 0x86, 0x01, 0xA1, 0x04, 0x1B, 0x03,
		0x48, 0x00, 0x50, 0x05, 0x00, 0xDD, 0xEE, 0xFF
	};

	inline unsigned char spectator_utility_trail[ 4409 ]
	{
		0x39, 0x11, 0x00, 0x00, 0x0C, 0x00, 0x01, 0x00, 0x08, 0x00, 0x00, 0x00,
		0x03, 0x00, 0x00, 0x00, 0x52, 0x45, 0x52, 0x4C, 0x20, 0x00, 0x00, 0x00,
		0xE8, 0x00, 0x00, 0x00, 0x52, 0x45, 0x44, 0x32, 0x00, 0x01, 0x00, 0x00,
		0xD1, 0x02, 0x00, 0x00, 0x44, 0x41, 0x54, 0x41, 0xD4, 0x03, 0x00, 0x00,
		0x39, 0x0D, 0x00, 0x00, 0x0C, 0x00, 0x00, 0x00, 0x04, 0x00, 0x00, 0x00,
		0x00, 0x00, 0x00, 0x00, 0x00, 0x12, 0xCB, 0x46, 0xC6, 0x11, 0x1A, 0xE1,
		0x38, 0x00, 0x00, 0x00, 0x00, 0x00, 0x00, 0x00, 0xF9, 0xED, 0x0B, 0xDB,
		0x69, 0xDE, 0x2B, 0x37, 0x4B, 0x00, 0x00, 0x00, 0x00, 0x00, 0x00, 0x00,
		0x84, 0x7E, 0x15, 0x60, 0x86, 0x55, 0x99, 0x39, 0x61, 0x00, 0x00, 0x00,
		0x00, 0x00, 0x00, 0x00, 0x1F, 0xB2, 0xB0, 0x10, 0xA7, 0x09, 0x4F, 0x24,
		0x7B, 0x00, 0x00, 0x00, 0x00, 0x00, 0x00, 0x00, 0x6D, 0x61, 0x74, 0x65,
		0x72, 0x69, 0x61, 0x6C, 0x73, 0x2F, 0x70, 0x61, 0x72, 0x74, 0x69, 0x63,
		0x6C, 0x65, 0x2F, 0x62, 0x65, 0x61, 0x6D, 0x5F, 0x63, 0x61, 0x62, 0x6C,
		0x65, 0x2E, 0x76, 0x74, 0x65, 0x78, 0x00, 0x6D, 0x61, 0x74, 0x65, 0x72,
		0x69, 0x61, 0x6C, 0x73, 0x2F, 0x70, 0x61, 0x72, 0x74, 0x69, 0x63, 0x6C,
		0x65, 0x2F, 0x62, 0x65, 0x61, 0x6D, 0x5F, 0x68, 0x6F, 0x74, 0x77, 0x68,
		0x69, 0x74, 0x65, 0x2E, 0x76, 0x74, 0x65, 0x78, 0x00, 0x6D, 0x61, 0x74,
		0x65, 0x72, 0x69, 0x61, 0x6C, 0x73, 0x2F, 0x70, 0x61, 0x72, 0x74, 0x69,
		0x63, 0x6C, 0x65, 0x2F, 0x66, 0x6C, 0x61, 0x6D, 0x65, 0x73, 0x2F, 0x62,
		0x65, 0x61, 0x6D, 0x5F, 0x66, 0x6C, 0x61, 0x6D, 0x65, 0x2E, 0x76, 0x74,
		0x65, 0x78, 0x00, 0x70, 0x61, 0x72, 0x74, 0x69, 0x63, 0x6C, 0x65, 0x73,
		0x2F, 0x65, 0x6E, 0x74, 0x69, 0x74, 0x79, 0x2F, 0x67, 0x72, 0x65, 0x6E,
		0x61, 0x64, 0x65, 0x5F, 0x70, 0x61, 0x74, 0x68, 0x5F, 0x73, 0x6E, 0x61,
		0x70, 0x2E, 0x76, 0x73, 0x6E, 0x61, 0x70, 0x00, 0x00, 0x00, 0x00, 0x00,
		0x05, 0x33, 0x56, 0x4B, 0x7C, 0x16, 0x12, 0x74, 0xE9, 0x06, 0x98, 0x46,
		0xAF, 0xF2, 0xE6, 0x3E, 0xB5, 0x90, 0x37, 0xE7, 0x01, 0x00, 0x00, 0x00,
		0x00, 0x00, 0x00, 0x40, 0x46, 0x02, 0x00, 0x00, 0x01, 0x00, 0x00, 0x00,
		0x00, 0x00, 0x00, 0x00, 0x21, 0x00, 0x00, 0x00, 0x06, 0x00, 0x07, 0x00,
		0x3D, 0x03, 0x00, 0x00, 0x59, 0x02, 0x00, 0x00, 0x00, 0x00, 0x00, 0x00,
		0x00, 0x00, 0x00, 0x00, 0x00, 0x00, 0x00, 0x00, 0x00, 0x00, 0x00, 0x00,
		0x4C, 0x02, 0x00, 0x00, 0xAA, 0x01, 0x00, 0x00, 0xF1, 0x00, 0x00, 0x00,
		0xAF, 0x00, 0x00, 0x00, 0x03, 0x00, 0x00, 0x00, 0x00, 0x00, 0x00, 0x00,
		0x2C, 0x00, 0x00, 0x00, 0x00, 0x00, 0x00, 0x00, 0x1E, 0x00, 0x00, 0x00,
		0x06, 0x00, 0x00, 0x00, 0x07, 0x00, 0x00, 0x00, 0x08, 0x00, 0x00, 0x00,
		0xF0, 0x52, 0x6D, 0x5F, 0x49, 0x6E, 0x70, 0x75, 0x74, 0x44, 0x65, 0x70,
		0x65, 0x6E, 0x64, 0x65, 0x6E, 0x63, 0x69, 0x65, 0x73, 0x00, 0x6D, 0x5F,
		0x52, 0x65, 0x6C, 0x61, 0x74, 0x69, 0x76, 0x65, 0x46, 0x69, 0x6C, 0x65,
		0x6E, 0x61, 0x6D, 0x65, 0x00, 0x73, 0x70, 0x65, 0x63, 0x74, 0x61, 0x74,
		0x6F, 0x72, 0x5F, 0x75, 0x74, 0x69, 0x6C, 0x69, 0x74, 0x79, 0x5F, 0x74,
		0x72, 0x61, 0x69, 0x6C, 0x2E, 0x76, 0x70, 0x63, 0x66, 0x00, 0x6D, 0x5F,
		0x53, 0x65, 0x61, 0x72, 0x63, 0x68, 0x50, 0x61, 0x74, 0x68, 0x00, 0x63,
		0x73, 0x67, 0x6F, 0x5F, 0x61, 0x64, 0x64, 0x6F, 0x6E, 0x73, 0x2F, 0x70,
		0x65, 0x6E, 0x69, 0x4F, 0x00, 0x10, 0x6E, 0x48, 0x00, 0xF0, 0x00, 0x43,
		0x52, 0x43, 0x00, 0x6D, 0x5F, 0x62, 0x4F, 0x70, 0x74, 0x69, 0x6F, 0x6E,
		0x61, 0x6C, 0x0C, 0x00, 0x00, 0x17, 0x00, 0x60, 0x45, 0x78, 0x69, 0x73,
		0x74, 0x73, 0x0E, 0x00, 0x51, 0x49, 0x73, 0x47, 0x61, 0x6D, 0x73, 0x00,
		0x72, 0x00, 0x6D, 0x5F, 0x41, 0x64, 0x64, 0x69, 0x29, 0x00, 0x0F, 0xA0,
		0x00, 0x01, 0x7C, 0x41, 0x72, 0x67, 0x75, 0x6D, 0x65, 0x6E, 0x17, 0x00,
		0xA0, 0x50, 0x61, 0x72, 0x61, 0x6D, 0x65, 0x74, 0x65, 0x72, 0x4E, 0xB4,
		0x00, 0xB2, 0x5F, 0x5F, 0x5F, 0x4F, 0x76, 0x65, 0x72, 0x72, 0x69, 0x64,
		0x65, 0x44, 0x00, 0x68, 0x61, 0x74, 0x61, 0x5F, 0x5F, 0x5F, 0x28, 0x00,
		0xF2, 0x03, 0x54, 0x79, 0x70, 0x65, 0x00, 0x42, 0x69, 0x6E, 0x61, 0x72,
		0x79, 0x42, 0x6C, 0x6F, 0x62, 0x41, 0x72, 0x67, 0xAE, 0x00, 0x9B, 0x6E,
		0x67, 0x65, 0x72, 0x70, 0x72, 0x69, 0x6E, 0x74, 0x0F, 0x00, 0x70, 0x44,
		0x65, 0x66, 0x61, 0x75, 0x6C, 0x74, 0xF2, 0x00, 0x6B, 0x70, 0x65, 0x63,
		0x69, 0x61, 0x6C, 0x81, 0x00, 0xF4, 0x0F, 0x53, 0x74, 0x72, 0x69, 0x6E,
		0x67, 0x00, 0x4B, 0x56, 0x33, 0x20, 0x43, 0x6F, 0x6D, 0x70, 0x69, 0x6C,
		0x65, 0x72, 0x20, 0x56, 0x65, 0x72, 0x73, 0x69, 0x6F, 0x6E, 0x00, 0x6D,
		0x5F, 0x13, 0x00, 0xB3, 0x49, 0x64, 0x65, 0x6E, 0x74, 0x69, 0x66, 0x69,
		0x65, 0x72, 0x00, 0x13, 0x00, 0x61, 0x50, 0x61, 0x72, 0x74, 0x69, 0x63,
		0xF9, 0x00, 0x50, 0x6E, 0x55, 0x73, 0x65, 0x72, 0xAB, 0x00, 0x14, 0x00,
		0x15, 0x00, 0x0E, 0x4B, 0x00, 0x08, 0x1F, 0x01, 0x01, 0xAB, 0x01, 0x20,
		0x65, 0x64, 0x37, 0x01, 0x10, 0x73, 0x64, 0x00, 0xF0, 0x00, 0x68, 0x69,
		0x6C, 0x64, 0x52, 0x65, 0x73, 0x6F, 0x75, 0x72, 0x63, 0x65, 0x4C, 0x69,
		0x73, 0xAC, 0x00, 0xB5, 0x57, 0x65, 0x61, 0x6B, 0x52, 0x65, 0x66, 0x65,
		0x72, 0x65, 0x6E, 0x14, 0x00, 0x02, 0xB2, 0x01, 0x45, 0x61, 0x62, 0x6C,
		0x65, 0x70, 0x00, 0x29, 0x49, 0x73, 0x3D, 0x00, 0x00, 0x25, 0x00, 0x75,
		0x75, 0x62, 0x61, 0x73, 0x73, 0x65, 0x74, 0x3D, 0x00, 0x16, 0x73, 0x15,
		0x00, 0x00, 0x0C, 0x01, 0x21, 0x69, 0x6E, 0x85, 0x00, 0x80, 0x73, 0x00,
		0x00, 0x00, 0x1F, 0x00, 0x00, 0x00, 0x97, 0x0A, 0x00, 0x00, 0x00, 0x06,
		0x00, 0x00, 0x00, 0x04, 0x04, 0x00, 0x10, 0x01, 0x04, 0x00, 0x43, 0x01,
		0x02, 0x00, 0x00, 0x0C, 0x00, 0x00, 0x0A, 0x00, 0x13, 0x03, 0x1C, 0x00,
		0x80, 0x05, 0x00, 0x00, 0x00, 0x99, 0x80, 0x17, 0xB2, 0x34, 0x00, 0xA2,
		0x07, 0x00, 0x00, 0x00, 0x08, 0x00, 0x00, 0x00, 0x09, 0x00, 0x01, 0x00,
		0x00, 0x4C, 0x00, 0xF3, 0x1A, 0x0B, 0x00, 0x00, 0x00, 0x0C, 0x00, 0x00,
		0x00, 0x0D, 0x00, 0x00, 0x00, 0x0E, 0x00, 0x00, 0x00, 0x0F, 0x00, 0x00,
		0x00, 0x10, 0x00, 0x00, 0x00, 0x11, 0x00, 0x00, 0x00, 0x12, 0x00, 0x00,
		0x00, 0x13, 0x00, 0x00, 0x00, 0x14, 0x00, 0x00, 0x00, 0x15, 0x1C, 0x00,
		0x00, 0x5C, 0x00, 0x13, 0x16, 0x1C, 0x00, 0x1F, 0x17, 0x1C, 0x00, 0x04,
		0x13, 0x18, 0x60, 0x00, 0x13, 0x19, 0x08, 0x00, 0x13, 0x1A, 0x08, 0x00,
		0xD0, 0x1B, 0x00, 0x00, 0x00, 0x1C, 0x00, 0x00, 0x00, 0x1D, 0x00, 0x00,
		0x00, 0x1E, 0x88, 0x00, 0x90, 0x18, 0x09, 0x06, 0x06, 0x0C, 0x0E, 0x0D,
		0x0E, 0x08, 0x09, 0x00, 0x21, 0x0F, 0x0F, 0x0F, 0x00, 0x10, 0x0F, 0x04,
		0x00, 0xB0, 0x08, 0x08, 0x08, 0x09, 0x0F, 0x01, 0x01, 0x00, 0xDD, 0xEE,
		0xFF, 0x00, 0x00, 0x00, 0x00, 0x00, 0x00, 0x00, 0x00, 0x00, 0x00, 0x00,
		0x00, 0x00, 0x00, 0x00, 0x05, 0x33, 0x56, 0x4B, 0x1D, 0xCE, 0xD3, 0x39,
		0x42, 0x94, 0x07, 0x44, 0x9B, 0x78, 0x83, 0x17, 0x14, 0x5B, 0x17, 0x32,
		0x01, 0x00, 0x00, 0x00, 0x00, 0x00, 0x00, 0x40, 0x94, 0x0B, 0x00, 0x00,
		0x11, 0x00, 0x00, 0x00, 0x67, 0x01, 0x00, 0x00, 0xEF, 0x07, 0x00, 0x00,
		0x6E, 0x00, 0xE7, 0x00, 0xFB, 0x49, 0x00, 0x00, 0xC1, 0x0C, 0x00, 0x00,
		0x00, 0x00, 0x00, 0x00, 0x00, 0x00, 0x00, 0x00, 0x00, 0x00, 0x00, 0x00,
		0x00, 0x00, 0x00, 0x00, 0x10, 0x17, 0x00, 0x00, 0x8F, 0x07, 0x00, 0x00,
		0xEB, 0x32, 0x00, 0x00, 0x32, 0x05, 0x00, 0x00, 0x9F, 0x00, 0x00, 0x00,
		0x00, 0x00, 0x00, 0x00, 0x62, 0x09, 0x00, 0x00, 0x63, 0x00, 0x00, 0x00,
		0x4C, 0x07, 0x00, 0x00, 0x6E, 0x00, 0x00, 0x00, 0x53, 0x00, 0x00, 0x00,
		0x65, 0x00, 0x00, 0x00, 0xF2, 0x21, 0x5F, 0x63, 0x6C, 0x61, 0x73, 0x73,
		0x00, 0x43, 0x50, 0x61, 0x72, 0x74, 0x69, 0x63, 0x6C, 0x65, 0x53, 0x79,
		0x73, 0x74, 0x65, 0x6D, 0x44, 0x65, 0x66, 0x69, 0x6E, 0x69, 0x74, 0x69,
		0x6F, 0x6E, 0x00, 0x6D, 0x5F, 0x6E, 0x42, 0x65, 0x68, 0x61, 0x76, 0x69,
		0x6F, 0x72, 0x56, 0x65, 0x72, 0x73, 0x13, 0x00, 0xB3, 0x68, 0x53, 0x6E,
		0x61, 0x70, 0x73, 0x68, 0x6F, 0x74, 0x00, 0x70, 0x38, 0x00, 0xF0, 0x0D,
		0x73, 0x2F, 0x65, 0x6E, 0x74, 0x69, 0x74, 0x79, 0x2F, 0x67, 0x72, 0x65,
		0x6E, 0x61, 0x64, 0x65, 0x5F, 0x70, 0x61, 0x74, 0x68, 0x5F, 0x73, 0x6E,
		0x61, 0x70, 0x2E, 0x76, 0x06, 0x00, 0x00, 0x48, 0x00, 0x44, 0x4D, 0x61,
		0x78, 0x50, 0x2F, 0x00, 0xF0, 0x0E, 0x00, 0x6D, 0x5F, 0x43, 0x6F, 0x6E,
		0x73, 0x74, 0x61, 0x6E, 0x74, 0x43, 0x6F, 0x6C, 0x6F, 0x72, 0x00, 0x6D,
		0x5F, 0x63, 0x6F, 0x6E, 0x74, 0x72, 0x6F, 0x6C, 0x50, 0x6F, 0x69, 0x14,
		0x00, 0x70, 0x6E, 0x66, 0x69, 0x67, 0x75, 0x72, 0x61, 0x84, 0x00, 0x10,
		0x73, 0x3D, 0x00, 0xF0, 0x05, 0x61, 0x6D, 0x65, 0x00, 0x70, 0x72, 0x65,
		0x76, 0x69, 0x65, 0x77, 0x00, 0x6D, 0x5F, 0x64, 0x72, 0x69, 0x76, 0x65,
		0x72, 0x19, 0x00, 0xF2, 0x13, 0x69, 0x41, 0x74, 0x74, 0x61, 0x63, 0x68,
		0x54, 0x79, 0x70, 0x65, 0x00, 0x50, 0x41, 0x54, 0x54, 0x41, 0x43, 0x48,
		0x5F, 0x57, 0x4F, 0x52, 0x4C, 0x44, 0x4F, 0x52, 0x49, 0x47, 0x49, 0x4E,
		0x00, 0x6D, 0x5F, 0x99, 0x00, 0x10, 0x4E, 0x41, 0x00, 0x40, 0x73, 0x65,
		0x6C, 0x66, 0x34, 0x00, 0x17, 0x43, 0x6B, 0x00, 0xB0, 0x00, 0x6D, 0x5F,
		0x76, 0x65, 0x63, 0x4F, 0x66, 0x66, 0x73, 0x65, 0x0C, 0x00, 0x50, 0x45,
		0x6D, 0x69, 0x74, 0x74, 0x5B, 0x00, 0xD3, 0x43, 0x5F, 0x4F, 0x50, 0x5F,
		0x4D, 0x61, 0x69, 0x6E, 0x74, 0x61, 0x69, 0x6E, 0x16, 0x00, 0x00, 0x89,
		0x00, 0x05, 0xC3, 0x00, 0x24, 0x54, 0x6F, 0x1E, 0x00, 0x00, 0x17, 0x00,
		0x04, 0x12, 0x01, 0x0B, 0x5B, 0x00, 0x10, 0x49, 0x47, 0x01, 0x42, 0x61,
		0x6C, 0x69, 0x7A, 0x53, 0x00, 0x41, 0x49, 0x4E, 0x49, 0x54, 0x14, 0x00,
		0x65, 0x46, 0x72, 0x6F, 0x6D, 0x43, 0x50, 0x47, 0x01, 0x08, 0x1A, 0x00,
		0x32, 0x6C, 0x6F, 0x61, 0x3A, 0x00, 0x80, 0x70, 0x75, 0x74, 0x56, 0x61,
		0x6C, 0x75, 0x65, 0x5F, 0x00, 0x02, 0xE0, 0x00, 0xF2, 0x0F, 0x46, 0x5F,
		0x54, 0x59, 0x50, 0x45, 0x5F, 0x43, 0x4F, 0x4E, 0x54, 0x52, 0x4F, 0x4C,
		0x5F, 0x50, 0x4F, 0x49, 0x4E, 0x54, 0x5F, 0x43, 0x4F, 0x4D, 0x50, 0x4F,
		0x4E, 0x45, 0x4E, 0x54, 0x64, 0x01, 0x14, 0x70, 0x2B, 0x00, 0x32, 0x4D,
		0x41, 0x50, 0x2F, 0x00, 0x50, 0x44, 0x49, 0x52, 0x45, 0x43, 0x1E, 0x00,
		0x94, 0x66, 0x6C, 0x4C, 0x69, 0x74, 0x65, 0x72, 0x61, 0x6C, 0x57, 0x00,
		0x00, 0x15, 0x01, 0x15, 0x64, 0x64, 0x00, 0x0B, 0xBB, 0x00, 0xF1, 0x00,
		0x6E, 0x53, 0x63, 0x61, 0x6C, 0x61, 0x72, 0x41, 0x74, 0x74, 0x72, 0x69,
		0x62, 0x75, 0x74, 0x23, 0x00, 0x5F, 0x56, 0x65, 0x63, 0x74, 0x6F, 0x13,
		0x00, 0x01, 0x91, 0x43, 0x6F, 0x6D, 0x70, 0x6F, 0x6E, 0x65, 0x6E, 0x74,
		0x67, 0x00, 0x98, 0x52, 0x61, 0x6E, 0x64, 0x6F, 0x6D, 0x4D, 0x69, 0x6E,
		0x0E, 0x00, 0x92, 0x61, 0x78, 0x00, 0x6D, 0x5F, 0x62, 0x48, 0x61, 0x73,
		0x10, 0x00, 0x71, 0x53, 0x69, 0x67, 0x6E, 0x46, 0x6C, 0x69, 0x1A, 0x02,
		0x03, 0x22, 0x00, 0x21, 0x6F, 0x64, 0xB9, 0x00, 0xA1, 0x52, 0x41, 0x4E,
		0x44, 0x4F, 0x4D, 0x5F, 0x4D, 0x4F, 0x44, 0xEB, 0x00, 0x43, 0x53, 0x54,
		0x41, 0x4E, 0xBE, 0x00, 0x34, 0x4F, 0x44, 0x30, 0x09, 0x00, 0x14, 0x31,
		0x09, 0x00, 0x14, 0x32, 0x09, 0x00, 0x10, 0x33, 0x4A, 0x00, 0x52, 0x4E,
		0x6F, 0x69, 0x73, 0x65, 0x3B, 0x01, 0x0D, 0xAB, 0x00, 0x21, 0x66, 0x6C,
		0x1E, 0x00, 0x64, 0x4F, 0x75, 0x74, 0x70, 0x75, 0x74, 0x9D, 0x00, 0x08,
		0x13, 0x00, 0x26, 0x61, 0x78, 0x13, 0x00, 0x00, 0xFD, 0x00, 0x12, 0x65,
		0x1C, 0x02, 0x02, 0x23, 0x00, 0x01, 0x21, 0x02, 0x29, 0x52, 0x61, 0x4A,
		0x00, 0x04, 0x35, 0x02, 0x12, 0x6E, 0x0F, 0x00, 0x65, 0x63, 0x74, 0x61,
		0x76, 0x65, 0x73, 0x10, 0x00, 0x91, 0x54, 0x75, 0x72, 0x62, 0x75, 0x6C,
		0x65, 0x6E, 0x63, 0xD6, 0x00, 0xF6, 0x00, 0x4E, 0x4F, 0x49, 0x53, 0x45,
		0x5F, 0x54, 0x55, 0x52, 0x42, 0x5F, 0x4E, 0x4F, 0x4E, 0x45, 0x26, 0x00,
		0x28, 0x79, 0x70, 0x20, 0x00, 0x00, 0xB1, 0x01, 0x65, 0x50, 0x45, 0x52,
		0x4C, 0x49, 0x4E, 0x22, 0x00, 0x85, 0x4D, 0x6F, 0x64, 0x69, 0x66, 0x69,
		0x65, 0x72, 0x26, 0x00, 0x00, 0x1B, 0x01, 0x54, 0x49, 0x46, 0x49, 0x45,
		0x52, 0x4A, 0x00, 0x2B, 0x66, 0x6C, 0x71, 0x00, 0x04, 0xBE, 0x00, 0x0D,
		0x19, 0x00, 0x27, 0x4D, 0x69, 0xE4, 0x00, 0x42, 0x49, 0x6D, 0x67, 0x50,
		0x53, 0x03, 0x04, 0x30, 0x00, 0x1B, 0x62, 0x18, 0x00, 0x31, 0x4C, 0x69,
		0x76, 0xE5, 0x01, 0x01, 0x52, 0x01, 0x04, 0xA0, 0x01, 0x53, 0x49, 0x4E,
		0x50, 0x55, 0x54, 0x9F, 0x01, 0x61, 0x4C, 0x41, 0x4D, 0x50, 0x45, 0x44,
		0x53, 0x00, 0x60, 0x4D, 0x75, 0x6C, 0x74, 0x46, 0x61, 0x75, 0x01, 0x01,
		0x0F, 0x00, 0x01, 0x33, 0x00, 0x16, 0x30, 0x0B, 0x00, 0x02, 0xB1, 0x01,
		0x02, 0x6A, 0x01, 0x17, 0x30, 0x0C, 0x00, 0x13, 0x31, 0x90, 0x00, 0xA6,
		0x74, 0x63, 0x68, 0x65, 0x64, 0x52, 0x61, 0x6E, 0x67, 0x65, 0x9B, 0x01,
		0x07, 0x14, 0x00, 0x28, 0x61, 0x78, 0x14, 0x00, 0x02, 0x3B, 0x00, 0x7E,
		0x4F, 0x75, 0x74, 0x73, 0x69, 0x64, 0x65, 0x19, 0x00, 0x23, 0x49, 0x6E,
		0x18, 0x00, 0x54, 0x6E, 0x42, 0x69, 0x61, 0x73, 0x62, 0x01, 0x42, 0x42,
		0x49, 0x41, 0x53, 0x61, 0x01, 0x00, 0x53, 0x02, 0x32, 0x44, 0x41, 0x52,
		0xB8, 0x00, 0x00, 0x23, 0x00, 0x62, 0x50, 0x61, 0x72, 0x61, 0x6D, 0x65,
		0xE2, 0x03, 0x31, 0x43, 0x75, 0x72, 0xF5, 0x00, 0x50, 0x73, 0x70, 0x6C,
		0x69, 0x6E, 0x09, 0x00, 0x10, 0x74, 0x81, 0x00, 0x30, 0x6E, 0x74, 0x73,
		0x0E, 0x02, 0x98, 0x44, 0x6F, 0x6D, 0x61, 0x69, 0x6E, 0x4D, 0x69, 0x6E,
		0x0E, 0x00, 0x21, 0x61, 0x78, 0xF5, 0x01, 0x02, 0x7C, 0x00, 0x51, 0x46,
		0x69, 0x65, 0x6C, 0x64, 0x3F, 0x03, 0xF1, 0x0C, 0x65, 0x74, 0x4D, 0x65,
		0x74, 0x68, 0x6F, 0x64, 0x00, 0x50, 0x41, 0x52, 0x54, 0x49, 0x43, 0x4C,
		0x45, 0x5F, 0x53, 0x45, 0x54, 0x5F, 0x53, 0x43, 0x41, 0x4C, 0x45, 0xEF,
		0x03, 0x95, 0x49, 0x41, 0x4C, 0x5F, 0x56, 0x41, 0x4C, 0x55, 0x45, 0xD9,
		0x03, 0x76, 0x4C, 0x49, 0x54, 0x45, 0x52, 0x41, 0x4C, 0x13, 0x03, 0x43,
		0x53, 0x65, 0x65, 0x64, 0xDF, 0x00, 0xE0, 0x43, 0x61, 0x6D, 0x65, 0x72,
		0x61, 0x46, 0x61, 0x6C, 0x6C, 0x62, 0x61, 0x63, 0x6B, 0xAC, 0x01, 0xC3,
		0x55, 0x73, 0x65, 0x42, 0x6F, 0x75, 0x6E, 0x64, 0x73, 0x43, 0x65, 0x6E,
		0x9D, 0x04, 0x10, 0x52, 0x10, 0x00, 0x04, 0xF0, 0x00, 0x52, 0x52, 0x4F,
		0x55, 0x4E, 0x44, 0x59, 0x00, 0x77, 0x4E, 0x45, 0x41, 0x52, 0x45, 0x53,
		0x54, 0x68, 0x04, 0x00, 0x20, 0x03, 0x5C, 0x00, 0x50, 0x56, 0x45, 0x43,
		0x7A, 0x00, 0x1B, 0x76, 0x24, 0x04, 0x03, 0x0F, 0x00, 0x04, 0xA6, 0x05,
		0x79, 0x62, 0x46, 0x6F, 0x6C, 0x6C, 0x6F, 0x77, 0x3A, 0x04, 0x1B, 0x76,
		0x6C, 0x03, 0x05, 0x3C, 0x03, 0x21, 0x43, 0x50, 0x23, 0x00, 0x07, 0x10,
		0x00, 0xB4, 0x52, 0x65, 0x6C, 0x61, 0x74, 0x69, 0x76, 0x65, 0x50, 0x6F,
		0x73, 0x60, 0x06, 0x07, 0x16, 0x00, 0x20, 0x44, 0x69, 0x63, 0x00, 0x01,
		0x02, 0x05, 0x05, 0x51, 0x04, 0x1D, 0x58, 0x12, 0x00, 0x1D, 0x59, 0x12,
		0x00, 0x14, 0x5A, 0x12, 0x00, 0x10, 0x49, 0x09, 0x01, 0x13, 0x70, 0x75,
		0x02, 0x00, 0x0B, 0x00, 0x09, 0x86, 0x02, 0x05, 0x11, 0x00, 0x10, 0x31,
		0x77, 0x00, 0x02, 0x10, 0x00, 0x06, 0x91, 0x02, 0x09, 0x11, 0x00, 0x00,
		0x22, 0x00, 0x52, 0x47, 0x72, 0x61, 0x64, 0x69, 0xD3, 0x04, 0x41, 0x53,
		0x74, 0x6F, 0x70, 0xF2, 0x01, 0x08, 0xDA, 0x04, 0x18, 0x76, 0xD9, 0x04,
		0x74, 0x4F, 0x70, 0x65, 0x72, 0x61, 0x74, 0x6F, 0x39, 0x06, 0x23, 0x53,
		0x65, 0xC9, 0x05, 0x04, 0xDB, 0x01, 0x05, 0x04, 0x02, 0xE9, 0x41, 0x47,
		0x45, 0x5F, 0x4E, 0x4F, 0x52, 0x4D, 0x41, 0x4C, 0x49, 0x5A, 0x45, 0x44,
		0xA9, 0x05, 0x91, 0x43, 0x55, 0x52, 0x56, 0x45, 0x00, 0x78, 0x00, 0x79,
		0xB0, 0x00, 0xD5, 0x53, 0x6C, 0x6F, 0x70, 0x65, 0x49, 0x6E, 0x63, 0x6F,
		0x6D, 0x69, 0x6E, 0x67, 0x12, 0x00, 0x00, 0xAC, 0x04, 0x22, 0x67, 0x6F,
		0x12, 0x00, 0x14, 0x6E, 0x1E, 0x00, 0x12, 0x54, 0xA2, 0x02, 0x11, 0x00,
		0x41, 0x00, 0xD2, 0x5F, 0x54, 0x41, 0x4E, 0x47, 0x45, 0x4E, 0x54, 0x5F,
		0x53, 0x50, 0x4C, 0x49, 0x69, 0x04, 0x04, 0x34, 0x00, 0x05, 0x28, 0x00,
		0x00, 0xA3, 0x00, 0x02, 0xEF, 0x00, 0xB1, 0x6F, 0x6C, 0x61, 0x74, 0x65,
		0x52, 0x61, 0x64, 0x69, 0x75, 0x73, 0x64, 0x00, 0x72, 0x45, 0x6E, 0x64,
		0x54, 0x69, 0x6D, 0x65, 0x70, 0x00, 0x46, 0x74, 0x61, 0x72, 0x74, 0x4B,
		0x04, 0x00, 0x29, 0x03, 0x06, 0x18, 0x00, 0x04, 0x26, 0x00, 0x00, 0x32,
		0x00, 0x02, 0x24, 0x00, 0x01, 0x56, 0x00, 0x60, 0x45, 0x6E, 0x64, 0x43,
		0x61, 0x70, 0x1D, 0x00, 0x52, 0x64, 0x44, 0x65, 0x63, 0x61, 0xCB, 0x00,
		0x01, 0x0A, 0x00, 0x01, 0x31, 0x00, 0x01, 0x24, 0x00, 0x60, 0x44, 0x69,
		0x66, 0x66, 0x65, 0x72, 0x8F, 0x04, 0x01, 0x67, 0x04, 0x34, 0x6F, 0x75,
		0x73, 0x55, 0x07, 0x06, 0x2F, 0x04, 0x04, 0xF1, 0x03, 0x06, 0xAE, 0x05,
		0x0E, 0x46, 0x03, 0x00, 0x31, 0x01, 0x10, 0x52, 0xEA, 0x00, 0x02, 0x46,
		0x03, 0x85, 0x6D, 0x5F, 0x52, 0x65, 0x6E, 0x64, 0x65, 0x72, 0xBE, 0x07,
		0x02, 0x0F, 0x00, 0x52, 0x52, 0x6F, 0x70, 0x65, 0x73, 0xCA, 0x05, 0x81,
		0x54, 0x65, 0x78, 0x74, 0x75, 0x72, 0x65, 0x73, 0x62, 0x00, 0x00, 0xC8,
		0x08, 0x03, 0x11, 0x00, 0xB4, 0x00, 0x6D, 0x61, 0x74, 0x65, 0x72, 0x69,
		0x61, 0x6C, 0x73, 0x2F, 0xD1, 0x08, 0xF0, 0x00, 0x2F, 0x62, 0x65, 0x61,
		0x6D, 0x5F, 0x63, 0x61, 0x62, 0x6C, 0x65, 0x2E, 0x76, 0x74, 0x65, 0x8D,
		0x00, 0x03, 0x2D, 0x00, 0x03, 0x27, 0x07, 0x11, 0x73, 0x0D, 0x08, 0x24,
		0x65, 0x72, 0xBB, 0x00, 0xF3, 0x0B, 0x5A, 0x6F, 0x6F, 0x6D, 0x00, 0x53,
		0x50, 0x52, 0x49, 0x54, 0x45, 0x43, 0x41, 0x52, 0x44, 0x5F, 0x54, 0x45,
		0x58, 0x54, 0x55, 0x52, 0x45, 0x5F, 0x50, 0x50, 0xAD, 0x00, 0x08, 0x02,
		0x02, 0x02, 0x8F, 0x00, 0x01, 0x54, 0x03, 0x02, 0x3C, 0x01, 0x06, 0x8A,
		0x03, 0x25, 0x43, 0x50, 0xCF, 0x00, 0x74, 0x66, 0x6C, 0x41, 0x6C, 0x70,
		0x68, 0x61, 0x82, 0x01, 0x00, 0x77, 0x04, 0x41, 0x54, 0x65, 0x73, 0x73,
		0x2D, 0x03, 0x12, 0x6F, 0x24, 0x05, 0x00, 0x10, 0x00, 0x05, 0x20, 0x00,
		0x20, 0x4F, 0x72, 0xAF, 0x02, 0x01, 0x1D, 0x00, 0x03, 0x10, 0x09, 0x03,
		0x72, 0x00, 0xF6, 0x0B, 0x4F, 0x52, 0x49, 0x45, 0x4E, 0x54, 0x41, 0x54,
		0x49, 0x4F, 0x4E, 0x5F, 0x53, 0x43, 0x52, 0x45, 0x45, 0x4E, 0x41, 0x4C,
		0x49, 0x47, 0x4E, 0x5F, 0x54, 0x4F, 0x96, 0x00, 0x02, 0x94, 0x02, 0x03,
		0xB1, 0x07, 0x00, 0x0F, 0x02, 0x06, 0xF9, 0x01, 0xD3, 0x53, 0x65, 0x6C,
		0x66, 0x49, 0x6C, 0x6C, 0x75, 0x6D, 0x41, 0x6D, 0x6F, 0x75, 0xE3, 0x07,
		0x30, 0x41, 0x64, 0x64, 0x17, 0x00, 0x07, 0x12, 0x00, 0x96, 0x4F, 0x76,
		0x65, 0x72, 0x62, 0x72, 0x69, 0x67, 0x68, 0x06, 0x06, 0xB2, 0x6E, 0x46,
		0x65, 0x61, 0x74, 0x68, 0x65, 0x72, 0x69, 0x6E, 0x67, 0x3D, 0x06, 0x04,
		0x6D, 0x00, 0xF0, 0x07, 0x44, 0x45, 0x50, 0x54, 0x48, 0x5F, 0x46, 0x45,
		0x41, 0x54, 0x48, 0x45, 0x52, 0x49, 0x4E, 0x47, 0x5F, 0x4F, 0x4E, 0x5F,
		0x4F, 0x50, 0xA0, 0x00, 0x01, 0x83, 0x00, 0x52, 0x62, 0x4F, 0x6E, 0x6C,
		0x79, 0xBE, 0x01, 0xC0, 0x49, 0x6E, 0x45, 0x66, 0x66, 0x65, 0x63, 0x73,
		0x47, 0x61, 0x6D, 0x65, 0x62, 0x00, 0x3F, 0x6C, 0x61, 0x79, 0xAE, 0x01,
		0x06, 0x75, 0x68, 0x6F, 0x74, 0x77, 0x68, 0x69, 0x74, 0xB1, 0x01, 0x03,
		0x92, 0x05, 0x5A, 0x42, 0x6C, 0x65, 0x6E, 0x64, 0x80, 0x00, 0x30, 0x4F,
		0x55, 0x54, 0xC4, 0x06, 0x52, 0x42, 0x4C, 0x45, 0x4E, 0x44, 0xCA, 0x06,
		0x30, 0x41, 0x44, 0x44, 0x79, 0x00, 0x20, 0x52, 0x65, 0x58, 0x0A, 0x40,
		0x65, 0x5A, 0x42, 0x75, 0xA3, 0x02, 0x04, 0x79, 0x03, 0x03, 0xFA, 0x01,
		0x9F, 0x56, 0x57, 0x6F, 0x72, 0x6C, 0x64, 0x53, 0x69, 0x7A, 0x31, 0x02,
		0x02, 0x62, 0x66, 0x6C, 0x61, 0x6D, 0x65, 0x73, 0x8A, 0x00, 0x01, 0x0C,
		0x00, 0x03, 0x87, 0x00, 0x00, 0x2D, 0x01, 0x31, 0x6E, 0x69, 0x6D, 0x97,
		0x01, 0x03, 0x40, 0x08, 0x0E, 0xE0, 0x00, 0x80, 0x74, 0x73, 0x42, 0x6C,
		0x6F, 0x6F, 0x6D, 0x50, 0x8D, 0x0B, 0x39, 0xA3, 0x00, 0x00, 0x04, 0x00,
		0x2A, 0xFF, 0x00, 0x01, 0x00, 0x1E, 0xFF, 0x04, 0x00, 0x0D, 0x18, 0x00,
		0x82, 0x03, 0x95, 0xF1, 0xEF, 0x33, 0xAE, 0x0C, 0x40, 0x1A, 0x00, 0x29,
		0xF0, 0x3F, 0x08, 0x00, 0x39, 0xE0, 0x6F, 0x40, 0x08, 0x00, 0x05, 0x20,
		0x00, 0x0F, 0x01, 0x00, 0xA5, 0x2F, 0xF0, 0x3F, 0x08, 0x00, 0x23, 0x0E,
		0x50, 0x00, 0x0F, 0x10, 0x01, 0xB3, 0x0F, 0x60, 0x01, 0x55, 0x0F, 0x70,
		0x00, 0x55, 0x0F, 0x98, 0x00, 0x17, 0x7D, 0x79, 0xE9, 0x26, 0x31, 0x08,
		0xAC, 0x6C, 0x08, 0x00, 0x0F, 0xF0, 0x01, 0xFF, 0x8C, 0x0F, 0x78, 0x01,
		0xFE, 0x0F, 0xD0, 0x02, 0xFF, 0xFF, 0xB6, 0x0F, 0x40, 0x03, 0xFF, 0xFF,
		0x9C, 0x50, 0x00, 0x00, 0x00, 0x00, 0x00, 0x53, 0x0A, 0x00, 0x00, 0x00,
		0x02, 0x04, 0x00, 0x13, 0x04, 0x04, 0x00, 0x53, 0x03, 0x00, 0x00, 0x00,
		0x01, 0x0C, 0x00, 0x13, 0x2B, 0x08, 0x00, 0x00, 0x20, 0x00, 0x17, 0x2F,
		0x20, 0x00, 0x17, 0x2B, 0x0C, 0x00, 0x17, 0x16, 0x10, 0x00, 0x0F, 0x08,
		0x00, 0x05, 0x1B, 0x01, 0x38, 0x00, 0x0C, 0x04, 0x00, 0x04, 0x84, 0x00,
		0x0C, 0x8C, 0x00, 0x04, 0x0C, 0x00, 0x13, 0x0D, 0x0C, 0x00, 0x1F, 0x01,
		0x70, 0x00, 0x18, 0x0F, 0x24, 0x00, 0x0D, 0x04, 0x08, 0x00, 0x1F, 0x0E,
		0x54, 0x00, 0x18, 0x0F, 0x58, 0x00, 0x19, 0x1E, 0x0D, 0x14, 0x00, 0x0F,
		0x68, 0x00, 0x16, 0x1F, 0x02, 0x6C, 0x00, 0x0C, 0xA3, 0x04, 0x01, 0x03,
		0x03, 0x03, 0x01, 0x05, 0x03, 0x02, 0x02, 0x03, 0x00, 0x02, 0x01, 0x00,
		0x29, 0x02, 0x02, 0x12, 0x00, 0x8E, 0x05, 0x03, 0x04, 0x04, 0x02, 0x02,
		0x03, 0x01, 0x1E, 0x00, 0x0D, 0x10, 0x00, 0x0F, 0x43, 0x00, 0x05, 0x1C,
		0x01, 0x26, 0x00, 0x0F, 0x2C, 0x00, 0x12, 0x27, 0x00, 0x00, 0xC8, 0x00,
		0x13, 0x0C, 0xFC, 0x01, 0x00, 0xB8, 0x00, 0x22, 0x05, 0x00, 0x09, 0x00,
		0xF0, 0x01, 0x06, 0x00, 0x00, 0x00, 0x07, 0x00, 0x00, 0x00, 0x08, 0x00,
		0x00, 0x00, 0x09, 0x00, 0x00, 0x00, 0x88, 0x02, 0x13, 0x0B, 0x2C, 0x00,
		0x13, 0x0D, 0x94, 0x01, 0x13, 0x0F, 0x38, 0x00, 0x04, 0x18, 0x00, 0x1B,
		0x10, 0x1C, 0x00, 0x1F, 0x10, 0x1C, 0x00, 0x04, 0x22, 0x11, 0x00, 0x01,
		0x00, 0xD3, 0x12, 0x00, 0x00, 0x00, 0x13, 0x00, 0x00, 0x00, 0x14, 0x00,
		0x00, 0x00, 0x15, 0x14, 0x00, 0x13, 0x16, 0x08, 0x00, 0xF3, 0x16, 0x17,
		0x00, 0x00, 0x00, 0x18, 0x00, 0x00, 0x00, 0x19, 0x00, 0x00, 0x00, 0x1A,
		0x00, 0x00, 0x00, 0x1B, 0x00, 0x00, 0x00, 0x1C, 0x00, 0x00, 0x00, 0x1D,
		0x00, 0x00, 0x00, 0x1E, 0x00, 0x00, 0x00, 0xFF, 0xFF, 0xFF, 0xFF, 0x1F,
		0x80, 0x00, 0x13, 0x20, 0x08, 0x00, 0x22, 0x21, 0x00, 0xB8, 0x00, 0xF3,
		0x12, 0x22, 0x00, 0x00, 0x00, 0x23, 0x00, 0x00, 0x00, 0x24, 0x00, 0x00,
		0x00, 0x25, 0x00, 0x00, 0x00, 0x26, 0x00, 0x00, 0x00, 0x27, 0x00, 0x00,
		0x00, 0x28, 0x00, 0x00, 0x00, 0x29, 0x00, 0x00, 0x00, 0x2A, 0xA8, 0x01,
		0x93, 0x2C, 0x00, 0x00, 0x00, 0x2D, 0x00, 0x00, 0x00, 0x2E, 0x3C, 0x03,
		0xF3, 0x62, 0x30, 0x00, 0x00, 0x00, 0x31, 0x00, 0x00, 0x00, 0x32, 0x00,
		0x00, 0x00, 0x33, 0x00, 0x00, 0x00, 0x34, 0x00, 0x00, 0x00, 0x35, 0x00,
		0x00, 0x00, 0x36, 0x00, 0x00, 0x00, 0x37, 0x00, 0x00, 0x00, 0x38, 0x00,
		0x00, 0x00, 0x39, 0x00, 0x00, 0x00, 0x3A, 0x00, 0x00, 0x00, 0x3B, 0x00,
		0x00, 0x00, 0x3C, 0x00, 0x00, 0x00, 0x3D, 0x00, 0x00, 0x00, 0x3E, 0x00,
		0x00, 0x00, 0x3F, 0x00, 0x00, 0x00, 0x40, 0x00, 0x00, 0x00, 0x41, 0x00,
		0x00, 0x00, 0x42, 0x00, 0x00, 0x00, 0x43, 0x00, 0x00, 0x00, 0x44, 0x00,
		0x00, 0x00, 0x45, 0x00, 0x00, 0x00, 0x46, 0x00, 0x00, 0x00, 0x47, 0x00,
		0x00, 0x00, 0x48, 0x00, 0x00, 0x00, 0x49, 0x00, 0x00, 0x00, 0x4A, 0x00,
		0x00, 0x00, 0x4B, 0x00, 0x00, 0x00, 0x4C, 0xEC, 0x00, 0x13, 0x4D, 0x08,
		0x00, 0xFE, 0x03, 0x4E, 0x00, 0x00, 0x00, 0x4F, 0x00, 0x00, 0x00, 0x50,
		0x00, 0x00, 0x00, 0x51, 0x00, 0x00, 0x00, 0x52, 0x00, 0x0C, 0x01, 0x1F,
		0x53, 0x0C, 0x01, 0x08, 0x0F, 0x08, 0x01, 0x0D, 0x13, 0x54, 0x2C, 0x00,
		0x0F, 0x10, 0x01, 0x49, 0x5F, 0x55, 0x00, 0x00, 0x00, 0x56, 0x18, 0x01,
		0x1C, 0x5F, 0x57, 0x00, 0x00, 0x00, 0x58, 0x20, 0x01, 0x18, 0x0F, 0x20,
		0x02, 0xED, 0x08, 0x1C, 0x02, 0x17, 0x59, 0x08, 0x01, 0x97, 0x5A, 0x00,
		0x00, 0x00, 0x5B, 0x00, 0x00, 0x00, 0x5C, 0x04, 0x01, 0x17, 0x5D, 0xF8,
		0x00, 0x40, 0x5E, 0x00, 0x00, 0x00, 0x14, 0x01, 0xDF, 0x5F, 0x00, 0x00,
		0x00, 0x60, 0x00, 0x00, 0x00, 0x61, 0x00, 0x00, 0x00, 0x62, 0x58, 0x02,
		0x30, 0x0F, 0x40, 0x01, 0x9D, 0x1F, 0x63, 0xF4, 0x00, 0xE0, 0x1F, 0x64,
		0xF4, 0x00, 0xE0, 0x1F, 0x65, 0xF4, 0x00, 0xE0, 0xF3, 0x06, 0x66, 0x00,
		0x00, 0x00, 0x67, 0x00, 0x00, 0x00, 0x68, 0x00, 0x00, 0x00, 0x69, 0x00,
		0x00, 0x00, 0x6A, 0x00, 0x00, 0x00, 0x6B, 0x24, 0x00, 0x53, 0x6C, 0x00,
		0x00, 0x00, 0x6D, 0x60, 0x06, 0x00, 0x70, 0x07, 0x13, 0x6E, 0x18, 0x00,
		0x17, 0x6F, 0x44, 0x04, 0x13, 0x70, 0x2C, 0x01, 0x1F, 0x71, 0x2C, 0x01,
		0xBC, 0xDF, 0x72, 0x00, 0x00, 0x00, 0x73, 0x00, 0x00, 0x00, 0x74, 0x00,
		0x00, 0x00, 0x75, 0x10, 0x00, 0x20, 0x00, 0x68, 0x01, 0x93, 0x76, 0x00,
		0x00, 0x00, 0x77, 0x00, 0x00, 0x00, 0x78, 0x08, 0x00, 0x0F, 0x10, 0x00,
		0x1D, 0x08, 0xE0, 0x07, 0x13, 0x07, 0x7C, 0x01, 0xD7, 0x79, 0x00, 0x00,
		0x00, 0x7A, 0x00, 0x00, 0x00, 0x7B, 0x00, 0x00, 0x00, 0x7C, 0x14, 0x00,
		0x57, 0x7D, 0x00, 0x00, 0x00, 0x7E, 0x14, 0x00, 0x53, 0x7F, 0x00, 0x00,
		0x00, 0x80, 0x0C, 0x00, 0x93, 0x81, 0x00, 0x00, 0x00, 0x82, 0x00, 0x00,
		0x00, 0x83, 0x0C, 0x06, 0x53, 0x84, 0x00, 0x00, 0x00, 0x85, 0x1C, 0x00,
		0xF3, 0x0E, 0x86, 0x00, 0x00, 0x00, 0x87, 0x00, 0x00, 0x00, 0x88, 0x00,
		0x00, 0x00, 0x89, 0x00, 0x00, 0x00, 0x8A, 0x00, 0x00, 0x00, 0x8B, 0x00,
		0x00, 0x00, 0x8C, 0x00, 0x00, 0x00, 0x8D, 0xE4, 0x01, 0x1F, 0x8E, 0x28,
		0x06, 0x14, 0x1F, 0x10, 0x2C, 0x06, 0xFF, 0xFF, 0xFF, 0xF3, 0x1F, 0x8F,
		0x64, 0x0B, 0x28, 0x1F, 0x02, 0x20, 0x01, 0xAC, 0x13, 0x90, 0xC4, 0x00,
		0xDF, 0x91, 0x00, 0x00, 0x00, 0x92, 0x00, 0x00, 0x00, 0x93, 0x00, 0x00,
		0x00, 0x94, 0x28, 0x02, 0xE0, 0x1F, 0x95, 0xF4, 0x00, 0xE0, 0x1F, 0x96,
		0xF4, 0x00, 0xE0, 0x1F, 0x97, 0xF4, 0x00, 0xE0, 0x97, 0x98, 0x00, 0x00,
		0x00, 0x99, 0x00, 0x00, 0x00, 0x9A, 0x40, 0x09, 0x0F, 0x28, 0x09, 0xFF,
		0xFF, 0xFF, 0xFF, 0x25, 0x04, 0x74, 0x0D, 0xDF, 0x9B, 0x00, 0x00, 0x00,
		0x9C, 0x00, 0x00, 0x00, 0x9D, 0x00, 0x00, 0x00, 0x9E, 0x40, 0x09, 0xFF,
		0xFF, 0xEA, 0x1F, 0x97, 0x34, 0x0A, 0xFF, 0xD5, 0x08, 0x38, 0x09, 0x08,
		0xF0, 0x03, 0x1F, 0x9F, 0x0C, 0x01, 0xE0, 0x0F, 0xEC, 0x05, 0xE9, 0x0F,
		0x34, 0x0B, 0xFF, 0xFF, 0xFF, 0xFF, 0x2D, 0x1B, 0xA0, 0xA8, 0x18, 0x1F,
		0xA1, 0x74, 0x12, 0xFF, 0xFF, 0xCE, 0x18, 0xA2, 0x78, 0x12, 0x10, 0x99,
		0x01, 0x00, 0x22, 0xB9, 0x3F, 0x22, 0x00, 0x23, 0xE0, 0x3F, 0x2B, 0x00,
		0x1C, 0x40, 0x18, 0x00, 0x0F, 0x10, 0x00, 0x4D, 0x84, 0xAD, 0x4F, 0x39,
		0x26, 0x8B, 0x33, 0x20, 0x40, 0x08, 0x00, 0xF5, 0x08, 0x4E, 0x25, 0x03,
		0x40, 0x15, 0x37, 0xB6, 0x3F, 0x58, 0xAD, 0x4C, 0xF8, 0xA5, 0x7E, 0xE6,
		0x3F, 0x84, 0x65, 0x6C, 0xE8, 0x66, 0xBF, 0xF1, 0x08, 0x00, 0xF4, 0x01,
		0x72, 0xC0, 0xAE, 0x26, 0x4F, 0xD9, 0xEC, 0x3F, 0x25, 0xB3, 0x7A, 0x87,
		0xDB, 0xA1, 0xE8, 0xBF, 0x08, 0x00, 0x84, 0x6A, 0xA1, 0x64, 0x72, 0x6A,
		0x4F, 0x24, 0xC0, 0x08, 0x00, 0x04, 0x60, 0x00, 0x20, 0xCD, 0xCC, 0x01,
		0x00, 0x1F, 0xEC, 0x80, 0x00, 0x04, 0x22, 0x24, 0x40, 0x08, 0x00, 0x2F,
		0x3E, 0x40, 0xE0, 0x00, 0x45, 0x04, 0x58, 0x01, 0x0F, 0x40, 0x00, 0x2B,
		0x1E, 0x08, 0x98, 0x01, 0x0F, 0xA8, 0x00, 0x6C, 0x0F, 0x30, 0x02, 0x15,
		0x09, 0x58, 0x00, 0x2F, 0x20, 0x8C, 0x60, 0x02, 0x54, 0x1F, 0xA9, 0x58,
		0x01, 0x26, 0xF1, 0x04, 0x09, 0x06, 0x0B, 0x86, 0x01, 0x0B, 0x19, 0x0B,
		0x18, 0x09, 0x06, 0x18, 0x09, 0x06, 0x06, 0x0B, 0x06, 0x19, 0x05, 0x05,
		0x00, 0x00, 0x0E, 0x00, 0x20, 0x10, 0x0F, 0x13, 0x00, 0xF3, 0x14, 0x09,
		0x06, 0x06, 0x12, 0x06, 0x0B, 0x0B, 0x0B, 0x0F, 0x11, 0x12, 0x0E, 0x06,
		0x11, 0x11, 0x11, 0x11, 0x0F, 0x11, 0x12, 0x05, 0x19, 0x05, 0x11, 0x10,
		0x06, 0x06, 0x06, 0x12, 0x05, 0x12, 0x0D, 0x06, 0x12, 0x11, 0x02, 0x00,
		0xA1, 0x06, 0x11, 0x09, 0x08, 0x08, 0x19, 0x05, 0x19, 0x05, 0x10, 0x36,
		0x00, 0x32, 0x05, 0x06, 0x0F, 0x36, 0x00, 0x1F, 0x0B, 0x37, 0x00, 0x01,
		0x27, 0x11, 0x0E, 0x39, 0x00, 0x05, 0x3A, 0x00, 0x05, 0x6E, 0x00, 0x1F,
		0x10, 0x6E, 0x00, 0x17, 0x00, 0x6D, 0x00, 0xC0, 0x19, 0x05, 0x19, 0x0B,
		0x06, 0x0E, 0x0B, 0x19, 0x05, 0x0F, 0x19, 0x05, 0x02, 0x00, 0x6F, 0x09,
		0x06, 0x06, 0x11, 0x06, 0x0F, 0xB5, 0x00, 0x1A, 0x0F, 0x33, 0x00, 0x86,
		0x21, 0x11, 0x12, 0x39, 0x00, 0x01, 0x0C, 0x00, 0x00, 0xA8, 0x01, 0x0F,
		0x43, 0x00, 0x1A, 0x52, 0x18, 0x09, 0x11, 0x11, 0x05, 0x01, 0x00, 0x70,
		0x12, 0x05, 0x05, 0x12, 0x11, 0x05, 0x05, 0xD4, 0x01, 0x02, 0x01, 0x00,
		0x01, 0x51, 0x00, 0x42, 0x06, 0x05, 0x11, 0x05, 0x04, 0x00, 0x41, 0x06,
		0x05, 0x05, 0x06, 0x07, 0x02, 0x38, 0x86, 0x01, 0x09, 0x53, 0x01, 0x1F,
		0x0B, 0x53, 0x01, 0xCB, 0x04, 0x72, 0x02, 0x1F, 0x0B, 0x3F, 0x00, 0x17,
		0x29, 0x0B, 0x05, 0xE0, 0x02, 0x0F, 0xA8, 0x00, 0x17, 0x1F, 0x12, 0x33,
		0x00, 0x52, 0x0F, 0x99, 0x00, 0x1D, 0x2F, 0x06, 0x0D, 0xEF, 0x01, 0xD8,
		0x00, 0xDF, 0x02, 0x2F, 0x06, 0x0D, 0xF5, 0x01, 0x8C, 0x0F, 0x66, 0x00,
		0x50, 0x3F, 0x0D, 0x06, 0x0B, 0x6A, 0x00, 0x26, 0x0F, 0x39, 0x01, 0x1B,
		0x0F, 0x5C, 0x02, 0xDB, 0x2F, 0x09, 0x06, 0xE9, 0x03, 0x87, 0x60, 0x0D,
		0x06, 0x00, 0xDD, 0xEE, 0xFF
	};

	inline unsigned char ss_rain[ 2356 ]
	{
		0x34, 0x09, 0x00, 0x00, 0x0C, 0x00, 0x01, 0x00, 0x08, 0x00, 0x00, 0x00,
		0x03, 0x00, 0x00, 0x00, 0x52, 0x45, 0x52, 0x4C, 0x20, 0x00, 0x00, 0x00,
		0x64, 0x00, 0x00, 0x00, 0x52, 0x45, 0x44, 0x49, 0x78, 0x00, 0x00, 0x00,
		0x10, 0x01, 0x00, 0x00, 0x44, 0x41, 0x54, 0x41, 0x84, 0x01, 0x00, 0x00,
		0x84, 0x07, 0x00, 0x00, 0x0C, 0x00, 0x00, 0x00, 0x02, 0x00, 0x00, 0x00,
		0x00, 0x00, 0x00, 0x00, 0x86, 0xB3, 0x6C, 0x22, 0xE4, 0x6C, 0x94, 0xE1,
		0x18, 0x00, 0x00, 0x00, 0x00, 0x00, 0x00, 0x00, 0x88, 0x2B, 0xB6, 0xB1,
		0x37, 0xAC, 0xA1, 0x87, 0x25, 0x00, 0x00, 0x00, 0x00, 0x00, 0x00, 0x00,
		0x6D, 0x61, 0x74, 0x65, 0x72, 0x69, 0x61, 0x6C, 0x73, 0x2F, 0x70, 0x61,
		0x72, 0x74, 0x69, 0x63, 0x6C, 0x65, 0x2F, 0x72, 0x61, 0x69, 0x6E, 0x2E,
		0x76, 0x74, 0x65, 0x78, 0x00, 0x70, 0x61, 0x72, 0x74, 0x69, 0x63, 0x6C,
		0x65, 0x73, 0x2F, 0x73, 0x73, 0x5F, 0x73, 0x70, 0x6C, 0x61, 0x73, 0x68,
		0x65, 0x73, 0x2E, 0x76, 0x70, 0x63, 0x66, 0x00, 0x50, 0x00, 0x00, 0x00,
		0x01, 0x00, 0x00, 0x00, 0x00, 0x00, 0x00, 0x00, 0x00, 0x00, 0x00, 0x00,
		0x78, 0x00, 0x00, 0x00, 0x01, 0x00, 0x00, 0x00, 0xA8, 0x00, 0x00, 0x00,
		0x01, 0x00, 0x00, 0x00, 0x00, 0x00, 0x00, 0x00, 0x00, 0x00, 0x00, 0x00,
		0x00, 0x00, 0x00, 0x00, 0x00, 0x00, 0x00, 0x00, 0x00, 0x00, 0x00, 0x00,
		0x00, 0x00, 0x00, 0x00, 0xC0, 0x00, 0x00, 0x00, 0x01, 0x00, 0x00, 0x00,
		0x00, 0x00, 0x00, 0x00, 0x00, 0x00, 0x00, 0x00, 0x00, 0x00, 0x00, 0x00,
		0x00, 0x00, 0x00, 0x00, 0x10, 0x00, 0x00, 0x00, 0x23, 0x00, 0x00, 0x00,
		0x09, 0xFF, 0x24, 0x91, 0x02, 0x00, 0x00, 0x00, 0x70, 0x61, 0x72, 0x74,
		0x69, 0x63, 0x6C, 0x65, 0x73, 0x2F, 0x73, 0x73, 0x5F, 0x72, 0x61, 0x69,
		0x6E, 0x2E, 0x76, 0x70, 0x63, 0x66, 0x00, 0x73, 0x68, 0x79, 0x73, 0x74,
		0x75, 0x64, 0x69, 0x6F, 0x73, 0x5F, 0x77, 0x66, 0x63, 0x00, 0x00, 0x00,
		0x10, 0x00, 0x00, 0x00, 0x24, 0x00, 0x00, 0x00, 0x00, 0x00, 0x00, 0x00,
		0x00, 0x00, 0x00, 0x00, 0x5F, 0x5F, 0x5F, 0x4F, 0x76, 0x65, 0x72, 0x72,
		0x69, 0x64, 0x65, 0x49, 0x6E, 0x70, 0x75, 0x74, 0x44, 0x61, 0x74, 0x61,
		0x5F, 0x5F, 0x5F, 0x00, 0x42, 0x69, 0x6E, 0x61, 0x72, 0x79, 0x42, 0x6C,
		0x6F, 0x62, 0x41, 0x72, 0x67, 0x00, 0x00, 0x00, 0x20, 0x00, 0x00, 0x00,
		0x0C, 0x00, 0x00, 0x00, 0x01, 0x00, 0x00, 0x00, 0x00, 0x00, 0x00, 0x00,
		0x43, 0x6F, 0x6D, 0x70, 0x69, 0x6C, 0x65, 0x50, 0x61, 0x72, 0x74, 0x69,
		0x63, 0x6C, 0x65, 0x00, 0x4B, 0x56, 0x33, 0x20, 0x43, 0x6F, 0x6D, 0x70,
		0x69, 0x6C, 0x65, 0x72, 0x20, 0x56, 0x65, 0x72, 0x73, 0x69, 0x6F, 0x6E,
		0x00, 0x00, 0x00, 0x00, 0x08, 0x00, 0x00, 0x00, 0x00, 0x00, 0x00, 0x00,
		0x49, 0x73, 0x43, 0x68, 0x69, 0x6C, 0x64, 0x52, 0x65, 0x73, 0x6F, 0x75,
		0x72, 0x63, 0x65, 0x00, 0x00, 0x00, 0x00, 0x00, 0x00, 0x00, 0x00, 0x00,
		0x02, 0x33, 0x56, 0x4B, 0x1F, 0x96, 0xC3, 0x36, 0xA4, 0x02, 0x52, 0x4C,
		0xBF, 0x8F, 0x6E, 0x31, 0x47, 0xD7, 0xD1, 0x42, 0x01, 0x00, 0x00, 0x00,
		0x00, 0x00, 0x00, 0x40, 0x00, 0x00, 0x00, 0x00, 0xC3, 0x02, 0x00, 0x00,
		0x37, 0x00, 0x00, 0x00, 0x17, 0x09, 0x00, 0x00, 0x23, 0x00, 0x4D, 0x00,
		0xE3, 0x15, 0x00, 0x00, 0x44, 0x07, 0x00, 0x00, 0x00, 0x00, 0x00, 0x00,
		0x00, 0x00, 0x00, 0x00, 0x62, 0x6B, 0x00, 0x00, 0x00, 0x0B, 0x00, 0x01,
		0x00, 0xD3, 0x01, 0x00, 0x00, 0x00, 0x02, 0x00, 0x00, 0x00, 0x0A, 0x00,
		0x00, 0x00, 0x03, 0x10, 0x00, 0x13, 0x01, 0x1C, 0x00, 0x53, 0x04, 0x00,
		0x00, 0x00, 0x05, 0x20, 0x00, 0x13, 0x03, 0x14, 0x00, 0x53, 0x06, 0x00,
		0x00, 0x00, 0x07, 0x10, 0x00, 0x13, 0x08, 0x08, 0x00, 0x04, 0x1C, 0x00,
		0x13, 0x09, 0x48, 0x00, 0x13, 0x12, 0x60, 0x00, 0x53, 0x0C, 0x00, 0x00,
		0x00, 0x0D, 0x20, 0x00, 0x13, 0x0E, 0x50, 0x00, 0x13, 0x0F, 0x44, 0x00,
		0x13, 0x10, 0x18, 0x00, 0x13, 0x11, 0x30, 0x00, 0x00, 0x0C, 0x00, 0x13,
		0x13, 0x08, 0x00, 0x13, 0x14, 0x08, 0x00, 0x53, 0x15, 0x00, 0x00, 0x00,
		0x24, 0x4C, 0x00, 0xD3, 0x16, 0x00, 0x00, 0x00, 0x17, 0x00, 0x00, 0x00,
		0x18, 0x00, 0x00, 0x00, 0x19, 0x38, 0x00, 0x13, 0x1A, 0x28, 0x00, 0x04,
		0x54, 0x00, 0xF3, 0x12, 0x1B, 0x00, 0x00, 0x00, 0x1C, 0x00, 0x00, 0x00,
		0x1D, 0x00, 0x00, 0x00, 0x1E, 0x00, 0x00, 0x00, 0x1F, 0x00, 0x00, 0x00,
		0x20, 0x00, 0x00, 0x00, 0x21, 0x00, 0x00, 0x00, 0x22, 0x00, 0x00, 0x00,
		0x23, 0x50, 0x00, 0x93, 0x25, 0x00, 0x00, 0x00, 0x26, 0x00, 0x00, 0x00,
		0x27, 0x40, 0x00, 0xF3, 0x4A, 0x28, 0x00, 0x00, 0x00, 0x29, 0x00, 0x00,
		0x00, 0x2A, 0x00, 0x00, 0x00, 0x2B, 0x00, 0x00, 0x00, 0x2C, 0x00, 0x00,
		0x00, 0x2D, 0x00, 0x00, 0x00, 0x2E, 0x00, 0x00, 0x00, 0x2F, 0x00, 0x00,
		0x00, 0x30, 0x00, 0x00, 0x00, 0x31, 0x00, 0x00, 0x00, 0x32, 0x00, 0x00,
		0x00, 0x33, 0x00, 0x00, 0x00, 0x34, 0x00, 0x00, 0x00, 0x35, 0x00, 0x00,
		0x00, 0x36, 0x00, 0x00, 0x00, 0x37, 0x00, 0x00, 0x00, 0x38, 0x00, 0x00,
		0x00, 0x39, 0x00, 0x00, 0x00, 0x3A, 0x00, 0x00, 0x00, 0x3B, 0x00, 0x00,
		0x00, 0x3C, 0x00, 0x00, 0x00, 0x3D, 0x00, 0x00, 0x00, 0x3E, 0xF4, 0x00,
		0x13, 0x3F, 0x20, 0x01, 0x13, 0x40, 0x08, 0x00, 0x13, 0x41, 0x54, 0x01,
		0x13, 0x42, 0x08, 0x00, 0x1F, 0x43, 0xE8, 0x00, 0xD4, 0x1F, 0x44, 0xE8,
		0x00, 0xD4, 0x1F, 0x45, 0xE8, 0x00, 0xD4, 0x93, 0x46, 0x00, 0x00, 0x00,
		0x47, 0x00, 0x00, 0x00, 0x48, 0x90, 0x00, 0x13, 0x49, 0x08, 0x00, 0x13,
		0x4A, 0x44, 0x04, 0x13, 0x4B, 0x38, 0x00, 0x1F, 0x4C, 0x14, 0x04, 0xFF,
		0xFF, 0xFF, 0xFF, 0x04, 0x13, 0x4D, 0x18, 0x00, 0x13, 0x02, 0x10, 0x00,
		0x57, 0x4E, 0x00, 0x00, 0x00, 0x4F, 0x7C, 0x08, 0x13, 0x50, 0x70, 0x00,
		0x00, 0x01, 0x00, 0xF3, 0x02, 0x51, 0x00, 0x00, 0x00, 0x52, 0x00, 0x00,
		0x00, 0x53, 0x00, 0x00, 0x00, 0x54, 0x00, 0x00, 0x00, 0x55, 0x28, 0x00,
		0x04, 0x20, 0x00, 0xF3, 0x0A, 0x56, 0x00, 0x00, 0x00, 0x57, 0x00, 0x00,
		0x00, 0x58, 0x00, 0x00, 0x00, 0x59, 0x00, 0x00, 0x00, 0x5A, 0x00, 0x00,
		0x00, 0x5B, 0x00, 0x00, 0x00, 0x5C, 0x28, 0x00, 0x13, 0x05, 0x28, 0x00,
		0x9F, 0x5D, 0x00, 0x00, 0x00, 0x5E, 0x00, 0x00, 0x00, 0x5F, 0x8C, 0x01,
		0xD4, 0x1F, 0x60, 0xE8, 0x00, 0xD4, 0x97, 0x61, 0x00, 0x00, 0x00, 0x62,
		0x00, 0x00, 0x00, 0x63, 0xC0, 0x0A, 0xF7, 0x06, 0x64, 0x00, 0x00, 0x00,
		0x65, 0x00, 0x00, 0x00, 0x66, 0x00, 0x00, 0x00, 0x96, 0x00, 0x00, 0x00,
		0x67, 0x00, 0x00, 0x00, 0x68, 0x20, 0x00, 0x68, 0x69, 0x00, 0x00, 0x00,
		0x6A, 0x00, 0x01, 0x00, 0x2A, 0x80, 0x40, 0x08, 0x00, 0x14, 0x90, 0x10,
		0x00, 0x1A, 0xC0, 0x08, 0x00, 0x04, 0x18, 0x00, 0x0B, 0x01, 0x00, 0x23,
		0x20, 0x8C, 0x20, 0x00, 0x2C, 0xF0, 0x3F, 0x1B, 0x00, 0x20, 0x9A, 0x99,
		0x01, 0x00, 0x13, 0xB9, 0x18, 0x00, 0x13, 0xF4, 0x08, 0x00, 0x2F, 0xE0,
		0x3F, 0x18, 0x00, 0x35, 0x0F, 0x90, 0x00, 0x83, 0x22, 0xF0, 0xBF, 0x20,
		0x00, 0x1B, 0xE9, 0xBF, 0x01, 0x24, 0x59, 0x40, 0x38, 0x00, 0x0F, 0x40,
		0x00, 0x0B, 0x0F, 0xF0, 0x00, 0x0E, 0xF2, 0x22, 0x40, 0x5F, 0x63, 0x6C,
		0x61, 0x73, 0x73, 0x00, 0x43, 0x50, 0x61, 0x72, 0x74, 0x69, 0x63, 0x6C,
		0x65, 0x53, 0x79, 0x73, 0x74, 0x65, 0x6D, 0x44, 0x65, 0x66, 0x69, 0x6E,
		0x69, 0x74, 0x69, 0x6F, 0x6E, 0x00, 0x6D, 0x5F, 0x6E, 0x42, 0x65, 0x68,
		0x61, 0x76, 0x69, 0x6F, 0x72, 0x56, 0x65, 0x72, 0x73, 0x13, 0x00, 0xF3,
		0x09, 0x45, 0x6D, 0x69, 0x74, 0x74, 0x65, 0x72, 0x73, 0x00, 0x43, 0x5F,
		0x4F, 0x50, 0x5F, 0x43, 0x6F, 0x6E, 0x74, 0x69, 0x6E, 0x75, 0x6F, 0x75,
		0x73, 0x18, 0x00, 0x40, 0x00, 0x6D, 0x5F, 0x49, 0x3F, 0x00, 0x42, 0x61,
		0x6C, 0x69, 0x7A, 0x26, 0x00, 0xF3, 0x0E, 0x49, 0x4E, 0x49, 0x54, 0x5F,
		0x43, 0x72, 0x65, 0x61, 0x74, 0x65, 0x57, 0x69, 0x74, 0x68, 0x69, 0x6E,
		0x42, 0x6F, 0x78, 0x00, 0x6D, 0x5F, 0x76, 0x65, 0x63, 0x4D, 0x69, 0x6E,
		0x09, 0x00, 0x24, 0x61, 0x78, 0x29, 0x00, 0xF3, 0x10, 0x56, 0x65, 0x6C,
		0x6F, 0x63, 0x69, 0x74, 0x79, 0x52, 0x61, 0x6E, 0x64, 0x6F, 0x6D, 0x00,
		0x6D, 0x5F, 0x4C, 0x6F, 0x63, 0x61, 0x6C, 0x43, 0x6F, 0x6F, 0x72, 0x64,
		0x69, 0x6E, 0x61, 0x74, 0xA5, 0x00, 0x52, 0x53, 0x70, 0x65, 0x65, 0x64,
		0x3F, 0x00, 0xF0, 0x08, 0x6E, 0x54, 0x79, 0x70, 0x65, 0x00, 0x50, 0x56,
		0x45, 0x43, 0x5F, 0x54, 0x59, 0x50, 0x45, 0x5F, 0x4C, 0x49, 0x54, 0x45,
		0x52, 0x41, 0x4C, 0x59, 0x00, 0xC0, 0x4C, 0x69, 0x74, 0x65, 0x72, 0x61,
		0x6C, 0x56, 0x61, 0x6C, 0x75, 0x65, 0x4A, 0x00, 0x02, 0x0F, 0x00, 0x50,
		0x43, 0x6F, 0x6C, 0x6F, 0x72, 0x39, 0x00, 0xE0, 0x56, 0x65, 0x63, 0x74,
		0x6F, 0x72, 0x41, 0x74, 0x74, 0x72, 0x69, 0x62, 0x75, 0x74, 0x22, 0x00,
		0x1B, 0x76, 0x13, 0x00, 0x50, 0x53, 0x63, 0x61, 0x6C, 0x65, 0x2B, 0x00,
		0x00, 0xE7, 0x00, 0x80, 0x72, 0x6F, 0x6C, 0x50, 0x6F, 0x69, 0x6E, 0x74,
		0x28, 0x00, 0x21, 0x43, 0x50, 0x55, 0x00, 0x03, 0x20, 0x00, 0x00, 0x10,
		0x00, 0xB4, 0x52, 0x65, 0x6C, 0x61, 0x74, 0x69, 0x76, 0x65, 0x50, 0x6F,
		0x73, 0x3D, 0x01, 0x07, 0x16, 0x00, 0x20, 0x44, 0x69, 0x72, 0x00, 0xFC,
		0x03, 0x46, 0x6C, 0x6F, 0x61, 0x74, 0x43, 0x6F, 0x6D, 0x70, 0x6F, 0x6E,
		0x65, 0x6E, 0x74, 0x58, 0x00, 0x50, 0x46, 0xB3, 0x00, 0x42, 0x6E, 0x4D,
		0x61, 0x70, 0xD0, 0x00, 0x52, 0x46, 0x5F, 0x4D, 0x41, 0x50, 0x1F, 0x00,
		0xBB, 0x44, 0x49, 0x52, 0x45, 0x43, 0x54, 0x00, 0x6D, 0x5F, 0x66, 0x6C,
		0xD2, 0x00, 0x10, 0x6E, 0x81, 0x00, 0x19, 0x61, 0xC3, 0x00, 0x03, 0xD6,
		0x00, 0x05, 0x66, 0x00, 0x01, 0x37, 0x00, 0x02, 0x4D, 0x01, 0x02, 0x30,
		0x01, 0x05, 0x0E, 0x00, 0x20, 0x61, 0x78, 0x2F, 0x00, 0x03, 0x0D, 0x00,
		0x21, 0x6F, 0x64, 0x74, 0x00, 0xF3, 0x04, 0x52, 0x41, 0x4E, 0x44, 0x4F,
		0x4D, 0x5F, 0x4D, 0x4F, 0x44, 0x45, 0x5F, 0x43, 0x4F, 0x4E, 0x53, 0x54,
		0x41, 0x4E, 0x79, 0x00, 0x34, 0x4F, 0x44, 0x30, 0x09, 0x00, 0x14, 0x31,
		0x09, 0x00, 0x14, 0x32, 0x09, 0x00, 0x11, 0x33, 0x09, 0x00, 0xB4, 0x4E,
		0x6F, 0x69, 0x73, 0x65, 0x4F, 0x75, 0x74, 0x70, 0x75, 0x74, 0x6B, 0x00,
		0x08, 0x13, 0x00, 0x26, 0x61, 0x78, 0x13, 0x00, 0x05, 0x39, 0x01, 0x22,
		0x65, 0x63, 0x23, 0x00, 0x97, 0x66, 0x66, 0x73, 0x65, 0x74, 0x52, 0x61,
		0x74, 0x65, 0x37, 0x00, 0x01, 0x14, 0x00, 0x00, 0xA4, 0x00, 0x02, 0x0F,
		0x00, 0x65, 0x63, 0x74, 0x61, 0x76, 0x65, 0x73, 0x10, 0x00, 0x91, 0x54,
		0x75, 0x72, 0x62, 0x75, 0x6C, 0x65, 0x6E, 0x63, 0xB9, 0x00, 0xF6, 0x00,
		0x4E, 0x4F, 0x49, 0x53, 0x45, 0x5F, 0x54, 0x55, 0x52, 0x42, 0x5F, 0x4E,
		0x4F, 0x4E, 0x45, 0x26, 0x00, 0x28, 0x79, 0x70, 0x20, 0x00, 0x00, 0x4F,
		0x01, 0x65, 0x50, 0x45, 0x52, 0x4C, 0x49, 0x4E, 0x22, 0x00, 0x85, 0x4D,
		0x6F, 0x64, 0x69, 0x66, 0x69, 0x65, 0x72, 0x26, 0x00, 0x00, 0xFE, 0x00,
		0x54, 0x49, 0x46, 0x49, 0x45, 0x52, 0x4A, 0x00, 0x2B, 0x66, 0x6C, 0x71,
		0x00, 0x04, 0xBE, 0x00, 0x0D, 0x19, 0x00, 0x27, 0x4D, 0x69, 0xE4, 0x00,
		0xA4, 0x49, 0x6D, 0x67, 0x50, 0x72, 0x65, 0x76, 0x69, 0x65, 0x77, 0x30,
		0x00, 0x1B, 0x62, 0x18, 0x00, 0x31, 0x4C, 0x69, 0x76, 0xB3, 0x01, 0x20,
		0x49, 0x6E, 0x20, 0x01, 0x03, 0x83, 0x01, 0x53, 0x49, 0x4E, 0x50, 0x55,
		0x54, 0x82, 0x01, 0x61, 0x4C, 0x41, 0x4D, 0x50, 0x45, 0x44, 0x53, 0x00,
		0x60, 0x4D, 0x75, 0x6C, 0x74, 0x46, 0x61, 0xDB, 0x01, 0x01, 0x0F, 0x00,
		0x01, 0x33, 0x00, 0x16, 0x30, 0x0B, 0x00, 0x02, 0x94, 0x01, 0x02, 0x6A,
		0x01, 0x17, 0x30, 0x0C, 0x00, 0x11, 0x31, 0xC5, 0x03, 0x34, 0x69, 0x61,
		0x73, 0x09, 0x01, 0x42, 0x42, 0x49, 0x41, 0x53, 0x08, 0x01, 0x00, 0xDD,
		0x01, 0x32, 0x44, 0x41, 0x52, 0x5F, 0x00, 0x00, 0x23, 0x00, 0x62, 0x50,
		0x61, 0x72, 0x61, 0x6D, 0x65, 0xC4, 0x03, 0x31, 0x43, 0x75, 0x72, 0x9C,
		0x00, 0x50, 0x73, 0x70, 0x6C, 0x69, 0x6E, 0x09, 0x00, 0x80, 0x74, 0x61,
		0x6E, 0x67, 0x65, 0x6E, 0x74, 0x73, 0xB5, 0x01, 0x98, 0x44, 0x6F, 0x6D,
		0x61, 0x69, 0x6E, 0x4D, 0x69, 0x6E, 0x0E, 0x00, 0x3D, 0x61, 0x78, 0x73,
		0xE3, 0x02, 0x1D, 0x59, 0x12, 0x00, 0x14, 0x5A, 0x12, 0x00, 0x63, 0x49,
		0x6E, 0x74, 0x65, 0x72, 0x70, 0xC1, 0x00, 0x00, 0x0B, 0x00, 0x09, 0xD2,
		0x00, 0x05, 0x11, 0x00, 0x10, 0x31, 0x62, 0x00, 0x02, 0x10, 0x00, 0x06,
		0xDD, 0x00, 0x09, 0x11, 0x00, 0x00, 0x22, 0x00, 0x52, 0x47, 0x72, 0x61,
		0x64, 0x69, 0xED, 0x02, 0x5F, 0x53, 0x74, 0x6F, 0x70, 0x73, 0x37, 0x04,
		0x0B, 0x01, 0x89, 0x02, 0x74, 0x4F, 0x70, 0x65, 0x72, 0x61, 0x74, 0x6F,
		0xC8, 0x04, 0xA3, 0x42, 0x61, 0x73, 0x69, 0x63, 0x4D, 0x6F, 0x76, 0x65,
		0x6D, 0x34, 0x03, 0x42, 0x44, 0x72, 0x61, 0x67, 0x1B, 0x00, 0x52, 0x44,
		0x65, 0x63, 0x61, 0x79, 0x0B, 0x00, 0xF0, 0x03, 0x46, 0x61, 0x64, 0x65,
		0x41, 0x6E, 0x64, 0x4B, 0x69, 0x6C, 0x6C, 0x46, 0x6F, 0x72, 0x54, 0x72,
		0x61, 0x63, 0xE3, 0x04, 0x00, 0xB3, 0x00, 0x80, 0x53, 0x74, 0x61, 0x72,
		0x74, 0x46, 0x61, 0x64, 0xED, 0x02, 0x32, 0x54, 0x69, 0x6D, 0x1E, 0x02,
		0x3C, 0x45, 0x6E, 0x64, 0x13, 0x00, 0x01, 0x28, 0x00, 0x70, 0x41, 0x6C,
		0x70, 0x68, 0x61, 0x00, 0x6D, 0x3D, 0x05, 0x73, 0x73, 0x74, 0x72, 0x61,
		0x69, 0x6E, 0x74, 0x86, 0x00, 0x51, 0x57, 0x6F, 0x72, 0x6C, 0x64, 0x57,
		0x00, 0x06, 0x1B, 0x00, 0x02, 0x7F, 0x04, 0x30, 0x6C, 0x6C, 0x69, 0x80,
		0x05, 0x00, 0x25, 0x02, 0x00, 0x5C, 0x03, 0x92, 0x43, 0x4F, 0x4C, 0x4C,
		0x49, 0x53, 0x49, 0x4F, 0x4E, 0x29, 0x02, 0xF0, 0x02, 0x55, 0x53, 0x45,
		0x5F, 0x4E, 0x45, 0x41, 0x52, 0x45, 0x53, 0x54, 0x5F, 0x54, 0x52, 0x41,
		0x43, 0x45, 0x6D, 0x02, 0x00, 0xA6, 0x00, 0x11, 0x6F, 0xBA, 0x04, 0x20,
		0x61, 0x63, 0x46, 0x00, 0x05, 0x45, 0x00, 0xC0, 0x47, 0x72, 0x6F, 0x75,
		0x70, 0x4E, 0x61, 0x6D, 0x65, 0x00, 0x49, 0x4E, 0x79, 0x04, 0x40, 0x43,
		0x54, 0x49, 0x56, 0x32, 0x00, 0x65, 0x52, 0x65, 0x6E, 0x64, 0x65, 0x72,
		0xDB, 0x05, 0x01, 0x0F, 0x00, 0x00, 0xE5, 0x00, 0x32, 0x69, 0x6C, 0x73,
		0x83, 0x02, 0x83, 0x61, 0x78, 0x4C, 0x65, 0x6E, 0x67, 0x74, 0x68, 0x46,
		0x04, 0x46, 0x64, 0x69, 0x75, 0x73, 0x0B, 0x03, 0x01, 0xD5, 0x00, 0x04,
		0x0F, 0x00, 0xF3, 0x05, 0x68, 0x54, 0x65, 0x78, 0x74, 0x75, 0x72, 0x65,
		0x00, 0x6D, 0x61, 0x74, 0x65, 0x72, 0x69, 0x61, 0x6C, 0x73, 0x2F, 0x70,
		0x66, 0x06, 0x10, 0x2F, 0xD6, 0x00, 0x50, 0x2E, 0x76, 0x74, 0x65, 0x78,
		0x94, 0x00, 0x74, 0x68, 0x69, 0x6C, 0x64, 0x72, 0x65, 0x6E, 0x0B, 0x00,
		0x44, 0x52, 0x65, 0x66, 0x00, 0x29, 0x00, 0x40, 0x73, 0x2F, 0x73, 0x73,
		0x80, 0x02, 0xA2, 0x61, 0x73, 0x68, 0x65, 0x73, 0x2E, 0x76, 0x70, 0x63,
		0x66, 0x21, 0x05, 0x14, 0x78, 0xB0, 0x06, 0x02, 0x96, 0x00, 0x01, 0x2A,
		0x01, 0xA0, 0x61, 0x6E, 0x74, 0x4C, 0x69, 0x66, 0x65, 0x73, 0x70, 0x61,
		0x4B, 0x00, 0x17, 0x63, 0xAE, 0x05, 0x90, 0x43, 0x6F, 0x6E, 0x66, 0x69,
		0x67, 0x75, 0x72, 0x61, 0x95, 0x05, 0x01, 0x3E, 0x04, 0x00, 0xF9, 0x00,
		0x12, 0x70, 0x81, 0x03, 0x70, 0x00, 0x09, 0x06, 0x0B, 0x0A, 0x09, 0x06,
		0x03, 0x00, 0x41, 0x05, 0x0A, 0x05, 0x06, 0x07, 0x00, 0xF0, 0x08, 0x0F,
		0x0B, 0x0A, 0x12, 0x0F, 0x0A, 0x12, 0x0A, 0x11, 0x0A, 0x05, 0x09, 0x06,
		0x06, 0x11, 0x0F, 0x0B, 0x0B, 0x0F, 0x11, 0x12, 0x06, 0x11, 0x01, 0x00,
		0xF0, 0x02, 0x12, 0x05, 0x0A, 0x11, 0x11, 0x10, 0x06, 0x06, 0x06, 0x05,
		0x05, 0x12, 0x0D, 0x06, 0x12, 0x11, 0x12, 0x19, 0x00, 0x7F, 0x09, 0x08,
		0x08, 0x0A, 0x11, 0x0A, 0x11, 0x2C, 0x00, 0x71, 0x10, 0x11, 0xB6, 0x00,
		0x3F, 0x12, 0x09, 0x08, 0xC8, 0x00, 0xB5, 0x40, 0x0A, 0x09, 0x06, 0x05,
		0x21, 0x00, 0x60, 0x11, 0x0A, 0x09, 0x06, 0x06, 0x0D, 0xA7, 0x01, 0x00,
		0xCB, 0x00, 0x1F, 0x05, 0x73, 0x00, 0x18, 0x0F, 0x2C, 0x00, 0x16, 0xF0,
		0x00, 0x86, 0x01, 0x0A, 0x09, 0x86, 0x01, 0x0B, 0x05, 0x0A, 0x09, 0x06,
		0x00, 0xDD, 0xEE, 0xFF
	};

} // namespace resources::particles::custom
