

unsigned char IconsV2[75220] = {
	0x00, 0x01, 0x00, 0x00, 0x00, 0x0D, 0x00, 0x80, 0x00, 0x03, 0x00, 0x50,
	0x43, 0x4F, 0x4C, 0x52, 0x00, 0x87, 0x03, 0x25, 0x00, 0x01, 0x25, 0xA8,
	0x00, 0x00, 0x00, 0x2A, 0x43, 0x50, 0x41, 0x4C, 0x2A, 0x00, 0x29, 0x39,
	0x00, 0x01, 0x25, 0x94, 0x00, 0x00, 0x00, 0x12, 0x4F, 0x53, 0x2F, 0x32,
	0x0F, 0x12, 0x0D, 0xC8, 0x00, 0x00, 0x01, 0x58, 0x00, 0x00, 0x00, 0x60,
	0x63, 0x6D, 0x61, 0x70, 0xE0, 0xB6, 0x10, 0xD9, 0x00, 0x00, 0x03, 0x18,
	0x00, 0x00, 0x00, 0x54, 0x67, 0x61, 0x73, 0x70, 0x00, 0x00, 0x00, 0x10,
	0x00, 0x01, 0x25, 0x8C, 0x00, 0x00, 0x00, 0x08, 0x67, 0x6C, 0x79, 0x66,
	0x67, 0xB4, 0xF5, 0x46, 0x00, 0x00, 0x04, 0xC4, 0x00, 0x01, 0x1F, 0x2C,
	0x68, 0x65, 0x61, 0x64, 0x2F, 0xED, 0x73, 0x39, 0x00, 0x00, 0x00, 0xDC,
	0x00, 0x00, 0x00, 0x36, 0x68, 0x68, 0x65, 0x61, 0x07, 0xC3, 0x03, 0xC4,
	0x00, 0x00, 0x01, 0x14, 0x00, 0x00, 0x00, 0x24, 0x68, 0x6D, 0x74, 0x78,
	0x24, 0x9E, 0x12, 0x4E, 0x00, 0x00, 0x01, 0xB8, 0x00, 0x00, 0x01, 0x60,
	0x6C, 0x6F, 0x63, 0x61, 0xA9, 0xE1, 0xF4, 0x2E, 0x00, 0x00, 0x03, 0x6C,
	0x00, 0x00, 0x01, 0x58, 0x6D, 0x61, 0x78, 0x70, 0x00, 0xBC, 0x05, 0x2E,
	0x00, 0x00, 0x01, 0x38, 0x00, 0x00, 0x00, 0x20, 0x6E, 0x61, 0x6D, 0x65,
	0x0D, 0xBB, 0x34, 0x9A, 0x00, 0x01, 0x23, 0xF0, 0x00, 0x00, 0x01, 0x7A,
	0x70, 0x6F, 0x73, 0x74, 0x00, 0x03, 0x00, 0x00, 0x00, 0x01, 0x25, 0x6C,
	0x00, 0x00, 0x00, 0x20, 0x00, 0x01, 0x00, 0x00, 0x00, 0x01, 0x00, 0x00,
	0x8A, 0x2F, 0xCC, 0x2D, 0x5F, 0x0F, 0x3C, 0xF5, 0x00, 0x0B, 0x04, 0x00,
	0x00, 0x00, 0x00, 0x00, 0xE6, 0x67, 0x17, 0x5F, 0x00, 0x00, 0x00, 0x00,
	0xE6, 0x67, 0x17, 0x5F, 0xFF, 0xFE, 0xFF, 0xBD, 0x04, 0x02, 0x03, 0xC1,
	0x00, 0x00, 0x00, 0x08, 0x00, 0x02, 0x00, 0x00, 0x00, 0x00, 0x00, 0x00,
	0x00, 0x01, 0x00, 0x00, 0x03, 0xC0, 0xFF, 0xC0, 0x00, 0x00, 0x04, 0x00,
	0xFF, 0xFE, 0xFF, 0xFE, 0x04, 0x02, 0x00, 0x01, 0x00, 0x00, 0x00, 0x00,
	0x00, 0x00, 0x00, 0x00, 0x00, 0x00, 0x00, 0x00, 0x00, 0x00, 0x00, 0x05,
	0x00, 0x01, 0x00, 0x00, 0x00, 0xAB, 0x05, 0x2C, 0x00, 0x10, 0x00, 0x00,
	0x00, 0x00, 0x00, 0x02, 0x00, 0x00, 0x00, 0x00, 0x00, 0x00, 0x00, 0x00,
	0x00, 0x00, 0x00, 0x00, 0x00, 0x00, 0x00, 0x00, 0x00, 0x03, 0x03, 0xFC,
	0x01, 0x90, 0x00, 0x05, 0x00, 0x00, 0x02, 0x99, 0x02, 0xCC, 0x00, 0x00,
	0x00, 0x8F, 0x02, 0x99, 0x02, 0xCC, 0x00, 0x00, 0x01, 0xEB, 0x00, 0x33,
	0x01, 0x09, 0x00, 0x00, 0x00, 0x00, 0x00, 0x00, 0x00, 0x00, 0x00, 0x00,
	0x00, 0x00, 0x00, 0x00, 0x00, 0x01, 0x10, 0x00, 0x00, 0x00, 0x00, 0x00,
	0x00, 0x00, 0x00, 0x00, 0x00, 0x00, 0x00, 0x00, 0x00, 0x00, 0x00, 0x40,
	0x00, 0x00, 0xF0, 0xA2, 0x03, 0xC0, 0xFF, 0xC0, 0x00, 0x40, 0x03, 0xC0,
	0x00, 0x40, 0x00, 0x00, 0x00, 0x01, 0x00, 0x00, 0x00, 0x00, 0x00, 0x00,
	0x00, 0x00, 0x00, 0x00, 0x00, 0x20, 0x00, 0x00, 0x00, 0x00, 0x00, 0x00,
	0x04, 0x00, 0x00, 0x00, 0x04, 0x00, 0x00, 0x00, 0x02, 0x00, 0x00, 0x00,
	0x04, 0x00, 0x00, 0x00, 0x00, 0x41, 0x00, 0x00, 0x00, 0x01, 0x00, 0x00,
	0x00, 0x00, 0x00, 0x80, 0x00, 0x2B, 0x00, 0x00, 0x00, 0x00, 0x00, 0x00,
	0xFF, 0xFF, 0x00, 0x01, 0x00, 0x28, 0x00, 0x28, 0xFF, 0xFE, 0x00, 0x00,
	0x00, 0x6D, 0x00, 0x00, 0x00, 0x00, 0x00, 0x55, 0x00, 0x00, 0x00, 0x00,
	0x00, 0x00, 0x00, 0x00, 0x00, 0x55, 0x00, 0x00, 0x00, 0x00, 0x00, 0x00,
	0x00, 0x2B, 0x00, 0x01, 0x00, 0x00, 0x00, 0x00, 0x00, 0x00, 0x00, 0x00,
	0x00, 0x00, 0x00, 0x00, 0x00, 0x00, 0x00, 0x00, 0x00, 0x09, 0x00, 0x2B,
	0x00, 0x00, 0x00, 0x00, 0x00, 0x00, 0x00, 0x00, 0x00, 0x55, 0x00, 0x00,
	0x00, 0x00, 0x00, 0x00, 0x00, 0x00, 0x00, 0x00, 0x00, 0x00, 0x00, 0x00,
	0x00, 0x2B, 0x00, 0x2B, 0x00, 0x00, 0x00, 0x00, 0x00, 0x55, 0x00, 0x00,
	0x00, 0x00, 0x00, 0x00, 0x00, 0x00, 0x00, 0x80, 0x00, 0x56, 0x00, 0x00,
	0x00, 0x00, 0x00, 0x00, 0x00, 0x04, 0x00, 0x00, 0x00, 0x03, 0x00, 0x01,
	0x00, 0x00, 0x00, 0x00, 0x00, 0x56, 0x00, 0x00, 0x00, 0x00, 0x00, 0x00,
	0x00, 0x2B, 0x00, 0x00, 0x00, 0x00, 0x00, 0x60, 0x00, 0x5C, 0x00, 0x2B,
	0x00, 0x55, 0x00, 0x38, 0x00, 0x55, 0x00, 0x55, 0x00, 0xC3, 0x00, 0x55,
	0x00, 0x55, 0x00, 0x00, 0x00, 0x3E, 0x00, 0x33, 0x00, 0xC3, 0x00, 0x9A,
	0x00, 0xC3, 0x00, 0x00, 0x00, 0x55, 0x00, 0x24, 0x00, 0x00, 0x00, 0x2F,
	0x00, 0x80, 0x00, 0xD5, 0x00, 0xAB, 0x00, 0x81, 0x01, 0x00, 0x00, 0xAB,
	0x00, 0xAB, 0x00, 0xAB, 0x00, 0xAB, 0x00, 0x55, 0x00, 0x55, 0x00, 0x55,
	0x00, 0x55, 0x00, 0x55, 0x00, 0x55, 0x00, 0x2B, 0x01, 0x55, 0x01, 0x5E,
	0x00, 0xAB, 0x00, 0xAB, 0x00, 0x55, 0x00, 0x80, 0x00, 0x55, 0x00, 0x02,
	0x00, 0xA0, 0x00, 0x00, 0x00, 0x65, 0x00, 0x31, 0x00, 0x00, 0x00, 0xAB,
	0x00, 0xAB, 0x00, 0x55, 0x00, 0x00, 0x00, 0x00, 0x00, 0x55, 0x00, 0x00,
	0x00, 0x00, 0x00, 0x2D, 0x00, 0x40, 0x00, 0xAB, 0x00, 0x46, 0x00, 0xC3,
	0x00, 0x40, 0x00, 0x7F, 0x00, 0xE7, 0x00, 0xED, 0x01, 0x66, 0x00, 0x55,
	0x00, 0x55, 0x00, 0x01, 0x00, 0x00, 0x00, 0x00, 0x00, 0x00, 0x00, 0x00,
	0x00, 0x00, 0x00, 0x80, 0x00, 0x80, 0x00, 0x00, 0x00, 0x00, 0x00, 0x00,
	0x00, 0x00, 0x00, 0x00, 0x01, 0x75, 0x00, 0x5C, 0x00, 0xA0, 0x02, 0x20,
	0x00, 0x00, 0x00, 0x03, 0x00, 0x00, 0x00, 0x03, 0x00, 0x00, 0x00, 0x1C,
	0x00, 0x01, 0x00, 0x03, 0x00, 0x00, 0x00, 0x1C, 0x00, 0x03, 0x00, 0x01,
	0x00, 0x00, 0x00, 0x1C, 0x00, 0x04, 0x00, 0x38, 0x00, 0x00, 0x00, 0x0A,
	0x00, 0x08, 0x00, 0x02, 0x00, 0x02, 0x00, 0x00, 0x00, 0x0D, 0x00, 0x20,
	0xF0, 0xA2, 0xFF, 0xFF, 0x00, 0x00, 0x00, 0x00, 0x00, 0x0D, 0x00, 0x20,
	0xF0, 0x00, 0xFF, 0xFF, 0x00, 0x01, 0xFF, 0xF5, 0xFF, 0xE3, 0x10, 0x04,
	0x00, 0x01, 0x00, 0x00, 0x00, 0x00, 0x00, 0x00, 0x00, 0x00, 0x00, 0x00,
	0x00, 0x00, 0x00, 0x00, 0x00, 0x00, 0x00, 0x00, 0x00, 0x00, 0x00, 0x96,
	0x01, 0x60, 0x02, 0x72, 0x03, 0xA8, 0x04, 0x48, 0x04, 0xF6, 0x05, 0x7C,
	0x07, 0x12, 0x07, 0xF0, 0x08, 0xCA, 0x0A, 0x08, 0x0A, 0xD8, 0x0B, 0xA8,
	0x0C, 0xCC, 0x0D, 0xF0, 0x0E, 0xC0, 0x0F, 0xA2, 0x0F, 0xE4, 0x10, 0x3C,
	0x11, 0xD2, 0x12, 0x1C, 0x12, 0xDE, 0x13, 0xB6, 0x14, 0xBC, 0x15, 0xA8,
	0x16, 0x6C, 0x17, 0x2C, 0x17, 0x96, 0x18, 0xD0, 0x19, 0x26, 0x19, 0xAE,
	0x1A, 0x84, 0x1B, 0x86, 0x1C, 0xC2, 0x1D, 0xE6, 0x1E, 0x5C, 0x1E, 0xF8,
	0x1F, 0x70, 0x20, 0x4A, 0x21, 0xE4, 0x22, 0xC6, 0x23, 0xB2, 0x24, 0x78,
	0x25, 0xD0, 0x26, 0x78, 0x27, 0x12, 0x27, 0x48, 0x27, 0xC8, 0x28, 0x02,
	0x28, 0xC2, 0x29, 0xB6, 0x2A, 0xA8, 0x2B, 0x78, 0x2C, 0x70, 0x2D, 0x3A,
	0x2E, 0x1A, 0x2E, 0xB4, 0x2F, 0xAC, 0x30, 0x64, 0x31, 0x16, 0x33, 0x32,
	0x33, 0x9A, 0x34, 0x10, 0x34, 0x84, 0x36, 0x0C, 0x36, 0xD6, 0x37, 0x6E,
	0x38, 0x4E, 0x39, 0x06, 0x39, 0x5C, 0x3A, 0x0E, 0x3B, 0x8E, 0x3C, 0x2C,
	0x3D, 0xAE, 0x3E, 0xBA, 0x3F, 0x50, 0x40, 0xA2, 0x41, 0xA2, 0x42, 0xCC,
	0x43, 0x34, 0x45, 0x14, 0x46, 0xA4, 0x47, 0xA6, 0x48, 0xAE, 0x49, 0x7C,
	0x4A, 0x34, 0x4A, 0xA0, 0x4B, 0x74, 0x4B, 0xDA, 0x4C, 0xB0, 0x4D, 0x04,
	0x4D, 0xAE, 0x4E, 0x3E, 0x4F, 0x14, 0x50, 0x06, 0x51, 0x2C, 0x52, 0x36,
	0x53, 0x02, 0x54, 0xB8, 0x55, 0xD8, 0x56, 0x78, 0x58, 0x04, 0x58, 0xB0,
	0x59, 0x74, 0x5A, 0xE6, 0x5B, 0x8A, 0x5C, 0xBA, 0x5D, 0xC2, 0x5E, 0xBE,
	0x5F, 0xD8, 0x60, 0x9E, 0x61, 0xB8, 0x62, 0x72, 0x63, 0x6E, 0x64, 0x2A,
	0x64, 0xCE, 0x66, 0x02, 0x66, 0x72, 0x66, 0xE2, 0x67, 0x92, 0x68, 0x42,
	0x69, 0x2E, 0x6A, 0x02, 0x6A, 0xE8, 0x72, 0x12, 0x72, 0x90, 0x74, 0x1A,
	0x74, 0xF4, 0x75, 0xBE, 0x76, 0x9E, 0x76, 0xEE, 0x77, 0x3E, 0x77, 0xC2,
	0x78, 0x6A, 0x78, 0xBC, 0x79, 0xB4, 0x7A, 0x52, 0x7C, 0x32, 0x7C, 0xA6,
	0x7E, 0x4A, 0x7F, 0x98, 0x81, 0x16, 0x82, 0x26, 0x84, 0x14, 0x84, 0x94,
	0x84, 0xDA, 0x85, 0x18, 0x85, 0x2A, 0x86, 0x04, 0x86, 0x84, 0x87, 0x20,
	0x87, 0xAA, 0x88, 0x10, 0x88, 0x6E, 0x88, 0x8E, 0x88, 0xB0, 0x88, 0xEE,
	0x89, 0x3E, 0x8A, 0x66, 0x8A, 0xBC, 0x8B, 0xBE, 0x8C, 0x7A, 0x8D, 0x7C,
	0x8D, 0xB4, 0x8F, 0x12, 0x8F, 0x54, 0x8F, 0x96, 0x00, 0x03, 0x00, 0x00,
	0x00, 0x38, 0x04, 0x00, 0x03, 0x48, 0x00, 0x25, 0x00, 0x49, 0x00, 0x5E,
	0x00, 0x00, 0x01, 0x16, 0x17, 0x16, 0x14, 0x07, 0x06, 0x07, 0x06, 0x07,
	0x06, 0x07, 0x06, 0x07, 0x26, 0x27, 0x26, 0x27, 0x26, 0x27, 0x26, 0x27,
	0x26, 0x34, 0x37, 0x36, 0x37, 0x36, 0x37, 0x36, 0x37, 0x36, 0x37, 0x16,
	0x17, 0x16, 0x17, 0x16, 0x03, 0x36, 0x37, 0x36, 0x34, 0x27, 0x26, 0x27,
	0x26, 0x27, 0x26, 0x27, 0x26, 0x22, 0x07, 0x06, 0x07, 0x06, 0x07, 0x06,
	0x07, 0x06, 0x14, 0x17, 0x16, 0x17, 0x16, 0x17, 0x16, 0x17, 0x16, 0x32,
	0x37, 0x36, 0x37, 0x36, 0x05, 0x22, 0x27, 0x26, 0x27, 0x26, 0x34, 0x37,
	0x36, 0x37, 0x36, 0x32, 0x17, 0x16, 0x17, 0x16, 0x14, 0x07, 0x06, 0x07,
	0x06, 0x03, 0xD7, 0x14, 0x0B, 0x0A, 0x0A, 0x0B, 0x14, 0x34, 0x4A, 0x49,
	0x58, 0x59, 0x5F, 0x5F, 0x59, 0x58, 0x49, 0x4B, 0x33, 0x14, 0x0B, 0x0A,
	0x0A, 0x0B, 0x14, 0x33, 0x4B, 0x49, 0x58, 0x59, 0x5F, 0x5F, 0x59, 0x58,
	0x49, 0x4A, 0x36, 0x09, 0x05, 0x04, 0x04, 0x05, 0x09, 0x27, 0x3A, 0x39,
	0x44, 0x45, 0x94, 0x45, 0x44, 0x39, 0x3A, 0x27, 0x09, 0x05, 0x05, 0x05,
	0x05, 0x09, 0x27, 0x3A, 0x39, 0x44, 0x45, 0x94, 0x45, 0x44, 0x39, 0x3A,
	0xFE, 0xBA, 0x2F, 0x28, 0x26, 0x17, 0x18, 0x18, 0x17, 0x26, 0x28, 0x5E,
	0x28, 0x26, 0x17, 0x18, 0x18, 0x17, 0x26, 0x28, 0x02, 0x45, 0x1E, 0x22,
	0x22, 0x46, 0x22, 0x22, 0x1E, 0x4F, 0x3B, 0x39, 0x1F, 0x20, 0x01, 0x01,
	0x20, 0x1F, 0x39, 0x3B, 0x4F, 0x1E, 0x22, 0x22, 0x46, 0x22, 0x22, 0x1E,
	0x4F, 0x3B, 0x39, 0x1F, 0x20, 0x01, 0x01, 0x20, 0x1F, 0x39, 0x3B, 0xFE,
	0xF0, 0x0D, 0x10, 0x0F, 0x20, 0x0F, 0x10, 0x0D, 0x3E, 0x2E, 0x2E, 0x18,
	0x19, 0x19, 0x19, 0x2D, 0x2E, 0x3E, 0x0D, 0x10, 0x0F, 0x20, 0x0F, 0x10,
	0x0D, 0x3E, 0x2E, 0x2E, 0x18, 0x19, 0x19, 0x18, 0x2E, 0x2E, 0x32, 0x18,
	0x17, 0x26, 0x28, 0x5E, 0x28, 0x26, 0x17, 0x18, 0x18, 0x17, 0x26, 0x28,
	0x5E, 0x28, 0x26, 0x17, 0x18, 0x00, 0x00, 0x00, 0x00, 0x02, 0x00, 0x41,
	0xFF, 0xBE, 0x03, 0xBF, 0x03, 0xBE, 0x00, 0x34, 0x00, 0x87, 0x00, 0x00,
	0x01, 0x16, 0x17, 0x16, 0x17, 0x16, 0x17, 0x16, 0x17, 0x16, 0x1D, 0x01,
	0x14, 0x07, 0x06, 0x07, 0x0E, 0x01, 0x23, 0x22, 0x27, 0x26, 0x27, 0x2E,
	0x01, 0x27, 0x26, 0x27, 0x26, 0x35, 0x3C, 0x01, 0x35, 0x34, 0x37, 0x36,
	0x37, 0x36, 0x3F, 0x01, 0x17, 0x16, 0x15, 0x32, 0x15, 0x3E, 0x01, 0x3F,
	0x01, 0x17, 0x16, 0x17, 0x16, 0x13, 0x3E, 0x01, 0x37, 0x36, 0x3D, 0x01,
	0x34, 0x27, 0x26, 0x27, 0x26, 0x27, 0x26, 0x27, 0x26, 0x27, 0x26, 0x27,
	0x06, 0x07, 0x06, 0x07, 0x06, 0x07, 0x06, 0x07, 0x06, 0x26, 0x27, 0x26,
	0x27, 0x26, 0x27, 0x06, 0x07, 0x06, 0x15, 0x14, 0x15, 0x16, 0x14, 0x15,
	0x14, 0x17, 0x16, 0x17, 0x16, 0x17, 0x2E, 0x01, 0x35, 0x34, 0x37, 0x36,
	0x37, 0x36, 0x37, 0x36, 0x37, 0x36, 0x37, 0x36, 0x37, 0x16, 0x17, 0x16,
	0x17, 0x16, 0x17, 0x16, 0x17, 0x16, 0x17, 0x16, 0x15, 0x14, 0x07, 0x06,
	0x07, 0x36, 0x37, 0x36, 0x02, 0xC1, 0x35, 0x19, 0x2A, 0x1C, 0x22, 0x16,
	0x18, 0x0C, 0x0E, 0x22, 0x22, 0x3F, 0x3F, 0xA4, 0x59, 0x1D, 0x1D, 0x1D,
	0x1C, 0x49, 0x7A, 0x2C, 0x2D, 0x17, 0x19, 0x16, 0x13, 0x25, 0x1D, 0x2E,
	0x4E, 0x1B, 0x01, 0x01, 0x13, 0x48, 0x33, 0x2D, 0x2E, 0x21, 0x29, 0x18,
	0x34, 0x26, 0x38, 0x0E, 0x0F, 0x0E, 0x0C, 0x1B, 0x18, 0x2A, 0x1E, 0x3C,
	0x22, 0x11, 0x1D, 0x18, 0x20, 0x16, 0x16, 0x0B, 0x06, 0x14, 0x15, 0x1C,
	0x1C, 0x36, 0x11, 0x04, 0x04, 0x03, 0x04, 0x18, 0x0C, 0x0D, 0x01, 0x10,
	0x11, 0x1F, 0x20, 0x2B, 0x09, 0x08, 0x08, 0x08, 0x0F, 0x0E, 0x16, 0x0D,
	0x20, 0x1B, 0x0D, 0x18, 0x14, 0x11, 0x16, 0x0D, 0x19, 0x21, 0x0E, 0x17,
	0x0F, 0x11, 0x08, 0x09, 0x04, 0x03, 0x08, 0x01, 0x06, 0x05, 0x03, 0x0C,
	0x2D, 0x17, 0x26, 0x1F, 0x26, 0x26, 0x29, 0x2C, 0x30, 0x35, 0x01, 0x58,
	0x53, 0x52, 0x3E, 0x3F, 0x44, 0x04, 0x03, 0x07, 0x13, 0x52, 0x39, 0x39,
	0x45, 0x46, 0x4B, 0x01, 0x02, 0x01, 0x44, 0x3C, 0x34, 0x30, 0x26, 0x2B,
	0x4A, 0x69, 0x02, 0x02, 0x03, 0x49, 0x84, 0x37, 0x2E, 0x2D, 0x21, 0x25,
	0x15, 0xFD, 0x4B, 0x1E, 0x50, 0x2E, 0x2E, 0x31, 0x01, 0x2B, 0x26, 0x23,
	0x23, 0x20, 0x27, 0x1C, 0x33, 0x1D, 0x0F, 0x19, 0x16, 0x34, 0x3A, 0x39,
	0x3C, 0x1C, 0x15, 0x15, 0x06, 0x07, 0x14, 0x17, 0x06, 0x05, 0x05, 0x06,
	0x1F, 0x24, 0x25, 0x27, 0x01, 0x01, 0x01, 0x02, 0x01, 0x35, 0x31, 0x31,
	0x2A, 0x29, 0x1E, 0x13, 0x28, 0x14, 0x1C, 0x18, 0x16, 0x15, 0x12, 0x15,
	0x0D, 0x1B, 0x16, 0x0D, 0x15, 0x14, 0x12, 0x13, 0x0C, 0x15, 0x1C, 0x0D,
	0x16, 0x13, 0x16, 0x16, 0x1A, 0x1C, 0x13, 0x13, 0x13, 0x12, 0x01, 0x04,
	0x03, 0x00, 0x00, 0x00, 0x00, 0x06, 0x00, 0x00, 0xFF, 0xC0, 0x04, 0x00,
	0x03, 0xC0, 0x00, 0x24, 0x00, 0x49, 0x00, 0x6D, 0x00, 0x91, 0x00, 0x9E,
	0x00, 0xC1, 0x00, 0x00, 0x01, 0x32, 0x16, 0x17, 0x16, 0x1D, 0x01, 0x14,
	0x07, 0x06, 0x07, 0x06, 0x07, 0x06, 0x2B, 0x01, 0x22, 0x27, 0x2E, 0x01,
	0x34, 0x36, 0x37, 0x36, 0x3B, 0x01, 0x32, 0x37, 0x36, 0x37, 0x36, 0x3D,
	0x01, 0x34, 0x37, 0x3E, 0x01, 0x01, 0x22, 0x26, 0x27, 0x26, 0x3D, 0x01,
	0x34, 0x37, 0x36, 0x37, 0x36, 0x37, 0x36, 0x3B, 0x01, 0x32, 0x17, 0x1E,
	0x01, 0x14, 0x06, 0x07, 0x06, 0x2B, 0x01, 0x22, 0x07, 0x06, 0x07, 0x06,
	0x1D, 0x01, 0x14, 0x07, 0x0E, 0x01, 0x13, 0x32, 0x17, 0x1E, 0x01, 0x14,
	0x06, 0x07, 0x06, 0x2B, 0x01, 0x22, 0x27, 0x26, 0x27, 0x26, 0x27, 0x26,
	0x3D, 0x01, 0x34, 0x37, 0x3E, 0x01, 0x32, 0x16, 0x17, 0x16, 0x1D, 0x01,
	0x14, 0x17, 0x16, 0x17, 0x16, 0x33, 0x01, 0x32, 0x17, 0x16, 0x17, 0x16,
	0x17, 0x16, 0x1D, 0x01, 0x14, 0x07, 0x0E, 0x01, 0x22, 0x26, 0x27, 0x26,
	0x3D, 0x01, 0x34, 0x27, 0x26, 0x27, 0x26, 0x2B, 0x01, 0x22, 0x27, 0x2E,
	0x01, 0x34, 0x36, 0x37, 0x36, 0x33, 0x03, 0x22, 0x2E, 0x01, 0x34, 0x3E,
	0x01, 0x32, 0x1E, 0x01, 0x14, 0x0E, 0x01, 0x01, 0x36, 0x37, 0x36, 0x37,
	0x36, 0x32, 0x17, 0x16, 0x17, 0x16, 0x17, 0x16, 0x14, 0x15, 0x14, 0x07,
	0x06, 0x07, 0x06, 0x07, 0x06, 0x23, 0x22, 0x21, 0x22, 0x27, 0x26, 0x27,
	0x26, 0x27, 0x26, 0x35, 0x3C, 0x01, 0x03, 0xC0, 0x11, 0x1E, 0x08, 0x09,
	0x13, 0x11, 0x21, 0x20, 0x2A, 0x2C, 0x30, 0x40, 0x11, 0x0F, 0x0E, 0x12,
	0x12, 0x0E, 0x0F, 0x11, 0x40, 0x1D, 0x19, 0x18, 0x0E, 0x0F, 0x09, 0x08,
	0x1E, 0xFC, 0x91, 0x11, 0x1E, 0x08, 0x09, 0x13, 0x11, 0x21, 0x20, 0x2A,
	0x2C, 0x30, 0x40, 0x11, 0x0F, 0x0E, 0x12, 0x12, 0x0E, 0x0F, 0x11, 0x40,
	0x1D, 0x19, 0x18, 0x0E, 0x0F, 0x09, 0x08, 0x1E, 0xDA, 0x11, 0x0F, 0x0E,
	0x12, 0x12, 0x0E, 0x0F, 0x11, 0x40, 0x30, 0x2C, 0x2A, 0x20, 0x21, 0x11,
	0x13, 0x09, 0x08, 0x1E, 0x22, 0x1E, 0x08, 0x09, 0x0F, 0x0E, 0x18, 0x19,
	0x1D, 0x02, 0x2A, 0x30, 0x2C, 0x2A, 0x20, 0x21, 0x11, 0x13, 0x09, 0x08,
	0x1E, 0x22, 0x1E, 0x08, 0x09, 0x0F, 0x0E, 0x18, 0x19, 0x1D, 0x40, 0x11,
	0x0F, 0x0E, 0x12, 0x12, 0x0E, 0x0F, 0x11, 0xD5, 0x29, 0x44, 0x28, 0x28,
	0x44, 0x52, 0x44, 0x28, 0x28, 0x44, 0xFE, 0xDC, 0x0B, 0x25, 0x24, 0x35,
	0x35, 0x7A, 0x36, 0x34, 0x24, 0x25, 0x0B, 0x01, 0x03, 0x02, 0x05, 0x06,
	0x09, 0x08, 0x09, 0x01, 0xFE, 0x5E, 0x0A, 0x08, 0x09, 0x06, 0x05, 0x02,
	0x03, 0x01, 0x2B, 0x12, 0x0E, 0x0F, 0x11, 0x40, 0x30, 0x2C, 0x2A, 0x20,
	0x21, 0x11, 0x13, 0x09, 0x08, 0x1E, 0x22, 0x1E, 0x08, 0x09, 0x0F, 0x0E,
	0x18, 0x19, 0x1D, 0x40, 0x11, 0x0F, 0x0E, 0x12, 0x01, 0x2A, 0x12, 0x0E,
	0x0F, 0x11, 0x40, 0x30, 0x2C, 0x2A, 0x20, 0x21, 0x11, 0x13, 0x09, 0x08,
	0x1E, 0x22, 0x1E, 0x08, 0x09, 0x0F, 0x0E, 0x18, 0x19, 0x1D, 0x40, 0x11,
	0x0F, 0x0E, 0x12, 0xFD, 0xEB, 0x09, 0x08, 0x1E, 0x22, 0x1E, 0x08, 0x09,
	0x13, 0x11, 0x21, 0x20, 0x2A, 0x2C, 0x30, 0x40, 0x11, 0x0F, 0x0E, 0x12,
	0x12, 0x0E, 0x0F, 0x11, 0x40, 0x1D, 0x19, 0x18, 0x0E, 0x0F, 0x03, 0x80,
	0x13, 0x11, 0x21, 0x20, 0x2A, 0x2C, 0x30, 0x40, 0x11, 0x0F, 0x0E, 0x12,
	0x12, 0x0E, 0x0F, 0x11, 0x40, 0x1D, 0x19, 0x18, 0x0E, 0x0F, 0x09, 0x08,
	0x1E, 0x22, 0x1E, 0x08, 0x09, 0xFE, 0x2B, 0x28, 0x44, 0x52, 0x44, 0x28,
	0x28, 0x44, 0x52, 0x44, 0x28, 0xFE, 0xDB, 0x3C, 0x30, 0x2F, 0x1A, 0x1B,
	0x1B, 0x1A, 0x2F, 0x30, 0x3C, 0x01, 0x04, 0x01, 0x08, 0x07, 0x07, 0x06,
	0x07, 0x04, 0x04, 0x04, 0x04, 0x07, 0x06, 0x07, 0x07, 0x08, 0x01, 0x04,
	0x00, 0x03, 0x00, 0x01, 0xFF, 0xC0, 0x03, 0xFF, 0x03, 0xBF, 0x00, 0x38,
	0x00, 0x98, 0x00, 0xCE, 0x00, 0x00, 0x05, 0x22, 0x27, 0x26, 0x27, 0x06,
	0x27, 0x2E, 0x01, 0x27, 0x26, 0x37, 0x26, 0x27, 0x26, 0x34, 0x37, 0x36,
	0x37, 0x26, 0x37, 0x36, 0x37, 0x36, 0x37, 0x36, 0x17, 0x36, 0x37, 0x36,
	0x32, 0x17, 0x16, 0x17, 0x36, 0x1E, 0x01, 0x17, 0x16, 0x07, 0x16, 0x17,
	0x16, 0x14, 0x07, 0x06, 0x07, 0x16, 0x07, 0x0E, 0x01, 0x07, 0x06, 0x27,
	0x06, 0x07, 0x06, 0x27, 0x32, 0x17, 0x16, 0x17, 0x16, 0x17, 0x16, 0x32,
	0x37, 0x36, 0x37, 0x36, 0x37, 0x36, 0x17, 0x16, 0x37, 0x36, 0x37, 0x36,
	0x37, 0x36, 0x27, 0x26, 0x37, 0x36, 0x37, 0x36, 0x37, 0x36, 0x34, 0x27,
	0x26, 0x27, 0x26, 0x27, 0x26, 0x37, 0x36, 0x27, 0x26, 0x27, 0x26, 0x27,
	0x26, 0x07, 0x06, 0x27, 0x26, 0x27, 0x26, 0x27, 0x26, 0x22, 0x07, 0x06,
	0x07, 0x06, 0x07, 0x06, 0x27, 0x26, 0x07, 0x06, 0x07, 0x06, 0x07, 0x06,
	0x17, 0x16, 0x07, 0x06, 0x07, 0x06, 0x07, 0x06, 0x14, 0x17, 0x16, 0x17,
	0x16, 0x17, 0x16, 0x07, 0x06, 0x17, 0x16, 0x17, 0x16, 0x17, 0x16, 0x37,
	0x32, 0x37, 0x32, 0x37, 0x06, 0x07, 0x06, 0x22, 0x27, 0x26, 0x2F, 0x01,
	0x2E, 0x01, 0x35, 0x34, 0x37, 0x36, 0x37, 0x36, 0x37, 0x36, 0x16, 0x17,
	0x33, 0x15, 0x1E, 0x01, 0x33, 0x16, 0x17, 0x16, 0x17, 0x16, 0x17, 0x16,
	0x17, 0x16, 0x17, 0x16, 0x15, 0x37, 0x3E, 0x01, 0x33, 0x32, 0x17, 0x16,
	0x17, 0x16, 0x17, 0x16, 0x15, 0x14, 0x07, 0x06, 0x07, 0x02, 0x00, 0x33,
	0x2F, 0x2F, 0x23, 0x33, 0x2F, 0x30, 0x48, 0x13, 0x13, 0x02, 0x26, 0x14,
	0x13, 0x13, 0x14, 0x26, 0x02, 0x13, 0x13, 0x24, 0x24, 0x30, 0x2F, 0x33,
	0x22, 0x30, 0x2E, 0x68, 0x2E, 0x30, 0x22, 0x32, 0x60, 0x48, 0x13, 0x13,
	0x02, 0x26, 0x14, 0x13, 0x13, 0x14, 0x26, 0x02, 0x13, 0x13, 0x48, 0x30,
	0x2F, 0x33, 0x23, 0x2F, 0x2F, 0xCB, 0x10, 0x0E, 0x0E, 0x09, 0x10, 0x1B,
	0x1A, 0x3C, 0x1A, 0x1B, 0x10, 0x0B, 0x12, 0x11, 0x13, 0x1E, 0x1C, 0x1D,
	0x15, 0x15, 0x08, 0x09, 0x06, 0x03, 0x07, 0x07, 0x10, 0x1A, 0x0D, 0x0D,
	0x0D, 0x0D, 0x1A, 0x10, 0x07, 0x07, 0x03, 0x06, 0x09, 0x08, 0x15, 0x15,
	0x1D, 0x1C, 0x1E, 0x12, 0x12, 0x12, 0x0B, 0x10, 0x1B, 0x1A, 0x3C, 0x1A,
	0x1B, 0x10, 0x0B, 0x11, 0x12, 0x13, 0x1E, 0x1C, 0x1C, 0x16, 0x15, 0x08,
	0x09, 0x06, 0x03, 0x07, 0x07, 0x10, 0x1A, 0x0D, 0x0D, 0x0D, 0x0D, 0x1A,
	0x10, 0x07, 0x07, 0x03, 0x06, 0x09, 0x08, 0x15, 0x16, 0x1C, 0x1C, 0x1E,
	0x03, 0x03, 0x03, 0xC6, 0x11, 0x16, 0x18, 0x32, 0x16, 0x17, 0x12, 0x4F,
	0x0B, 0x0C, 0x04, 0x04, 0x07, 0x0B, 0x11, 0x0F, 0x22, 0x0D, 0x01, 0x01,
	0x01, 0x01, 0x02, 0x02, 0x03, 0x02, 0x07, 0x07, 0x08, 0x07, 0x13, 0x0A,
	0x0E, 0xAD, 0x09, 0x16, 0x0C, 0x0D, 0x0C, 0x0D, 0x09, 0x08, 0x05, 0x04,
	0x06, 0x05, 0x0B, 0x40, 0x14, 0x15, 0x25, 0x02, 0x13, 0x13, 0x48, 0x30,
	0x2F, 0x33, 0x22, 0x30, 0x2E, 0x68, 0x2E, 0x30, 0x22, 0x33, 0x2F, 0x30,
	0x24, 0x25, 0x12, 0x13, 0x02, 0x26, 0x14, 0x13, 0x13, 0x14, 0x26, 0x02,
	0x26, 0x48, 0x30, 0x2F, 0x33, 0x22, 0x30, 0x2E, 0x68, 0x2E, 0x30, 0x22,
	0x33, 0x2F, 0x30, 0x48, 0x13, 0x13, 0x02, 0x25, 0x15, 0x14, 0xD1, 0x07,
	0x08, 0x0D, 0x1A, 0x0D, 0x0D, 0x0D, 0x0D, 0x1A, 0x10, 0x07, 0x08, 0x04,
	0x06, 0x09, 0x08, 0x15, 0x16, 0x1C, 0x1C, 0x1E, 0x13, 0x11, 0x12, 0x0B,
	0x10, 0x1B, 0x1A, 0x3C, 0x1A, 0x1B, 0x10, 0x0B, 0x12, 0x11, 0x13, 0x1E,
	0x1C, 0x1C, 0x16, 0x15, 0x08, 0x09, 0x06, 0x04, 0x08, 0x07, 0x10, 0x1A,
	0x0D, 0x0D, 0x0D, 0x0D, 0x1A, 0x10, 0x07, 0x08, 0x04, 0x06, 0x09, 0x08,
	0x15, 0x16, 0x1C, 0x1C, 0x1E, 0x13, 0x11, 0x12, 0x0B, 0x10, 0x1B, 0x1A,
	0x3C, 0x1A, 0x1B, 0x10, 0x0B, 0x12, 0x11, 0x13, 0x1E, 0x1C, 0x1C, 0x16,
	0x15, 0x08, 0x09, 0x06, 0x01, 0xA7, 0x11, 0x09, 0x09, 0x09, 0x09, 0x11,
	0x42, 0x09, 0x1A, 0x0E, 0x0B, 0x0A, 0x0B, 0x09, 0x0D, 0x06, 0x06, 0x06,
	0x0B, 0x01, 0x01, 0x01, 0x02, 0x02, 0x02, 0x02, 0x06, 0x05, 0x07, 0x06,
	0x10, 0x09, 0x0B, 0x01, 0x9C, 0x08, 0x08, 0x05, 0x06, 0x0A, 0x09, 0x0C,
	0x0A, 0x0C, 0x0D, 0x0D, 0x0C, 0x0A, 0x00, 0x00, 0x00, 0x02, 0x00, 0x00,
	0xFF, 0xC0, 0x04, 0x00, 0x03, 0xC0, 0x00, 0x21, 0x00, 0x6D, 0x00, 0x00,
	0x01, 0x32, 0x17, 0x1E, 0x01, 0x17, 0x16, 0x15, 0x14, 0x07, 0x06, 0x07,
	0x06, 0x07, 0x06, 0x07, 0x06, 0x23, 0x22, 0x27, 0x2E, 0x01, 0x27, 0x26,
	0x35, 0x34, 0x37, 0x36, 0x37, 0x36, 0x37, 0x36, 0x37, 0x36, 0x13, 0x15,
	0x36, 0x37, 0x36, 0x37, 0x27, 0x2E, 0x01, 0x3D, 0x01, 0x34, 0x27, 0x26,
	0x27, 0x26, 0x2B, 0x01, 0x22, 0x26, 0x27, 0x26, 0x3D, 0x01, 0x34, 0x37,
	0x36, 0x37, 0x3E, 0x01, 0x33, 0x32, 0x37, 0x36, 0x37, 0x36, 0x3D, 0x01,
	0x34, 0x36, 0x37, 0x36, 0x37, 0x36, 0x3B, 0x01, 0x32, 0x36, 0x37, 0x26,
	0x27, 0x26, 0x23, 0x22, 0x07, 0x06, 0x07, 0x06, 0x07, 0x06, 0x07, 0x06,
	0x07, 0x17, 0x16, 0x17, 0x16, 0x3B, 0x01, 0x32, 0x17, 0x16, 0x17, 0x16,
	0x17, 0x16, 0x02, 0x00, 0x68, 0x5F, 0x5C, 0x8E, 0x27, 0x28, 0x27, 0x27,
	0x47, 0x48, 0x5F, 0x2F, 0x32, 0x31, 0x32, 0x65, 0x5D, 0x5F, 0x92, 0x27,
	0x26, 0x0A, 0x09, 0x14, 0x27, 0x49, 0x47, 0x5D, 0x5E, 0x7C, 0x4A, 0x43,
	0x43, 0x33, 0x24, 0x09, 0x0A, 0x09, 0x09, 0x0F, 0x10, 0x12, 0xB1, 0x12,
	0x1E, 0x09, 0x09, 0x05, 0x05, 0x09, 0x0A, 0x18, 0x0D, 0x12, 0x10, 0x0F,
	0x08, 0x0A, 0x0A, 0x09, 0x09, 0x0C, 0x0D, 0x0D, 0x3D, 0x0B, 0x14, 0x08,
	0x30, 0x37, 0x36, 0x39, 0x2C, 0x2B, 0x2C, 0x28, 0x3E, 0x2F, 0x2E, 0x1A,
	0x1B, 0x04, 0x82, 0x13, 0x19, 0x18, 0x1B, 0x01, 0x24, 0x21, 0x20, 0x19,
	0x19, 0x0D, 0x0E, 0x03, 0xC0, 0x28, 0x27, 0x8E, 0x5C, 0x5F, 0x68, 0x67,
	0x5E, 0x5D, 0x47, 0x49, 0x27, 0x14, 0x09, 0x0A, 0x26, 0x27, 0x92, 0x5F,
	0x5D, 0x65, 0x32, 0x31, 0x32, 0x2F, 0x5F, 0x48, 0x47, 0x27, 0x27, 0xFC,
	0xB8, 0x37, 0x04, 0x1F, 0x20, 0x36, 0x23, 0x0A, 0x18, 0x0D, 0x41, 0x12,
	0x10, 0x0F, 0x08, 0x09, 0x12, 0x0F, 0x10, 0x12, 0x2C, 0x0D, 0x0D, 0x0C,
	0x09, 0x0A, 0x0A, 0x09, 0x08, 0x0F, 0x10, 0x12, 0x2C, 0x0E, 0x18, 0x09,
	0x0A, 0x05, 0x05, 0x06, 0x07, 0x20, 0x11, 0x10, 0x0A, 0x0A, 0x14, 0x1F,
	0x32, 0x31, 0x3E, 0x3F, 0x45, 0x82, 0x13, 0x0A, 0x0A, 0x0E, 0x0E, 0x19,
	0x18, 0x21, 0x21, 0x00, 0x00, 0x02, 0x00, 0x00, 0xFF, 0xC0, 0x04, 0x00,
	0x03, 0xC0, 0x00, 0x57, 0x00, 0x74, 0x00, 0x00, 0x01, 0x16, 0x17, 0x16,
	0x15, 0x11, 0x1C, 0x01, 0x07, 0x0E, 0x01, 0x07, 0x06, 0x27, 0x26, 0x27,
	0x26, 0x27, 0x26, 0x27, 0x26, 0x37, 0x3E, 0x01, 0x37, 0x36, 0x37, 0x36,
	0x17, 0x35, 0x34, 0x27, 0x26, 0x27, 0x2E, 0x01, 0x07, 0x05, 0x0E, 0x01,
	0x07, 0x06, 0x15, 0x11, 0x14, 0x06, 0x07, 0x06, 0x07, 0x06, 0x07, 0x06,
	0x23, 0x22, 0x27, 0x2E, 0x01, 0x27, 0x26, 0x35, 0x34, 0x37, 0x36, 0x37,
	0x36, 0x37, 0x3E, 0x01, 0x33, 0x32, 0x17, 0x16, 0x17, 0x11, 0x34, 0x37,
	0x36, 0x37, 0x36, 0x37, 0x25, 0x36, 0x37, 0x36, 0x33, 0x32, 0x17, 0x16,
	0x07, 0x36, 0x33, 0x32, 0x17, 0x35, 0x34, 0x26, 0x27, 0x26, 0x27, 0x26,
	0x23, 0x22, 0x23, 0x06, 0x23, 0x05, 0x06, 0x07, 0x06, 0x07, 0x06, 0x1D,
	0x01, 0x36, 0x37, 0x36, 0x37, 0x03, 0xBB, 0x21, 0x12, 0x12, 0x0F, 0x0E,
	0x34, 0x22, 0x22, 0x24, 0x23, 0x1F, 0x20, 0x16, 0x16, 0x09, 0x08, 0x06,
	0x05, 0x28, 0x1E, 0x1E, 0x23, 0x23, 0x23, 0x02, 0x02, 0x04, 0x03, 0x0A,
	0x04, 0xFE, 0x23, 0x0F, 0x18, 0x07, 0x07, 0x1A, 0x17, 0x18, 0x20, 0x10,
	0x10, 0x11, 0x10, 0x22, 0x1F, 0x20, 0x30, 0x0D, 0x0D, 0x03, 0x03, 0x07,
	0x0D, 0x18, 0x18, 0x3E, 0x23, 0x0A, 0x0B, 0x0B, 0x0A, 0x19, 0x19, 0x2B,
	0x2C, 0x37, 0x01, 0x88, 0x09, 0x08, 0x09, 0x09, 0x21, 0x20, 0x20, 0x52,
	0x0C, 0x0D, 0x0C, 0x0C, 0x0C, 0x0B, 0x09, 0x0A, 0x0B, 0x0B, 0x03, 0x03,
	0x03, 0x03, 0xFE, 0x78, 0x19, 0x14, 0x13, 0x0B, 0x0C, 0x07, 0x07, 0x08,
	0x07, 0x03, 0x94, 0x1C, 0x26, 0x27, 0x2B, 0xFD, 0xEB, 0x01, 0x24, 0x20,
	0x21, 0x30, 0x0C, 0x0B, 0x03, 0x03, 0x10, 0x11, 0x1D, 0x1C, 0x23, 0x22,
	0x23, 0x24, 0x3C, 0x13, 0x14, 0x05, 0x06, 0x09, 0xB4, 0x05, 0x05, 0x04,
	0x03, 0x03, 0x02, 0x01, 0x59, 0x03, 0x12, 0x0D, 0x0E, 0x0F, 0xFE, 0xAB,
	0x23, 0x3E, 0x18, 0x18, 0x0D, 0x07, 0x03, 0x03, 0x0D, 0x0D, 0x30, 0x20,
	0x1F, 0x22, 0x10, 0x11, 0x10, 0x10, 0x20, 0x18, 0x17, 0x1A, 0x01, 0x02,
	0x03, 0x01, 0x7E, 0x37, 0x32, 0x30, 0x21, 0x22, 0x0A, 0x4A, 0x01, 0x01,
	0x01, 0x0B, 0x0C, 0xD3, 0x02, 0x02, 0x2A, 0x0E, 0x1A, 0x09, 0x07, 0x04,
	0x04, 0x01, 0x4A, 0x04, 0x10, 0x0F, 0x16, 0x16, 0x19, 0x18, 0x02, 0x02,
	0x02, 0x02, 0x00, 0x00, 0x00, 0x02, 0x00, 0x80, 0xFF, 0xC0, 0x03, 0x80,
	0x03, 0xC0, 0x00, 0x37, 0x00, 0x58, 0x00, 0x00, 0x05, 0x22, 0x27, 0x26,
	0x27, 0x26, 0x27, 0x26, 0x27, 0x26, 0x35, 0x34, 0x37, 0x36, 0x37, 0x36,
	0x37, 0x36, 0x37, 0x36, 0x33, 0x32, 0x17, 0x16, 0x17, 0x1E, 0x01, 0x17,
	0x16, 0x17, 0x14, 0x15, 0x14, 0x07, 0x06, 0x07, 0x06, 0x07, 0x06, 0x14,
	0x16, 0x17, 0x16, 0x17, 0x16, 0x15, 0x14, 0x15, 0x06, 0x07, 0x0E, 0x01,
	0x07, 0x06, 0x07, 0x06, 0x03, 0x22, 0x07, 0x06, 0x07, 0x06, 0x07, 0x06,
	0x07, 0x06, 0x15, 0x14, 0x17, 0x16, 0x17, 0x16, 0x17, 0x16, 0x33, 0x32,
	0x37, 0x36, 0x37, 0x26, 0x27, 0x26, 0x34, 0x37, 0x36, 0x37, 0x26, 0x27,
	0x26, 0x02, 0x80, 0x65, 0x5E, 0x5C, 0x47, 0x48, 0x28, 0x15, 0x0B, 0x0A,
	0x23, 0x24, 0x43, 0x31, 0x3D, 0x3C, 0x43, 0x43, 0x46, 0x2C, 0x2B, 0x2C,
	0x2A, 0x20, 0x2C, 0x05, 0x01, 0x01, 0x0D, 0x0C, 0x17, 0x51, 0x29, 0x29,
	0x52, 0x51, 0x17, 0x0C, 0x0D, 0x01, 0x01, 0x05, 0x2C, 0x20, 0x2A, 0x2B,
	0x2C, 0x2C, 0x4C, 0x46, 0x44, 0x36, 0x36, 0x1E, 0x10, 0x08, 0x08, 0x19,
	0x1B, 0x31, 0x37, 0x4B, 0x49, 0x50, 0x1F, 0x20, 0x1F, 0x1F, 0x67, 0x35,
	0x34, 0x34, 0x35, 0x67, 0x1E, 0x20, 0x1F, 0x40, 0x26, 0x26, 0x45, 0x47,
	0x5C, 0x31, 0x34, 0x33, 0x34, 0x61, 0x5A, 0x5B, 0x48, 0x34, 0x25, 0x24,
	0x12, 0x13, 0x07, 0x08, 0x0F, 0x0C, 0x34, 0x22, 0x05, 0x05, 0x05, 0x05,
	0x1D, 0x1A, 0x1A, 0x11, 0x3F, 0x44, 0x42, 0x8A, 0x86, 0x3F, 0x11, 0x1A,
	0x1A, 0x1D, 0x05, 0x05, 0x05, 0x05, 0x22, 0x34, 0x0C, 0x0F, 0x07, 0x08,
	0x03, 0x80, 0x1D, 0x1C, 0x33, 0x35, 0x45, 0x25, 0x27, 0x26, 0x28, 0x48,
	0x42, 0x45, 0x35, 0x3C, 0x20, 0x20, 0x05, 0x05, 0x0B, 0x50, 0x5E, 0x5C,
	0xC2, 0x5C, 0x5E, 0x50, 0x0A, 0x05, 0x06, 0x00, 0x00, 0x06, 0x00, 0x2B,
	0xFF, 0xC0, 0x03, 0xD6, 0x03, 0xC0, 0x00, 0x29, 0x00, 0x4F, 0x00, 0x87,
	0x00, 0xBA, 0x00, 0xE8, 0x01, 0x1B, 0x00, 0x00, 0x25, 0x22, 0x26, 0x27,
	0x26, 0x27, 0x34, 0x35, 0x34, 0x37, 0x36, 0x37, 0x36, 0x37, 0x36, 0x37,
	0x36, 0x35, 0x34, 0x37, 0x36, 0x37, 0x36, 0x33, 0x32, 0x17, 0x1E, 0x01,
	0x17, 0x16, 0x15, 0x14, 0x07, 0x06, 0x07, 0x06, 0x07, 0x06, 0x07, 0x06,
	0x07, 0x06, 0x17, 0x0E, 0x01, 0x23, 0x22, 0x27, 0x26, 0x27, 0x2E, 0x01,
	0x35, 0x34, 0x37, 0x36, 0x37, 0x36, 0x37, 0x36, 0x37, 0x36, 0x37, 0x36,
	0x33, 0x32, 0x17, 0x16, 0x17, 0x16, 0x17, 0x16, 0x15, 0x14, 0x07, 0x06,
	0x07, 0x06, 0x07, 0x06, 0x13, 0x06, 0x07, 0x06, 0x07, 0x06, 0x2B, 0x01,
	0x26, 0x27, 0x26, 0x27, 0x2E, 0x01, 0x37, 0x36, 0x37, 0x34, 0x35, 0x34,
	0x27, 0x26, 0x27, 0x26, 0x27, 0x26, 0x07, 0x06, 0x26, 0x27, 0x26, 0x27,
	0x26, 0x35, 0x34, 0x35, 0x36, 0x35, 0x36, 0x37, 0x36, 0x37, 0x36, 0x37,
	0x36, 0x33, 0x32, 0x16, 0x17, 0x1E, 0x02, 0x15, 0x14, 0x15, 0x06, 0x01,
	0x2A, 0x01, 0x23, 0x22, 0x26, 0x27, 0x26, 0x27, 0x3C, 0x01, 0x35, 0x34,
	0x37, 0x36, 0x37, 0x36, 0x37, 0x36, 0x37, 0x36, 0x37, 0x3E, 0x01, 0x37,
	0x36, 0x35, 0x34, 0x37, 0x36, 0x37, 0x36, 0x33, 0x32, 0x17, 0x1E, 0x01,
	0x17, 0x16, 0x15, 0x14, 0x07, 0x06, 0x07, 0x06, 0x07, 0x06, 0x07, 0x06,
	0x07, 0x06, 0x05, 0x0E, 0x01, 0x23, 0x22, 0x27, 0x26, 0x27, 0x2E, 0x01,
	0x35, 0x34, 0x37, 0x36, 0x37, 0x36, 0x37, 0x36, 0x27, 0x34, 0x27, 0x26,
	0x27, 0x26, 0x37, 0x36, 0x37, 0x36, 0x37, 0x3E, 0x01, 0x33, 0x32, 0x17,
	0x16, 0x17, 0x16, 0x17, 0x16, 0x15, 0x16, 0x15, 0x14, 0x15, 0x14, 0x06,
	0x01, 0x14, 0x07, 0x06, 0x07, 0x06, 0x23, 0x22, 0x27, 0x26, 0x27, 0x26,
	0x3D, 0x01, 0x34, 0x37, 0x36, 0x37, 0x36, 0x37, 0x36, 0x37, 0x36, 0x33,
	0x32, 0x17, 0x16, 0x17, 0x16, 0x17, 0x16, 0x15, 0x14, 0x07, 0x06, 0x07,
	0x0E, 0x02, 0x27, 0x26, 0x27, 0x26, 0x07, 0x06, 0x07, 0x06, 0x07, 0x0E,
	0x01, 0x15, 0x01, 0x6B, 0x15, 0x22, 0x06, 0x02, 0x01, 0x07, 0x07, 0x0C,
	0x32, 0x1D, 0x19, 0x0B, 0x08, 0x09, 0x08, 0x0F, 0x0F, 0x11, 0x0D, 0x0C,
	0x0B, 0x12, 0x05, 0x05, 0x03, 0x05, 0x0F, 0x12, 0x22, 0x28, 0x3D, 0x08,
	0x0A, 0x09, 0xF7, 0x09, 0x1A, 0x0D, 0x0B, 0x0A, 0x0B, 0x09, 0x0B, 0x0C,
	0x03, 0x03, 0x07, 0x14, 0x11, 0x10, 0x0D, 0x07, 0x11, 0x10, 0x13, 0x06,
	0x06, 0x07, 0x06, 0x12, 0x0A, 0x0B, 0x02, 0x01, 0x02, 0x11, 0x15, 0x15,
	0x77, 0x01, 0x09, 0x08, 0x0E, 0x0F, 0x11, 0x04, 0x0C, 0x0C, 0x0B, 0x09,
	0x08, 0x08, 0x01, 0x01, 0x01, 0x0E, 0x0F, 0x19, 0x1A, 0x1E, 0x1F, 0x1E,
	0x10, 0x22, 0x0D, 0x0B, 0x06, 0x06, 0x01, 0x03, 0x0C, 0x0B, 0x11, 0x14,
	0x16, 0x15, 0x16, 0x27, 0x4C, 0x21, 0x22, 0x30, 0x1A, 0x01, 0xFD, 0xC9,
	0x02, 0x04, 0x02, 0x11, 0x1C, 0x09, 0x09, 0x01, 0x07, 0x08, 0x0C, 0x0D,
	0x10, 0x08, 0x07, 0x08, 0x06, 0x12, 0x12, 0x04, 0x03, 0x09, 0x08, 0x0F,
	0x0F, 0x11, 0x0D, 0x0C, 0x0B, 0x12, 0x05, 0x05, 0x02, 0x03, 0x09, 0x0A,
	0x15, 0x17, 0x25, 0x12, 0x14, 0x14, 0x02, 0x97, 0x08, 0x20, 0x12, 0x07,
	0x07, 0x06, 0x07, 0x11, 0x14, 0x01, 0x02, 0x03, 0x2E, 0x16, 0x15, 0x04,
	0x06, 0x06, 0x0C, 0x06, 0x03, 0x02, 0x0A, 0x0B, 0x10, 0x06, 0x0C, 0x06,
	0x13, 0x10, 0x11, 0x07, 0x11, 0x08, 0x08, 0x01, 0x32, 0xFD, 0x07, 0x09,
	0x09, 0x0E, 0x0F, 0x11, 0x12, 0x0F, 0x0E, 0x09, 0x08, 0x1B, 0x1C, 0x33,
	0x34, 0x46, 0x37, 0x3E, 0x3D, 0x3F, 0x3A, 0x38, 0x39, 0x33, 0x10, 0x09,
	0x08, 0x02, 0x02, 0x04, 0x08, 0x1C, 0x22, 0x0F, 0x35, 0x3B, 0x3A, 0x3A,
	0x3A, 0x33, 0x33, 0x26, 0x25, 0x28, 0x03, 0x18, 0x14, 0x05, 0x05, 0x05,
	0x05, 0x0F, 0x0E, 0x0D, 0x0A, 0x24, 0x3C, 0x34, 0x47, 0x37, 0x4D, 0x11,
	0x0F, 0x0E, 0x09, 0x08, 0x05, 0x05, 0x12, 0x0B, 0x0C, 0x0D, 0x39, 0x26,
	0x42, 0x38, 0x47, 0x38, 0x42, 0x2C, 0x06, 0x03, 0x03, 0x2B, 0x0A, 0x0C,
	0x04, 0x04, 0x07, 0x09, 0x1A, 0x0E, 0x0B, 0x09, 0x0A, 0x09, 0x19, 0x1C,
	0x1C, 0x1E, 0x13, 0x0A, 0x0A, 0x01, 0x01, 0x03, 0x07, 0x11, 0x10, 0x13,
	0x06, 0x06, 0x07, 0x06, 0x26, 0x24, 0x23, 0x01, 0x83, 0x11, 0x0E, 0x0D,
	0x08, 0x08, 0x01, 0x05, 0x06, 0x0A, 0x09, 0x18, 0x0D, 0x1A, 0x1E, 0x11,
	0x1E, 0x1F, 0x1C, 0x1B, 0x12, 0x12, 0x05, 0x04, 0x0B, 0x06, 0x06, 0x0C,
	0x09, 0x0D, 0x0C, 0x0E, 0x03, 0x03, 0x03, 0x03, 0x11, 0x0E, 0x0D, 0x05,
	0x07, 0x04, 0x04, 0x18, 0x17, 0x18, 0x42, 0x4E, 0x29, 0x1F, 0x13, 0x20,
	0xFE, 0xFE, 0x10, 0x0D, 0x0E, 0x11, 0x01, 0x02, 0x01, 0x10, 0x0D, 0x0E,
	0x09, 0x09, 0x02, 0x01, 0x02, 0x03, 0x03, 0x0B, 0x2E, 0x26, 0x20, 0x38,
	0x11, 0x0F, 0x0E, 0x09, 0x08, 0x05, 0x05, 0x12, 0x0B, 0x0C, 0x0D, 0x33,
	0x1A, 0x2E, 0x23, 0x2C, 0x1F, 0x24, 0x16, 0x0B, 0x07, 0x06, 0xB5, 0x11,
	0x14, 0x01, 0x02, 0x03, 0x08, 0x20, 0x12, 0x07, 0x07, 0x06, 0x07, 0x6E,
	0x75, 0x75, 0x78, 0x20, 0x20, 0x1F, 0x1E, 0x11, 0x11, 0x10, 0x0D, 0x0E,
	0x06, 0x03, 0x02, 0x0B, 0x0B, 0x12, 0x2A, 0x2B, 0x2C, 0x2C, 0x0A, 0x09,
	0x0A, 0x09, 0x7C, 0xF2, 0x01, 0x54, 0x12, 0x0F, 0x0E, 0x09, 0x08, 0x08,
	0x09, 0x0E, 0x0F, 0x12, 0x40, 0x52, 0x4D, 0x4C, 0x3E, 0x3F, 0x2B, 0x20,
	0x11, 0x11, 0x0E, 0x0E, 0x1C, 0x09, 0x0F, 0x0F, 0x11, 0x08, 0x07, 0x08,
	0x07, 0x0F, 0x12, 0x02, 0x08, 0x1D, 0x08, 0x09, 0x0B, 0x0C, 0x1E, 0x1F,
	0x2E, 0x2D, 0x70, 0x3B, 0x00, 0x03, 0x00, 0x00, 0xFF, 0xC0, 0x04, 0x00,
	0x03, 0xC0, 0x00, 0x21, 0x00, 0x6D, 0x00, 0x9A, 0x00, 0x00, 0x01, 0x32,
	0x17, 0x1E, 0x01, 0x17, 0x16, 0x15, 0x14, 0x07, 0x06, 0x07, 0x06, 0x07,
	0x06, 0x07, 0x06, 0x23, 0x22, 0x27, 0x2E, 0x01, 0x27, 0x26, 0x35, 0x34,
	0x37, 0x36, 0x37, 0x36, 0x37, 0x36, 0x37, 0x36, 0x13, 0x36, 0x37, 0x36,
	0x37, 0x36, 0x37, 0x23, 0x22, 0x27, 0x26, 0x27, 0x26, 0x34, 0x37, 0x36,
	0x37, 0x36, 0x3B, 0x01, 0x26, 0x27, 0x26, 0x27, 0x26, 0x27, 0x15, 0x14,
	0x07, 0x06, 0x07, 0x06, 0x22, 0x27, 0x26, 0x27, 0x26, 0x3D, 0x01, 0x06,
	0x07, 0x06, 0x07, 0x06, 0x07, 0x33, 0x32, 0x17, 0x16, 0x17, 0x16, 0x14,
	0x07, 0x06, 0x07, 0x06, 0x2B, 0x01, 0x16, 0x17, 0x16, 0x17, 0x16, 0x17,
	0x35, 0x34, 0x37, 0x36, 0x37, 0x36, 0x32, 0x17, 0x16, 0x17, 0x16, 0x15,
	0x13, 0x14, 0x06, 0x07, 0x06, 0x2B, 0x01, 0x15, 0x14, 0x07, 0x0E, 0x01,
	0x22, 0x26, 0x27, 0x26, 0x3D, 0x01, 0x23, 0x22, 0x27, 0x2E, 0x01, 0x34,
	0x36, 0x37, 0x36, 0x3B, 0x01, 0x35, 0x34, 0x37, 0x3E, 0x01, 0x32, 0x16,
	0x17, 0x16, 0x1D, 0x01, 0x33, 0x32, 0x17, 0x1E, 0x01, 0x02, 0x00, 0x68,
	0x5F, 0x5C, 0x8E, 0x27, 0x28, 0x27, 0x27, 0x47, 0x48, 0x5F, 0x2F, 0x32,
	0x31, 0x32, 0x65, 0x5D, 0x5F, 0x92, 0x27, 0x26, 0x0A, 0x09, 0x14, 0x27,
	0x49, 0x47, 0x5D, 0x5E, 0xA7, 0x50, 0x43, 0x42, 0x2B, 0x2D, 0x0D, 0x3A,
	0x11, 0x0F, 0x0F, 0x08, 0x09, 0x09, 0x08, 0x0F, 0x0F, 0x11, 0x3A, 0x0D,
	0x2D, 0x2B, 0x42, 0x43, 0x50, 0x09, 0x08, 0x0F, 0x0F, 0x22, 0x0F, 0x0F,
	0x08, 0x09, 0x50, 0x43, 0x42, 0x2B, 0x2D, 0x0D, 0x3A, 0x11, 0x0F, 0x0F,
	0x08, 0x09, 0x09, 0x08, 0x0F, 0x0F, 0x11, 0x3A, 0x0D, 0x2D, 0x2B, 0x42,
	0x43, 0x50, 0x09, 0x08, 0x0F, 0x0F, 0x22, 0x0F, 0x0F, 0x08, 0x09, 0x6B,
	0x12, 0x0E, 0x0F, 0x11, 0x2B, 0x09, 0x08, 0x1E, 0x22, 0x1E, 0x08, 0x09,
	0x2B, 0x11, 0x0F, 0x0E, 0x12, 0x12, 0x0E, 0x0F, 0x11, 0x2B, 0x09, 0x08,
	0x1E, 0x22, 0x1E, 0x08, 0x09, 0x2B, 0x11, 0x0F, 0x0E, 0x12, 0x03, 0xC0,
	0x28, 0x27, 0x8E, 0x5C, 0x5F, 0x68, 0x67, 0x5E, 0x5D, 0x47, 0x49, 0x27,
	0x14, 0x09, 0x0A, 0x26, 0x27, 0x92, 0x5F, 0x5D, 0x65, 0x32, 0x31, 0x32,
	0x2F, 0x5F, 0x48, 0x47, 0x27, 0x27, 0xFC, 0x86, 0x0D, 0x2D, 0x2B, 0x42,
	0x43, 0x50, 0x09, 0x08, 0x0F, 0x0F, 0x22, 0x0F, 0x0F, 0x08, 0x09, 0x50,
	0x43, 0x42, 0x2B, 0x2D, 0x0D, 0x3A, 0x11, 0x0F, 0x0F, 0x08, 0x09, 0x09,
	0x08, 0x0F, 0x0F, 0x11, 0x3A, 0x0D, 0x2D, 0x2B, 0x42, 0x43, 0x50, 0x09,
	0x08, 0x0F, 0x0F, 0x22, 0x0F, 0x0F, 0x08, 0x09, 0x50, 0x43, 0x42, 0x2B,
	0x2D, 0x0D, 0x3A, 0x11, 0x0F, 0x0F, 0x08, 0x09, 0x09, 0x08, 0x0F, 0x0F,
	0x11, 0x01, 0x40, 0x11, 0x1E, 0x08, 0x09, 0x2B, 0x11, 0x0F, 0x0E, 0x12,
	0x12, 0x0E, 0x0F, 0x11, 0x2B, 0x09, 0x08, 0x1E, 0x22, 0x1E, 0x08, 0x09,
	0x2B, 0x11, 0x0F, 0x0E, 0x12, 0x12, 0x0E, 0x0F, 0x11, 0x2B, 0x09, 0x08,
	0x1E, 0x00, 0x00, 0x00, 0x00, 0x02, 0x00, 0x00, 0xFF, 0xD8, 0x04, 0x00,
	0x03, 0xB9, 0x00, 0x47, 0x00, 0x94, 0x00, 0x00, 0x05, 0x22, 0x27, 0x26,
	0x27, 0x26, 0x27, 0x26, 0x27, 0x26, 0x3F, 0x01, 0x27, 0x26, 0x27, 0x26,
	0x35, 0x34, 0x36, 0x37, 0x3E, 0x01, 0x37, 0x36, 0x3B, 0x01, 0x37, 0x36,
	0x37, 0x36, 0x37, 0x36, 0x32, 0x17, 0x16, 0x17, 0x16, 0x1F, 0x01, 0x33,
	0x32, 0x17, 0x1E, 0x01, 0x17, 0x1E, 0x01, 0x15, 0x14, 0x07, 0x06, 0x0F,
	0x01, 0x17, 0x16, 0x07, 0x06, 0x07, 0x06, 0x07, 0x0E, 0x01, 0x23, 0x22,
	0x27, 0x26, 0x2F, 0x01, 0x07, 0x06, 0x07, 0x06, 0x03, 0x22, 0x06, 0x07,
	0x14, 0x07, 0x14, 0x15, 0x14, 0x16, 0x1F, 0x01, 0x16, 0x17, 0x16, 0x0F,
	0x01, 0x06, 0x16, 0x17, 0x16, 0x17, 0x16, 0x33, 0x32, 0x37, 0x36, 0x3F,
	0x01, 0x36, 0x32, 0x1F, 0x01, 0x16, 0x17, 0x16, 0x32, 0x37, 0x36, 0x37,
	0x36, 0x37, 0x36, 0x2F, 0x01, 0x26, 0x37, 0x36, 0x3F, 0x01, 0x3E, 0x01,
	0x35, 0x34, 0x35, 0x26, 0x35, 0x2E, 0x01, 0x2B, 0x01, 0x22, 0x27, 0x26,
	0x2F, 0x01, 0x26, 0x27, 0x26, 0x22, 0x07, 0x06, 0x0F, 0x01, 0x0E, 0x01,
	0x23, 0x01, 0x24, 0x18, 0x17, 0x17, 0x14, 0x1B, 0x11, 0x10, 0x04, 0x04,
	0x0B, 0x32, 0x83, 0x1F, 0x10, 0x11, 0x04, 0x04, 0x0A, 0x2C, 0x1E, 0x1E,
	0x21, 0xA1, 0x31, 0x0A, 0x16, 0x16, 0x1D, 0x1F, 0x42, 0x1E, 0x1E, 0x16,
	0x16, 0x0A, 0x31, 0xA1, 0x21, 0x1E, 0x1E, 0x2C, 0x0A, 0x04, 0x04, 0x11,
	0x10, 0x1F, 0x83, 0x32, 0x0A, 0x03, 0x04, 0x10, 0x11, 0x1B, 0x14, 0x2E,
	0x18, 0x19, 0x17, 0x18, 0x14, 0x80, 0x80, 0x14, 0x17, 0x18, 0xA2, 0x09,
	0x0E, 0x03, 0x01, 0x06, 0x05, 0xA9, 0x11, 0x06, 0x06, 0x06, 0x40, 0x03,
	0x06, 0x07, 0x03, 0x04, 0x04, 0x04, 0x05, 0x04, 0x04, 0x03, 0xA6, 0x11,
	0x2A, 0x11, 0xA6, 0x03, 0x05, 0x04, 0x08, 0x04, 0x04, 0x04, 0x07, 0x02,
	0x03, 0x03, 0x40, 0x06, 0x06, 0x07, 0x10, 0xA9, 0x05, 0x06, 0x01, 0x03,
	0x0E, 0x09, 0xD0, 0x15, 0x10, 0x11, 0x07, 0x3E, 0x03, 0x07, 0x07, 0x12,
	0x07, 0x07, 0x02, 0x40, 0x06, 0x22, 0x14, 0x28, 0x08, 0x07, 0x0F, 0x13,
	0x1D, 0x1C, 0x20, 0x21, 0x20, 0x9A, 0x60, 0x16, 0x22, 0x21, 0x24, 0x0C,
	0x18, 0x0C, 0x20, 0x30, 0x0D, 0x0E, 0x98, 0x20, 0x18, 0x19, 0x0D, 0x0E,
	0x0E, 0x0D, 0x19, 0x18, 0x20, 0x98, 0x0E, 0x0D, 0x30, 0x20, 0x0C, 0x18,
	0x0C, 0x24, 0x21, 0x22, 0x16, 0x60, 0x9A, 0x20, 0x21, 0x20, 0x1C, 0x1D,
	0x13, 0x0F, 0x0E, 0x07, 0x08, 0x0F, 0x5E, 0x5E, 0x0F, 0x08, 0x08, 0x02,
	0x5D, 0x0A, 0x09, 0x02, 0x02, 0x02, 0x02, 0x06, 0x0C, 0x03, 0x7C, 0x0C,
	0x14, 0x13, 0x14, 0xC6, 0x09, 0x10, 0x05, 0x03, 0x01, 0x02, 0x02, 0x01,
	0x03, 0x7A, 0x0C, 0x0C, 0x7A, 0x03, 0x01, 0x02, 0x02, 0x01, 0x02, 0x06,
	0x08, 0x08, 0x09, 0xC6, 0x14, 0x13, 0x14, 0x0C, 0x7C, 0x03, 0x0C, 0x06,
	0x02, 0x02, 0x02, 0x02, 0x09, 0x0A, 0x0C, 0x0D, 0x13, 0xC5, 0x08, 0x06,
	0x05, 0x05, 0x06, 0x08, 0xC5, 0x14, 0x18, 0x00, 0x00, 0x03, 0x00, 0x00,
	0xFF, 0xC0, 0x04, 0x00, 0x03, 0xC0, 0x00, 0x2F, 0x00, 0xB8, 0x00, 0xD6,
	0x00, 0x00, 0x01, 0x1E, 0x01, 0x15, 0x1C, 0x01, 0x15, 0x0E, 0x01, 0x07,
	0x06, 0x07, 0x06, 0x23, 0x22, 0x27, 0x26, 0x27, 0x2E, 0x01, 0x35, 0x34,
	0x37, 0x36, 0x37, 0x36, 0x37, 0x36, 0x33, 0x36, 0x33, 0x32, 0x17, 0x16,
	0x17, 0x16, 0x17, 0x16, 0x17, 0x16, 0x06, 0x07, 0x0E, 0x01, 0x17, 0x16,
	0x17, 0x16, 0x25, 0x14, 0x07, 0x06, 0x07, 0x06, 0x2B, 0x01, 0x06, 0x07,
	0x06, 0x07, 0x17, 0x16, 0x17, 0x16, 0x07, 0x0E, 0x01, 0x07, 0x06, 0x27,
	0x26, 0x2F, 0x01, 0x06, 0x07, 0x06, 0x07, 0x15, 0x14, 0x07, 0x06, 0x07,
	0x06, 0x22, 0x27, 0x26, 0x27, 0x26, 0x3D, 0x01, 0x26, 0x27, 0x26, 0x27,
	0x07, 0x06, 0x07, 0x06, 0x27, 0x2E, 0x01, 0x27, 0x26, 0x37, 0x36, 0x3F,
	0x01, 0x26, 0x27, 0x26, 0x27, 0x23, 0x22, 0x27, 0x26, 0x27, 0x26, 0x34,
	0x37, 0x36, 0x37, 0x36, 0x3B, 0x01, 0x36, 0x37, 0x36, 0x37, 0x27, 0x26,
	0x27, 0x26, 0x37, 0x3E, 0x01, 0x37, 0x36, 0x17, 0x16, 0x1F, 0x01, 0x36,
	0x37, 0x36, 0x37, 0x35, 0x34, 0x37, 0x36, 0x37, 0x36, 0x32, 0x17, 0x16,
	0x17, 0x16, 0x1D, 0x01, 0x16, 0x17, 0x16, 0x17, 0x37, 0x36, 0x37, 0x36,
	0x17, 0x1E, 0x01, 0x17, 0x16, 0x07, 0x06, 0x0F, 0x01, 0x16, 0x17, 0x16,
	0x17, 0x33, 0x32, 0x17, 0x16, 0x17, 0x16, 0x05, 0x26, 0x27, 0x26, 0x27,
	0x26, 0x27, 0x26, 0x22, 0x07, 0x06, 0x07, 0x06, 0x07, 0x06, 0x07, 0x16,
	0x17, 0x16, 0x17, 0x16, 0x17, 0x16, 0x32, 0x37, 0x36, 0x37, 0x36, 0x37,
	0x36, 0x02, 0x45, 0x04, 0x04, 0x01, 0x08, 0x06, 0x11, 0x10, 0x0F, 0x0F,
	0x26, 0x21, 0x1E, 0x17, 0x15, 0x18, 0x0F, 0x10, 0x1F, 0x21, 0x30, 0x07,
	0x07, 0x07, 0x07, 0x0B, 0x0B, 0x0B, 0x0B, 0x06, 0x04, 0x05, 0x01, 0x02,
	0x04, 0x04, 0x1B, 0x1C, 0x02, 0x02, 0x11, 0x12, 0x01, 0xD9, 0x09, 0x08,
	0x0F, 0x0F, 0x11, 0x46, 0x07, 0x11, 0x10, 0x19, 0x31, 0x0C, 0x04, 0x04,
	0x04, 0x05, 0x18, 0x10, 0x10, 0x11, 0x10, 0x0C, 0x32, 0x23, 0x28, 0x28,
	0x2B, 0x09, 0x08, 0x0F, 0x0F, 0x22, 0x0F, 0x0F, 0x08, 0x09, 0x2B, 0x28,
	0x28, 0x23, 0x32, 0x0C, 0x10, 0x11, 0x10, 0x10, 0x18, 0x05, 0x04, 0x04,
	0x04, 0x0C, 0x31, 0x19, 0x10, 0x11, 0x07, 0x46, 0x11, 0x0F, 0x0F, 0x08,
	0x09, 0x09, 0x08, 0x0F, 0x0F, 0x11, 0x46, 0x07, 0x11, 0x10, 0x19, 0x31,
	0x0C, 0x04, 0x04, 0x04, 0x05, 0x18, 0x10, 0x10, 0x11, 0x10, 0x0C, 0x32,
	0x23, 0x28, 0x28, 0x2B, 0x09, 0x08, 0x0F, 0x0F, 0x22, 0x0F, 0x0F, 0x08,
	0x09, 0x2B, 0x28, 0x28, 0x23, 0x32, 0x0C, 0x10, 0x11, 0x10, 0x10, 0x18,
	0x05, 0x04, 0x04, 0x04, 0x0C, 0x31, 0x19, 0x10, 0x11, 0x07, 0x46, 0x11,
	0x0F, 0x0F, 0x08, 0x09, 0xFF, 0x00, 0x02, 0x17, 0x15, 0x25, 0x23, 0x2E,
	0x2C, 0x60, 0x2C, 0x2E, 0x23, 0x25, 0x15, 0x17, 0x02, 0x02, 0x17, 0x15,
	0x25, 0x23, 0x2E, 0x2C, 0x60, 0x2C, 0x2E, 0x23, 0x25, 0x15, 0x17, 0x01,
	0x47, 0x03, 0x0A, 0x05, 0x01, 0x02, 0x01, 0x06, 0x0A, 0x02, 0x05, 0x03,
	0x02, 0x0F, 0x0E, 0x1A, 0x19, 0x3E, 0x21, 0x26, 0x20, 0x22, 0x18, 0x1A,
	0x0A, 0x02, 0x01, 0x02, 0x01, 0x02, 0x02, 0x04, 0x05, 0x06, 0x06, 0x0C,
	0x05, 0x18, 0x42, 0x24, 0x25, 0x1F, 0x20, 0x64, 0x11, 0x0F, 0x0F, 0x08,
	0x09, 0x2B, 0x28, 0x28, 0x23, 0x32, 0x0C, 0x10, 0x11, 0x10, 0x10, 0x18,
	0x05, 0x04, 0x04, 0x04, 0x0C, 0x31, 0x19, 0x10, 0x11, 0x07, 0x46, 0x11,
	0x0F, 0x0F, 0x08, 0x09, 0x09, 0x08, 0x0F, 0x0F, 0x11, 0x46, 0x07, 0x11,
	0x10, 0x19, 0x31, 0x0C, 0x04, 0x04, 0x04, 0x05, 0x18, 0x10, 0x10, 0x11,
	0x10, 0x0C, 0x32, 0x23, 0x28, 0x28, 0x2B, 0x09, 0x08, 0x0F, 0x0F, 0x22,
	0x0F, 0x0F, 0x08, 0x09, 0x2B, 0x28, 0x28, 0x23, 0x32, 0x0C, 0x10, 0x11,
	0x10, 0x10, 0x18, 0x05, 0x04, 0x04, 0x04, 0x0C, 0x31, 0x19, 0x10, 0x11,
	0x07, 0x46, 0x11, 0x0F, 0x0F, 0x08, 0x09, 0x09, 0x08, 0x0F, 0x0F, 0x11,
	0x46, 0x07, 0x11, 0x10, 0x19, 0x31, 0x0C, 0x04, 0x04, 0x04, 0x05, 0x18,
	0x10, 0x10, 0x11, 0x10, 0x0C, 0x32, 0x23, 0x28, 0x28, 0x2B, 0x09, 0x08,
	0x0F, 0x0F, 0x11, 0x3D, 0x32, 0x2E, 0x21, 0x1F, 0x11, 0x10, 0x10, 0x11,
	0x1F, 0x21, 0x2E, 0x32, 0x3D, 0x3D, 0x32, 0x2E, 0x21, 0x1F, 0x11, 0x10,
	0x10, 0x11, 0x1F, 0x21, 0x2E, 0x32, 0x00, 0x00, 0x00, 0x05, 0xFF, 0xFF,
	0xFF, 0xC0, 0x04, 0x00, 0x03, 0xC0, 0x00, 0x07, 0x00, 0x21, 0x00, 0x3C,
	0x00, 0x67, 0x00, 0x8A, 0x00, 0x00, 0x01, 0x3F, 0x01, 0x1F, 0x01, 0x0F,
	0x01, 0x27, 0x13, 0x32, 0x17, 0x16, 0x17, 0x16, 0x15, 0x14, 0x06, 0x07,
	0x06, 0x07, 0x06, 0x23, 0x22, 0x27, 0x2E, 0x02, 0x35, 0x34, 0x36, 0x37,
	0x36, 0x37, 0x36, 0x27, 0x32, 0x17, 0x1E, 0x01, 0x15, 0x14, 0x07, 0x06,
	0x07, 0x0E, 0x01, 0x23, 0x22, 0x27, 0x26, 0x27, 0x26, 0x27, 0x26, 0x35,
	0x34, 0x37, 0x36, 0x37, 0x3E, 0x01, 0x13, 0x06, 0x07, 0x06, 0x23, 0x22,
	0x27, 0x26, 0x27, 0x26, 0x27, 0x26, 0x27, 0x26, 0x35, 0x34, 0x37, 0x36,
	0x37, 0x36, 0x37, 0x3E, 0x01, 0x33, 0x32, 0x17, 0x16, 0x1F, 0x01, 0x07,
	0x06, 0x07, 0x06, 0x07, 0x06, 0x15, 0x14, 0x17, 0x16, 0x17, 0x16, 0x1F,
	0x01, 0x01, 0x26, 0x27, 0x26, 0x23, 0x2A, 0x01, 0x07, 0x06, 0x07, 0x06,
	0x07, 0x06, 0x14, 0x17, 0x16, 0x17, 0x16, 0x17, 0x16, 0x33, 0x32, 0x36,
	0x37, 0x26, 0x27, 0x26, 0x27, 0x26, 0x27, 0x36, 0x37, 0x36, 0x37, 0x36,
	0x02, 0xD4, 0x63, 0x32, 0x32, 0x64, 0x64, 0x32, 0x32, 0x89, 0x11, 0x0F,
	0x0F, 0x08, 0x09, 0x16, 0x12, 0x05, 0x07, 0x06, 0x06, 0x0D, 0x0B, 0x0C,
	0x12, 0x0A, 0x02, 0x03, 0x07, 0x10, 0x11, 0xC2, 0x11, 0x0F, 0x0E, 0x12,
	0x0B, 0x0B, 0x12, 0x06, 0x0C, 0x06, 0x0D, 0x0C, 0x0B, 0x0A, 0x09, 0x05,
	0x04, 0x01, 0x01, 0x03, 0x07, 0x20, 0x49, 0x41, 0x4B, 0x49, 0x4C, 0x45,
	0x42, 0x44, 0x3B, 0x3E, 0x31, 0x44, 0x24, 0x23, 0x1B, 0x1B, 0x35, 0x32,
	0x42, 0x40, 0x94, 0x4D, 0x40, 0x3E, 0x40, 0x3A, 0x64, 0x63, 0x34, 0x2B,
	0x32, 0x1C, 0x20, 0x23, 0x1F, 0x38, 0x34, 0x3D, 0x68, 0xFE, 0xD6, 0x15,
	0x14, 0x15, 0x15, 0x01, 0x4E, 0x47, 0x45, 0x36, 0x35, 0x1D, 0x1E, 0x1E,
	0x1D, 0x35, 0x36, 0x45, 0x47, 0x4E, 0x1F, 0x3C, 0x1D, 0x3E, 0x2E, 0x2D,
	0x19, 0x19, 0x02, 0x01, 0x15, 0x14, 0x25, 0x26, 0x02, 0x54, 0x32, 0x63,
	0x63, 0x32, 0x32, 0x63, 0x63, 0xFE, 0xF3, 0x08, 0x09, 0x0E, 0x0F, 0x12,
	0x13, 0x20, 0x08, 0x02, 0x01, 0x02, 0x05, 0x05, 0x12, 0x18, 0x0C, 0x07,
	0x0C, 0x06, 0x12, 0x0B, 0x0A, 0xAB, 0x09, 0x08, 0x1E, 0x11, 0x13, 0x11,
	0x10, 0x07, 0x03, 0x02, 0x05, 0x05, 0x09, 0x09, 0x0C, 0x0B, 0x0D, 0x06,
	0x06, 0x07, 0x05, 0x12, 0x16, 0xFE, 0x5A, 0x2D, 0x17, 0x16, 0x12, 0x13,
	0x23, 0x25, 0x34, 0x48, 0x5D, 0x5A, 0x60, 0x54, 0x50, 0x52, 0x44, 0x40,
	0x2D, 0x2B, 0x2E, 0x10, 0x10, 0x20, 0x37, 0x39, 0x1D, 0x2C, 0x32, 0x39,
	0x42, 0x45, 0x4A, 0x45, 0x3F, 0x33, 0x2F, 0x1C, 0x2F, 0x02, 0xDD, 0x04,
	0x03, 0x02, 0x1E, 0x1D, 0x35, 0x36, 0x45, 0x47, 0x9C, 0x47, 0x45, 0x36,
	0x35, 0x1D, 0x1E, 0x0A, 0x0A, 0x2C, 0x3D, 0x3D, 0x47, 0x48, 0x4C, 0x44,
	0x41, 0x40, 0x38, 0x39, 0x00, 0x04, 0x00, 0x01, 0xFF, 0xC0, 0x04, 0x00,
	0x03, 0xC0, 0x00, 0x3B, 0x00, 0x63, 0x00, 0x7B, 0x00, 0x8D, 0x00, 0x00,
	0x05, 0x22, 0x27, 0x26, 0x27, 0x26, 0x27, 0x2E, 0x01, 0x35, 0x34, 0x35,
	0x36, 0x37, 0x36, 0x37, 0x36, 0x37, 0x36, 0x37, 0x36, 0x37, 0x36, 0x37,
	0x36, 0x33, 0x32, 0x17, 0x16, 0x17, 0x16, 0x17, 0x16, 0x17, 0x16, 0x06,
	0x07, 0x06, 0x07, 0x06, 0x17, 0x16, 0x17, 0x16, 0x17, 0x1E, 0x01, 0x15,
	0x14, 0x07, 0x14, 0x07, 0x06, 0x07, 0x06, 0x07, 0x06, 0x07, 0x06, 0x23,
	0x01, 0x22, 0x27, 0x26, 0x2F, 0x02, 0x2E, 0x01, 0x35, 0x34, 0x36, 0x37,
	0x36, 0x3F, 0x02, 0x36, 0x37, 0x36, 0x33, 0x32, 0x17, 0x16, 0x1F, 0x02,
	0x16, 0x17, 0x16, 0x15, 0x14, 0x07, 0x06, 0x0F, 0x02, 0x06, 0x07, 0x06,
	0x17, 0x32, 0x17, 0x16, 0x17, 0x16, 0x15, 0x14, 0x07, 0x06, 0x07, 0x06,
	0x23, 0x22, 0x27, 0x26, 0x27, 0x26, 0x35, 0x34, 0x37, 0x36, 0x37, 0x36,
	0x27, 0x32, 0x16, 0x17, 0x16, 0x14, 0x07, 0x0E, 0x01, 0x23, 0x22, 0x26,
	0x27, 0x26, 0x34, 0x37, 0x3E, 0x01, 0x02, 0x00, 0x48, 0x45, 0x45, 0x3C,
	0x3D, 0x30, 0x40, 0x44, 0x01, 0x01, 0x0A, 0x24, 0x24, 0x39, 0x39, 0x49,
	0x4B, 0x54, 0x15, 0x15, 0x16, 0x15, 0x21, 0x20, 0x21, 0x20, 0x1C, 0x14,
	0x15, 0x07, 0x08, 0x10, 0x16, 0x47, 0x23, 0x22, 0x05, 0x05, 0x2B, 0x2C,
	0x4E, 0x13, 0x16, 0x01, 0x01, 0x04, 0x13, 0x13, 0x1B, 0x2C, 0x2F, 0x2E,
	0x2F, 0x01, 0x6A, 0x0F, 0x0C, 0x0B, 0x04, 0x0F, 0x3D, 0x0E, 0x12, 0x01,
	0x09, 0x09, 0x0E, 0x3C, 0x0F, 0x04, 0x0B, 0x0C, 0x0E, 0x0F, 0x0C, 0x0B,
	0x04, 0x0F, 0x3D, 0x0E, 0x09, 0x09, 0x09, 0x09, 0x0E, 0x3D, 0x0F, 0x04,
	0x0B, 0x0C, 0x5C, 0x0C, 0x0A, 0x0A, 0x05, 0x06, 0x06, 0x05, 0x0A, 0x0A,
	0x0C, 0x0B, 0x0A, 0x0A, 0x06, 0x05, 0x05, 0x06, 0x0A, 0x0A, 0xF5, 0x0C,
	0x14, 0x05, 0x06, 0x06, 0x05, 0x14, 0x0C, 0x0B, 0x14, 0x06, 0x05, 0x05,
	0x06, 0x14, 0x40, 0x15, 0x14, 0x26, 0x26, 0x36, 0x47, 0xB2, 0x5F, 0x0D,
	0x0D, 0x0D, 0x0C, 0x55, 0x4D, 0x4B, 0x3C, 0x3D, 0x27, 0x28, 0x0F, 0x03,
	0x01, 0x02, 0x04, 0x04, 0x07, 0x08, 0x14, 0x15, 0x1C, 0x1C, 0x38, 0x14,
	0x41, 0x53, 0x50, 0x55, 0x56, 0x4D, 0x4F, 0x3B, 0x10, 0x2C, 0x18, 0x05,
	0x04, 0x04, 0x04, 0x1D, 0x17, 0x16, 0x0A, 0x0E, 0x08, 0x07, 0x02, 0x00,
	0x09, 0x09, 0x0E, 0x3D, 0x11, 0x04, 0x16, 0x0F, 0x01, 0x0E, 0x0C, 0x0B,
	0x04, 0x0D, 0x3C, 0x0F, 0x09, 0x09, 0x09, 0x09, 0x0F, 0x3C, 0x0F, 0x04,
	0x0B, 0x0C, 0x0F, 0x0E, 0x0C, 0x0B, 0x04, 0x0F, 0x3D, 0x0E, 0x09, 0x09,
	0xD6, 0x06, 0x05, 0x0A, 0x0A, 0x0C, 0x0B, 0x0A, 0x0A, 0x05, 0x06, 0x06,
	0x05, 0x0A, 0x0A, 0x0B, 0x0C, 0x0A, 0x0A, 0x05, 0x06, 0xAB, 0x0C, 0x09,
	0x0A, 0x18, 0x0A, 0x09, 0x0C, 0x0C, 0x09, 0x0A, 0x18, 0x0A, 0x09, 0x0C,
	0x00, 0x03, 0x00, 0x28, 0xFF, 0xC0, 0x03, 0xD8, 0x03, 0xBF, 0x00, 0x14,
	0x00, 0x55, 0x00, 0xC5, 0x00, 0x00, 0x01, 0x34, 0x37, 0x36, 0x37, 0x36,
	0x32, 0x17, 0x16, 0x17, 0x16, 0x14, 0x07, 0x06, 0x07, 0x06, 0x22, 0x27,
	0x26, 0x27, 0x26, 0x01, 0x06, 0x07, 0x0E, 0x01, 0x22, 0x26, 0x27, 0x26,
	0x27, 0x06, 0x27, 0x26, 0x27, 0x26, 0x27, 0x26, 0x35, 0x34, 0x37, 0x36,
	0x37, 0x26, 0x27, 0x26, 0x37, 0x36, 0x37, 0x36, 0x37, 0x3E, 0x01, 0x17,
	0x36, 0x37, 0x36, 0x37, 0x36, 0x32, 0x17, 0x16, 0x17, 0x16, 0x17, 0x36,
	0x16, 0x17, 0x1E, 0x01, 0x17, 0x16, 0x07, 0x06, 0x07, 0x16, 0x17, 0x16,
	0x15, 0x14, 0x07, 0x06, 0x07, 0x06, 0x07, 0x06, 0x01, 0x06, 0x07, 0x06,
	0x14, 0x17, 0x16, 0x17, 0x16, 0x17, 0x16, 0x37, 0x36, 0x33, 0x32, 0x17,
	0x16, 0x17, 0x16, 0x15, 0x14, 0x17, 0x16, 0x17, 0x16, 0x32, 0x37, 0x36,
	0x37, 0x36, 0x35, 0x34, 0x37, 0x36, 0x37, 0x36, 0x33, 0x32, 0x17, 0x16,
	0x37, 0x36, 0x37, 0x36, 0x37, 0x36, 0x34, 0x27, 0x26, 0x27, 0x26, 0x27,
	0x26, 0x34, 0x37, 0x36, 0x37, 0x36, 0x37, 0x36, 0x34, 0x27, 0x26, 0x27,
	0x26, 0x27, 0x26, 0x07, 0x06, 0x23, 0x22, 0x27, 0x26, 0x27, 0x26, 0x35,
	0x34, 0x27, 0x26, 0x27, 0x26, 0x22, 0x07, 0x06, 0x07, 0x06, 0x15, 0x14,
	0x07, 0x06, 0x07, 0x06, 0x23, 0x22, 0x27, 0x26, 0x07, 0x06, 0x07, 0x06,
	0x07, 0x06, 0x14, 0x17, 0x16, 0x17, 0x16, 0x17, 0x16, 0x14, 0x07, 0x06,
	0x01, 0x80, 0x11, 0x11, 0x1D, 0x1E, 0x46, 0x1E, 0x1D, 0x11, 0x11, 0x11,
	0x11, 0x1D, 0x1E, 0x46, 0x1E, 0x1D, 0x11, 0x11, 0x01, 0x53, 0x10, 0x20,
	0x20, 0x54, 0x5E, 0x54, 0x20, 0x20, 0x10, 0x35, 0x31, 0x2E, 0x24, 0x23,
	0x14, 0x14, 0x0D, 0x0D, 0x19, 0x1C, 0x0D, 0x0C, 0x05, 0x05, 0x17, 0x17,
	0x24, 0x24, 0x58, 0x2E, 0x11, 0x20, 0x20, 0x29, 0x2A, 0x5C, 0x2A, 0x29,
	0x20, 0x20, 0x11, 0x2E, 0x58, 0x24, 0x24, 0x2E, 0x05, 0x05, 0x0C, 0x0D,
	0x1C, 0x19, 0x0D, 0x0D, 0x14, 0x14, 0x23, 0x24, 0x2E, 0x31, 0xFD, 0xD7,
	0x1B, 0x0D, 0x0D, 0x0C, 0x0C, 0x15, 0x15, 0x1A, 0x1C, 0x1B, 0x0F, 0x11,
	0x12, 0x0F, 0x0F, 0x08, 0x09, 0x0D, 0x0D, 0x16, 0x17, 0x36, 0x17, 0x16,
	0x0D, 0x0D, 0x09, 0x08, 0x0F, 0x0F, 0x12, 0x11, 0x0F, 0x1B, 0x1C, 0x19,
	0x16, 0x14, 0x0D, 0x0C, 0x0D, 0x0D, 0x1B, 0x0F, 0x09, 0x09, 0x09, 0x09,
	0x0F, 0x1A, 0x0E, 0x0C, 0x0C, 0x0B, 0x15, 0x15, 0x19, 0x1C, 0x1D, 0x0E,
	0x12, 0x11, 0x0F, 0x0F, 0x08, 0x09, 0x0D, 0x0D, 0x16, 0x17, 0x36, 0x16,
	0x17, 0x0D, 0x0D, 0x09, 0x08, 0x0F, 0x0F, 0x11, 0x12, 0x0E, 0x1D, 0x1C,
	0x19, 0x15, 0x15, 0x0B, 0x0C, 0x0C, 0x0E, 0x1A, 0x0F, 0x09, 0x09, 0x09,
	0x09, 0x01, 0xC0, 0x23, 0x1E, 0x1D, 0x11, 0x11, 0x11, 0x11, 0x1D, 0x1E,
	0x46, 0x1E, 0x1D, 0x11, 0x11, 0x11, 0x11, 0x1D, 0x1E, 0xFE, 0xB5, 0x2B,
	0x22, 0x21, 0x24, 0x24, 0x21, 0x22, 0x2B, 0x07, 0x10, 0x10, 0x22, 0x21,
	0x2C, 0x2D, 0x30, 0x25, 0x22, 0x24, 0x1F, 0x24, 0x2C, 0x2C, 0x2C, 0x2E,
	0x28, 0x29, 0x1C, 0x1B, 0x18, 0x06, 0x2A, 0x21, 0x20, 0x11, 0x12, 0x12,
	0x11, 0x20, 0x21, 0x2A, 0x06, 0x18, 0x1B, 0x1D, 0x50, 0x2E, 0x2C, 0x2C,
	0x2C, 0x24, 0x1F, 0x24, 0x22, 0x25, 0x30, 0x2D, 0x2C, 0x21, 0x22, 0x10,
	0x10, 0x01, 0x3D, 0x10, 0x16, 0x15, 0x30, 0x16, 0x17, 0x0E, 0x0F, 0x03,
	0x03, 0x0D, 0x09, 0x08, 0x09, 0x0F, 0x0F, 0x11, 0x1B, 0x17, 0x16, 0x0D,
	0x0D, 0x0D, 0x0D, 0x16, 0x17, 0x1B, 0x11, 0x0F, 0x0F, 0x09, 0x08, 0x09,
	0x0D, 0x03, 0x03, 0x0F, 0x0E, 0x17, 0x16, 0x30, 0x15, 0x16, 0x10, 0x08,
	0x0F, 0x10, 0x22, 0x10, 0x0F, 0x08, 0x0F, 0x18, 0x15, 0x32, 0x18, 0x17,
	0x0E, 0x0F, 0x02, 0x01, 0x0F, 0x09, 0x09, 0x08, 0x0F, 0x0F, 0x11, 0x1B,
	0x17, 0x16, 0x0D, 0x0D, 0x0D, 0x0D, 0x16, 0x17, 0x1B, 0x11, 0x0F, 0x0F,
	0x09, 0x08, 0x09, 0x0F, 0x01, 0x02, 0x0F, 0x0E, 0x17, 0x18, 0x32, 0x15,
	0x18, 0x0F, 0x08, 0x0F, 0x10, 0x22, 0x10, 0x0F, 0x00, 0x03, 0x00, 0x28,
	0xFF, 0xC0, 0x03, 0xD8, 0x03, 0xBF, 0x00, 0x14, 0x00, 0x55, 0x00, 0xC5,
	0x00, 0x00, 0x01, 0x34, 0x37, 0x36, 0x37, 0x36, 0x32, 0x17, 0x16, 0x17,
	0x16, 0x14, 0x07, 0x06, 0x07, 0x06, 0x22, 0x27, 0x26, 0x27, 0x26, 0x01,
	0x06, 0x07, 0x0E, 0x01, 0x22, 0x26, 0x27, 0x26, 0x27, 0x06, 0x27, 0x26,
	0x27, 0x26, 0x27, 0x26, 0x35, 0x34, 0x37, 0x36, 0x37, 0x26, 0x27, 0x26,
	0x37, 0x36, 0x37, 0x36, 0x37, 0x3E, 0x01, 0x17, 0x36, 0x37, 0x36, 0x37,
	0x36, 0x32, 0x17, 0x16, 0x17, 0x16, 0x17, 0x36, 0x16, 0x17, 0x1E, 0x01,
	0x17, 0x16, 0x07, 0x06, 0x07, 0x16, 0x17, 0x16, 0x15, 0x14, 0x07, 0x06,
	0x07, 0x06, 0x07, 0x06, 0x01, 0x06, 0x07, 0x06, 0x14, 0x17, 0x16, 0x17,
	0x16, 0x17, 0x16, 0x37, 0x36, 0x33, 0x32, 0x17, 0x16, 0x17, 0x16, 0x15,
	0x14, 0x17, 0x16, 0x17, 0x16, 0x32, 0x37, 0x36, 0x37, 0x36, 0x35, 0x34,
	0x37, 0x36, 0x37, 0x36, 0x33, 0x32, 0x17, 0x16, 0x37, 0x36, 0x37, 0x36,
	0x37, 0x36, 0x34, 0x27, 0x26, 0x27, 0x26, 0x27, 0x26, 0x34, 0x37, 0x36,
	0x37, 0x36, 0x37, 0x36, 0x34, 0x27, 0x26, 0x27, 0x26, 0x27, 0x26, 0x07,
	0x06, 0x23, 0x22, 0x27, 0x26, 0x27, 0x26, 0x35, 0x34, 0x27, 0x26, 0x27,
	0x26, 0x22, 0x07, 0x06, 0x07, 0x06, 0x15, 0x14, 0x07, 0x06, 0x07, 0x06,
	0x23, 0x22, 0x27, 0x26, 0x07, 0x06, 0x07, 0x06, 0x07, 0x06, 0x14, 0x17,
	0x16, 0x17, 0x16, 0x17, 0x16, 0x14, 0x07, 0x06, 0x01, 0x80, 0x11, 0x11,
	0x1D, 0x1E, 0x46, 0x1E, 0x1D, 0x11, 0x11, 0x11, 0x11, 0x1D, 0x1E, 0x46,
	0x1E, 0x1D, 0x11, 0x11, 0x01, 0x53, 0x10, 0x20, 0x20, 0x54, 0x5E, 0x54,
	0x20, 0x20, 0x10, 0x35, 0x31, 0x2E, 0x24, 0x23, 0x14, 0x14, 0x0D, 0x0D,
	0x19, 0x1C, 0x0D, 0x0C, 0x05, 0x05, 0x17, 0x17, 0x24, 0x24, 0x58, 0x2E,
	0x11, 0x20, 0x20, 0x29, 0x2A, 0x5C, 0x2A, 0x29, 0x20, 0x20, 0x11, 0x2E,
	0x58, 0x24, 0x24, 0x2E, 0x05, 0x05, 0x0C, 0x0D, 0x1C, 0x19, 0x0D, 0x0D,
	0x14, 0x14, 0x23, 0x24, 0x2E, 0x31, 0xFD, 0xD7, 0x1B, 0x0D, 0x0D, 0x0C,
	0x0C, 0x15, 0x15, 0x1A, 0x1C, 0x1B, 0x0F, 0x11, 0x12, 0x0F, 0x0F, 0x08,
	0x09, 0x0D, 0x0D, 0x16, 0x17, 0x36, 0x17, 0x16, 0x0D, 0x0D, 0x09, 0x08,
	0x0F, 0x0F, 0x12, 0x11, 0x0F, 0x1B, 0x1C, 0x19, 0x16, 0x14, 0x0D, 0x0C,
	0x0D, 0x0D, 0x1B, 0x0F, 0x09, 0x09, 0x09, 0x09, 0x0F, 0x1A, 0x0E, 0x0C,
	0x0C, 0x0B, 0x15, 0x15, 0x19, 0x1C, 0x1D, 0x0E, 0x12, 0x11, 0x0F, 0x0F,
	0x08, 0x09, 0x0D, 0x0D, 0x16, 0x17, 0x36, 0x16, 0x17, 0x0D, 0x0D, 0x09,
	0x08, 0x0F, 0x0F, 0x11, 0x12, 0x0E, 0x1D, 0x1C, 0x19, 0x15, 0x15, 0x0B,
	0x0C, 0x0C, 0x0E, 0x1A, 0x0F, 0x09, 0x09, 0x09, 0x09, 0x01, 0xC0, 0x23,
	0x1E, 0x1D, 0x11, 0x11, 0x11, 0x11, 0x1D, 0x1E, 0x46, 0x1E, 0x1D, 0x11,
	0x11, 0x11, 0x11, 0x1D, 0x1E, 0xFE, 0xB5, 0x2B, 0x22, 0x21, 0x24, 0x24,
	0x21, 0x22, 0x2B, 0x07, 0x10, 0x10, 0x22, 0x21, 0x2C, 0x2D, 0x30, 0x25,
	0x22, 0x24, 0x1F, 0x24, 0x2C, 0x2C, 0x2C, 0x2E, 0x28, 0x29, 0x1C, 0x1B,
	0x18, 0x06, 0x2A, 0x21, 0x20, 0x11, 0x12, 0x12, 0x11, 0x20, 0x21, 0x2A,
	0x06, 0x18, 0x1B, 0x1D, 0x50, 0x2E, 0x2C, 0x2C, 0x2C, 0x24, 0x1F, 0x24,
	0x22, 0x25, 0x30, 0x2D, 0x2C, 0x21, 0x22, 0x10, 0x10, 0x01, 0x3D, 0x10,
	0x16, 0x15, 0x30, 0x16, 0x17, 0x0E, 0x0F, 0x03, 0x03, 0x0D, 0x09, 0x08,
	0x09, 0x0F, 0x0F, 0x11, 0x1B, 0x17, 0x16, 0x0D, 0x0D, 0x0D, 0x0D, 0x16,
	0x17, 0x1B, 0x11, 0x0F, 0x0F, 0x09, 0x08, 0x09, 0x0D, 0x03, 0x03, 0x0F,
	0x0E, 0x17, 0x16, 0x30, 0x15, 0x16, 0x10, 0x08, 0x0F, 0x10, 0x22, 0x10,
	0x0F, 0x08, 0x0F, 0x18, 0x15, 0x32, 0x18, 0x17, 0x0E, 0x0F, 0x02, 0x01,
	0x0F, 0x09, 0x09, 0x08, 0x0F, 0x0F, 0x11, 0x1B, 0x17, 0x16, 0x0D, 0x0D,
	0x0D, 0x0D, 0x16, 0x17, 0x1B, 0x11, 0x0F, 0x0F, 0x09, 0x08, 0x09, 0x0F,
	0x01, 0x02, 0x0F, 0x0E, 0x17, 0x18, 0x32, 0x15, 0x18, 0x0F, 0x08, 0x0F,
	0x10, 0x22, 0x10, 0x0F, 0x00, 0x03, 0xFF, 0xFE, 0xFF, 0xC0, 0x04, 0x00,
	0x03, 0xC0, 0x00, 0x3B, 0x00, 0x75, 0x00, 0x8B, 0x00, 0x00, 0x05, 0x22,
	0x26, 0x27, 0x26, 0x27, 0x26, 0x35, 0x34, 0x37, 0x36, 0x37, 0x36, 0x37,
	0x36, 0x37, 0x36, 0x37, 0x36, 0x37, 0x36, 0x17, 0x16, 0x17, 0x16, 0x17,
	0x36, 0x37, 0x36, 0x37, 0x36, 0x37, 0x36, 0x33, 0x32, 0x1E, 0x02, 0x15,
	0x14, 0x07, 0x06, 0x07, 0x06, 0x07, 0x06, 0x07, 0x1E, 0x01, 0x17, 0x16,
	0x07, 0x06, 0x07, 0x06, 0x07, 0x06, 0x07, 0x06, 0x23, 0x13, 0x06, 0x07,
	0x06, 0x07, 0x06, 0x15, 0x14, 0x17, 0x16, 0x17, 0x16, 0x17, 0x16, 0x33,
	0x32, 0x37, 0x36, 0x37, 0x36, 0x37, 0x23, 0x22, 0x2E, 0x01, 0x36, 0x37,
	0x36, 0x37, 0x36, 0x37, 0x34, 0x37, 0x34, 0x35, 0x34, 0x27, 0x26, 0x27,
	0x26, 0x27, 0x26, 0x23, 0x22, 0x23, 0x06, 0x23, 0x06, 0x07, 0x06, 0x07,
	0x0E, 0x01, 0x27, 0x26, 0x27, 0x26, 0x35, 0x03, 0x26, 0x27, 0x26, 0x27,
	0x26, 0x34, 0x37, 0x36, 0x37, 0x36, 0x37, 0x16, 0x17, 0x16, 0x17, 0x16,
	0x14, 0x07, 0x06, 0x07, 0x06, 0x01, 0x71, 0x4A, 0x86, 0x35, 0x39, 0x1B,
	0x1A, 0x1D, 0x1B, 0x31, 0x2B, 0x3A, 0x33, 0x38, 0x33, 0x2A, 0x1D, 0x23,
	0x22, 0x1E, 0x1B, 0x11, 0x10, 0x04, 0x51, 0x39, 0x38, 0x24, 0x0D, 0x0D,
	0x0E, 0x0D, 0x1D, 0x34, 0x2A, 0x16, 0x02, 0x03, 0x05, 0x0E, 0x23, 0x23,
	0x3A, 0x1E, 0x32, 0x0E, 0x10, 0x01, 0x01, 0x13, 0x31, 0x3F, 0x61, 0x6A,
	0x89, 0x8B, 0x63, 0x75, 0x4F, 0x49, 0x24, 0x22, 0x12, 0x12, 0x21, 0x22,
	0x2C, 0x2F, 0x35, 0x48, 0x4D, 0x53, 0x4F, 0x56, 0x4D, 0x68, 0x13, 0x1E,
	0x10, 0x02, 0x0B, 0x55, 0x32, 0x32, 0x0F, 0x01, 0x02, 0x01, 0x02, 0x03,
	0x02, 0x04, 0x03, 0x02, 0x01, 0x02, 0x02, 0x24, 0x4C, 0x4B, 0x71, 0x0F,
	0x24, 0x10, 0x11, 0x09, 0x0A, 0x55, 0x28, 0x1E, 0x1C, 0x0F, 0x0E, 0x0E,
	0x0F, 0x1C, 0x1E, 0x28, 0x28, 0x1E, 0x1C, 0x0F, 0x0E, 0x0E, 0x0F, 0x1C,
	0x1E, 0x40, 0x38, 0x34, 0x3D, 0x44, 0x3F, 0x46, 0x4B, 0x50, 0x48, 0x49,
	0x41, 0x3E, 0x37, 0x2D, 0x29, 0x17, 0x13, 0x01, 0x01, 0x10, 0x0F, 0x18,
	0x19, 0x1E, 0x3A, 0x23, 0x23, 0x0E, 0x05, 0x03, 0x02, 0x16, 0x2A, 0x34,
	0x1D, 0x0D, 0x0E, 0x0D, 0x0D, 0x24, 0x38, 0x39, 0x51, 0x04, 0x22, 0x1A,
	0x1E, 0x23, 0x22, 0x1D, 0x4C, 0x47, 0x6D, 0x40, 0x54, 0x03, 0x53, 0x4D,
	0x56, 0x50, 0x52, 0x4D, 0x48, 0x36, 0x2E, 0x2C, 0x22, 0x21, 0x12, 0x12,
	0x22, 0x24, 0x49, 0x4F, 0x75, 0x14, 0x20, 0x24, 0x0F, 0x71, 0x4B, 0x4C,
	0x24, 0x02, 0x02, 0x01, 0x02, 0x03, 0x04, 0x02, 0x03, 0x02, 0x01, 0x02,
	0x01, 0x0F, 0x32, 0x32, 0x55, 0x0A, 0x04, 0x08, 0x09, 0x0F, 0x0F, 0x13,
	0xFE, 0x15, 0x01, 0x13, 0x12, 0x1D, 0x1C, 0x42, 0x1C, 0x1D, 0x12, 0x13,
	0x01, 0x01, 0x13, 0x12, 0x1D, 0x1C, 0x42, 0x1C, 0x1D, 0x12, 0x13, 0x00,
	0x00, 0x03, 0x00, 0x00, 0xFF, 0xC0, 0x04, 0x00, 0x03, 0xC0, 0x00, 0x3C,
	0x00, 0x6B, 0x00, 0x99, 0x00, 0x00, 0x01, 0x16, 0x17, 0x16, 0x14, 0x06,
	0x0F, 0x01, 0x06, 0x07, 0x06, 0x23, 0x22, 0x26, 0x27, 0x2E, 0x01, 0x36,
	0x3F, 0x01, 0x23, 0x22, 0x07, 0x06, 0x07, 0x06, 0x1D, 0x01, 0x14, 0x07,
	0x06, 0x07, 0x06, 0x22, 0x27, 0x26, 0x27, 0x26, 0x3D, 0x01, 0x34, 0x37,
	0x36, 0x37, 0x36, 0x37, 0x36, 0x3B, 0x01, 0x27, 0x2E, 0x01, 0x36, 0x37,
	0x3E, 0x01, 0x33, 0x32, 0x17, 0x16, 0x17, 0x01, 0x32, 0x17, 0x16, 0x17,
	0x16, 0x15, 0x11, 0x14, 0x07, 0x06, 0x07, 0x06, 0x2B, 0x01, 0x22, 0x27,
	0x2E, 0x01, 0x27, 0x26, 0x27, 0x26, 0x35, 0x34, 0x37, 0x36, 0x37, 0x26,
	0x27, 0x26, 0x35, 0x34, 0x37, 0x36, 0x37, 0x35, 0x34, 0x37, 0x3E, 0x01,
	0x37, 0x36, 0x37, 0x36, 0x37, 0x36, 0x01, 0x06, 0x07, 0x06, 0x07, 0x11,
	0x34, 0x37, 0x36, 0x37, 0x36, 0x3B, 0x01, 0x32, 0x17, 0x16, 0x17, 0x16,
	0x17, 0x1E, 0x01, 0x17, 0x16, 0x1D, 0x01, 0x16, 0x17, 0x16, 0x15, 0x14,
	0x06, 0x07, 0x06, 0x07, 0x06, 0x07, 0x27, 0x26, 0x27, 0x26, 0x07, 0x06,
	0x07, 0x06, 0x07, 0x06, 0x03, 0xE1, 0x0F, 0x08, 0x08, 0x10, 0x0F, 0x6E,
	0x06, 0x08, 0x07, 0x09, 0x08, 0x10, 0x06, 0x08, 0x06, 0x06, 0x09, 0x50,
	0x5D, 0x23, 0x1E, 0x1D, 0x11, 0x11, 0x06, 0x06, 0x09, 0x0A, 0x18, 0x09,
	0x0A, 0x06, 0x06, 0x11, 0x10, 0x1E, 0x1E, 0x26, 0x27, 0x2C, 0x5D, 0x50,
	0x09, 0x06, 0x06, 0x08, 0x06, 0x10, 0x08, 0x09, 0x07, 0x08, 0x06, 0xFE,
	0x0D, 0x17, 0x14, 0x13, 0x0C, 0x0B, 0x14, 0x13, 0x21, 0x23, 0x28, 0x02,
	0x33, 0x2E, 0x2D, 0x42, 0x0F, 0x2D, 0x1A, 0x1A, 0x07, 0x08, 0x0E, 0x0E,
	0x08, 0x07, 0x17, 0x16, 0x28, 0x12, 0x11, 0x3C, 0x26, 0x08, 0x19, 0x18,
	0x22, 0x23, 0x01, 0x82, 0x37, 0x2E, 0x2D, 0x1D, 0x0B, 0x0B, 0x13, 0x14,
	0x17, 0x01, 0x28, 0x23, 0x22, 0x18, 0x19, 0x08, 0x26, 0x3C, 0x11, 0x12,
	0x28, 0x16, 0x17, 0x04, 0x03, 0x01, 0x08, 0x07, 0x09, 0x31, 0x19, 0x21,
	0x21, 0x20, 0x22, 0x18, 0x19, 0x08, 0x08, 0x01, 0x0B, 0x0F, 0x14, 0x13,
	0x2A, 0x26, 0x10, 0x6B, 0x06, 0x03, 0x03, 0x06, 0x07, 0x08, 0x16, 0x16,
	0x08, 0x4E, 0x11, 0x11, 0x1D, 0x1E, 0x23, 0x2A, 0x0C, 0x0A, 0x09, 0x06,
	0x06, 0x06, 0x06, 0x09, 0x0A, 0x0C, 0x2A, 0x2C, 0x27, 0x27, 0x1D, 0x1E,
	0x10, 0x11, 0x4E, 0x08, 0x16, 0x16, 0x09, 0x06, 0x06, 0x03, 0x03, 0x06,
	0x02, 0x4A, 0x0C, 0x0B, 0x13, 0x14, 0x18, 0xFC, 0xF1, 0x29, 0x24, 0x23,
	0x15, 0x16, 0x15, 0x14, 0x4A, 0x31, 0x1D, 0x2F, 0x30, 0x35, 0x1D, 0x1B,
	0x1B, 0x18, 0x18, 0x1B, 0x1B, 0x1D, 0x32, 0x2D, 0x2C, 0x1E, 0x01, 0x28,
	0x24, 0x22, 0x30, 0x09, 0x25, 0x1F, 0x1E, 0x11, 0x11, 0xFD, 0x75, 0x0F,
	0x24, 0x22, 0x31, 0x02, 0xB8, 0x17, 0x15, 0x14, 0x0C, 0x0D, 0x11, 0x11,
	0x1E, 0x1F, 0x25, 0x09, 0x30, 0x22, 0x24, 0x28, 0x01, 0x1E, 0x2C, 0x2D,
	0x32, 0x0E, 0x1C, 0x0E, 0x03, 0x0F, 0x0E, 0x10, 0x30, 0x18, 0x09, 0x08,
	0x09, 0x09, 0x19, 0x19, 0x22, 0x20, 0x00, 0x00, 0x00, 0x02, 0x00, 0x6D,
	0x00, 0xC0, 0x03, 0x6D, 0x02, 0x95, 0x00, 0x21, 0x00, 0x26, 0x00, 0x00,
	0x25, 0x22, 0x27, 0x26, 0x27, 0x25, 0x2E, 0x01, 0x35, 0x34, 0x37, 0x36,
	0x37, 0x36, 0x37, 0x36, 0x33, 0x21, 0x32, 0x17, 0x16, 0x17, 0x16, 0x17,
	0x16, 0x15, 0x14, 0x07, 0x06, 0x07, 0x05, 0x06, 0x07, 0x06, 0x03, 0x17,
	0x32, 0x37, 0x36, 0x01, 0xED, 0x1B, 0x19, 0x1A, 0x12, 0xFF, 0x00, 0x10,
	0x10, 0x02, 0x02, 0x05, 0x0C, 0x1C, 0x1B, 0x21, 0x02, 0x26, 0x21, 0x1C,
	0x1B, 0x0D, 0x04, 0x02, 0x02, 0x07, 0x08, 0x0F, 0xFE, 0xFC, 0x11, 0x19,
	0x19, 0xFB, 0xE0, 0x01, 0x6F, 0x70, 0xC0, 0x0B, 0x0A, 0x14, 0xF7, 0x10,
	0x26, 0x15, 0x0A, 0x0A, 0x0B, 0x0A, 0x1E, 0x11, 0x12, 0x12, 0x11, 0x1E,
	0x0A, 0x0B, 0x0A, 0x0B, 0x14, 0x12, 0x13, 0x10, 0xFA, 0x12, 0x0B, 0x0A,
	0x01, 0x55, 0xD5, 0x6B, 0x6A, 0x00, 0x00, 0x00, 0x00, 0x01, 0x00, 0x00,
	0xFF, 0xC0, 0x04, 0x00, 0x03, 0xC0, 0x00, 0x37, 0x00, 0x00, 0x01, 0x23,
	0x35, 0x09, 0x01, 0x35, 0x33, 0x11, 0x14, 0x07, 0x06, 0x07, 0x06, 0x23,
	0x21, 0x35, 0x33, 0x09, 0x01, 0x33, 0x15, 0x21, 0x22, 0x27, 0x26, 0x27,
	0x26, 0x35, 0x11, 0x33, 0x15, 0x09, 0x01, 0x15, 0x23, 0x11, 0x34, 0x37,
	0x36, 0x37, 0x36, 0x33, 0x21, 0x15, 0x23, 0x09, 0x01, 0x23, 0x35, 0x21,
	0x32, 0x17, 0x16, 0x17, 0x16, 0x15, 0x04, 0x00, 0x80, 0xFE, 0xDA, 0x01,
	0x26, 0x80, 0x0F, 0x0E, 0x18, 0x19, 0x1D, 0xFE, 0xEB, 0xA6, 0xFE, 0xDA,
	0xFE, 0xDA, 0xA6, 0xFE, 0xEB, 0x1D, 0x19, 0x18, 0x0E, 0x0F, 0x80, 0x01,
	0x26, 0xFE, 0xDA, 0x80, 0x0F, 0x0E, 0x18, 0x19, 0x1D, 0x01, 0x15, 0xA6,
	0x01, 0x26, 0x01, 0x26, 0xA6, 0x01, 0x15, 0x1D, 0x19, 0x18, 0x0E, 0x0F,
	0x02, 0x40, 0xA6, 0xFE, 0xDA, 0xFE, 0xDA, 0xA6, 0xFE, 0xEB, 0x1D, 0x19,
	0x18, 0x0E, 0x0F, 0x80, 0x01, 0x26, 0xFE, 0xDA, 0x80, 0x0F, 0x0E, 0x18,
	0x19, 0x1D, 0x01, 0x15, 0xA6, 0x01, 0x26, 0x01, 0x26, 0xA6, 0x01, 0x15,
	0x1D, 0x19, 0x18, 0x0E, 0x0F, 0x80, 0xFE, 0xDA, 0x01, 0x26, 0x80, 0x0F,
	0x0E, 0x18, 0x19, 0x1D, 0x00, 0x03, 0x00, 0x00, 0xFF, 0xC0, 0x04, 0x00,
	0x03, 0xC0, 0x00, 0x5A, 0x00, 0xBE, 0x01, 0x20, 0x00, 0x00, 0x01, 0x1C,
	0x01, 0x06, 0x07, 0x16, 0x17, 0x16, 0x15, 0x14, 0x07, 0x06, 0x07, 0x06,
	0x07, 0x06, 0x07, 0x06, 0x22, 0x27, 0x26, 0x27, 0x06, 0x07, 0x06, 0x22,
	0x27, 0x26, 0x27, 0x26, 0x27, 0x26, 0x27, 0x26, 0x35, 0x34, 0x37, 0x36,
	0x37, 0x26, 0x27, 0x26, 0x35, 0x34, 0x37, 0x36, 0x37, 0x36, 0x37, 0x3E,
	0x01, 0x37, 0x36, 0x37, 0x36, 0x37, 0x36, 0x37, 0x36, 0x33, 0x32, 0x33,
	0x16, 0x17, 0x1E, 0x01, 0x17, 0x36, 0x37, 0x36, 0x37, 0x36, 0x37, 0x32,
	0x33, 0x32, 0x17, 0x16, 0x17, 0x16, 0x17, 0x16, 0x17, 0x1E, 0x01, 0x17,
	0x16, 0x17, 0x16, 0x17, 0x16, 0x01, 0x32, 0x37, 0x36, 0x37, 0x36, 0x3D,
	0x01, 0x23, 0x22, 0x27, 0x26, 0x27, 0x26, 0x35, 0x34, 0x37, 0x3E, 0x01,
	0x3B, 0x01, 0x35, 0x23, 0x22, 0x27, 0x26, 0x27, 0x26, 0x35, 0x34, 0x37,
	0x3E, 0x01, 0x3B, 0x01, 0x35, 0x34, 0x27, 0x26, 0x27, 0x26, 0x23, 0x22,
	0x07, 0x06, 0x07, 0x06, 0x07, 0x06, 0x15, 0x14, 0x07, 0x06, 0x07, 0x06,
	0x23, 0x22, 0x06, 0x07, 0x06, 0x15, 0x14, 0x17, 0x14, 0x15, 0x16, 0x07,
	0x06, 0x07, 0x06, 0x07, 0x06, 0x15, 0x14, 0x17, 0x16, 0x17, 0x16, 0x17,
	0x16, 0x07, 0x06, 0x07, 0x06, 0x07, 0x06, 0x15, 0x14, 0x17, 0x16, 0x17,
	0x16, 0x17, 0x16, 0x17, 0x16, 0x17, 0x16, 0x17, 0x16, 0x01, 0x26, 0x27,
	0x26, 0x37, 0x36, 0x37, 0x36, 0x37, 0x36, 0x35, 0x34, 0x27, 0x26, 0x27,
	0x26, 0x27, 0x26, 0x37, 0x34, 0x35, 0x36, 0x35, 0x34, 0x27, 0x2E, 0x01,
	0x23, 0x22, 0x27, 0x26, 0x27, 0x26, 0x35, 0x34, 0x27, 0x26, 0x27, 0x26,
	0x27, 0x26, 0x23, 0x22, 0x23, 0x22, 0x23, 0x06, 0x07, 0x06, 0x07, 0x06,
	0x15, 0x11, 0x33, 0x32, 0x37, 0x36, 0x3D, 0x01, 0x34, 0x37, 0x3E, 0x01,
	0x32, 0x16, 0x17, 0x16, 0x1D, 0x01, 0x14, 0x07, 0x06, 0x07, 0x06, 0x2B,
	0x01, 0x15, 0x14, 0x17, 0x16, 0x17, 0x16, 0x33, 0x32, 0x36, 0x37, 0x36,
	0x37, 0x36, 0x37, 0x36, 0x37, 0x3E, 0x01, 0x35, 0x34, 0x27, 0x26, 0x04,
	0x00, 0x0C, 0x0D, 0x0D, 0x06, 0x06, 0x19, 0x1A, 0x2D, 0x11, 0x23, 0x23,
	0x2E, 0x2F, 0x6A, 0x31, 0x2E, 0x23, 0x23, 0x2E, 0x31, 0x6A, 0x2F, 0x2E,
	0x23, 0x23, 0x11, 0x2D, 0x19, 0x1A, 0x06, 0x07, 0x0C, 0x0C, 0x07, 0x06,
	0x17, 0x16, 0x29, 0x02, 0x12, 0x12, 0x3C, 0x26, 0x08, 0x0F, 0x0F, 0x15,
	0x19, 0x20, 0x1F, 0x21, 0x06, 0x06, 0x05, 0x06, 0x19, 0x2C, 0x12, 0x12,
	0x16, 0x17, 0x18, 0x06, 0x06, 0x05, 0x06, 0x21, 0x1F, 0x20, 0x1A, 0x14,
	0x0F, 0x0F, 0x08, 0x26, 0x3C, 0x12, 0x12, 0x02, 0x29, 0x16, 0x17, 0xFD,
	0x49, 0x20, 0x1C, 0x1B, 0x10, 0x10, 0x80, 0x11, 0x0F, 0x0F, 0x08, 0x09,
	0x09, 0x08, 0x1E, 0x11, 0x80, 0x80, 0x11, 0x0F, 0x0F, 0x08, 0x09, 0x09,
	0x08, 0x1E, 0x11, 0x80, 0x06, 0x07, 0x0A, 0x0B, 0x0D, 0x0B, 0x0B, 0x08,
	0x06, 0x0B, 0x06, 0x07, 0x08, 0x09, 0x0E, 0x0F, 0x12, 0x0F, 0x1E, 0x09,
	0x0A, 0x01, 0x04, 0x09, 0x08, 0x12, 0x1A, 0x0E, 0x0F, 0x07, 0x06, 0x09,
	0x0A, 0x03, 0x03, 0x03, 0x03, 0x0A, 0x09, 0x06, 0x07, 0x0E, 0x0E, 0x19,
	0x0C, 0x08, 0x09, 0x03, 0x06, 0x11, 0x11, 0x18, 0x18, 0x02, 0x3D, 0x0A,
	0x03, 0x03, 0x03, 0x03, 0x0A, 0x09, 0x06, 0x07, 0x0E, 0x0F, 0x1A, 0x12,
	0x08, 0x09, 0x04, 0x01, 0x0A, 0x09, 0x1E, 0x0F, 0x12, 0x0F, 0x0E, 0x09,
	0x08, 0x06, 0x07, 0x0B, 0x06, 0x08, 0x0B, 0x0B, 0x02, 0x02, 0x01, 0x02,
	0x0B, 0x09, 0x09, 0x06, 0x05, 0x2B, 0x08, 0x07, 0x06, 0x09, 0x08, 0x1E,
	0x22, 0x1E, 0x08, 0x09, 0x14, 0x14, 0x22, 0x23, 0x28, 0x2B, 0x10, 0x10,
	0x1B, 0x1C, 0x20, 0x1C, 0x30, 0x11, 0x11, 0x06, 0x03, 0x09, 0x08, 0x0C,
	0x19, 0x1C, 0x07, 0x06, 0x01, 0xE9, 0x01, 0x1A, 0x34, 0x17, 0x18, 0x19,
	0x1A, 0x1B, 0x37, 0x31, 0x31, 0x1F, 0x31, 0x26, 0x25, 0x14, 0x15, 0x16,
	0x15, 0x26, 0x26, 0x15, 0x16, 0x15, 0x14, 0x25, 0x26, 0x31, 0x1F, 0x31,
	0x31, 0x37, 0x1B, 0x1A, 0x19, 0x18, 0x18, 0x19, 0x1A, 0x1B, 0x31, 0x2D,
	0x2D, 0x21, 0x26, 0x22, 0x21, 0x30, 0x0A, 0x1A, 0x17, 0x16, 0x13, 0x16,
	0x0C, 0x0C, 0x01, 0x01, 0x03, 0x14, 0x10, 0x10, 0x0A, 0x0A, 0x03, 0x01,
	0x01, 0x0C, 0x0C, 0x16, 0x13, 0x16, 0x17, 0x1A, 0x0A, 0x30, 0x21, 0x22,
	0x26, 0x21, 0x2D, 0x2D, 0xFE, 0x26, 0x10, 0x10, 0x1B, 0x1C, 0x20, 0x34,
	0x08, 0x09, 0x0E, 0x0F, 0x12, 0x11, 0x0F, 0x0E, 0x12, 0x80, 0x08, 0x09,
	0x0E, 0x0F, 0x12, 0x11, 0x0F, 0x0E, 0x12, 0x9F, 0x0D, 0x0D, 0x0C, 0x08,
	0x08, 0x05, 0x04, 0x06, 0x09, 0x0D, 0x0E, 0x0D, 0x11, 0x0F, 0x0F, 0x08,
	0x09, 0x0E, 0x0C, 0x0D, 0x0F, 0x02, 0x03, 0x02, 0x03, 0x14, 0x13, 0x12,
	0x0A, 0x0F, 0x16, 0x16, 0x19, 0x13, 0x12, 0x0D, 0x0C, 0x0B, 0x0F, 0x0E,
	0x0E, 0x0F, 0x0B, 0x0C, 0x0D, 0x12, 0x13, 0x1B, 0x17, 0x18, 0x0D, 0x06,
	0x0B, 0x0B, 0x0E, 0x1A, 0x16, 0x15, 0x0B, 0x0C, 0x01, 0x1B, 0x0B, 0x0F,
	0x0E, 0x0E, 0x0F, 0x0B, 0x0C, 0x0D, 0x12, 0x13, 0x19, 0x16, 0x16, 0x0F,
	0x0A, 0x12, 0x13, 0x14, 0x03, 0x02, 0x03, 0x02, 0x0F, 0x0D, 0x0C, 0x0E,
	0x09, 0x08, 0x0F, 0x0F, 0x11, 0x0E, 0x0D, 0x0D, 0x09, 0x06, 0x04, 0x05,
	0x02, 0x08, 0x07, 0x0C, 0x0C, 0x0D, 0xFE, 0xB6, 0x06, 0x07, 0x08, 0x56,
	0x11, 0x0F, 0x0E, 0x12, 0x12, 0x0E, 0x0F, 0x11, 0x56, 0x28, 0x23, 0x22,
	0x14, 0x14, 0x89, 0x20, 0x1C, 0x1B, 0x10, 0x10, 0x18, 0x14, 0x16, 0x1B,
	0x0D, 0x0B, 0x0B, 0x06, 0x0E, 0x2E, 0x1B, 0x13, 0x12, 0x0D, 0x00, 0x00,
	0x00, 0x04, 0x00, 0x55, 0xFF, 0xC0, 0x03, 0xAB, 0x03, 0xC0, 0x00, 0x0C,
	0x00, 0x19, 0x00, 0x24, 0x00, 0x2A, 0x00, 0x00, 0x01, 0x07, 0x17, 0x07,
	0x27, 0x26, 0x27, 0x26, 0x34, 0x37, 0x36, 0x3F, 0x01, 0x33, 0x17, 0x16,
	0x17, 0x16, 0x14, 0x07, 0x06, 0x0F, 0x01, 0x27, 0x37, 0x27, 0x01, 0x11,
	0x21, 0x11, 0x34, 0x37, 0x36, 0x37, 0x36, 0x33, 0x21, 0x13, 0x11, 0x23,
	0x35, 0x21, 0x11, 0x01, 0xDF, 0x56, 0x4F, 0x5B, 0x5E, 0x0F, 0x08, 0x08,
	0x08, 0x08, 0x0F, 0x65, 0xF8, 0x65, 0x0F, 0x08, 0x08, 0x08, 0x08, 0x0F,
	0x5F, 0x5B, 0x50, 0x56, 0x01, 0x8A, 0xFC, 0xAA, 0x12, 0x11, 0x1D, 0x1E,
	0x22, 0x01, 0xE6, 0x70, 0xD6, 0xFE, 0x80, 0x01, 0x7D, 0x55, 0x4F, 0x5B,
	0x5F, 0x0F, 0x13, 0x14, 0x2A, 0x13, 0x14, 0x0F, 0x65, 0x65, 0x0F, 0x14,
	0x13, 0x2A, 0x14, 0x13, 0x0F, 0x60, 0x5B, 0x50, 0x55, 0x01, 0x51, 0xFC,
	0xF2, 0x03, 0x80, 0x23, 0x1E, 0x1D, 0x10, 0x12, 0xFC, 0x80, 0x02, 0x2B,
	0xD5, 0xFD, 0x00, 0x00, 0x00, 0x02, 0x00, 0x00, 0xFF, 0xC0, 0x04, 0x00,
	0x03, 0xC0, 0x00, 0x42, 0x00, 0x86, 0x00, 0x00, 0x01, 0x11, 0x14, 0x07,
	0x06, 0x07, 0x06, 0x07, 0x06, 0x2B, 0x01, 0x15, 0x14, 0x07, 0x06, 0x07,
	0x06, 0x23, 0x22, 0x27, 0x26, 0x2F, 0x01, 0x2E, 0x01, 0x34, 0x36, 0x3F,
	0x01, 0x36, 0x37, 0x36, 0x17, 0x1E, 0x01, 0x1D, 0x01, 0x33, 0x32, 0x37,
	0x36, 0x37, 0x36, 0x35, 0x11, 0x26, 0x27, 0x26, 0x27, 0x26, 0x35, 0x34,
	0x37, 0x36, 0x37, 0x36, 0x33, 0x32, 0x17, 0x1E, 0x01, 0x15, 0x14, 0x07,
	0x06, 0x07, 0x06, 0x25, 0x07, 0x06, 0x07, 0x06, 0x2E, 0x01, 0x3D, 0x01,
	0x23, 0x22, 0x07, 0x06, 0x07, 0x06, 0x15, 0x11, 0x16, 0x17, 0x16, 0x17,
	0x16, 0x15, 0x14, 0x07, 0x06, 0x07, 0x06, 0x23, 0x22, 0x27, 0x2E, 0x01,
	0x35, 0x34, 0x37, 0x36, 0x37, 0x36, 0x37, 0x11, 0x34, 0x37, 0x36, 0x37,
	0x36, 0x37, 0x36, 0x3B, 0x01, 0x35, 0x34, 0x37, 0x36, 0x37, 0x36, 0x33,
	0x32, 0x17, 0x16, 0x1F, 0x01, 0x16, 0x17, 0x16, 0x14, 0x07, 0x06, 0x03,
	0xAB, 0x13, 0x12, 0x20, 0x21, 0x2A, 0x2B, 0x30, 0x40, 0x05, 0x05, 0x08,
	0x08, 0x09, 0x06, 0x06, 0x07, 0x05, 0x85, 0x0B, 0x0A, 0x0A, 0x0B, 0x85,
	0x08, 0x0B, 0x09, 0x0A, 0x09, 0x0C, 0x40, 0x1D, 0x19, 0x18, 0x0E, 0x0F,
	0x1A, 0x13, 0x13, 0x0B, 0x0B, 0x15, 0x14, 0x21, 0x23, 0x29, 0x28, 0x23,
	0x22, 0x28, 0x0B, 0x0A, 0x14, 0x13, 0xFE, 0x7D, 0x86, 0x08, 0x0B, 0x0A,
	0x12, 0x0C, 0x40, 0x1D, 0x19, 0x18, 0x0E, 0x0F, 0x1A, 0x13, 0x13, 0x0B,
	0x0B, 0x15, 0x14, 0x21, 0x23, 0x29, 0x28, 0x23, 0x22, 0x28, 0x0B, 0x0A,
	0x14, 0x13, 0x19, 0x13, 0x12, 0x20, 0x21, 0x2A, 0x2B, 0x30, 0x40, 0x05,
	0x05, 0x08, 0x08, 0x09, 0x06, 0x06, 0x06, 0x06, 0x86, 0x0A, 0x06, 0x05,
	0x05, 0x06, 0x02, 0x79, 0xFE, 0xB2, 0x30, 0x2C, 0x2A, 0x20, 0x21, 0x12,
	0x12, 0x5E, 0x0A, 0x08, 0x07, 0x05, 0x04, 0x02, 0x03, 0x05, 0x84, 0x0A,
	0x1A, 0x1C, 0x1A, 0x0A, 0x84, 0x08, 0x02, 0x01, 0x04, 0x04, 0x10, 0x0B,
	0x5E, 0x0F, 0x0E, 0x18, 0x19, 0x1D, 0x01, 0x4E, 0x0C, 0x14, 0x15, 0x1A,
	0x1B, 0x1D, 0x29, 0x22, 0x22, 0x14, 0x14, 0x14, 0x14, 0x44, 0x29, 0x1D,
	0x1B, 0x1A, 0x15, 0x14, 0x4A, 0x85, 0x08, 0x02, 0x01, 0x08, 0x10, 0x0B,
	0x5E, 0x0F, 0x0E, 0x18, 0x19, 0x1D, 0xFE, 0xB2, 0x0C, 0x14, 0x15, 0x1A,
	0x1B, 0x1D, 0x29, 0x22, 0x22, 0x14, 0x14, 0x14, 0x14, 0x44, 0x29, 0x1D,
	0x1B, 0x1A, 0x15, 0x14, 0x0C, 0x01, 0x4E, 0x30, 0x2C, 0x2A, 0x20, 0x21,
	0x12, 0x12, 0x5E, 0x0A, 0x08, 0x07, 0x05, 0x04, 0x02, 0x03, 0x05, 0x85,
	0x0A, 0x0D, 0x0C, 0x1C, 0x0C, 0x0D, 0x00, 0x00, 0x00, 0x02, 0x00, 0x00,
	0x00, 0x15, 0x04, 0x00, 0x03, 0x6B, 0x00, 0x4A, 0x00, 0x94, 0x00, 0x00,
	0x13, 0x16, 0x17, 0x16, 0x07, 0x06, 0x07, 0x06, 0x07, 0x06, 0x27, 0x26,
	0x27, 0x26, 0x27, 0x26, 0x35, 0x34, 0x37, 0x36, 0x37, 0x36, 0x37, 0x36,
	0x3B, 0x01, 0x32, 0x17, 0x16, 0x17, 0x16, 0x17, 0x16, 0x15, 0x14, 0x07,
	0x06, 0x07, 0x06, 0x07, 0x06, 0x23, 0x06, 0x23, 0x22, 0x26, 0x27, 0x26,
	0x37, 0x36, 0x37, 0x36, 0x37, 0x36, 0x37, 0x36, 0x37, 0x36, 0x35, 0x34,
	0x27, 0x26, 0x27, 0x26, 0x2B, 0x01, 0x22, 0x07, 0x06, 0x07, 0x06, 0x15,
	0x14, 0x17, 0x16, 0x25, 0x16, 0x17, 0x16, 0x15, 0x14, 0x07, 0x06, 0x07,
	0x06, 0x07, 0x06, 0x2B, 0x01, 0x22, 0x27, 0x26, 0x27, 0x26, 0x27, 0x26,
	0x35, 0x34, 0x37, 0x36, 0x37, 0x36, 0x37, 0x36, 0x33, 0x36, 0x33, 0x32,
	0x16, 0x17, 0x16, 0x07, 0x06, 0x07, 0x06, 0x07, 0x06, 0x07, 0x06, 0x07,
	0x06, 0x15, 0x14, 0x17, 0x16, 0x17, 0x16, 0x3B, 0x01, 0x32, 0x37, 0x36,
	0x37, 0x36, 0x35, 0x34, 0x27, 0x26, 0x27, 0x2E, 0x01, 0x37, 0x36, 0x37,
	0x36, 0x37, 0x36, 0x17, 0x16, 0xA7, 0x0B, 0x03, 0x02, 0x05, 0x06, 0x0E,
	0x0D, 0x11, 0x11, 0x0F, 0x11, 0x0B, 0x21, 0x11, 0x12, 0x17, 0x17, 0x2A,
	0x29, 0x36, 0x37, 0x3D, 0xAA, 0x3D, 0x37, 0x36, 0x29, 0x2A, 0x16, 0x18,
	0x1C, 0x1B, 0x31, 0x32, 0x3F, 0x05, 0x04, 0x04, 0x05, 0x15, 0x22, 0x06,
	0x05, 0x04, 0x05, 0x0B, 0x0C, 0x11, 0x24, 0x1D, 0x1C, 0x0F, 0x10, 0x17,
	0x17, 0x27, 0x27, 0x2F, 0xAA, 0x2F, 0x27, 0x27, 0x17, 0x17, 0x0A, 0x0A,
	0x03, 0x28, 0x21, 0x11, 0x12, 0x18, 0x16, 0x2A, 0x29, 0x36, 0x37, 0x3D,
	0xAA, 0x3D, 0x37, 0x36, 0x29, 0x2A, 0x16, 0x18, 0x1C, 0x1B, 0x31, 0x32,
	0x3F, 0x05, 0x04, 0x04, 0x05, 0x15, 0x22, 0x06, 0x05, 0x04, 0x05, 0x0B,
	0x0C, 0x11, 0x24, 0x1D, 0x1C, 0x0F, 0x10, 0x17, 0x17, 0x27, 0x27, 0x2F,
	0xAA, 0x2F, 0x27, 0x27, 0x17, 0x17, 0x0A, 0x0A, 0x13, 0x0B, 0x06, 0x06,
	0x06, 0x0E, 0x0D, 0x11, 0x11, 0x0F, 0x11, 0x01, 0xD3, 0x0D, 0x11, 0x11,
	0x0F, 0x11, 0x0B, 0x0B, 0x03, 0x02, 0x06, 0x06, 0x0D, 0x28, 0x31, 0x31,
	0x34, 0x3D, 0x37, 0x36, 0x29, 0x29, 0x17, 0x18, 0x18, 0x17, 0x29, 0x29,
	0x36, 0x37, 0x3D, 0x42, 0x3C, 0x3A, 0x2A, 0x2C, 0x11, 0x02, 0x01, 0x1A,
	0x15, 0x10, 0x11, 0x10, 0x0D, 0x0C, 0x05, 0x0A, 0x19, 0x18, 0x21, 0x22,
	0x26, 0x2E, 0x28, 0x27, 0x16, 0x18, 0x18, 0x16, 0x27, 0x28, 0x2E, 0x1E,
	0x1C, 0x1B, 0x13, 0x28, 0x31, 0x31, 0x34, 0x3D, 0x37, 0x36, 0x29, 0x29,
	0x17, 0x18, 0x18, 0x17, 0x29, 0x29, 0x36, 0x37, 0x3D, 0x42, 0x3C, 0x3A,
	0x2A, 0x2C, 0x11, 0x02, 0x01, 0x1A, 0x15, 0x10, 0x11, 0x10, 0x0D, 0x0C,
	0x05, 0x0A, 0x19, 0x18, 0x21, 0x22, 0x26, 0x2E, 0x28, 0x27, 0x16, 0x18,
	0x18, 0x16, 0x27, 0x28, 0x2E, 0x1E, 0x1C, 0x1B, 0x18, 0x0D, 0x22, 0x0F,
	0x11, 0x0B, 0x0B, 0x03, 0x02, 0x06, 0x06, 0x00, 0x00, 0x03, 0x00, 0x00,
	0xFF, 0xC0, 0x04, 0x00, 0x03, 0xC0, 0x00, 0x53, 0x00, 0x98, 0x00, 0xB4,
	0x00, 0x00, 0x25, 0x16, 0x15, 0x14, 0x15, 0x14, 0x07, 0x06, 0x07, 0x06,
	0x07, 0x06, 0x22, 0x07, 0x15, 0x14, 0x07, 0x06, 0x07, 0x06, 0x22, 0x27,
	0x26, 0x27, 0x26, 0x3D, 0x01, 0x26, 0x27, 0x26, 0x27, 0x26, 0x27, 0x26,
	0x27, 0x23, 0x22, 0x27, 0x26, 0x27, 0x26, 0x34, 0x37, 0x36, 0x37, 0x36,
	0x3B, 0x01, 0x36, 0x34, 0x37, 0x36, 0x37, 0x36, 0x37, 0x36, 0x33, 0x32,
	0x33, 0x32, 0x17, 0x1E, 0x02, 0x07, 0x06, 0x07, 0x06, 0x15, 0x14, 0x17,
	0x16, 0x17, 0x16, 0x17, 0x16, 0x33, 0x32, 0x37, 0x36, 0x37, 0x36, 0x1E,
	0x01, 0x05, 0x16, 0x17, 0x16, 0x14, 0x07, 0x0E, 0x01, 0x07, 0x06, 0x22,
	0x27, 0x26, 0x27, 0x01, 0x26, 0x27, 0x26, 0x34, 0x37, 0x3E, 0x01, 0x37,
	0x36, 0x32, 0x17, 0x16, 0x1F, 0x01, 0x3E, 0x01, 0x37, 0x35, 0x34, 0x37,
	0x36, 0x37, 0x36, 0x32, 0x17, 0x16, 0x17, 0x16, 0x1D, 0x01, 0x16, 0x17,
	0x16, 0x17, 0x16, 0x17, 0x16, 0x17, 0x33, 0x32, 0x17, 0x16, 0x17, 0x16,
	0x14, 0x07, 0x06, 0x07, 0x06, 0x2B, 0x01, 0x0E, 0x01, 0x07, 0x01, 0x17,
	0x36, 0x37, 0x36, 0x17, 0x16, 0x17, 0x1E, 0x01, 0x15, 0x14, 0x06, 0x07,
	0x17, 0x36, 0x37, 0x36, 0x35, 0x34, 0x27, 0x2E, 0x01, 0x27, 0x26, 0x23,
	0x22, 0x06, 0x02, 0x7F, 0x01, 0x07, 0x06, 0x0C, 0x0D, 0x0F, 0x02, 0x06,
	0x03, 0x09, 0x08, 0x0F, 0x0F, 0x22, 0x0F, 0x0F, 0x08, 0x09, 0x44, 0x3E,
	0x3C, 0x30, 0x2F, 0x1F, 0x20, 0x0A, 0x1A, 0x11, 0x0F, 0x0F, 0x08, 0x09,
	0x09, 0x08, 0x0F, 0x0F, 0x11, 0x1A, 0x01, 0x01, 0x03, 0x09, 0x09, 0x0D,
	0x0E, 0x0F, 0x03, 0x03, 0x02, 0x03, 0x11, 0x1A, 0x0C, 0x03, 0x02, 0x02,
	0x01, 0x18, 0x16, 0x2A, 0x29, 0x36, 0x37, 0x3D, 0x0D, 0x0E, 0x0D, 0x0D,
	0x11, 0x20, 0x16, 0x01, 0x71, 0x09, 0x05, 0x05, 0x05, 0x05, 0x12, 0x0C,
	0x0B, 0x1A, 0x0B, 0x0C, 0x09, 0xFC, 0x80, 0x09, 0x05, 0x05, 0x05, 0x05,
	0x12, 0x0C, 0x0B, 0x1A, 0x0B, 0x0C, 0x09, 0x96, 0x2A, 0x60, 0x33, 0x09,
	0x08, 0x0F, 0x0F, 0x22, 0x0F, 0x0F, 0x08, 0x09, 0x44, 0x3E, 0x3C, 0x30,
	0x2F, 0x1F, 0x20, 0x0A, 0x1A, 0x11, 0x0F, 0x0F, 0x08, 0x09, 0x09, 0x08,
	0x0F, 0x0F, 0x11, 0x1A, 0x08, 0x28, 0x1E, 0xFE, 0x07, 0x3E, 0x28, 0x2E,
	0x2D, 0x2A, 0x2C, 0x21, 0x1E, 0x20, 0x0C, 0x0C, 0x3E, 0x17, 0x0D, 0x0C,
	0x18, 0x17, 0x52, 0x36, 0x37, 0x3D, 0x2B, 0x52, 0x66, 0x03, 0x02, 0x03,
	0x03, 0x0F, 0x0E, 0x0D, 0x09, 0x09, 0x03, 0x01, 0x01, 0x1A, 0x11, 0x0F,
	0x0F, 0x08, 0x09, 0x09, 0x08, 0x0F, 0x0F, 0x11, 0x1A, 0x0A, 0x20, 0x1F,
	0x2F, 0x30, 0x3C, 0x3E, 0x44, 0x09, 0x08, 0x0F, 0x0F, 0x22, 0x0F, 0x0F,
	0x08, 0x09, 0x03, 0x06, 0x02, 0x0F, 0x0D, 0x0C, 0x06, 0x07, 0x01, 0x03,
	0x16, 0x20, 0x11, 0x0D, 0x0D, 0x0E, 0x0D, 0x3D, 0x37, 0x36, 0x29, 0x29,
	0x17, 0x18, 0x02, 0x01, 0x02, 0x03, 0x0C, 0x1A, 0x4A, 0x09, 0x0C, 0x0B,
	0x1A, 0x0B, 0x0C, 0x12, 0x05, 0x05, 0x05, 0x05, 0x09, 0x03, 0x80, 0x09,
	0x0C, 0x0B, 0x1A, 0x0B, 0x0C, 0x12, 0x05, 0x05, 0x05, 0x05, 0x09, 0x95,
	0x1E, 0x28, 0x08, 0x1A, 0x11, 0x0F, 0x0F, 0x08, 0x09, 0x09, 0x08, 0x0F,
	0x0F, 0x11, 0x1A, 0x0A, 0x20, 0x1F, 0x2F, 0x30, 0x3C, 0x3E, 0x44, 0x09,
	0x08, 0x0F, 0x0F, 0x22, 0x0F, 0x0F, 0x08, 0x09, 0x33, 0x60, 0x2A, 0x01,
	0xF9, 0x3F, 0x15, 0x03, 0x03, 0x10, 0x10, 0x21, 0x1E, 0x4E, 0x2B, 0x1A,
	0x32, 0x17, 0x3E, 0x24, 0x29, 0x29, 0x2B, 0x3D, 0x37, 0x36, 0x52, 0x17,
	0x18, 0x18, 0x00, 0x00, 0x00, 0x04, 0x00, 0x00, 0xFF, 0xC0, 0x04, 0x00,
	0x03, 0xC0, 0x00, 0x1C, 0x00, 0x31, 0x00, 0x85, 0x00, 0x9E, 0x00, 0x00,
	0x01, 0x32, 0x17, 0x16, 0x17, 0x16, 0x17, 0x16, 0x14, 0x07, 0x06, 0x07,
	0x06, 0x07, 0x06, 0x22, 0x27, 0x26, 0x27, 0x26, 0x27, 0x26, 0x34, 0x37,
	0x36, 0x37, 0x36, 0x37, 0x36, 0x13, 0x32, 0x37, 0x36, 0x37, 0x36, 0x34,
	0x27, 0x26, 0x27, 0x26, 0x22, 0x07, 0x06, 0x07, 0x06, 0x14, 0x17, 0x16,
	0x17, 0x16, 0x25, 0x32, 0x17, 0x16, 0x17, 0x16, 0x14, 0x07, 0x06, 0x07,
	0x06, 0x2B, 0x01, 0x06, 0x07, 0x06, 0x07, 0x06, 0x07, 0x06, 0x07, 0x15,
	0x14, 0x07, 0x06, 0x07, 0x06, 0x22, 0x27, 0x26, 0x27, 0x26, 0x3D, 0x01,
	0x26, 0x27, 0x26, 0x27, 0x26, 0x27, 0x26, 0x27, 0x23, 0x22, 0x27, 0x26,
	0x27, 0x26, 0x34, 0x37, 0x36, 0x37, 0x36, 0x3B, 0x01, 0x36, 0x37, 0x36,
	0x37, 0x36, 0x37, 0x36, 0x37, 0x35, 0x34, 0x37, 0x36, 0x37, 0x36, 0x32,
	0x17, 0x16, 0x17, 0x16, 0x1D, 0x01, 0x16, 0x17, 0x16, 0x17, 0x16, 0x17,
	0x16, 0x17, 0x01, 0x32, 0x37, 0x3E, 0x01, 0x37, 0x36, 0x34, 0x27, 0x2E,
	0x01, 0x27, 0x26, 0x22, 0x07, 0x0E, 0x01, 0x07, 0x06, 0x14, 0x17, 0x1E,
	0x01, 0x17, 0x16, 0x02, 0x00, 0x2B, 0x28, 0x26, 0x1E, 0x1D, 0x11, 0x10,
	0x10, 0x11, 0x1D, 0x1E, 0x26, 0x28, 0x56, 0x28, 0x26, 0x1E, 0x1D, 0x11,
	0x10, 0x10, 0x11, 0x1D, 0x1E, 0x26, 0x28, 0x2B, 0x17, 0x14, 0x13, 0x0C,
	0x0B, 0x0B, 0x0C, 0x13, 0x14, 0x2E, 0x14, 0x13, 0x0C, 0x0B, 0x0B, 0x0C,
	0x13, 0x14, 0x01, 0xD7, 0x11, 0x0F, 0x0F, 0x08, 0x09, 0x09, 0x08, 0x0F,
	0x0F, 0x11, 0x1A, 0x0A, 0x20, 0x1F, 0x2F, 0x30, 0x3C, 0x3E, 0x44, 0x09,
	0x08, 0x0F, 0x0F, 0x22, 0x0F, 0x0F, 0x08, 0x09, 0x44, 0x3E, 0x3C, 0x30,
	0x2F, 0x1F, 0x20, 0x0A, 0x1A, 0x11, 0x0F, 0x0F, 0x08, 0x09, 0x09, 0x08,
	0x0F, 0x0F, 0x11, 0x1A, 0x0A, 0x20, 0x1F, 0x2F, 0x30, 0x3C, 0x3E, 0x44,
	0x09, 0x08, 0x0F, 0x0F, 0x22, 0x0F, 0x0F, 0x08, 0x09, 0x44, 0x3E, 0x3C,
	0x30, 0x2F, 0x1F, 0x20, 0x0A, 0xFE, 0x5A, 0x3D, 0x37, 0x36, 0x52, 0x17,
	0x18, 0x18, 0x17, 0x52, 0x36, 0x37, 0x7A, 0x37, 0x36, 0x52, 0x17, 0x18,
	0x18, 0x17, 0x52, 0x36, 0x37, 0x02, 0x95, 0x10, 0x11, 0x1D, 0x1E, 0x26,
	0x28, 0x56, 0x28, 0x26, 0x1E, 0x1D, 0x11, 0x10, 0x10, 0x11, 0x1D, 0x1E,
	0x26, 0x28, 0x56, 0x28, 0x26, 0x1E, 0x1D, 0x11, 0x10, 0xFE, 0xD6, 0x0B,
	0x0C, 0x13, 0x14, 0x2E, 0x14, 0x13, 0x0C, 0x0B, 0x0B, 0x0C, 0x13, 0x14,
	0x2E, 0x14, 0x13, 0x0C, 0x0B, 0x95, 0x09, 0x08, 0x0F, 0x0F, 0x22, 0x0F,
	0x0F, 0x08, 0x09, 0x44, 0x3E, 0x3C, 0x30, 0x2F, 0x1F, 0x20, 0x0A, 0x1A,
	0x11, 0x0F, 0x0F, 0x08, 0x09, 0x09, 0x08, 0x0F, 0x0F, 0x11, 0x1A, 0x0A,
	0x20, 0x1F, 0x2F, 0x30, 0x3C, 0x3E, 0x44, 0x09, 0x08, 0x0F, 0x0F, 0x22,
	0x0F, 0x0F, 0x08, 0x09, 0x44, 0x3E, 0x3C, 0x30, 0x2F, 0x1F, 0x20, 0x0A,
	0x1A, 0x11, 0x0F, 0x0F, 0x08, 0x09, 0x09, 0x08, 0x0F, 0x0F, 0x11, 0x1A,
	0x0A, 0x20, 0x1F, 0x2F, 0x30, 0x3C, 0x3E, 0x44, 0xFE, 0x95, 0x18, 0x17,
	0x52, 0x36, 0x37, 0x7A, 0x37, 0x36, 0x52, 0x17, 0x18, 0x18, 0x17, 0x52,
	0x36, 0x37, 0x7A, 0x37, 0x36, 0x52, 0x17, 0x18, 0x00, 0x02, 0x00, 0x55,
	0xFF, 0xC0, 0x03, 0xAB, 0x03, 0xC0, 0x00, 0x52, 0x00, 0x83, 0x00, 0x00,
	0x01, 0x11, 0x14, 0x07, 0x06, 0x07, 0x06, 0x07, 0x06, 0x23, 0x21, 0x22,
	0x27, 0x26, 0x27, 0x2E, 0x01, 0x35, 0x11, 0x34, 0x37, 0x36, 0x37, 0x36,
	0x37, 0x36, 0x33, 0x36, 0x33, 0x32, 0x17, 0x16, 0x17, 0x16, 0x07, 0x06,
	0x07, 0x06, 0x07, 0x06, 0x07, 0x0E, 0x01, 0x15, 0x11, 0x14, 0x17, 0x1E,
	0x01, 0x17, 0x16, 0x33, 0x21, 0x32, 0x37, 0x36, 0x37, 0x36, 0x35, 0x11,
	0x34, 0x27, 0x2E, 0x01, 0x27, 0x2E, 0x01, 0x27, 0x26, 0x37, 0x36, 0x37,
	0x36, 0x33, 0x32, 0x33, 0x16, 0x17, 0x16, 0x17, 0x16, 0x17, 0x16, 0x05,
	0x36, 0x37, 0x36, 0x17, 0x16, 0x1F, 0x01, 0x11, 0x34, 0x37, 0x36, 0x37,
	0x36, 0x32, 0x17, 0x16, 0x17, 0x16, 0x15, 0x11, 0x37, 0x36, 0x37, 0x36,
	0x17, 0x16, 0x17, 0x16, 0x17, 0x16, 0x15, 0x14, 0x06, 0x0F, 0x01, 0x0E,
	0x01, 0x22, 0x27, 0x26, 0x2F, 0x01, 0x2E, 0x01, 0x35, 0x34, 0x37, 0x36,
	0x03, 0xAB, 0x13, 0x12, 0x20, 0x21, 0x2A, 0x2C, 0x2F, 0xFE, 0x80, 0x2F,
	0x2B, 0x2B, 0x21, 0x21, 0x24, 0x17, 0x16, 0x28, 0x28, 0x33, 0x04, 0x04,
	0x04, 0x04, 0x16, 0x11, 0x12, 0x05, 0x05, 0x05, 0x05, 0x0B, 0x0D, 0x10,
	0x18, 0x12, 0x12, 0x14, 0x08, 0x07, 0x1E, 0x14, 0x13, 0x16, 0x01, 0x80,
	0x1D, 0x18, 0x19, 0x0E, 0x0E, 0x0A, 0x0A, 0x24, 0x17, 0x11, 0x18, 0x05,
	0x05, 0x05, 0x05, 0x12, 0x11, 0x16, 0x04, 0x04, 0x04, 0x04, 0x33, 0x28,
	0x28, 0x16, 0x17, 0xFD, 0x7B, 0x0C, 0x11, 0x10, 0x10, 0x11, 0x0D, 0x3F,
	0x09, 0x08, 0x0F, 0x0F, 0x22, 0x0F, 0x0F, 0x08, 0x09, 0x3F, 0x0D, 0x11,
	0x10, 0x10, 0x11, 0x0C, 0x08, 0x05, 0x04, 0x0A, 0x0A, 0x6F, 0x14, 0x36,
	0x3C, 0x1B, 0x1C, 0x15, 0x6D, 0x0A, 0x0A, 0x04, 0x05, 0x02, 0x06, 0xFE,
	0xA5, 0x30, 0x2C, 0x2A, 0x20, 0x21, 0x12, 0x12, 0x12, 0x11, 0x22, 0x21,
	0x56, 0x2F, 0x01, 0x5B, 0x34, 0x30, 0x2E, 0x21, 0x22, 0x0E, 0x01, 0x01,
	0x0D, 0x0E, 0x15, 0x11, 0x11, 0x10, 0x0C, 0x0C, 0x04, 0x06, 0x10, 0x0F,
	0x2A, 0x18, 0xFE, 0xA5, 0x16, 0x13, 0x14, 0x1E, 0x08, 0x08, 0x0F, 0x0E,
	0x18, 0x19, 0x1D, 0x01, 0x5B, 0x18, 0x15, 0x16, 0x1E, 0x06, 0x04, 0x18,
	0x10, 0x11, 0x11, 0x15, 0x0E, 0x0D, 0x01, 0x01, 0x0D, 0x22, 0x21, 0x2E,
	0x30, 0x8F, 0x0C, 0x05, 0x05, 0x04, 0x04, 0x0B, 0x3B, 0x02, 0x0C, 0x11,
	0x0F, 0x0F, 0x08, 0x09, 0x09, 0x08, 0x0F, 0x0F, 0x11, 0xFD, 0xF4, 0x3B,
	0x0C, 0x04, 0x03, 0x04, 0x05, 0x0D, 0x09, 0x0C, 0x0B, 0x0C, 0x0D, 0x18,
	0x0A, 0x67, 0x14, 0x16, 0x0B, 0x0C, 0x15, 0x65, 0x0A, 0x18, 0x0D, 0x0C,
	0x0B, 0x0C, 0x00, 0x00, 0x00, 0x02, 0x00, 0x00, 0x00, 0x6B, 0x04, 0x00,
	0x03, 0x16, 0x00, 0x3F, 0x00, 0x82, 0x00, 0x00, 0x25, 0x07, 0x0E, 0x01,
	0x22, 0x26, 0x2F, 0x01, 0x26, 0x27, 0x26, 0x37, 0x36, 0x37, 0x36, 0x37,
	0x36, 0x17, 0x16, 0x1F, 0x01, 0x11, 0x34, 0x27, 0x26, 0x27, 0x26, 0x2B,
	0x01, 0x22, 0x27, 0x26, 0x27, 0x26, 0x35, 0x34, 0x37, 0x36, 0x37, 0x36,
	0x3B, 0x01, 0x32, 0x16, 0x17, 0x16, 0x17, 0x16, 0x15, 0x11, 0x37, 0x36,
	0x37, 0x36, 0x17, 0x16, 0x17, 0x16, 0x17, 0x16, 0x15, 0x14, 0x07, 0x06,
	0x05, 0x32, 0x17, 0x16, 0x17, 0x16, 0x15, 0x14, 0x07, 0x06, 0x07, 0x06,
	0x2B, 0x01, 0x22, 0x27, 0x26, 0x27, 0x26, 0x27, 0x26, 0x35, 0x11, 0x07,
	0x06, 0x07, 0x06, 0x27, 0x26, 0x27, 0x26, 0x27, 0x26, 0x35, 0x34, 0x36,
	0x3F, 0x01, 0x3E, 0x01, 0x32, 0x17, 0x16, 0x1F, 0x01, 0x16, 0x17, 0x16,
	0x07, 0x06, 0x07, 0x06, 0x07, 0x06, 0x23, 0x22, 0x27, 0x26, 0x2F, 0x01,
	0x11, 0x14, 0x17, 0x16, 0x17, 0x16, 0x33, 0x03, 0xEC, 0x6F, 0x14, 0x36,
	0x3C, 0x36, 0x16, 0x6D, 0x0D, 0x04, 0x05, 0x03, 0x04, 0x0C, 0x0C, 0x11,
	0x10, 0x10, 0x11, 0x0D, 0x3F, 0x0F, 0x0E, 0x18, 0x19, 0x1D, 0x2A, 0x12,
	0x0F, 0x0E, 0x09, 0x08, 0x08, 0x09, 0x0E, 0x0F, 0x12, 0x2A, 0x30, 0x56,
	0x20, 0x21, 0x11, 0x13, 0x3F, 0x0D, 0x10, 0x11, 0x10, 0x11, 0x0C, 0x08,
	0x04, 0x05, 0x05, 0x06, 0xFD, 0xCB, 0x12, 0x0F, 0x0E, 0x09, 0x08, 0x08,
	0x09, 0x0E, 0x0F, 0x12, 0x2A, 0x30, 0x2B, 0x2B, 0x20, 0x21, 0x11, 0x13,
	0x3F, 0x0D, 0x11, 0x10, 0x10, 0x11, 0x0C, 0x08, 0x05, 0x04, 0x0A, 0x0A,
	0x6F, 0x14, 0x36, 0x3C, 0x1B, 0x1B, 0x15, 0x6D, 0x0D, 0x05, 0x04, 0x03,
	0x04, 0x0C, 0x09, 0x0D, 0x0C, 0x0D, 0x0B, 0x0C, 0x0B, 0x09, 0x3F, 0x0E,
	0x0E, 0x19, 0x18, 0x1D, 0xFC, 0x67, 0x14, 0x16, 0x16, 0x16, 0x65, 0x0C,
	0x11, 0x10, 0x10, 0x11, 0x0D, 0x0C, 0x05, 0x05, 0x04, 0x03, 0x0C, 0x3B,
	0x01, 0x0C, 0x1D, 0x18, 0x19, 0x0E, 0x0E, 0x09, 0x09, 0x0E, 0x0F, 0x11,
	0x12, 0x0F, 0x0E, 0x09, 0x08, 0x24, 0x21, 0x20, 0x2A, 0x2C, 0x2F, 0xFE,
	0xF4, 0x3B, 0x0C, 0x03, 0x04, 0x05, 0x05, 0x0C, 0x0A, 0x0B, 0x0B, 0x0C,
	0x0D, 0x0C, 0x0D, 0x1A, 0x09, 0x08, 0x0F, 0x0E, 0x12, 0x11, 0x0F, 0x0F,
	0x08, 0x09, 0x13, 0x11, 0x21, 0x20, 0x2B, 0x2B, 0x30, 0x01, 0x0C, 0x3B,
	0x0C, 0x04, 0x04, 0x05, 0x05, 0x0D, 0x09, 0x0C, 0x0B, 0x0C, 0x0D, 0x18,
	0x09, 0x68, 0x14, 0x16, 0x0C, 0x0B, 0x15, 0x66, 0x0C, 0x10, 0x10, 0x11,
	0x10, 0x0D, 0x0A, 0x06, 0x05, 0x05, 0x04, 0x08, 0x3B, 0xFE, 0xF4, 0x1D,
	0x18, 0x19, 0x0E, 0x0E, 0x00, 0x05, 0x00, 0x00, 0xFF, 0xC0, 0x04, 0x00,
	0x03, 0xC0, 0x00, 0x0E, 0x00, 0x1D, 0x00, 0x2C, 0x00, 0x3B, 0x00, 0x4A,
	0x00, 0x00, 0x13, 0x23, 0x35, 0x34, 0x37, 0x36, 0x37, 0x36, 0x3B, 0x01,
	0x15, 0x23, 0x22, 0x06, 0x15, 0x11, 0x14, 0x16, 0x3B, 0x01, 0x15, 0x23,
	0x22, 0x27, 0x26, 0x27, 0x26, 0x3D, 0x01, 0x33, 0x05, 0x35, 0x33, 0x15,
	0x14, 0x07, 0x06, 0x07, 0x06, 0x2B, 0x01, 0x35, 0x33, 0x32, 0x36, 0x03,
	0x32, 0x17, 0x16, 0x17, 0x16, 0x1D, 0x01, 0x23, 0x35, 0x34, 0x26, 0x2B,
	0x01, 0x35, 0x03, 0x17, 0x07, 0x27, 0x07, 0x27, 0x37, 0x27, 0x35, 0x33,
	0x37, 0x33, 0x17, 0x33, 0x15, 0x80, 0x80, 0x14, 0x14, 0x22, 0x23, 0x28,
	0xC0, 0xC0, 0x09, 0x0C, 0x0C, 0x09, 0xC0, 0xC0, 0x28, 0x23, 0x22, 0x14,
	0x14, 0x80, 0x03, 0x00, 0x80, 0x14, 0x14, 0x22, 0x23, 0x28, 0xC0, 0xC0,
	0x09, 0x0C, 0x15, 0x28, 0x23, 0x22, 0x14, 0x14, 0x80, 0x0C, 0x09, 0xC0,
	0x38, 0x39, 0x20, 0x8C, 0x8B, 0x1F, 0x38, 0x8E, 0xB9, 0x33, 0x29, 0x32,
	0xB9, 0x02, 0x6B, 0xC0, 0x28, 0x23, 0x22, 0x14, 0x14, 0x80, 0x0C, 0x09,
	0xFD, 0x2A, 0x09, 0x0C, 0x80, 0x14, 0x14, 0x22, 0x23, 0x28, 0xC0, 0xC0,
	0xC0, 0xC0, 0x28, 0x23, 0x22, 0x14, 0x14, 0x80, 0x0C, 0x03, 0x74, 0x14,
	0x14, 0x22, 0x23, 0x28, 0xC0, 0xC0, 0x09, 0x0C, 0x80, 0xFD, 0xDD, 0xAC,
	0x17, 0x6C, 0x6C, 0x17, 0xAE, 0x4F, 0x27, 0xC0, 0xC0, 0x27, 0x00, 0x00,
	0x00, 0x05, 0x00, 0x00, 0xFF, 0xC0, 0x04, 0x00, 0x03, 0xC0, 0x00, 0x27,
	0x00, 0x4F, 0x00, 0x78, 0x00, 0xA0, 0x00, 0xDC, 0x00, 0x00, 0x11, 0x35,
	0x34, 0x37, 0x36, 0x37, 0x36, 0x37, 0x36, 0x3B, 0x01, 0x32, 0x17, 0x16,
	0x17, 0x16, 0x14, 0x07, 0x06, 0x07, 0x06, 0x2B, 0x01, 0x22, 0x07, 0x06,
	0x07, 0x06, 0x1D, 0x01, 0x14, 0x07, 0x06, 0x07, 0x06, 0x22, 0x27, 0x26,
	0x27, 0x26, 0x01, 0x32, 0x17, 0x16, 0x17, 0x16, 0x14, 0x07, 0x06, 0x07,
	0x06, 0x2B, 0x01, 0x22, 0x27, 0x26, 0x27, 0x26, 0x27, 0x26, 0x3D, 0x01,
	0x34, 0x37, 0x36, 0x37, 0x36, 0x32, 0x17, 0x16, 0x17, 0x16, 0x1D, 0x01,
	0x14, 0x17, 0x16, 0x17, 0x16, 0x33, 0x01, 0x32, 0x17, 0x16, 0x17, 0x16,
	0x1D, 0x01, 0x14, 0x07, 0x06, 0x07, 0x06, 0x07, 0x06, 0x2B, 0x01, 0x22,
	0x27, 0x26, 0x27, 0x26, 0x34, 0x37, 0x36, 0x37, 0x36, 0x3B, 0x01, 0x32,
	0x37, 0x36, 0x37, 0x36, 0x3D, 0x01, 0x34, 0x37, 0x36, 0x37, 0x36, 0x03,
	0x32, 0x17, 0x16, 0x17, 0x16, 0x17, 0x16, 0x1D, 0x01, 0x14, 0x07, 0x06,
	0x07, 0x06, 0x22, 0x27, 0x26, 0x27, 0x26, 0x3D, 0x01, 0x34, 0x27, 0x26,
	0x27, 0x26, 0x2B, 0x01, 0x22, 0x27, 0x26, 0x27, 0x26, 0x34, 0x37, 0x36,
	0x37, 0x36, 0x33, 0x03, 0x0E, 0x01, 0x22, 0x27, 0x26, 0x2F, 0x01, 0x07,
	0x06, 0x07, 0x06, 0x22, 0x27, 0x26, 0x27, 0x26, 0x27, 0x26, 0x3F, 0x01,
	0x27, 0x26, 0x27, 0x26, 0x35, 0x34, 0x35, 0x36, 0x37, 0x3E, 0x01, 0x3B,
	0x01, 0x37, 0x36, 0x37, 0x36, 0x32, 0x17, 0x16, 0x1F, 0x01, 0x33, 0x32,
	0x16, 0x17, 0x16, 0x17, 0x14, 0x15, 0x14, 0x07, 0x06, 0x0F, 0x01, 0x17,
	0x16, 0x07, 0x06, 0x12, 0x12, 0x21, 0x20, 0x2A, 0x2C, 0x30, 0x55, 0x11,
	0x0F, 0x0F, 0x08, 0x09, 0x09, 0x08, 0x0F, 0x0F, 0x11, 0x55, 0x1D, 0x19,
	0x18, 0x0E, 0x0F, 0x09, 0x08, 0x0F, 0x0F, 0x22, 0x0F, 0x0F, 0x08, 0x09,
	0x01, 0x40, 0x11, 0x0F, 0x0F, 0x08, 0x09, 0x09, 0x08, 0x0F, 0x0F, 0x11,
	0x55, 0x30, 0x2C, 0x2A, 0x20, 0x21, 0x12, 0x12, 0x09, 0x08, 0x0F, 0x0F,
	0x22, 0x0F, 0x0F, 0x08, 0x09, 0x0F, 0x0E, 0x18, 0x19, 0x1D, 0x02, 0xD5,
	0x11, 0x0F, 0x0F, 0x08, 0x09, 0x12, 0x12, 0x21, 0x20, 0x2A, 0x2C, 0x30,
	0x55, 0x11, 0x0F, 0x0F, 0x08, 0x09, 0x09, 0x08, 0x0F, 0x0F, 0x11, 0x55,
	0x1D, 0x19, 0x18, 0x0E, 0x0F, 0x09, 0x08, 0x0F, 0x0F, 0x9A, 0x30, 0x2C,
	0x2A, 0x20, 0x21, 0x12, 0x12, 0x09, 0x08, 0x0F, 0x0F, 0x22, 0x0F, 0x0F,
	0x08, 0x09, 0x0F, 0x0E, 0x18, 0x19, 0x1D, 0x55, 0x11, 0x0F, 0x0F, 0x08,
	0x09, 0x09, 0x08, 0x0F, 0x0F, 0x11, 0x27, 0x05, 0x0C, 0x0C, 0x05, 0x06,
	0x05, 0x6C, 0x69, 0x05, 0x06, 0x05, 0x0C, 0x06, 0x07, 0x05, 0x0A, 0x03,
	0x04, 0x04, 0x24, 0x5D, 0x06, 0x04, 0x03, 0x01, 0x01, 0x04, 0x14, 0x0D,
	0x75, 0x29, 0x04, 0x0B, 0x0A, 0x18, 0x0A, 0x0B, 0x04, 0x29, 0x75, 0x0D,
	0x14, 0x04, 0x01, 0x01, 0x03, 0x04, 0x06, 0x5D, 0x26, 0x04, 0x03, 0x04,
	0x02, 0x80, 0x55, 0x30, 0x2C, 0x2A, 0x20, 0x21, 0x12, 0x12, 0x09, 0x08,
	0x0F, 0x0F, 0x22, 0x0F, 0x0F, 0x08, 0x09, 0x0F, 0x0E, 0x18, 0x19, 0x1D,
	0x55, 0x11, 0x0F, 0x0F, 0x08, 0x09, 0x09, 0x08, 0x0F, 0x0F, 0xFD, 0xD1,
	0x09, 0x08, 0x0F, 0x0F, 0x22, 0x0F, 0x0F, 0x08, 0x09, 0x12, 0x12, 0x21,
	0x20, 0x2A, 0x2C, 0x30, 0x55, 0x11, 0x0F, 0x0F, 0x08, 0x09, 0x09, 0x08,
	0x0F, 0x0F, 0x11, 0x55, 0x1D, 0x19, 0x18, 0x0E, 0x0F, 0x01, 0x00, 0x09,
	0x08, 0x0F, 0x0F, 0x11, 0x55, 0x30, 0x2C, 0x2A, 0x20, 0x21, 0x12, 0x12,
	0x09, 0x08, 0x0F, 0x0F, 0x22, 0x0F, 0x0F, 0x08, 0x09, 0x0F, 0x0E, 0x18,
	0x19, 0x1D, 0x55, 0x11, 0x0F, 0x0F, 0x08, 0x09, 0x02, 0x80, 0x12, 0x12,
	0x21, 0x20, 0x2A, 0x2C, 0x30, 0x55, 0x11, 0x0F, 0x0F, 0x08, 0x09, 0x09,
	0x08, 0x0F, 0x0F, 0x11, 0x55, 0x1D, 0x19, 0x18, 0x0E, 0x0F, 0x09, 0x08,
	0x0F, 0x0F, 0x22, 0x0F, 0x0F, 0x08, 0x09, 0xFD, 0x25, 0x04, 0x04, 0x02,
	0x02, 0x03, 0x46, 0x47, 0x03, 0x02, 0x01, 0x02, 0x02, 0x03, 0x08, 0x0C,
	0x0C, 0x0B, 0x76, 0x4C, 0x05, 0x08, 0x08, 0x08, 0x04, 0x03, 0x03, 0x04,
	0x0B, 0x0E, 0x70, 0x0B, 0x07, 0x07, 0x07, 0x07, 0x0B, 0x70, 0x0E, 0x0B,
	0x04, 0x03, 0x03, 0x04, 0x08, 0x08, 0x08, 0x06, 0x4B, 0x75, 0x0C, 0x0B,
	0x0C, 0x00, 0x00, 0x00, 0x00, 0x04, 0x00, 0x2B, 0xFF, 0xC0, 0x03, 0xD5,
	0x03, 0xC0, 0x00, 0x0F, 0x00, 0x1B, 0x00, 0x1F, 0x00, 0x33, 0x00, 0x00,
	0x01, 0x21, 0x35, 0x34, 0x37, 0x3E, 0x01, 0x37, 0x36, 0x32, 0x17, 0x1E,
	0x01, 0x17, 0x16, 0x15, 0x25, 0x21, 0x26, 0x27, 0x26, 0x27, 0x26, 0x22,
	0x07, 0x06, 0x07, 0x06, 0x01, 0x15, 0x21, 0x35, 0x01, 0x21, 0x22, 0x27,
	0x26, 0x27, 0x26, 0x27, 0x26, 0x3D, 0x01, 0x21, 0x15, 0x14, 0x07, 0x06,
	0x07, 0x06, 0x07, 0x06, 0x03, 0xD5, 0xFC, 0x56, 0x23, 0x23, 0x80, 0x55,
	0x57, 0xC6, 0x57, 0x55, 0x80, 0x22, 0x24, 0xFC, 0xDC, 0x02, 0x9E, 0x0E,
	0x2F, 0x2E, 0x46, 0x48, 0xAC, 0x48, 0x45, 0x2F, 0x2E, 0x03, 0x15, 0xFC,
	0x56, 0x02, 0xEA, 0xFD, 0xD6, 0x27, 0x24, 0x22, 0x1B, 0x1B, 0x0E, 0x0F,
	0x03, 0xAA, 0x0F, 0x0E, 0x1B, 0x1B, 0x22, 0x24, 0x01, 0xC0, 0x40, 0x5E,
	0x54, 0x51, 0x7A, 0x21, 0x22, 0x22, 0x21, 0x7A, 0x51, 0x54, 0x5E, 0x40,
	0x4B, 0x3B, 0x39, 0x20, 0x21, 0x21, 0x20, 0x3A, 0x3A, 0xFE, 0xE0, 0x80,
	0x80, 0xFE, 0x55, 0x0F, 0x0F, 0x1A, 0x1B, 0x22, 0x24, 0x27, 0x15, 0x15,
	0x27, 0x24, 0x22, 0x1B, 0x1A, 0x0F, 0x0F, 0x00, 0x00, 0x04, 0x00, 0x01,
	0xFF, 0xC1, 0x03, 0xFE, 0x03, 0xBF, 0x00, 0x29, 0x00, 0x37, 0x00, 0x46,
	0x00, 0x59, 0x00, 0x00, 0x01, 0x32, 0x17, 0x16, 0x17, 0x16, 0x17, 0x16,
	0x1D, 0x01, 0x14, 0x07, 0x06, 0x07, 0x06, 0x07, 0x06, 0x23, 0x21, 0x22,
	0x27, 0x26, 0x27, 0x26, 0x27, 0x03, 0x33, 0x27, 0x37, 0x17, 0x33, 0x03,
	0x37, 0x13, 0x33, 0x13, 0x17, 0x03, 0x33, 0x37, 0x17, 0x07, 0x17, 0x21,
	0x22, 0x06, 0x07, 0x06, 0x1D, 0x01, 0x21, 0x35, 0x34, 0x27, 0x2E, 0x01,
	0x01, 0x16, 0x17, 0x16, 0x3B, 0x01, 0x2E, 0x01, 0x3D, 0x01, 0x34, 0x37,
	0x36, 0x37, 0x23, 0x01, 0x32, 0x37, 0x36, 0x37, 0x36, 0x3D, 0x01, 0x23,
	0x07, 0x27, 0x23, 0x15, 0x14, 0x17, 0x16, 0x17, 0x16, 0x33, 0x03, 0x3F,
	0x27, 0x23, 0x22, 0x1B, 0x1B, 0x0E, 0x0F, 0x0F, 0x0E, 0x1B, 0x1B, 0x22,
	0x24, 0x27, 0xFD, 0xB6, 0x22, 0x20, 0x1E, 0x15, 0x16, 0x07, 0x61, 0x50,
	0x3E, 0x79, 0x4A, 0x32, 0x48, 0x7E, 0x4C, 0x01, 0x4C, 0x7D, 0x47, 0x30,
	0x47, 0x7A, 0x3B, 0x7C, 0xFE, 0xD5, 0x11, 0x1E, 0x08, 0x09, 0x01, 0xAB,
	0x09, 0x08, 0x1E, 0xFD, 0x90, 0x02, 0x05, 0x06, 0x08, 0x6A, 0x05, 0x06,
	0x03, 0x03, 0x05, 0xC1, 0x02, 0xA1, 0x11, 0x0F, 0x0F, 0x08, 0x09, 0x40,
	0x80, 0x80, 0x6B, 0x09, 0x08, 0x0F, 0x0F, 0x11, 0x02, 0x17, 0x10, 0x0E,
	0x1B, 0x1A, 0x23, 0x23, 0x27, 0xD6, 0x27, 0x23, 0x23, 0x1A, 0x1B, 0x0F,
	0x0F, 0x10, 0x0F, 0x1B, 0x1C, 0x22, 0x01, 0xDE, 0xC6, 0x26, 0xEC, 0x01,
	0x91, 0x17, 0xFE, 0x58, 0x01, 0xA8, 0x17, 0xFE, 0x6F, 0xE3, 0x26, 0xBD,
	0x80, 0x12, 0x0E, 0x0F, 0x11, 0x16, 0x16, 0x11, 0x0F, 0x0E, 0x12, 0xFE,
	0xBB, 0x07, 0x05, 0x05, 0x0F, 0x20, 0x11, 0xD6, 0x10, 0x11, 0x0F, 0x10,
	0xFE, 0xAA, 0x09, 0x08, 0x0F, 0x0F, 0x11, 0x40, 0x55, 0x55, 0x40, 0x11,
	0x0F, 0x0F, 0x08, 0x09, 0x00, 0x03, 0x00, 0x00, 0xFF, 0xCE, 0x04, 0x00,
	0x03, 0xC0, 0x00, 0x2E, 0x00, 0x53, 0x00, 0x92, 0x00, 0x00, 0x05, 0x22,
	0x27, 0x26, 0x2F, 0x01, 0x23, 0x22, 0x27, 0x26, 0x27, 0x26, 0x27, 0x26,
	0x35, 0x11, 0x34, 0x37, 0x36, 0x37, 0x36, 0x37, 0x36, 0x33, 0x21, 0x32,
	0x17, 0x16, 0x17, 0x16, 0x17, 0x16, 0x15, 0x11, 0x14, 0x07, 0x06, 0x07,
	0x06, 0x07, 0x06, 0x2B, 0x01, 0x07, 0x06, 0x07, 0x06, 0x01, 0x22, 0x07,
	0x06, 0x07, 0x06, 0x15, 0x11, 0x14, 0x17, 0x16, 0x17, 0x16, 0x3B, 0x01,
	0x32, 0x16, 0x1F, 0x01, 0x37, 0x3E, 0x01, 0x3B, 0x01, 0x32, 0x37, 0x36,
	0x37, 0x36, 0x35, 0x11, 0x34, 0x27, 0x26, 0x27, 0x26, 0x23, 0x01, 0x22,
	0x27, 0x26, 0x27, 0x26, 0x27, 0x26, 0x3F, 0x01, 0x27, 0x26, 0x27, 0x26,
	0x35, 0x34, 0x35, 0x36, 0x37, 0x3E, 0x01, 0x3B, 0x01, 0x37, 0x36, 0x37,
	0x36, 0x32, 0x17, 0x16, 0x1F, 0x01, 0x33, 0x32, 0x16, 0x17, 0x16, 0x17,
	0x14, 0x15, 0x14, 0x07, 0x06, 0x0F, 0x01, 0x17, 0x16, 0x07, 0x06, 0x07,
	0x0E, 0x01, 0x22, 0x27, 0x26, 0x2F, 0x01, 0x07, 0x06, 0x07, 0x06, 0x23,
	0x22, 0x02, 0x00, 0x13, 0x12, 0x13, 0x0F, 0x99, 0x35, 0x30, 0x2C, 0x2A,
	0x20, 0x21, 0x12, 0x12, 0x12, 0x12, 0x21, 0x20, 0x2A, 0x2C, 0x30, 0x02,
	0x2A, 0x30, 0x2C, 0x2A, 0x20, 0x21, 0x12, 0x12, 0x12, 0x12, 0x21, 0x20,
	0x2A, 0x2C, 0x30, 0x32, 0x9E, 0x0E, 0x12, 0x11, 0xFE, 0xD7, 0x1D, 0x19,
	0x18, 0x0E, 0x0F, 0x0F, 0x0E, 0x18, 0x19, 0x1D, 0x4C, 0x0B, 0x16, 0x08,
	0xA0, 0xA4, 0x08, 0x16, 0x0B, 0x49, 0x1D, 0x19, 0x18, 0x0E, 0x0E, 0x0E,
	0x0E, 0x18, 0x19, 0x1D, 0xFE, 0x6B, 0x06, 0x06, 0x07, 0x05, 0x0A, 0x03,
	0x04, 0x04, 0x24, 0x5D, 0x06, 0x04, 0x03, 0x01, 0x01, 0x04, 0x14, 0x0D,
	0x75, 0x29, 0x04, 0x0B, 0x0A, 0x18, 0x0A, 0x0B, 0x04, 0x29, 0x75, 0x0D,
	0x14, 0x04, 0x01, 0x01, 0x03, 0x04, 0x06, 0x5D, 0x26, 0x04, 0x03, 0x04,
	0x0A, 0x05, 0x0C, 0x0C, 0x06, 0x05, 0x05, 0x6C, 0x69, 0x05, 0x05, 0x05,
	0x05, 0x01, 0x32, 0x07, 0x07, 0x0D, 0x82, 0x12, 0x12, 0x21, 0x20, 0x2A,
	0x2C, 0x2F, 0x01, 0x80, 0x30, 0x2C, 0x2A, 0x20, 0x21, 0x12, 0x12, 0x12,
	0x12, 0x21, 0x20, 0x2A, 0x2C, 0x30, 0xFE, 0x80, 0x2F, 0x2C, 0x2A, 0x20,
	0x21, 0x12, 0x12, 0x83, 0x0D, 0x07, 0x06, 0x03, 0x72, 0x0F, 0x0E, 0x18,
	0x19, 0x1D, 0xFE, 0x80, 0x1D, 0x18, 0x19, 0x0E, 0x0E, 0x08, 0x07, 0x87,
	0x87, 0x07, 0x08, 0x0E, 0x0E, 0x19, 0x18, 0x1D, 0x01, 0x80, 0x1D, 0x19,
	0x18, 0x0E, 0x0F, 0xFD, 0xF1, 0x02, 0x02, 0x04, 0x07, 0x0C, 0x0C, 0x0C,
	0x76, 0x4B, 0x06, 0x08, 0x08, 0x08, 0x03, 0x04, 0x03, 0x03, 0x0C, 0x0E,
	0x6F, 0x0C, 0x07, 0x07, 0x07, 0x07, 0x0C, 0x6F, 0x0E, 0x0C, 0x03, 0x03,
	0x04, 0x03, 0x09, 0x08, 0x08, 0x05, 0x4C, 0x74, 0x0C, 0x0C, 0x0C, 0x07,
	0x04, 0x04, 0x01, 0x02, 0x03, 0x46, 0x47, 0x03, 0x01, 0x02, 0x00, 0x00,
	0x00, 0x05, 0x00, 0x00, 0xFF, 0xCE, 0x04, 0x00, 0x03, 0xC0, 0x00, 0x2E,
	0x00, 0x53, 0x00, 0x67, 0x00, 0x7B, 0x00, 0xB0, 0x00, 0x00, 0x05, 0x22,
	0x27, 0x26, 0x2F, 0x01, 0x23, 0x22, 0x27, 0x26, 0x27, 0x26, 0x27, 0x26,
	0x35, 0x11, 0x34, 0x37, 0x36, 0x37, 0x36, 0x37, 0x36, 0x33, 0x21, 0x32,
	0x17, 0x16, 0x17, 0x16, 0x17, 0x16, 0x15, 0x11, 0x14, 0x07, 0x06, 0x07,
	0x06, 0x07, 0x06, 0x2B, 0x01, 0x07, 0x06, 0x07, 0x06, 0x01, 0x22, 0x07,
	0x06, 0x07, 0x06, 0x15, 0x11, 0x14, 0x17, 0x16, 0x17, 0x16, 0x3B, 0x01,
	0x32, 0x16, 0x1F, 0x01, 0x37, 0x3E, 0x01, 0x3B, 0x01, 0x32, 0x37, 0x36,
	0x37, 0x36, 0x35, 0x11, 0x34, 0x27, 0x26, 0x27, 0x26, 0x23, 0x05, 0x32,
	0x17, 0x1E, 0x01, 0x14, 0x06, 0x07, 0x06, 0x23, 0x22, 0x27, 0x26, 0x27,
	0x26, 0x34, 0x37, 0x36, 0x37, 0x36, 0x21, 0x32, 0x17, 0x16, 0x17, 0x16,
	0x14, 0x07, 0x06, 0x07, 0x06, 0x23, 0x22, 0x27, 0x2E, 0x01, 0x34, 0x36,
	0x37, 0x36, 0x13, 0x06, 0x07, 0x06, 0x07, 0x06, 0x23, 0x22, 0x27, 0x26,
	0x27, 0x26, 0x27, 0x26, 0x27, 0x26, 0x34, 0x37, 0x36, 0x37, 0x36, 0x37,
	0x36, 0x33, 0x32, 0x17, 0x16, 0x17, 0x16, 0x17, 0x16, 0x17, 0x16, 0x17,
	0x16, 0x33, 0x32, 0x37, 0x36, 0x37, 0x36, 0x37, 0x36, 0x33, 0x32, 0x17,
	0x16, 0x17, 0x16, 0x17, 0x16, 0x14, 0x06, 0x02, 0x00, 0x13, 0x12, 0x13,
	0x0F, 0x99, 0x35, 0x30, 0x2C, 0x2A, 0x20, 0x21, 0x12, 0x12, 0x12, 0x12,
	0x21, 0x20, 0x2A, 0x2C, 0x30, 0x02, 0x2A, 0x30, 0x2C, 0x2A, 0x20, 0x21,
	0x12, 0x12, 0x12, 0x12, 0x21, 0x20, 0x2A, 0x2C, 0x30, 0x32, 0x9E, 0x0E,
	0x12, 0x11, 0xFE, 0xD7, 0x1D, 0x19, 0x18, 0x0E, 0x0F, 0x0F, 0x0E, 0x18,
	0x19, 0x1D, 0x4C, 0x0B, 0x16, 0x08, 0xA0, 0xA4, 0x08, 0x16, 0x0B, 0x49,
	0x1D, 0x19, 0x18, 0x0E, 0x0E, 0x0E, 0x0E, 0x18, 0x19, 0x1D, 0xFE, 0x55,
	0x11, 0x0F, 0x0E, 0x12, 0x12, 0x0E, 0x0F, 0x11, 0x12, 0x0F, 0x0E, 0x09,
	0x08, 0x08, 0x09, 0x0E, 0x0F, 0x01, 0x3C, 0x12, 0x0F, 0x0E, 0x09, 0x08,
	0x08, 0x09, 0x0E, 0x0F, 0x12, 0x11, 0x0F, 0x0E, 0x12, 0x12, 0x0E, 0x0F,
	0x54, 0x0C, 0x13, 0x22, 0x27, 0x36, 0x3A, 0x39, 0x36, 0x27, 0x22, 0x14,
	0x0B, 0x0A, 0x05, 0x04, 0x04, 0x05, 0x09, 0x09, 0x0C, 0x0C, 0x0C, 0x0D,
	0x0B, 0x0C, 0x0A, 0x01, 0x08, 0x0B, 0x0E, 0x13, 0x14, 0x1A, 0x1A, 0x2E,
	0x2A, 0x16, 0x10, 0x0A, 0x0B, 0x0C, 0x0C, 0x0D, 0x0B, 0x0D, 0x09, 0x09,
	0x04, 0x05, 0x0A, 0x32, 0x07, 0x07, 0x0D, 0x82, 0x12, 0x12, 0x21, 0x20,
	0x2A, 0x2C, 0x2F, 0x01, 0x80, 0x30, 0x2C, 0x2A, 0x20, 0x21, 0x12, 0x12,
	0x12, 0x12, 0x21, 0x20, 0x2A, 0x2C, 0x30, 0xFE, 0x80, 0x2F, 0x2C, 0x2A,
	0x20, 0x21, 0x12, 0x12, 0x83, 0x0D, 0x07, 0x06, 0x03, 0x72, 0x0F, 0x0E,
	0x18, 0x19, 0x1D, 0xFE, 0x80, 0x1D, 0x18, 0x19, 0x0E, 0x0E, 0x08, 0x07,
	0x87, 0x87, 0x07, 0x08, 0x0E, 0x0E, 0x19, 0x18, 0x1D, 0x01, 0x80, 0x1D,
	0x19, 0x18, 0x0E, 0x0F, 0x80, 0x09, 0x08, 0x1E, 0x22, 0x1E, 0x08, 0x09,
	0x09, 0x08, 0x0F, 0x0F, 0x22, 0x0F, 0x0F, 0x08, 0x09, 0x09, 0x08, 0x0F,
	0x0F, 0x22, 0x0F, 0x0F, 0x08, 0x09, 0x09, 0x08, 0x1E, 0x22, 0x1E, 0x08,
	0x09, 0xFE, 0xD3, 0x0C, 0x0D, 0x18, 0x0E, 0x14, 0x14, 0x0E, 0x18, 0x0D,
	0x0C, 0x09, 0x0C, 0x0B, 0x1A, 0x0B, 0x0C, 0x09, 0x0A, 0x04, 0x05, 0x04,
	0x05, 0x09, 0x02, 0x06, 0x09, 0x07, 0x0A, 0x05, 0x07, 0x15, 0x0B, 0x0E,
	0x09, 0x04, 0x05, 0x05, 0x05, 0x0A, 0x09, 0x0B, 0x0C, 0x18, 0x18, 0x00,
	0x00, 0x04, 0x00, 0x00, 0xFF, 0xC0, 0x04, 0x00, 0x03, 0xC0, 0x00, 0x1F,
	0x00, 0x59, 0x00, 0xB4, 0x00, 0xDE, 0x00, 0x00, 0x01, 0x32, 0x17, 0x16,
	0x17, 0x16, 0x17, 0x16, 0x15, 0x14, 0x07, 0x06, 0x07, 0x06, 0x07, 0x06,
	0x23, 0x22, 0x27, 0x26, 0x27, 0x26, 0x27, 0x26, 0x35, 0x34, 0x37, 0x36,
	0x37, 0x36, 0x37, 0x36, 0x13, 0x27, 0x37, 0x36, 0x37, 0x36, 0x35, 0x34,
	0x2E, 0x01, 0x27, 0x26, 0x23, 0x22, 0x06, 0x0F, 0x01, 0x27, 0x26, 0x27,
	0x26, 0x23, 0x22, 0x0E, 0x02, 0x15, 0x14, 0x17, 0x16, 0x1F, 0x01, 0x07,
	0x06, 0x07, 0x06, 0x15, 0x14, 0x1E, 0x02, 0x33, 0x32, 0x37, 0x36, 0x3F,
	0x01, 0x17, 0x1E, 0x01, 0x32, 0x3E, 0x01, 0x37, 0x36, 0x35, 0x34, 0x26,
	0x05, 0x14, 0x07, 0x0E, 0x01, 0x2B, 0x01, 0x22, 0x27, 0x26, 0x27, 0x26,
	0x27, 0x26, 0x35, 0x11, 0x34, 0x37, 0x36, 0x37, 0x36, 0x37, 0x36, 0x33,
	0x21, 0x32, 0x17, 0x16, 0x1F, 0x01, 0x16, 0x17, 0x16, 0x1D, 0x01, 0x14,
	0x07, 0x06, 0x07, 0x06, 0x23, 0x22, 0x27, 0x26, 0x27, 0x26, 0x3D, 0x01,
	0x34, 0x27, 0x26, 0x2F, 0x01, 0x26, 0x27, 0x26, 0x2B, 0x01, 0x15, 0x14,
	0x07, 0x06, 0x07, 0x06, 0x23, 0x21, 0x22, 0x27, 0x26, 0x27, 0x26, 0x3D,
	0x01, 0x06, 0x07, 0x0E, 0x01, 0x15, 0x11, 0x14, 0x17, 0x16, 0x17, 0x16,
	0x3B, 0x01, 0x32, 0x17, 0x16, 0x17, 0x16, 0x37, 0x06, 0x07, 0x06, 0x23,
	0x22, 0x27, 0x26, 0x27, 0x26, 0x27, 0x26, 0x35, 0x34, 0x35, 0x36, 0x37,
	0x36, 0x37, 0x36, 0x37, 0x36, 0x37, 0x36, 0x37, 0x36, 0x33, 0x32, 0x17,
	0x16, 0x17, 0x16, 0x17, 0x16, 0x15, 0x14, 0x07, 0x06, 0x07, 0x06, 0x07,
	0x06, 0x02, 0xEB, 0x38, 0x34, 0x31, 0x27, 0x26, 0x15, 0x16, 0x16, 0x15,
	0x26, 0x27, 0x31, 0x34, 0x38, 0x39, 0x33, 0x32, 0x26, 0x27, 0x15, 0x16,
	0x16, 0x15, 0x27, 0x26, 0x32, 0x33, 0xBB, 0x28, 0x28, 0x09, 0x05, 0x05,
	0x0A, 0x12, 0x0C, 0x0B, 0x0D, 0x0C, 0x18, 0x09, 0x28, 0x28, 0x0A, 0x0B,
	0x0C, 0x0D, 0x0C, 0x18, 0x12, 0x0A, 0x05, 0x05, 0x09, 0x28, 0x28, 0x09,
	0x05, 0x05, 0x0A, 0x12, 0x18, 0x0C, 0x0D, 0x0B, 0x0C, 0x0A, 0x28, 0x28,
	0x09, 0x18, 0x18, 0x18, 0x12, 0x05, 0x05, 0x0A, 0xFE, 0x0A, 0x09, 0x08,
	0x1E, 0x11, 0x55, 0x30, 0x2C, 0x2A, 0x20, 0x21, 0x12, 0x12, 0x12, 0x12,
	0x21, 0x20, 0x2A, 0x2C, 0x30, 0x01, 0xA0, 0x1E, 0x1C, 0x1B, 0x15, 0x8B,
	0x14, 0x0C, 0x0B, 0x09, 0x09, 0x0E, 0x0F, 0x11, 0x12, 0x0F, 0x0E, 0x09,
	0x08, 0x02, 0x01, 0x03, 0x8B, 0x02, 0x04, 0x04, 0x04, 0x0C, 0x08, 0x09,
	0x0E, 0x0F, 0x12, 0xFE, 0xD5, 0x11, 0x0F, 0x0E, 0x09, 0x09, 0x18, 0x13,
	0x14, 0x16, 0x0F, 0x0E, 0x18, 0x19, 0x1D, 0x55, 0x11, 0x0F, 0x0F, 0x08,
	0x09, 0x1C, 0x06, 0x0E, 0x0C, 0x0F, 0x0D, 0x0A, 0x0C, 0x07, 0x0C, 0x06,
	0x06, 0x01, 0x02, 0x06, 0x0F, 0x10, 0x16, 0x17, 0x1B, 0x09, 0x0A, 0x09,
	0x09, 0x0A, 0x09, 0x0A, 0x09, 0x11, 0x0A, 0x0A, 0x04, 0x05, 0x08, 0x1F,
	0x17, 0x18, 0x01, 0xEB, 0x16, 0x15, 0x27, 0x26, 0x32, 0x33, 0x39, 0x38,
	0x34, 0x31, 0x27, 0x26, 0x15, 0x16, 0x16, 0x15, 0x26, 0x27, 0x31, 0x34,
	0x38, 0x39, 0x33, 0x32, 0x26, 0x27, 0x15, 0x16, 0xFE, 0xC2, 0x28, 0x28,
	0x0A, 0x0B, 0x0C, 0x0D, 0x0C, 0x18, 0x12, 0x05, 0x05, 0x0A, 0x09, 0x28,
	0x28, 0x09, 0x05, 0x05, 0x0A, 0x12, 0x18, 0x0C, 0x0D, 0x0B, 0x0C, 0x0A,
	0x28, 0x28, 0x09, 0x0C, 0x0B, 0x0D, 0x0C, 0x18, 0x12, 0x0A, 0x05, 0x05,
	0x09, 0x28, 0x28, 0x09, 0x0A, 0x0A, 0x12, 0x0C, 0x0B, 0x0D, 0x0C, 0x18,
	0x4F, 0x11, 0x0F, 0x0E, 0x12, 0x13, 0x12, 0x20, 0x21, 0x2A, 0x2B, 0x30,
	0x01, 0xD5, 0x30, 0x2C, 0x2A, 0x20, 0x21, 0x12, 0x12, 0x0C, 0x0B, 0x15,
	0x8B, 0x16, 0x1B, 0x1B, 0x1D, 0x20, 0x11, 0x0F, 0x0E, 0x09, 0x09, 0x09,
	0x09, 0x0E, 0x0F, 0x11, 0x20, 0x04, 0x04, 0x04, 0x03, 0x8B, 0x03, 0x02,
	0x01, 0x6A, 0x12, 0x0F, 0x0E, 0x09, 0x08, 0x08, 0x09, 0x0E, 0x0F, 0x12,
	0x68, 0x05, 0x0F, 0x0F, 0x2C, 0x1A, 0xFE, 0x2B, 0x1D, 0x19, 0x18, 0x0E,
	0x0F, 0x08, 0x09, 0x0E, 0x0F, 0xFB, 0x0F, 0x08, 0x08, 0x05, 0x06, 0x0B,
	0x12, 0x14, 0x15, 0x17, 0x08, 0x08, 0x08, 0x08, 0x1B, 0x18, 0x17, 0x10,
	0x10, 0x07, 0x02, 0x01, 0x01, 0x01, 0x02, 0x02, 0x05, 0x0E, 0x0D, 0x11,
	0x0B, 0x09, 0x0B, 0x07, 0x1B, 0x21, 0x21, 0x00, 0x00, 0x04, 0x00, 0x00,
	0xFF, 0xC0, 0x04, 0x00, 0x03, 0xC0, 0x00, 0x5A, 0x00, 0x83, 0x00, 0xA3,
	0x00, 0xCE, 0x00, 0x00, 0x25, 0x14, 0x07, 0x0E, 0x01, 0x2B, 0x01, 0x22,
	0x27, 0x26, 0x27, 0x26, 0x27, 0x26, 0x35, 0x11, 0x34, 0x37, 0x36, 0x37,
	0x36, 0x37, 0x36, 0x33, 0x21, 0x32, 0x17, 0x16, 0x1F, 0x01, 0x16, 0x17,
	0x16, 0x1D, 0x01, 0x14, 0x07, 0x06, 0x07, 0x06, 0x23, 0x22, 0x27, 0x26,
	0x27, 0x26, 0x3D, 0x01, 0x34, 0x27, 0x26, 0x2F, 0x01, 0x26, 0x27, 0x26,
	0x2B, 0x01, 0x15, 0x14, 0x07, 0x06, 0x07, 0x06, 0x23, 0x21, 0x22, 0x27,
	0x26, 0x27, 0x26, 0x3D, 0x01, 0x06, 0x07, 0x0E, 0x01, 0x15, 0x11, 0x14,
	0x17, 0x16, 0x17, 0x16, 0x3B, 0x01, 0x32, 0x17, 0x16, 0x17, 0x16, 0x13,
	0x06, 0x07, 0x06, 0x07, 0x0E, 0x01, 0x23, 0x22, 0x27, 0x26, 0x27, 0x26,
	0x27, 0x26, 0x35, 0x34, 0x35, 0x36, 0x37, 0x36, 0x37, 0x36, 0x37, 0x36,
	0x37, 0x36, 0x37, 0x36, 0x33, 0x32, 0x17, 0x16, 0x17, 0x16, 0x17, 0x16,
	0x15, 0x14, 0x07, 0x06, 0x01, 0x14, 0x07, 0x06, 0x07, 0x06, 0x07, 0x06,
	0x23, 0x22, 0x27, 0x26, 0x27, 0x26, 0x27, 0x26, 0x35, 0x34, 0x37, 0x36,
	0x37, 0x36, 0x37, 0x36, 0x33, 0x32, 0x17, 0x16, 0x17, 0x16, 0x17, 0x16,
	0x07, 0x27, 0x26, 0x27, 0x26, 0x23, 0x22, 0x06, 0x07, 0x06, 0x1D, 0x01,
	0x23, 0x22, 0x07, 0x06, 0x07, 0x06, 0x15, 0x14, 0x17, 0x1E, 0x01, 0x3B,
	0x01, 0x15, 0x14, 0x17, 0x1E, 0x01, 0x33, 0x32, 0x37, 0x36, 0x3F, 0x01,
	0x36, 0x37, 0x36, 0x35, 0x34, 0x27, 0x26, 0x01, 0x80, 0x09, 0x08, 0x1E,
	0x11, 0x55, 0x30, 0x2C, 0x2A, 0x20, 0x21, 0x12, 0x12, 0x12, 0x12, 0x21,
	0x20, 0x2A, 0x2C, 0x30, 0x01, 0xA0, 0x1E, 0x1C, 0x1B, 0x15, 0x8B, 0x14,
	0x0C, 0x0B, 0x09, 0x09, 0x0E, 0x0F, 0x11, 0x12, 0x0F, 0x0E, 0x09, 0x08,
	0x02, 0x01, 0x03, 0x8B, 0x02, 0x04, 0x04, 0x04, 0x0C, 0x08, 0x09, 0x0E,
	0x0F, 0x12, 0xFE, 0xD5, 0x11, 0x0F, 0x0E, 0x09, 0x09, 0x18, 0x13, 0x14,
	0x16, 0x0F, 0x0E, 0x18, 0x19, 0x1D, 0x55, 0x11, 0x0F, 0x0F, 0x08, 0x09,
	0x7A, 0x1F, 0x17, 0x18, 0x10, 0x06, 0x1A, 0x0F, 0x0C, 0x0B, 0x0C, 0x07,
	0x0C, 0x06, 0x06, 0x01, 0x02, 0x06, 0x0F, 0x10, 0x16, 0x17, 0x1B, 0x09,
	0x0A, 0x09, 0x09, 0x0A, 0x09, 0x0A, 0x09, 0x11, 0x0A, 0x0A, 0x05, 0x04,
	0x01, 0xFE, 0x16, 0x15, 0x26, 0x27, 0x31, 0x34, 0x38, 0x39, 0x33, 0x32,
	0x26, 0x27, 0x15, 0x16, 0x16, 0x15, 0x27, 0x26, 0x32, 0x33, 0x39, 0x38,
	0x34, 0x31, 0x27, 0x26, 0x15, 0x16, 0x61, 0x83, 0x06, 0x08, 0x07, 0x08,
	0x0A, 0x14, 0x05, 0x06, 0x6B, 0x11, 0x0F, 0x0F, 0x08, 0x09, 0x09, 0x08,
	0x1E, 0x11, 0x6B, 0x06, 0x05, 0x14, 0x0A, 0x08, 0x07, 0x08, 0x06, 0x83,
	0x06, 0x03, 0x03, 0x03, 0x03, 0x55, 0x11, 0x0F, 0x0E, 0x12, 0x13, 0x12,
	0x20, 0x21, 0x2A, 0x2B, 0x30, 0x01, 0xD5, 0x30, 0x2C, 0x2A, 0x20, 0x21,
	0x12, 0x12, 0x0C, 0x0B, 0x15, 0x8B, 0x16, 0x1B, 0x1B, 0x1D, 0x20, 0x11,
	0x0F, 0x0E, 0x09, 0x09, 0x09, 0x09, 0x0E, 0x0F, 0x11, 0x20, 0x04, 0x04,
	0x04, 0x03, 0x8B, 0x03, 0x02, 0x01, 0x6A, 0x12, 0x0F, 0x0E, 0x09, 0x08,
	0x08, 0x09, 0x0E, 0x0F, 0x12, 0x68, 0x05, 0x0F, 0x0F, 0x2C, 0x1A, 0xFE,
	0x2B, 0x1D, 0x19, 0x18, 0x0E, 0x0F, 0x08, 0x09, 0x0E, 0x0F, 0x01, 0x7D,
	0x1B, 0x21, 0x21, 0x25, 0x0F, 0x10, 0x05, 0x06, 0x0B, 0x12, 0x14, 0x15,
	0x17, 0x08, 0x08, 0x08, 0x08, 0x1B, 0x18, 0x17, 0x10, 0x10, 0x07, 0x02,
	0x01, 0x01, 0x01, 0x02, 0x02, 0x05, 0x0E, 0x0D, 0x11, 0x0B, 0x09, 0x0B,
	0xFE, 0xEA, 0x38, 0x34, 0x31, 0x27, 0x26, 0x15, 0x16, 0x16, 0x15, 0x26,
	0x27, 0x31, 0x34, 0x38, 0x39, 0x33, 0x32, 0x26, 0x27, 0x15, 0x16, 0x16,
	0x15, 0x27, 0x26, 0x32, 0x33, 0x1C, 0x83, 0x06, 0x03, 0x03, 0x0A, 0x09,
	0x0A, 0x0C, 0x43, 0x08, 0x09, 0x0E, 0x0F, 0x12, 0x11, 0x0F, 0x0E, 0x12,
	0x42, 0x0C, 0x0A, 0x09, 0x0A, 0x02, 0x04, 0x06, 0x82, 0x06, 0x08, 0x07,
	0x08, 0x09, 0x07, 0x08, 0x00, 0x04, 0x00, 0x00, 0xFF, 0xC0, 0x04, 0x00,
	0x03, 0xC0, 0x00, 0x03, 0x00, 0x07, 0x00, 0x4B, 0x00, 0x57, 0x00, 0x00,
	0x25, 0x11, 0x21, 0x11, 0x01, 0x15, 0x33, 0x35, 0x25, 0x23, 0x15, 0x33,
	0x15, 0x23, 0x15, 0x33, 0x15, 0x23, 0x14, 0x07, 0x06, 0x07, 0x06, 0x23,
	0x15, 0x23, 0x35, 0x23, 0x15, 0x23, 0x35, 0x23, 0x15, 0x23, 0x35, 0x22,
	0x27, 0x26, 0x27, 0x26, 0x35, 0x23, 0x35, 0x33, 0x35, 0x23, 0x35, 0x33,
	0x35, 0x23, 0x35, 0x33, 0x36, 0x37, 0x36, 0x37, 0x36, 0x37, 0x35, 0x33,
	0x15, 0x33, 0x35, 0x33, 0x15, 0x33, 0x35, 0x33, 0x15, 0x16, 0x17, 0x16,
	0x17, 0x16, 0x17, 0x33, 0x03, 0x11, 0x34, 0x27, 0x26, 0x23, 0x21, 0x22,
	0x07, 0x06, 0x15, 0x11, 0x01, 0x2B, 0x01, 0xAA, 0xFE, 0xD6, 0xAA, 0x01,
	0xAB, 0x55, 0x55, 0x55, 0x55, 0x55, 0x12, 0x11, 0x1D, 0x1D, 0x23, 0x80,
	0x6B, 0x80, 0x6B, 0x80, 0x23, 0x1D, 0x1D, 0x11, 0x12, 0x55, 0x55, 0x55,
	0x55, 0x55, 0x57, 0x05, 0x12, 0x11, 0x1B, 0x1B, 0x20, 0x80, 0x6B, 0x80,
	0x6B, 0x80, 0x20, 0x1B, 0x1B, 0x11, 0x12, 0x05, 0x57, 0xD5, 0x07, 0x06,
	0x09, 0xFD, 0xD6, 0x09, 0x06, 0x07, 0xEB, 0x01, 0xAA, 0xFE, 0x56, 0x01,
	0x2A, 0xAA, 0xAA, 0x56, 0x6B, 0x80, 0x6B, 0x80, 0x23, 0x1D, 0x1D, 0x11,
	0x12, 0x55, 0x55, 0x55, 0x55, 0x55, 0x55, 0x12, 0x11, 0x1D, 0x1D, 0x23,
	0x80, 0x6B, 0x80, 0x6B, 0x80, 0x20, 0x1B, 0x1B, 0x11, 0x12, 0x05, 0x57,
	0x55, 0x55, 0x55, 0x55, 0x57, 0x05, 0x12, 0x11, 0x1B, 0x1B, 0x20, 0xFD,
	0xAA, 0x02, 0x40, 0x09, 0x06, 0x07, 0x07, 0x06, 0x09, 0xFD, 0xC0, 0x00,
	0x00, 0x04, 0x00, 0x00, 0xFF, 0xC0, 0x04, 0x00, 0x03, 0xC0, 0x00, 0x18,
	0x00, 0x2A, 0x00, 0x50, 0x00, 0x67, 0x00, 0x00, 0x01, 0x32, 0x17, 0x1E,
	0x01, 0x17, 0x16, 0x14, 0x07, 0x0E, 0x01, 0x07, 0x06, 0x22, 0x27, 0x2E,
	0x01, 0x27, 0x26, 0x34, 0x37, 0x3E, 0x01, 0x37, 0x36, 0x03, 0x16, 0x17,
	0x16, 0x32, 0x37, 0x36, 0x37, 0x35, 0x34, 0x27, 0x26, 0x2B, 0x01, 0x22,
	0x07, 0x06, 0x15, 0x05, 0x36, 0x37, 0x36, 0x35, 0x34, 0x27, 0x26, 0x27,
	0x26, 0x27, 0x26, 0x22, 0x07, 0x06, 0x07, 0x06, 0x07, 0x06, 0x15, 0x14,
	0x17, 0x16, 0x17, 0x35, 0x34, 0x37, 0x36, 0x37, 0x36, 0x3B, 0x01, 0x32,
	0x17, 0x16, 0x17, 0x16, 0x15, 0x01, 0x32, 0x17, 0x16, 0x17, 0x16, 0x15,
	0x14, 0x07, 0x06, 0x07, 0x06, 0x22, 0x27, 0x26, 0x27, 0x26, 0x35, 0x34,
	0x37, 0x36, 0x37, 0x36, 0x02, 0x00, 0x68, 0x5F, 0x5C, 0x8E, 0x27, 0x28,
	0x28, 0x27, 0x8E, 0x5C, 0x5F, 0xD0, 0x5F, 0x5C, 0x8E, 0x27, 0x28, 0x28,
	0x27, 0x8E, 0x5C, 0x5F, 0x18, 0x1E, 0x20, 0x21, 0x42, 0x21, 0x20, 0x1E,
	0x06, 0x07, 0x08, 0xD6, 0x08, 0x07, 0x06, 0x01, 0x80, 0x3C, 0x21, 0x23,
	0x1E, 0x1D, 0x36, 0x35, 0x45, 0x47, 0x9C, 0x47, 0x45, 0x35, 0x36, 0x1D,
	0x1E, 0x23, 0x21, 0x3C, 0x14, 0x14, 0x22, 0x23, 0x28, 0xD6, 0x28, 0x23,
	0x22, 0x14, 0x14, 0xFF, 0x00, 0x28, 0x23, 0x22, 0x14, 0x14, 0x14, 0x14,
	0x22, 0x23, 0x50, 0x23, 0x22, 0x14, 0x14, 0x14, 0x14, 0x22, 0x23, 0x03,
	0xC0, 0x28, 0x27, 0x8E, 0x5C, 0x5F, 0xD0, 0x5F, 0x5C, 0x8E, 0x27, 0x28,
	0x28, 0x27, 0x8E, 0x5C, 0x5F, 0xD0, 0x5F, 0x5C, 0x8E, 0x27, 0x28, 0xFC,
	0x96, 0x0B, 0x05, 0x06, 0x06, 0x05, 0x0B, 0x55, 0x08, 0x07, 0x06, 0x06,
	0x07, 0x08, 0x09, 0x36, 0x49, 0x4B, 0x54, 0x4E, 0x47, 0x45, 0x35, 0x36,
	0x1D, 0x1E, 0x1E, 0x1D, 0x36, 0x35, 0x45, 0x47, 0x4E, 0x54, 0x4B, 0x49,
	0x36, 0x09, 0x28, 0x23, 0x22, 0x14, 0x14, 0x14, 0x14, 0x22, 0x23, 0x28,
	0x02, 0x15, 0x14, 0x14, 0x22, 0x23, 0x28, 0x29, 0x23, 0x21, 0x14, 0x15,
	0x15, 0x14, 0x21, 0x23, 0x29, 0x28, 0x23, 0x22, 0x14, 0x14, 0x00, 0x00,
	0x00, 0x03, 0x00, 0x00, 0xFF, 0xC0, 0x04, 0x00, 0x03, 0xC0, 0x00, 0x33,
	0x00, 0x3F, 0x00, 0x4F, 0x00, 0x00, 0x01, 0x14, 0x06, 0x07, 0x06, 0x07,
	0x11, 0x23, 0x34, 0x27, 0x26, 0x27, 0x2E, 0x01, 0x2B, 0x01, 0x17, 0x16,
	0x06, 0x07, 0x0E, 0x01, 0x2B, 0x01, 0x03, 0x26, 0x27, 0x26, 0x27, 0x26,
	0x3D, 0x01, 0x34, 0x37, 0x36, 0x37, 0x36, 0x33, 0x21, 0x32, 0x36, 0x37,
	0x36, 0x37, 0x36, 0x35, 0x33, 0x11, 0x16, 0x17, 0x1E, 0x01, 0x25, 0x15,
	0x14, 0x17, 0x16, 0x3B, 0x01, 0x35, 0x23, 0x22, 0x07, 0x06, 0x05, 0x32,
	0x17, 0x16, 0x17, 0x16, 0x17, 0x11, 0x06, 0x07, 0x06, 0x07, 0x06, 0x2B,
	0x01, 0x15, 0x04, 0x00, 0x16, 0x14, 0x13, 0x18, 0x80, 0x1A, 0x19, 0x2A,
	0x29, 0x62, 0x2E, 0xAB, 0x61, 0x0C, 0x04, 0x11, 0x10, 0x34, 0x1E, 0x3C,
	0xAC, 0x22, 0x1B, 0x1C, 0x0F, 0x10, 0x14, 0x14, 0x22, 0x23, 0x28, 0x01,
	0x80, 0x2E, 0x62, 0x29, 0x2A, 0x19, 0x1A, 0x80, 0x18, 0x13, 0x14, 0x16,
	0xFC, 0x80, 0x06, 0x07, 0x08, 0x96, 0x96, 0x08, 0x07, 0x06, 0x01, 0x95,
	0x2D, 0x30, 0x32, 0x2E, 0x31, 0x28, 0x28, 0x31, 0x2E, 0x32, 0x30, 0x2D,
	0x6A, 0x02, 0x2B, 0x1A, 0x2C, 0x0F, 0x0F, 0x05, 0xFE, 0xD3, 0x21, 0x20,
	0x1E, 0x19, 0x17, 0x1C, 0xDB, 0x1B, 0x3C, 0x19, 0x19, 0x1C, 0x01, 0x83,
	0x07, 0x15, 0x15, 0x1E, 0x20, 0x23, 0xAB, 0x28, 0x23, 0x22, 0x14, 0x14,
	0x1C, 0x18, 0x18, 0x1E, 0x20, 0x21, 0xFE, 0xD3, 0x05, 0x0F, 0x0F, 0x2C,
	0x3C, 0xAB, 0x08, 0x07, 0x06, 0xD5, 0x06, 0x06, 0xC9, 0x0A, 0x0A, 0x14,
	0x14, 0x1B, 0x01, 0x84, 0x1C, 0x14, 0x13, 0x0A, 0x0B, 0xD5, 0x00, 0x00,
	0x00, 0x03, 0x00, 0x00, 0xFF, 0xC0, 0x04, 0x00, 0x03, 0xC0, 0x00, 0x37,
	0x00, 0x67, 0x00, 0x9C, 0x00, 0x00, 0x01, 0x11, 0x14, 0x07, 0x06, 0x07,
	0x06, 0x07, 0x06, 0x2B, 0x01, 0x22, 0x27, 0x26, 0x27, 0x26, 0x34, 0x37,
	0x36, 0x37, 0x36, 0x3B, 0x01, 0x32, 0x37, 0x36, 0x37, 0x36, 0x35, 0x11,
	0x34, 0x27, 0x26, 0x27, 0x26, 0x2B, 0x01, 0x22, 0x27, 0x26, 0x27, 0x26,
	0x34, 0x37, 0x36, 0x37, 0x36, 0x3B, 0x01, 0x32, 0x17, 0x16, 0x17, 0x16,
	0x17, 0x16, 0x01, 0x07, 0x0E, 0x01, 0x23, 0x22, 0x27, 0x26, 0x27, 0x26,
	0x27, 0x2E, 0x01, 0x3D, 0x01, 0x23, 0x22, 0x27, 0x26, 0x27, 0x26, 0x3D,
	0x01, 0x34, 0x37, 0x36, 0x37, 0x36, 0x3B, 0x01, 0x35, 0x34, 0x37, 0x36,
	0x37, 0x36, 0x37, 0x3E, 0x01, 0x33, 0x32, 0x16, 0x1F, 0x01, 0x1E, 0x01,
	0x14, 0x06, 0x2F, 0x01, 0x26, 0x27, 0x2A, 0x01, 0x23, 0x06, 0x23, 0x07,
	0x06, 0x1D, 0x01, 0x14, 0x07, 0x06, 0x07, 0x06, 0x2B, 0x01, 0x22, 0x07,
	0x06, 0x1D, 0x01, 0x14, 0x17, 0x16, 0x3B, 0x01, 0x32, 0x17, 0x1E, 0x01,
	0x1D, 0x01, 0x14, 0x17, 0x16, 0x32, 0x33, 0x16, 0x32, 0x33, 0x36, 0x3F,
	0x01, 0x36, 0x37, 0x36, 0x34, 0x27, 0x26, 0x04, 0x00, 0x0F, 0x0F, 0x1A,
	0x1B, 0x22, 0x24, 0x27, 0x80, 0x11, 0x0F, 0x0F, 0x08, 0x09, 0x09, 0x08,
	0x0F, 0x0F, 0x11, 0x80, 0x11, 0x0F, 0x0F, 0x08, 0x09, 0x09, 0x08, 0x0F,
	0x0F, 0x11, 0x80, 0x11, 0x0F, 0x0F, 0x08, 0x09, 0x09, 0x08, 0x0F, 0x0F,
	0x11, 0x80, 0x27, 0x24, 0x22, 0x1B, 0x1A, 0x0F, 0x0F, 0xFE, 0xF9, 0xE2,
	0x13, 0x32, 0x1B, 0x0E, 0x0E, 0x0E, 0x0D, 0x1A, 0x14, 0x13, 0x14, 0x96,
	0x28, 0x23, 0x22, 0x14, 0x14, 0x14, 0x14, 0x22, 0x23, 0x28, 0x96, 0x0A,
	0x0B, 0x13, 0x13, 0x1A, 0x0D, 0x1C, 0x0E, 0x1B, 0x32, 0x13, 0xE2, 0x18,
	0x1A, 0x1A, 0x72, 0xE2, 0x01, 0x02, 0x01, 0x04, 0x02, 0x01, 0x02, 0x02,
	0x03, 0x09, 0x09, 0x0E, 0x0F, 0x11, 0xD6, 0x08, 0x07, 0x06, 0x06, 0x07,
	0x08, 0xD6, 0x11, 0x0F, 0x0E, 0x12, 0x02, 0x03, 0x02, 0x01, 0x02, 0x04,
	0x01, 0x02, 0x01, 0xE2, 0x06, 0x03, 0x03, 0x03, 0x03, 0x03, 0x00, 0xFD,
	0x80, 0x27, 0x24, 0x22, 0x1B, 0x1A, 0x0F, 0x0F, 0x09, 0x08, 0x0F, 0x0F,
	0x22, 0x0F, 0x0F, 0x08, 0x09, 0x09, 0x08, 0x0F, 0x0F, 0x11, 0x02, 0x80,
	0x11, 0x0F, 0x0F, 0x08, 0x09, 0x09, 0x08, 0x0F, 0x0F, 0x22, 0x0F, 0x0F,
	0x08, 0x09, 0x0F, 0x0F, 0x1A, 0x1B, 0x22, 0x24, 0xFE, 0x21, 0xE1, 0x13,
	0x14, 0x03, 0x02, 0x06, 0x0B, 0x12, 0x13, 0x30, 0x1B, 0x25, 0x14, 0x14,
	0x22, 0x23, 0x28, 0x80, 0x28, 0x23, 0x22, 0x14, 0x14, 0x25, 0x1B, 0x18,
	0x18, 0x13, 0x12, 0x0B, 0x05, 0x06, 0x14, 0x14, 0xE0, 0x19, 0x3E, 0x42,
	0x3E, 0x7C, 0xE1, 0x01, 0x01, 0x01, 0x02, 0x02, 0x01, 0x65, 0x11, 0x0F,
	0x0E, 0x09, 0x09, 0x06, 0x06, 0x09, 0x80, 0x09, 0x06, 0x06, 0x09, 0x08,
	0x1E, 0x11, 0x65, 0x01, 0x02, 0x02, 0x01, 0x01, 0x01, 0xE1, 0x06, 0x08,
	0x07, 0x10, 0x08, 0x07, 0x00, 0x04, 0x00, 0x09, 0xFF, 0xC0, 0x03, 0xE2,
	0x03, 0xC1, 0x00, 0x7A, 0x00, 0x8F, 0x01, 0x09, 0x01, 0x1E, 0x00, 0x00,
	0x01, 0x27, 0x06, 0x07, 0x06, 0x07, 0x15, 0x14, 0x07, 0x06, 0x07, 0x06,
	0x23, 0x22, 0x27, 0x2E, 0x01, 0x3D, 0x01, 0x26, 0x27, 0x26, 0x27, 0x07,
	0x06, 0x07, 0x06, 0x23, 0x22, 0x27, 0x26, 0x27, 0x2E, 0x01, 0x35, 0x34,
	0x37, 0x36, 0x3F, 0x01, 0x26, 0x27, 0x26, 0x34, 0x37, 0x36, 0x37, 0x27,
	0x26, 0x27, 0x26, 0x35, 0x34, 0x37, 0x36, 0x37, 0x36, 0x37, 0x36, 0x37,
	0x32, 0x1F, 0x01, 0x36, 0x37, 0x36, 0x37, 0x35, 0x34, 0x37, 0x36, 0x37,
	0x36, 0x33, 0x32, 0x17, 0x16, 0x17, 0x16, 0x1D, 0x01, 0x16, 0x17, 0x16,
	0x17, 0x37, 0x36, 0x17, 0x32, 0x17, 0x16, 0x17, 0x16, 0x17, 0x16, 0x15,
	0x14, 0x07, 0x06, 0x0F, 0x01, 0x16, 0x17, 0x16, 0x15, 0x14, 0x07, 0x06,
	0x07, 0x17, 0x16, 0x17, 0x16, 0x15, 0x14, 0x06, 0x07, 0x06, 0x07, 0x06,
	0x23, 0x22, 0x26, 0x27, 0x32, 0x37, 0x36, 0x37, 0x36, 0x34, 0x27, 0x26,
	0x27, 0x26, 0x22, 0x07, 0x06, 0x07, 0x06, 0x14, 0x17, 0x16, 0x17, 0x16,
	0x01, 0x16, 0x17, 0x16, 0x15, 0x14, 0x07, 0x06, 0x07, 0x06, 0x07, 0x06,
	0x23, 0x22, 0x26, 0x2F, 0x01, 0x06, 0x07, 0x06, 0x07, 0x15, 0x14, 0x07,
	0x06, 0x07, 0x06, 0x23, 0x22, 0x27, 0x26, 0x27, 0x26, 0x3D, 0x01, 0x26,
	0x27, 0x26, 0x27, 0x07, 0x06, 0x07, 0x06, 0x23, 0x22, 0x27, 0x26, 0x27,
	0x2E, 0x01, 0x35, 0x34, 0x37, 0x36, 0x3F, 0x01, 0x26, 0x27, 0x26, 0x35,
	0x34, 0x37, 0x36, 0x37, 0x27, 0x26, 0x27, 0x26, 0x35, 0x34, 0x36, 0x37,
	0x36, 0x37, 0x36, 0x33, 0x32, 0x1F, 0x01, 0x36, 0x37, 0x36, 0x37, 0x35,
	0x34, 0x37, 0x36, 0x37, 0x36, 0x33, 0x32, 0x17, 0x16, 0x17, 0x16, 0x1D,
	0x01, 0x16, 0x17, 0x16, 0x17, 0x37, 0x36, 0x33, 0x16, 0x17, 0x16, 0x17,
	0x1E, 0x01, 0x15, 0x14, 0x07, 0x06, 0x0F, 0x01, 0x16, 0x17, 0x16, 0x14,
	0x06, 0x0F, 0x01, 0x32, 0x37, 0x36, 0x37, 0x36, 0x34, 0x27, 0x26, 0x27,
	0x26, 0x22, 0x07, 0x06, 0x07, 0x06, 0x14, 0x17, 0x16, 0x17, 0x16, 0x01,
	0xC3, 0x1C, 0x11, 0x15, 0x14, 0x18, 0x08, 0x09, 0x0E, 0x0F, 0x12, 0x11,
	0x0F, 0x0E, 0x12, 0x17, 0x15, 0x14, 0x12, 0x1B, 0x08, 0x08, 0x07, 0x08,
	0x11, 0x0F, 0x10, 0x08, 0x04, 0x04, 0x08, 0x09, 0x0F, 0x1C, 0x02, 0x01,
	0x02, 0x01, 0x02, 0x02, 0x1C, 0x0F, 0x09, 0x08, 0x02, 0x02, 0x04, 0x08,
	0x0F, 0x0E, 0x11, 0x12, 0x0F, 0x1B, 0x12, 0x14, 0x15, 0x17, 0x09, 0x09,
	0x0E, 0x0F, 0x11, 0x12, 0x0F, 0x0E, 0x09, 0x08, 0x18, 0x14, 0x15, 0x11,
	0x1C, 0x0F, 0x11, 0x11, 0x0F, 0x0F, 0x08, 0x04, 0x02, 0x02, 0x08, 0x09,
	0x10, 0x1B, 0x02, 0x01, 0x01, 0x01, 0x01, 0x02, 0x1B, 0x10, 0x09, 0x08,
	0x04, 0x04, 0x08, 0x10, 0x0F, 0x11, 0x08, 0x10, 0xB5, 0x17, 0x14, 0x14,
	0x0B, 0x0C, 0x0C, 0x0B, 0x14, 0x14, 0x2E, 0x14, 0x13, 0x0B, 0x0C, 0x0C,
	0x0B, 0x13, 0x14, 0x02, 0xC3, 0x10, 0x09, 0x08, 0x02, 0x02, 0x04, 0x08,
	0x10, 0x0F, 0x11, 0x08, 0x10, 0x07, 0x1C, 0x11, 0x15, 0x14, 0x18, 0x08,
	0x09, 0x0E, 0x0F, 0x12, 0x11, 0x0F, 0x0E, 0x09, 0x09, 0x17, 0x15, 0x14,
	0x12, 0x1B, 0x08, 0x08, 0x07, 0x08, 0x11, 0x0F, 0x10, 0x08, 0x04, 0x04,
	0x08, 0x09, 0x0F, 0x1C, 0x02, 0x01, 0x02, 0x01, 0x02, 0x02, 0x1C, 0x0F,
	0x09, 0x08, 0x04, 0x04, 0x08, 0x0F, 0x0E, 0x11, 0x12, 0x0F, 0x1B, 0x12,
	0x14, 0x15, 0x17, 0x09, 0x09, 0x0E, 0x0F, 0x11, 0x12, 0x0F, 0x0E, 0x09,
	0x08, 0x18, 0x14, 0x15, 0x11, 0x1C, 0x0F, 0x11, 0x11, 0x0F, 0x0F, 0x08,
	0x04, 0x04, 0x08, 0x09, 0x10, 0x1B, 0x02, 0x01, 0x01, 0x02, 0x02, 0xD1,
	0x17, 0x14, 0x14, 0x0B, 0x0C, 0x0C, 0x0B, 0x14, 0x14, 0x2E, 0x14, 0x13,
	0x0B, 0x0C, 0x0C, 0x0B, 0x13, 0x14, 0x01, 0xEB, 0x0F, 0x10, 0x0C, 0x0C,
	0x07, 0x21, 0x11, 0x0F, 0x0F, 0x08, 0x09, 0x09, 0x08, 0x1E, 0x11, 0x21,
	0x07, 0x0C, 0x0C, 0x10, 0x0F, 0x04, 0x02, 0x02, 0x09, 0x08, 0x10, 0x07,
	0x10, 0x08, 0x11, 0x0F, 0x0F, 0x09, 0x0F, 0x0B, 0x0B, 0x0B, 0x16, 0x0B,
	0x0B, 0x0A, 0x10, 0x08, 0x0F, 0x0F, 0x11, 0x09, 0x07, 0x08, 0x08, 0x0F,
	0x09, 0x08, 0x01, 0x09, 0x0F, 0x10, 0x0C, 0x0C, 0x08, 0x20, 0x12, 0x0F,
	0x0E, 0x09, 0x08, 0x08, 0x09, 0x0E, 0x0F, 0x12, 0x20, 0x08, 0x0C, 0x0C,
	0x10, 0x0F, 0x09, 0x01, 0x08, 0x09, 0x0F, 0x08, 0x08, 0x07, 0x08, 0x11,
	0x0F, 0x10, 0x08, 0x10, 0x0B, 0x0A, 0x0C, 0x0A, 0x0C, 0x0A, 0x0B, 0x0B,
	0x0F, 0x09, 0x0F, 0x0F, 0x11, 0x08, 0x10, 0x07, 0x10, 0x08, 0x09, 0x04,
	0x59, 0x0C, 0x0B, 0x13, 0x14, 0x2E, 0x14, 0x14, 0x0B, 0x0C, 0x0C, 0x0B,
	0x14, 0x14, 0x2E, 0x14, 0x13, 0x0B, 0x0C, 0xFE, 0x70, 0x08, 0x10, 0x0E,
	0x12, 0x08, 0x07, 0x09, 0x07, 0x0F, 0x09, 0x09, 0x04, 0x04, 0x10, 0x10,
	0x0D, 0x0C, 0x07, 0x20, 0x12, 0x0F, 0x0E, 0x09, 0x08, 0x08, 0x09, 0x0E,
	0x0F, 0x12, 0x20, 0x07, 0x0C, 0x0D, 0x10, 0x10, 0x04, 0x02, 0x02, 0x09,
	0x09, 0x0F, 0x07, 0x10, 0x08, 0x11, 0x0F, 0x10, 0x08, 0x10, 0x0B, 0x0A,
	0x0B, 0x0B, 0x0C, 0x0A, 0x0B, 0x0B, 0x0F, 0x09, 0x0F, 0x0F, 0x11, 0x08,
	0x10, 0x07, 0x0F, 0x09, 0x09, 0x08, 0x10, 0x11, 0x0C, 0x0C, 0x07, 0x21,
	0x11, 0x0F, 0x0E, 0x09, 0x09, 0x09, 0x09, 0x0E, 0x0F, 0x11, 0x21, 0x07,
	0x0C, 0x0C, 0x11, 0x10, 0x08, 0x01, 0x08, 0x09, 0x0F, 0x07, 0x10, 0x08,
	0x11, 0x0F, 0x0F, 0x09, 0x0F, 0x0C, 0x0A, 0x0B, 0x16, 0x16, 0x0A, 0x2B,
	0x0C, 0x0B, 0x14, 0x14, 0x2E, 0x14, 0x13, 0x0B, 0x0C, 0x0C, 0x0B, 0x13,
	0x14, 0x2E, 0x14, 0x14, 0x0B, 0x0C, 0x00, 0x00, 0x00, 0x02, 0x00, 0x2B,
	0xFF, 0xC0, 0x03, 0xD5, 0x03, 0xC0, 0x00, 0x4F, 0x00, 0x9E, 0x00, 0x00,
	0x01, 0x14, 0x07, 0x06, 0x0F, 0x01, 0x06, 0x07, 0x06, 0x1D, 0x01, 0x14,
	0x07, 0x06, 0x07, 0x06, 0x07, 0x06, 0x23, 0x22, 0x27, 0x26, 0x27, 0x26,
	0x34, 0x37, 0x36, 0x37, 0x36, 0x33, 0x32, 0x37, 0x36, 0x37, 0x36, 0x3D,
	0x01, 0x34, 0x36, 0x3F, 0x01, 0x27, 0x2E, 0x01, 0x3D, 0x01, 0x34, 0x27,
	0x26, 0x27, 0x26, 0x23, 0x22, 0x27, 0x26, 0x27, 0x26, 0x34, 0x37, 0x36,
	0x37, 0x36, 0x33, 0x32, 0x17, 0x16, 0x17, 0x16, 0x17, 0x16, 0x1D, 0x01,
	0x14, 0x17, 0x16, 0x1F, 0x01, 0x16, 0x17, 0x16, 0x25, 0x14, 0x06, 0x0F,
	0x01, 0x17, 0x1E, 0x01, 0x1D, 0x01, 0x14, 0x17, 0x16, 0x17, 0x16, 0x33,
	0x32, 0x17, 0x16, 0x17, 0x16, 0x14, 0x07, 0x06, 0x07, 0x06, 0x23, 0x22,
	0x27, 0x26, 0x27, 0x26, 0x27, 0x26, 0x3D, 0x01, 0x34, 0x27, 0x26, 0x2F,
	0x01, 0x26, 0x27, 0x26, 0x34, 0x37, 0x36, 0x3F, 0x01, 0x36, 0x37, 0x36,
	0x3D, 0x01, 0x34, 0x37, 0x36, 0x37, 0x36, 0x37, 0x36, 0x33, 0x32, 0x17,
	0x16, 0x17, 0x16, 0x14, 0x07, 0x06, 0x07, 0x06, 0x23, 0x22, 0x07, 0x06,
	0x07, 0x06, 0x15, 0x03, 0xD5, 0x05, 0x04, 0x09, 0x4F, 0x0F, 0x08, 0x08,
	0x12, 0x12, 0x21, 0x20, 0x2A, 0x2C, 0x2F, 0x12, 0x0F, 0x0E, 0x09, 0x08,
	0x08, 0x09, 0x0E, 0x0F, 0x12, 0x1D, 0x18, 0x19, 0x0E, 0x0E, 0x24, 0x21,
	0x21, 0x21, 0x21, 0x24, 0x0E, 0x0E, 0x19, 0x18, 0x1D, 0x12, 0x0F, 0x0E,
	0x09, 0x08, 0x08, 0x09, 0x0E, 0x0F, 0x12, 0x2F, 0x2C, 0x2A, 0x20, 0x21,
	0x12, 0x12, 0x08, 0x08, 0x0F, 0x4F, 0x09, 0x04, 0x05, 0xFD, 0x56, 0x24,
	0x21, 0x21, 0x21, 0x21, 0x24, 0x0E, 0x0E, 0x19, 0x18, 0x1D, 0x12, 0x0F,
	0x0E, 0x09, 0x08, 0x08, 0x09, 0x0E, 0x0F, 0x12, 0x2F, 0x2C, 0x2A, 0x20,
	0x21, 0x12, 0x12, 0x08, 0x08, 0x0F, 0x4F, 0x09, 0x04, 0x05, 0x05, 0x04,
	0x09, 0x4F, 0x0F, 0x08, 0x08, 0x12, 0x12, 0x21, 0x20, 0x2A, 0x2C, 0x2F,
	0x12, 0x0F, 0x0E, 0x09, 0x08, 0x08, 0x09, 0x0E, 0x0F, 0x12, 0x1D, 0x18,
	0x19, 0x0E, 0x0E, 0x01, 0xC0, 0x0D, 0x0C, 0x0B, 0x09, 0x4E, 0x0F, 0x14,
	0x13, 0x16, 0x4E, 0x30, 0x2C, 0x2A, 0x20, 0x21, 0x12, 0x12, 0x09, 0x08,
	0x0F, 0x0F, 0x22, 0x0F, 0x0F, 0x08, 0x09, 0x0F, 0x0E, 0x18, 0x19, 0x1D,
	0x4E, 0x2F, 0x56, 0x21, 0x21, 0x21, 0x21, 0x56, 0x2F, 0x4E, 0x1D, 0x19,
	0x18, 0x0E, 0x0F, 0x09, 0x08, 0x0F, 0x0F, 0x22, 0x0F, 0x0F, 0x08, 0x09,
	0x12, 0x12, 0x21, 0x20, 0x2A, 0x2C, 0x30, 0x4E, 0x16, 0x13, 0x14, 0x0F,
	0x4E, 0x09, 0x0B, 0x0C, 0xBA, 0x2F, 0x56, 0x21, 0x21, 0x21, 0x21, 0x56,
	0x2F, 0x4E, 0x1D, 0x19, 0x18, 0x0E, 0x0F, 0x09, 0x08, 0x0F, 0x0F, 0x22,
	0x0F, 0x0F, 0x08, 0x09, 0x12, 0x12, 0x21, 0x20, 0x2A, 0x2C, 0x30, 0x4E,
	0x16, 0x13, 0x14, 0x0F, 0x4E, 0x09, 0x0B, 0x0C, 0x1A, 0x0C, 0x0B, 0x09,
	0x4E, 0x0F, 0x14, 0x13, 0x16, 0x4E, 0x30, 0x2C, 0x2A, 0x20, 0x21, 0x12,
	0x12, 0x09, 0x08, 0x0F, 0x0F, 0x22, 0x0F, 0x0F, 0x08, 0x09, 0x0F, 0x0E,
	0x18, 0x19, 0x1D, 0x00, 0x00, 0x03, 0x00, 0x00, 0xFF, 0xC0, 0x04, 0x00,
	0x03, 0xC0, 0x00, 0x31, 0x00, 0x67, 0x00, 0x9F, 0x00, 0x00, 0x01, 0x32,
	0x17, 0x16, 0x17, 0x16, 0x17, 0x16, 0x14, 0x07, 0x06, 0x07, 0x06, 0x07,
	0x06, 0x23, 0x22, 0x27, 0x2E, 0x01, 0x27, 0x0E, 0x01, 0x07, 0x06, 0x23,
	0x22, 0x27, 0x26, 0x27, 0x26, 0x27, 0x26, 0x34, 0x37, 0x36, 0x37, 0x36,
	0x37, 0x36, 0x33, 0x32, 0x17, 0x1E, 0x01, 0x17, 0x3E, 0x01, 0x37, 0x36,
	0x01, 0x32, 0x37, 0x36, 0x37, 0x36, 0x37, 0x36, 0x37, 0x36, 0x34, 0x27,
	0x26, 0x27, 0x26, 0x27, 0x26, 0x27, 0x26, 0x22, 0x07, 0x06, 0x07, 0x06,
	0x07, 0x06, 0x07, 0x06, 0x15, 0x14, 0x15, 0x36, 0x37, 0x36, 0x33, 0x32,
	0x17, 0x16, 0x17, 0x16, 0x14, 0x07, 0x06, 0x07, 0x06, 0x23, 0x22, 0x27,
	0x26, 0x27, 0x16, 0x17, 0x1E, 0x01, 0x25, 0x16, 0x17, 0x16, 0x17, 0x16,
	0x33, 0x32, 0x37, 0x36, 0x37, 0x36, 0x37, 0x36, 0x37, 0x36, 0x34, 0x27,
	0x26, 0x27, 0x26, 0x27, 0x26, 0x27, 0x26, 0x22, 0x07, 0x06, 0x07, 0x06,
	0x07, 0x06, 0x07, 0x06, 0x15, 0x14, 0x15, 0x14, 0x17, 0x3E, 0x01, 0x33,
	0x32, 0x17, 0x16, 0x17, 0x16, 0x14, 0x07, 0x06, 0x07, 0x06, 0x23, 0x22,
	0x27, 0x26, 0x02, 0xE0, 0x3D, 0x35, 0x34, 0x28, 0x27, 0x15, 0x16, 0x16,
	0x15, 0x27, 0x28, 0x34, 0x35, 0x3D, 0x2E, 0x2A, 0x28, 0x46, 0x1A, 0x1A,
	0x46, 0x28, 0x2A, 0x2E, 0x3D, 0x35, 0x34, 0x28, 0x27, 0x15, 0x16, 0x16,
	0x15, 0x27, 0x28, 0x34, 0x35, 0x3D, 0x2E, 0x2A, 0x28, 0x46, 0x1A, 0x1A,
	0x46, 0x28, 0x2A, 0xFE, 0x6E, 0x14, 0x16, 0x17, 0x14, 0x16, 0x10, 0x11,
	0x0A, 0x0A, 0x0A, 0x0A, 0x11, 0x10, 0x16, 0x14, 0x17, 0x16, 0x28, 0x16,
	0x17, 0x14, 0x16, 0x10, 0x11, 0x0A, 0x0A, 0x0E, 0x10, 0x10, 0x12, 0x1D,
	0x19, 0x18, 0x0E, 0x0F, 0x0F, 0x0E, 0x18, 0x19, 0x1D, 0x0A, 0x09, 0x09,
	0x09, 0x10, 0x17, 0x16, 0x32, 0x01, 0x4D, 0x10, 0x18, 0x16, 0x1A, 0x1A,
	0x17, 0x14, 0x16, 0x17, 0x14, 0x16, 0x10, 0x11, 0x0A, 0x0A, 0x0A, 0x0A,
	0x11, 0x10, 0x16, 0x14, 0x17, 0x16, 0x28, 0x16, 0x17, 0x14, 0x16, 0x10,
	0x11, 0x0A, 0x0A, 0x01, 0x0F, 0x2C, 0x1A, 0x1D, 0x18, 0x18, 0x0F, 0x0E,
	0x0F, 0x0E, 0x18, 0x19, 0x1D, 0x11, 0x10, 0x0F, 0x03, 0xC0, 0x27, 0x26,
	0x46, 0x45, 0x5D, 0x5F, 0xD8, 0x5F, 0x5D, 0x45, 0x46, 0x26, 0x27, 0x16,
	0x16, 0x52, 0x39, 0x39, 0x52, 0x16, 0x16, 0x27, 0x26, 0x46, 0x45, 0x5D,
	0x5F, 0xD8, 0x5F, 0x5D, 0x45, 0x46, 0x26, 0x27, 0x16, 0x16, 0x52, 0x39,
	0x39, 0x52, 0x16, 0x16, 0xFC, 0x80, 0x11, 0x11, 0x21, 0x22, 0x2D, 0x31,
	0x3A, 0x3E, 0x8A, 0x3E, 0x3A, 0x31, 0x2D, 0x22, 0x21, 0x11, 0x11, 0x11,
	0x11, 0x21, 0x22, 0x2D, 0x31, 0x3A, 0x3E, 0x45, 0x0B, 0x0A, 0x0A, 0x05,
	0x06, 0x0F, 0x0E, 0x18, 0x19, 0x3A, 0x19, 0x18, 0x0E, 0x0E, 0x01, 0x02,
	0x03, 0x36, 0x2A, 0x27, 0x2A, 0xBF, 0x3B, 0x2D, 0x29, 0x18, 0x16, 0x11,
	0x11, 0x21, 0x22, 0x2D, 0x31, 0x3A, 0x3E, 0x8A, 0x3E, 0x3A, 0x31, 0x2D,
	0x22, 0x21, 0x11, 0x11, 0x11, 0x11, 0x21, 0x22, 0x2D, 0x31, 0x3A, 0x3E,
	0x45, 0x0A, 0x0B, 0x0A, 0x0A, 0x13, 0x16, 0x0F, 0x0E, 0x18, 0x19, 0x3A,
	0x19, 0x18, 0x0E, 0x0E, 0x05, 0x05, 0x00, 0x00, 0x00, 0x04, 0x00, 0x00,
	0xFF, 0xC0, 0x04, 0x00, 0x03, 0xC0, 0x00, 0x1C, 0x00, 0x31, 0x00, 0x65,
	0x00, 0x83, 0x00, 0x00, 0x01, 0x22, 0x27, 0x26, 0x27, 0x26, 0x27, 0x26,
	0x34, 0x37, 0x36, 0x37, 0x36, 0x37, 0x36, 0x32, 0x17, 0x16, 0x17, 0x16,
	0x17, 0x16, 0x14, 0x07, 0x06, 0x07, 0x06, 0x07, 0x06, 0x03, 0x22, 0x07,
	0x06, 0x07, 0x06, 0x14, 0x17, 0x16, 0x17, 0x16, 0x32, 0x37, 0x36, 0x37,
	0x36, 0x34, 0x27, 0x26, 0x27, 0x26, 0x13, 0x26, 0x27, 0x26, 0x23, 0x22,
	0x07, 0x06, 0x07, 0x06, 0x07, 0x06, 0x07, 0x06, 0x07, 0x0E, 0x01, 0x23,
	0x2A, 0x01, 0x23, 0x26, 0x27, 0x2E, 0x01, 0x35, 0x3C, 0x01, 0x35, 0x36,
	0x37, 0x36, 0x37, 0x36, 0x37, 0x36, 0x33, 0x32, 0x17, 0x16, 0x17, 0x1E,
	0x01, 0x15, 0x14, 0x07, 0x06, 0x07, 0x0E, 0x01, 0x07, 0x06, 0x25, 0x01,
	0x0E, 0x01, 0x2B, 0x01, 0x22, 0x27, 0x26, 0x3D, 0x01, 0x34, 0x36, 0x37,
	0x01, 0x36, 0x37, 0x36, 0x33, 0x32, 0x17, 0x16, 0x17, 0x16, 0x17, 0x16,
	0x15, 0x14, 0x07, 0x06, 0x01, 0x80, 0x34, 0x30, 0x2D, 0x24, 0x23, 0x14,
	0x14, 0x14, 0x14, 0x23, 0x24, 0x2D, 0x30, 0x68, 0x30, 0x2D, 0x24, 0x23,
	0x14, 0x14, 0x14, 0x14, 0x23, 0x24, 0x2D, 0x30, 0x34, 0x23, 0x1E, 0x1D,
	0x10, 0x12, 0x12, 0x10, 0x1D, 0x1E, 0x46, 0x1E, 0x1D, 0x10, 0x12, 0x12,
	0x10, 0x1D, 0x1E, 0x32, 0x14, 0x16, 0x15, 0x16, 0x32, 0x2E, 0x2C, 0x23,
	0x24, 0x14, 0x16, 0x03, 0x01, 0x09, 0x09, 0x1C, 0x11, 0x01, 0x02, 0x01,
	0x11, 0x0E, 0x0D, 0x10, 0x05, 0x20, 0x20, 0x34, 0x35, 0x43, 0x45, 0x4A,
	0x21, 0x20, 0x20, 0x1F, 0x13, 0x18, 0x01, 0x01, 0x02, 0x06, 0x1A, 0x10,
	0x11, 0x01, 0xFA, 0xFE, 0xE2, 0x1A, 0x44, 0x25, 0x29, 0x08, 0x07, 0x06,
	0x1C, 0x1A, 0x01, 0x23, 0x0E, 0x12, 0x12, 0x13, 0x16, 0x13, 0x15, 0x0E,
	0x0B, 0x05, 0x05, 0x08, 0x08, 0x01, 0xC0, 0x14, 0x14, 0x23, 0x24, 0x2D,
	0x30, 0x68, 0x30, 0x2D, 0x24, 0x23, 0x14, 0x14, 0x14, 0x14, 0x23, 0x24,
	0x2D, 0x30, 0x68, 0x30, 0x2D, 0x24, 0x23, 0x14, 0x14, 0x01, 0x80, 0x12,
	0x10, 0x1D, 0x1E, 0x46, 0x1E, 0x1D, 0x10, 0x12, 0x12, 0x10, 0x1D, 0x1E,
	0x46, 0x1E, 0x1D, 0x10, 0x12, 0xFD, 0x9C, 0x07, 0x04, 0x04, 0x13, 0x12,
	0x21, 0x20, 0x2B, 0x2D, 0x31, 0x11, 0x0E, 0x0D, 0x10, 0x01, 0x09, 0x09,
	0x1C, 0x11, 0x01, 0x02, 0x01, 0x4A, 0x43, 0x41, 0x31, 0x31, 0x1B, 0x1C,
	0x06, 0x05, 0x0B, 0x07, 0x22, 0x14, 0x05, 0x05, 0x06, 0x05, 0x10, 0x16,
	0x03, 0x04, 0x3F, 0xFE, 0xE1, 0x1A, 0x1C, 0x06, 0x07, 0x08, 0x29, 0x25,
	0x44, 0x1A, 0x01, 0x22, 0x0E, 0x08, 0x07, 0x09, 0x0A, 0x11, 0x0D, 0x10,
	0x0E, 0x11, 0x15, 0x13, 0x14, 0x00, 0x00, 0x00, 0x00, 0x05, 0x00, 0x00,
	0xFF, 0xC0, 0x03, 0xF5, 0x03, 0xC0, 0x00, 0x1C, 0x00, 0x31, 0x00, 0x5E,
	0x00, 0xD6, 0x00, 0xEE, 0x00, 0x00, 0x01, 0x14, 0x07, 0x06, 0x07, 0x06,
	0x07, 0x06, 0x22, 0x27, 0x26, 0x27, 0x26, 0x27, 0x26, 0x34, 0x37, 0x36,
	0x37, 0x36, 0x37, 0x36, 0x32, 0x17, 0x16, 0x17, 0x16, 0x17, 0x16, 0x05,
	0x32, 0x37, 0x36, 0x37, 0x36, 0x34, 0x27, 0x26, 0x27, 0x26, 0x22, 0x07,
	0x06, 0x07, 0x06, 0x14, 0x17, 0x16, 0x17, 0x16, 0x13, 0x16, 0x14, 0x15,
	0x14, 0x07, 0x06, 0x07, 0x06, 0x07, 0x06, 0x07, 0x06, 0x07, 0x06, 0x07,
	0x06, 0x15, 0x14, 0x07, 0x06, 0x07, 0x06, 0x22, 0x27, 0x26, 0x27, 0x26,
	0x35, 0x34, 0x37, 0x3E, 0x01, 0x37, 0x36, 0x37, 0x32, 0x37, 0x32, 0x33,
	0x32, 0x17, 0x16, 0x17, 0x16, 0x05, 0x16, 0x17, 0x16, 0x15, 0x14, 0x07,
	0x06, 0x07, 0x06, 0x07, 0x06, 0x23, 0x22, 0x26, 0x2F, 0x01, 0x06, 0x07,
	0x06, 0x07, 0x15, 0x14, 0x06, 0x07, 0x06, 0x23, 0x22, 0x27, 0x26, 0x27,
	0x26, 0x3D, 0x01, 0x26, 0x27, 0x26, 0x27, 0x07, 0x0E, 0x01, 0x23, 0x22,
	0x26, 0x27, 0x26, 0x27, 0x26, 0x35, 0x34, 0x37, 0x36, 0x3F, 0x01, 0x26,
	0x27, 0x26, 0x34, 0x37, 0x36, 0x37, 0x27, 0x26, 0x27, 0x26, 0x35, 0x34,
	0x37, 0x36, 0x37, 0x36, 0x37, 0x36, 0x32, 0x1F, 0x01, 0x3E, 0x01, 0x37,
	0x35, 0x34, 0x37, 0x36, 0x37, 0x36, 0x33, 0x32, 0x17, 0x16, 0x17, 0x16,
	0x1D, 0x01, 0x16, 0x17, 0x16, 0x17, 0x37, 0x36, 0x33, 0x32, 0x17, 0x16,
	0x17, 0x16, 0x17, 0x16, 0x15, 0x14, 0x07, 0x06, 0x0F, 0x01, 0x16, 0x17,
	0x16, 0x14, 0x07, 0x06, 0x0F, 0x01, 0x32, 0x37, 0x36, 0x37, 0x36, 0x35,
	0x34, 0x27, 0x26, 0x27, 0x26, 0x23, 0x22, 0x07, 0x06, 0x07, 0x06, 0x15,
	0x14, 0x17, 0x16, 0x17, 0x16, 0x02, 0x80, 0x14, 0x14, 0x23, 0x24, 0x2D,
	0x30, 0x68, 0x30, 0x2D, 0x24, 0x23, 0x14, 0x14, 0x14, 0x14, 0x23, 0x24,
	0x2D, 0x30, 0x68, 0x30, 0x2D, 0x24, 0x23, 0x14, 0x14, 0xFF, 0x00, 0x23,
	0x1E, 0x1D, 0x10, 0x12, 0x12, 0x10, 0x1D, 0x1E, 0x46, 0x1E, 0x1D, 0x10,
	0x12, 0x12, 0x10, 0x1D, 0x1E, 0x22, 0x01, 0x07, 0x08, 0x0C, 0x0D, 0x10,
	0x29, 0x26, 0x24, 0x1B, 0x1C, 0x0F, 0x0F, 0x09, 0x08, 0x0F, 0x0F, 0x22,
	0x0F, 0x0F, 0x08, 0x09, 0x18, 0x17, 0x56, 0x38, 0x3A, 0x41, 0x02, 0x02,
	0x02, 0x02, 0x10, 0x0E, 0x0D, 0x09, 0x09, 0x02, 0x58, 0x0F, 0x09, 0x08,
	0x02, 0x03, 0x04, 0x09, 0x0F, 0x0E, 0x11, 0x09, 0x10, 0x08, 0x1B, 0x11,
	0x14, 0x13, 0x16, 0x12, 0x0E, 0x0F, 0x11, 0x12, 0x0F, 0x0E, 0x09, 0x08,
	0x16, 0x14, 0x14, 0x10, 0x1C, 0x08, 0x10, 0x09, 0x10, 0x1E, 0x09, 0x04,
	0x02, 0x03, 0x09, 0x08, 0x0F, 0x1B, 0x03, 0x01, 0x02, 0x02, 0x01, 0x03,
	0x1B, 0x0F, 0x08, 0x09, 0x03, 0x02, 0x04, 0x09, 0x0F, 0x0F, 0x22, 0x0F,
	0x1C, 0x10, 0x28, 0x16, 0x08, 0x09, 0x0E, 0x0F, 0x12, 0x11, 0x0F, 0x0E,
	0x09, 0x09, 0x16, 0x13, 0x14, 0x11, 0x1B, 0x0F, 0x12, 0x10, 0x0F, 0x0F,
	0x09, 0x04, 0x03, 0x02, 0x08, 0x09, 0x0F, 0x1B, 0x03, 0x01, 0x02, 0x02,
	0x01, 0x03, 0xCF, 0x11, 0x0F, 0x0E, 0x09, 0x09, 0x09, 0x09, 0x0E, 0x0F,
	0x11, 0x12, 0x0F, 0x0E, 0x09, 0x08, 0x08, 0x09, 0x0E, 0x0F, 0x02, 0xC0,
	0x34, 0x30, 0x2D, 0x24, 0x23, 0x14, 0x14, 0x14, 0x14, 0x23, 0x24, 0x2D,
	0x30, 0x68, 0x30, 0x2D, 0x24, 0x23, 0x14, 0x14, 0x14, 0x14, 0x23, 0x24,
	0x2D, 0x30, 0xB4, 0x12, 0x10, 0x1D, 0x1E, 0x46, 0x1E, 0x1D, 0x10, 0x12,
	0x12, 0x10, 0x1D, 0x1E, 0x46, 0x1E, 0x1D, 0x10, 0x12, 0xFE, 0xF3, 0x02,
	0x04, 0x02, 0x10, 0x0E, 0x0E, 0x09, 0x09, 0x02, 0x05, 0x15, 0x14, 0x20,
	0x21, 0x27, 0x2A, 0x2B, 0x11, 0x0F, 0x0F, 0x08, 0x09, 0x09, 0x08, 0x0F,
	0x0F, 0x11, 0x43, 0x3F, 0x3D, 0x64, 0x1F, 0x20, 0x08, 0x01, 0x08, 0x07,
	0x0C, 0x0E, 0x97, 0x09, 0x0F, 0x0F, 0x10, 0x09, 0x08, 0x08, 0x08, 0x0F,
	0x08, 0x08, 0x04, 0x04, 0x11, 0x0F, 0x0C, 0x0B, 0x07, 0x20, 0x11, 0x1E,
	0x08, 0x09, 0x09, 0x08, 0x0F, 0x0F, 0x11, 0x20, 0x07, 0x0B, 0x0C, 0x0F,
	0x11, 0x04, 0x04, 0x10, 0x0F, 0x08, 0x08, 0x08, 0x09, 0x10, 0x0F, 0x0F,
	0x09, 0x10, 0x0C, 0x0B, 0x0D, 0x18, 0x0C, 0x0B, 0x0D, 0x10, 0x08, 0x10,
	0x0E, 0x11, 0x08, 0x08, 0x09, 0x07, 0x0F, 0x09, 0x08, 0x09, 0x10, 0x0F,
	0x16, 0x07, 0x20, 0x12, 0x0F, 0x0E, 0x09, 0x08, 0x08, 0x09, 0x0E, 0x0F,
	0x12, 0x20, 0x07, 0x0B, 0x0B, 0x0F, 0x10, 0x09, 0x08, 0x09, 0x0F, 0x07,
	0x09, 0x08, 0x08, 0x11, 0x0E, 0x10, 0x08, 0x10, 0x0D, 0x0B, 0x0C, 0x18,
	0x0D, 0x0B, 0x0C, 0x10, 0x08, 0x09, 0x0E, 0x0F, 0x12, 0x11, 0x0F, 0x0E,
	0x09, 0x09, 0x09, 0x09, 0x0E, 0x0F, 0x11, 0x12, 0x0F, 0x0E, 0x09, 0x08,
	0x00, 0x04, 0x00, 0x00, 0xFF, 0xC0, 0x04, 0x00, 0x03, 0xC0, 0x00, 0x08,
	0x00, 0x19, 0x00, 0x4A, 0x00, 0x6A, 0x00, 0x00, 0x11, 0x01, 0x26, 0x27,
	0x26, 0x27, 0x26, 0x27, 0x26, 0x37, 0x36, 0x37, 0x36, 0x37, 0x01, 0x0E,
	0x01, 0x23, 0x22, 0x23, 0x22, 0x23, 0x01, 0x36, 0x37, 0x36, 0x01, 0x0E,
	0x01, 0x23, 0x22, 0x27, 0x26, 0x27, 0x01, 0x26, 0x27, 0x26, 0x34, 0x37,
	0x3E, 0x01, 0x37, 0x36, 0x32, 0x17, 0x16, 0x1F, 0x01, 0x36, 0x37, 0x36,
	0x33, 0x32, 0x17, 0x16, 0x17, 0x16, 0x17, 0x16, 0x14, 0x07, 0x06, 0x07,
	0x06, 0x07, 0x06, 0x07, 0x17, 0x16, 0x17, 0x16, 0x14, 0x07, 0x06, 0x01,
	0x17, 0x36, 0x37, 0x32, 0x17, 0x1E, 0x01, 0x17, 0x16, 0x15, 0x06, 0x07,
	0x17, 0x36, 0x37, 0x36, 0x37, 0x36, 0x37, 0x36, 0x34, 0x27, 0x26, 0x27,
	0x26, 0x27, 0x26, 0x23, 0x22, 0x07, 0x06, 0x01, 0x6E, 0x6C, 0x5A, 0x47,
	0x38, 0x14, 0x0B, 0x0A, 0x29, 0x0D, 0x0F, 0x0E, 0x10, 0x02, 0x36, 0x25,
	0x4C, 0x28, 0x01, 0x02, 0x03, 0x01, 0xFE, 0x1E, 0x04, 0x04, 0x05, 0x03,
	0xC9, 0x09, 0x18, 0x0C, 0x0D, 0x0B, 0x0C, 0x09, 0xFC, 0x80, 0x09, 0x05,
	0x05, 0x05, 0x05, 0x12, 0x0C, 0x0B, 0x1A, 0x0B, 0x0C, 0x09, 0xA3, 0x37,
	0x3C, 0x3C, 0x41, 0xA4, 0x84, 0x64, 0x4B, 0x14, 0x0B, 0x0A, 0x0A, 0x0B,
	0x14, 0x1B, 0x1E, 0x1E, 0x21, 0x8E, 0x09, 0x05, 0x05, 0x05, 0x05, 0xFD,
	0x7C, 0x4B, 0x1F, 0x22, 0x22, 0x1F, 0x21, 0x32, 0x0C, 0x0D, 0x01, 0x0D,
	0x67, 0x1D, 0x1B, 0x1A, 0x18, 0x09, 0x04, 0x05, 0x05, 0x04, 0x09, 0x3B,
	0x4E, 0x66, 0x7F, 0x26, 0x23, 0x24, 0x01, 0xC1, 0xFE, 0x92, 0x1D, 0x46,
	0x38, 0x50, 0x1D, 0x22, 0x21, 0xA6, 0x12, 0x12, 0x10, 0x12, 0xFD, 0xCB,
	0x0A, 0x0A, 0x01, 0xE2, 0x09, 0x08, 0x08, 0xFD, 0x97, 0x09, 0x0A, 0x05,
	0x05, 0x09, 0x03, 0x80, 0x09, 0x0C, 0x0B, 0x1A, 0x0B, 0x0C, 0x12, 0x05,
	0x05, 0x05, 0x05, 0x09, 0xA2, 0x1A, 0x0E, 0x0D, 0x53, 0x3F, 0x6B, 0x1D,
	0x22, 0x21, 0x46, 0x21, 0x22, 0x1D, 0x26, 0x20, 0x21, 0x1B, 0x8E, 0x09,
	0x0C, 0x0B, 0x1A, 0x0B, 0x0C, 0x02, 0xCD, 0x4C, 0x0D, 0x01, 0x0C, 0x0D,
	0x32, 0x21, 0x1F, 0x22, 0x22, 0x1F, 0x66, 0x16, 0x1C, 0x1C, 0x22, 0x0C,
	0x0F, 0x0F, 0x1E, 0x0F, 0x0F, 0x0C, 0x54, 0x32, 0x41, 0x06, 0x06, 0x00,
	0x00, 0x03, 0x00, 0x55, 0xFF, 0xC0, 0x03, 0xAB, 0x03, 0xC0, 0x00, 0x23,
	0x00, 0x41, 0x00, 0x69, 0x00, 0x00, 0x01, 0x1E, 0x01, 0x15, 0x11, 0x14,
	0x07, 0x06, 0x07, 0x06, 0x07, 0x06, 0x23, 0x21, 0x22, 0x27, 0x26, 0x27,
	0x26, 0x27, 0x26, 0x35, 0x11, 0x34, 0x37, 0x36, 0x37, 0x36, 0x37, 0x36,
	0x33, 0x21, 0x32, 0x17, 0x16, 0x17, 0x03, 0x32, 0x37, 0x36, 0x37, 0x36,
	0x35, 0x11, 0x23, 0x22, 0x27, 0x26, 0x27, 0x26, 0x3D, 0x01, 0x23, 0x22,
	0x07, 0x06, 0x07, 0x06, 0x15, 0x11, 0x14, 0x17, 0x16, 0x17, 0x16, 0x33,
	0x01, 0x1E, 0x01, 0x15, 0x14, 0x07, 0x06, 0x07, 0x06, 0x2B, 0x01, 0x15,
	0x14, 0x07, 0x0E, 0x01, 0x22, 0x26, 0x27, 0x26, 0x3D, 0x01, 0x23, 0x22,
	0x27, 0x26, 0x27, 0x26, 0x35, 0x34, 0x36, 0x3F, 0x01, 0x36, 0x37, 0x36,
	0x32, 0x17, 0x16, 0x17, 0x03, 0x66, 0x21, 0x24, 0x13, 0x12, 0x20, 0x21,
	0x2A, 0x2B, 0x30, 0xFE, 0x80, 0x30, 0x2B, 0x2A, 0x21, 0x20, 0x12, 0x13,
	0x13, 0x12, 0x20, 0x21, 0x2A, 0x2B, 0x30, 0x01, 0x0F, 0x2F, 0x2A, 0x2B,
	0x22, 0x35, 0x1D, 0x19, 0x18, 0x0E, 0x0F, 0xAB, 0x17, 0x14, 0x13, 0x0C,
	0x0B, 0xEB, 0x1D, 0x19, 0x18, 0x0E, 0x0F, 0x0F, 0x0E, 0x18, 0x19, 0x1D,
	0x01, 0x60, 0x06, 0x06, 0x05, 0x05, 0x0A, 0x09, 0x0C, 0x43, 0x09, 0x08,
	0x1E, 0x22, 0x1E, 0x08, 0x09, 0x43, 0x0C, 0x09, 0x0A, 0x05, 0x05, 0x06,
	0x06, 0x83, 0x06, 0x07, 0x08, 0x10, 0x08, 0x07, 0x06, 0x03, 0x0A, 0x21,
	0x56, 0x2F, 0xFE, 0x47, 0x30, 0x2C, 0x2A, 0x20, 0x21, 0x12, 0x12, 0x12,
	0x12, 0x21, 0x20, 0x2A, 0x2C, 0x30, 0x02, 0x2A, 0x30, 0x2C, 0x2A, 0x20,
	0x21, 0x12, 0x12, 0x12, 0x11, 0x22, 0xFC, 0xC5, 0x0F, 0x0E, 0x18, 0x19,
	0x1D, 0x01, 0x95, 0x0C, 0x0B, 0x13, 0x14, 0x17, 0xAB, 0x0F, 0x0E, 0x18,
	0x19, 0x1D, 0xFD, 0xD6, 0x1D, 0x19, 0x18, 0x0E, 0x0F, 0x01, 0x47, 0x07,
	0x0E, 0x08, 0x0B, 0x0A, 0x09, 0x06, 0x06, 0x6B, 0x11, 0x0F, 0x0E, 0x12,
	0x12, 0x0E, 0x0F, 0x11, 0x6B, 0x06, 0x06, 0x09, 0x0A, 0x0B, 0x08, 0x0E,
	0x07, 0x82, 0x06, 0x03, 0x03, 0x03, 0x03, 0x06, 0x00, 0x03, 0x00, 0x00,
	0xFF, 0xEB, 0x04, 0x00, 0x03, 0x95, 0x00, 0x13, 0x00, 0x18, 0x00, 0x1C,
	0x00, 0x00, 0x01, 0x33, 0x03, 0x21, 0x11, 0x34, 0x37, 0x36, 0x37, 0x36,
	0x3B, 0x01, 0x17, 0x21, 0x32, 0x17, 0x16, 0x17, 0x16, 0x15, 0x05, 0x11,
	0x13, 0x21, 0x35, 0x03, 0x13, 0x21, 0x03, 0x03, 0x80, 0x80, 0xA6, 0xFC,
	0xA6, 0x14, 0x14, 0x22, 0x23, 0x28, 0x7A, 0xAB, 0x01, 0x31, 0x28, 0x23,
	0x22, 0x14, 0x14, 0xFD, 0x00, 0x7D, 0x02, 0x03, 0x06, 0x5A, 0xFE, 0x03,
	0x68, 0x02, 0x15, 0xFD, 0xD6, 0x03, 0x15, 0x28, 0x23, 0x22, 0x14, 0x14,
	0x55, 0x14, 0x14, 0x22, 0x23, 0x28, 0x40, 0xFE, 0x45, 0x01, 0x65, 0x56,
	0xFE, 0x00, 0x01, 0x2A, 0xFE, 0xD6, 0x00, 0x00, 0x00, 0x03, 0x00, 0x00,
	0xFF, 0xEB, 0x04, 0x00, 0x03, 0x95, 0x00, 0x37, 0x00, 0x48, 0x00, 0x55,
	0x00, 0x00, 0x01, 0x16, 0x17, 0x16, 0x15, 0x14, 0x07, 0x06, 0x0F, 0x01,
	0x06, 0x07, 0x06, 0x07, 0x06, 0x23, 0x21, 0x22, 0x27, 0x26, 0x27, 0x26,
	0x27, 0x26, 0x35, 0x11, 0x34, 0x37, 0x36, 0x37, 0x36, 0x37, 0x36, 0x3B,
	0x01, 0x32, 0x16, 0x1F, 0x01, 0x16, 0x33, 0x16, 0x3B, 0x01, 0x32, 0x17,
	0x16, 0x17, 0x16, 0x17, 0x16, 0x1D, 0x01, 0x32, 0x17, 0x16, 0x05, 0x3E,
	0x02, 0x33, 0x21, 0x35, 0x34, 0x35, 0x26, 0x27, 0x21, 0x11, 0x14, 0x17,
	0x16, 0x17, 0x05, 0x37, 0x21, 0x22, 0x07, 0x06, 0x0F, 0x01, 0x21, 0x32,
	0x37, 0x3E, 0x01, 0x03, 0xE6, 0x0D, 0x07, 0x06, 0x01, 0x02, 0x03, 0x41,
	0x0F, 0x22, 0x21, 0x2D, 0x2F, 0x33, 0xFE, 0x13, 0x30, 0x2C, 0x2A, 0x20,
	0x21, 0x12, 0x12, 0x0F, 0x0F, 0x1A, 0x1B, 0x22, 0x24, 0x27, 0x55, 0x12,
	0x22, 0x0F, 0x87, 0x02, 0x02, 0x03, 0x02, 0xAD, 0x30, 0x2C, 0x2A, 0x20,
	0x21, 0x12, 0x12, 0x1F, 0x1A, 0x1B, 0xFC, 0xFC, 0x0D, 0x36, 0x4A, 0x28,
	0x01, 0x7B, 0x01, 0x01, 0xFD, 0x82, 0x01, 0x01, 0x02, 0x02, 0xBA, 0x42,
	0xFE, 0x05, 0x15, 0x10, 0x11, 0x07, 0x59, 0x01, 0xE9, 0x17, 0x15, 0x15,
	0x1E, 0x01, 0xE1, 0x11, 0x14, 0x14, 0x15, 0x09, 0x0A, 0x09, 0x0A, 0xDB,
	0x32, 0x26, 0x25, 0x15, 0x15, 0x12, 0x12, 0x20, 0x21, 0x2A, 0x2C, 0x2F,
	0x02, 0x00, 0x27, 0x24, 0x22, 0x1B, 0x1B, 0x0E, 0x0F, 0x08, 0x07, 0x44,
	0x01, 0x01, 0x13, 0x11, 0x21, 0x20, 0x2A, 0x2C, 0x30, 0x40, 0x0E, 0x0E,
	0x65, 0x27, 0x3A, 0x20, 0x40, 0x06, 0x05, 0x05, 0x06, 0xFE, 0x6A, 0x07,
	0x07, 0x06, 0x07, 0x03, 0xDE, 0x0C, 0x0B, 0x14, 0xFF, 0x09, 0x0A, 0x22,
	0x00, 0x02, 0x00, 0x00, 0xFF, 0xC0, 0x03, 0xAB, 0x03, 0xC0, 0x00, 0x14,
	0x00, 0x23, 0x00, 0x00, 0x01, 0x11, 0x21, 0x11, 0x33, 0x15, 0x21, 0x11,
	0x23, 0x35, 0x21, 0x11, 0x23, 0x11, 0x34, 0x37, 0x36, 0x37, 0x36, 0x33,
	0x21, 0x01, 0x35, 0x21, 0x35, 0x21, 0x35, 0x17, 0x16, 0x17, 0x16, 0x15,
	0x14, 0x07, 0x06, 0x07, 0x03, 0xAB, 0xFC, 0xAA, 0x80, 0x02, 0x56, 0xD6,
	0xFE, 0x80, 0x80, 0x12, 0x11, 0x1D, 0x1E, 0x22, 0x01, 0xE6, 0xFE, 0xC5,
	0xFE, 0x80, 0x01, 0x80, 0x9E, 0x06, 0x04, 0x03, 0x03, 0x04, 0x06, 0x02,
	0xCE, 0xFC, 0xF2, 0x01, 0x00, 0x80, 0x02, 0x2B, 0xD5, 0xFE, 0xAB, 0x01,
	0x55, 0x23, 0x1E, 0x1D, 0x10, 0x12, 0xFC, 0xD5, 0x80, 0x80, 0x80, 0xA2,
	0x06, 0x08, 0x07, 0x09, 0x08, 0x08, 0x08, 0x06, 0x00, 0x02, 0x00, 0x00,
	0xFF, 0xC0, 0x03, 0xAB, 0x03, 0xC0, 0x00, 0x56, 0x00, 0x83, 0x00, 0x00,
	0x01, 0x11, 0x14, 0x07, 0x06, 0x07, 0x06, 0x07, 0x06, 0x23, 0x21, 0x22,
	0x27, 0x26, 0x27, 0x26, 0x27, 0x26, 0x37, 0x36, 0x37, 0x36, 0x37, 0x36,
	0x17, 0x1E, 0x01, 0x17, 0x16, 0x17, 0x16, 0x17, 0x16, 0x33, 0x21, 0x32,
	0x37, 0x36, 0x37, 0x36, 0x35, 0x11, 0x23, 0x22, 0x27, 0x26, 0x27, 0x26,
	0x3D, 0x01, 0x23, 0x22, 0x07, 0x06, 0x07, 0x06, 0x1D, 0x01, 0x14, 0x07,
	0x06, 0x07, 0x06, 0x23, 0x22, 0x27, 0x26, 0x27, 0x26, 0x3D, 0x01, 0x34,
	0x37, 0x36, 0x37, 0x36, 0x37, 0x36, 0x33, 0x21, 0x32, 0x17, 0x16, 0x1F,
	0x01, 0x1E, 0x01, 0x01, 0x35, 0x21, 0x22, 0x27, 0x26, 0x27, 0x26, 0x35,
	0x34, 0x37, 0x36, 0x37, 0x36, 0x33, 0x21, 0x35, 0x34, 0x37, 0x36, 0x37,
	0x36, 0x33, 0x32, 0x17, 0x16, 0x1F, 0x01, 0x16, 0x17, 0x16, 0x14, 0x07,
	0x06, 0x0F, 0x01, 0x06, 0x07, 0x06, 0x23, 0x22, 0x27, 0x26, 0x27, 0x26,
	0x03, 0xAB, 0x13, 0x12, 0x20, 0x21, 0x2A, 0x2B, 0x30, 0xFE, 0x80, 0x35,
	0x30, 0x2E, 0x21, 0x22, 0x0D, 0x05, 0x05, 0x05, 0x0C, 0x0C, 0x11, 0x10,
	0x11, 0x10, 0x18, 0x05, 0x06, 0x0F, 0x0F, 0x15, 0x16, 0x18, 0x01, 0x80,
	0x1D, 0x19, 0x18, 0x0E, 0x0F, 0xAB, 0x17, 0x14, 0x13, 0x0C, 0x0B, 0xEB,
	0x1D, 0x19, 0x18, 0x0E, 0x0F, 0x08, 0x09, 0x0E, 0x0F, 0x12, 0x11, 0x0F,
	0x0E, 0x09, 0x09, 0x13, 0x12, 0x20, 0x21, 0x2A, 0x2B, 0x30, 0x01, 0x0F,
	0x2F, 0x2B, 0x2A, 0x22, 0x71, 0x21, 0x24, 0xFD, 0xAA, 0xFE, 0xEB, 0x11,
	0x0F, 0x0F, 0x08, 0x09, 0x09, 0x08, 0x0F, 0x0F, 0x11, 0x01, 0x15, 0x06,
	0x06, 0x0A, 0x09, 0x0B, 0x08, 0x07, 0x08, 0x06, 0x83, 0x05, 0x04, 0x03,
	0x03, 0x04, 0x05, 0x83, 0x06, 0x08, 0x07, 0x08, 0x0B, 0x09, 0x0A, 0x06,
	0x06, 0x02, 0x64, 0xFE, 0x47, 0x30, 0x2C, 0x2A, 0x20, 0x21, 0x12, 0x12,
	0x17, 0x16, 0x27, 0x29, 0x33, 0x11, 0x10, 0x11, 0x0B, 0x0D, 0x04, 0x04,
	0x04, 0x05, 0x18, 0x11, 0x17, 0x13, 0x12, 0x0A, 0x0A, 0x0F, 0x0E, 0x18,
	0x19, 0x1D, 0x01, 0x95, 0x0C, 0x0B, 0x13, 0x14, 0x17, 0xAB, 0x0F, 0x0E,
	0x18, 0x19, 0x1D, 0xAA, 0x12, 0x0F, 0x0E, 0x09, 0x08, 0x08, 0x09, 0x0E,
	0x0F, 0x12, 0xAA, 0x30, 0x2C, 0x2A, 0x20, 0x21, 0x12, 0x12, 0x12, 0x11,
	0x22, 0x71, 0x21, 0x56, 0xFE, 0x40, 0x42, 0x09, 0x08, 0x0F, 0x0F, 0x11,
	0x12, 0x0F, 0x0E, 0x09, 0x08, 0x43, 0x0C, 0x0A, 0x09, 0x05, 0x05, 0x03,
	0x03, 0x06, 0x83, 0x05, 0x08, 0x08, 0x10, 0x07, 0x08, 0x06, 0x83, 0x06,
	0x03, 0x03, 0x05, 0x06, 0x09, 0x0A, 0x00, 0x00, 0x00, 0x03, 0x00, 0x00,
	0xFF, 0xC0, 0x04, 0x00, 0x03, 0xC0, 0x00, 0x50, 0x00, 0x93, 0x00, 0xA8,
	0x00, 0x00, 0x01, 0x14, 0x07, 0x06, 0x07, 0x06, 0x2B, 0x01, 0x22, 0x27,
	0x26, 0x2F, 0x01, 0x07, 0x17, 0x16, 0x17, 0x16, 0x1D, 0x01, 0x14, 0x06,
	0x07, 0x06, 0x23, 0x22, 0x27, 0x26, 0x27, 0x26, 0x3D, 0x01, 0x34, 0x26,
	0x2F, 0x01, 0x26, 0x27, 0x2E, 0x01, 0x3F, 0x01, 0x23, 0x22, 0x07, 0x06,
	0x0F, 0x01, 0x0E, 0x01, 0x07, 0x06, 0x27, 0x26, 0x27, 0x26, 0x35, 0x34,
	0x37, 0x36, 0x3F, 0x01, 0x3E, 0x01, 0x3B, 0x01, 0x32, 0x17, 0x16, 0x1F,
	0x01, 0x16, 0x17, 0x16, 0x3B, 0x01, 0x32, 0x17, 0x16, 0x17, 0x16, 0x05,
	0x16, 0x17, 0x16, 0x15, 0x14, 0x06, 0x07, 0x06, 0x07, 0x06, 0x07, 0x06,
	0x2B, 0x01, 0x06, 0x07, 0x06, 0x23, 0x22, 0x27, 0x26, 0x27, 0x26, 0x27,
	0x26, 0x34, 0x37, 0x36, 0x37, 0x36, 0x37, 0x36, 0x32, 0x17, 0x16, 0x17,
	0x16, 0x17, 0x16, 0x15, 0x14, 0x07, 0x06, 0x07, 0x23, 0x22, 0x07, 0x06,
	0x07, 0x06, 0x15, 0x14, 0x17, 0x16, 0x17, 0x16, 0x3B, 0x01, 0x32, 0x37,
	0x36, 0x37, 0x36, 0x37, 0x3E, 0x01, 0x01, 0x22, 0x27, 0x26, 0x27, 0x26,
	0x34, 0x37, 0x36, 0x37, 0x36, 0x32, 0x17, 0x16, 0x17, 0x16, 0x14, 0x07,
	0x06, 0x07, 0x06, 0x04, 0x00, 0x09, 0x08, 0x0F, 0x0F, 0x11, 0x40, 0x27,
	0x22, 0x23, 0x14, 0x18, 0x38, 0x6F, 0x23, 0x14, 0x15, 0x12, 0x0E, 0x0F,
	0x11, 0x12, 0x0F, 0x0E, 0x09, 0x08, 0x06, 0x05, 0xAE, 0x20, 0x13, 0x12,
	0x06, 0x0E, 0x36, 0x36, 0x06, 0x05, 0x06, 0x02, 0x3E, 0x08, 0x1C, 0x11,
	0x11, 0x10, 0x11, 0x09, 0x09, 0x01, 0x02, 0x03, 0x3E, 0x13, 0x48, 0x2B,
	0xAA, 0x27, 0x23, 0x22, 0x14, 0x4F, 0x03, 0x04, 0x05, 0x06, 0x40, 0x11,
	0x0F, 0x0F, 0x08, 0x09, 0xFD, 0xED, 0x13, 0x0B, 0x0A, 0x02, 0x02, 0x0C,
	0x15, 0x14, 0x1C, 0x1B, 0x1F, 0xB1, 0x12, 0x15, 0x16, 0x18, 0x1A, 0x18,
	0x17, 0x12, 0x11, 0x0A, 0x0A, 0x0A, 0x0A, 0x11, 0x12, 0x17, 0x18, 0x34,
	0x18, 0x17, 0x12, 0x11, 0x0A, 0x0A, 0x02, 0x02, 0x03, 0x24, 0x0B, 0x0A,
	0x0A, 0x05, 0x06, 0x06, 0x05, 0x0A, 0x0A, 0x0B, 0xB1, 0x07, 0x05, 0x05,
	0x03, 0x06, 0x0E, 0x0D, 0x22, 0x01, 0x23, 0x1D, 0x19, 0x18, 0x0E, 0x0F,
	0x0F, 0x0E, 0x18, 0x19, 0x3A, 0x19, 0x18, 0x0E, 0x0F, 0x0F, 0x0E, 0x18,
	0x19, 0x01, 0xAB, 0x12, 0x0F, 0x0E, 0x09, 0x08, 0x13, 0x14, 0x21, 0x27,
	0x8A, 0x40, 0x14, 0x23, 0x22, 0x29, 0x8E, 0x11, 0x1E, 0x08, 0x09, 0x09,
	0x08, 0x0F, 0x0F, 0x11, 0x8E, 0x06, 0x0A, 0x03, 0x63, 0x14, 0x1F, 0x1E,
	0x46, 0x21, 0x84, 0x03, 0x03, 0x06, 0x7B, 0x10, 0x12, 0x02, 0x01, 0x08,
	0x08, 0x10, 0x0F, 0x12, 0x08, 0x07, 0x07, 0x07, 0x7B, 0x27, 0x2C, 0x13,
	0x14, 0x21, 0x83, 0x05, 0x03, 0x02, 0x09, 0x08, 0x0F, 0x0F, 0xCB, 0x07,
	0x11, 0x10, 0x13, 0x06, 0x0C, 0x06, 0x1C, 0x16, 0x15, 0x0B, 0x0C, 0x3D,
	0x21, 0x22, 0x28, 0x27, 0x47, 0x47, 0x5C, 0x5F, 0xD0, 0x5F, 0x5C, 0x47,
	0x47, 0x27, 0x28, 0x28, 0x27, 0x47, 0x47, 0x5C, 0x5F, 0x68, 0x2C, 0x2C,
	0x2A, 0x29, 0x05, 0x06, 0x0A, 0x0A, 0x0B, 0x0C, 0x0A, 0x0A, 0x05, 0x06,
	0x04, 0x03, 0x06, 0x11, 0x0A, 0x0A, 0x06, 0x01, 0xF3, 0x0E, 0x0E, 0x18,
	0x19, 0x3A, 0x19, 0x18, 0x0E, 0x0F, 0x0F, 0x0E, 0x18, 0x19, 0x3A, 0x19,
	0x18, 0x0E, 0x0E, 0x00, 0x00, 0x03, 0x00, 0x00, 0xFF, 0xC0, 0x04, 0x00,
	0x03, 0xC0, 0x00, 0x25, 0x00, 0x3A, 0x00, 0xA6, 0x00, 0x00, 0x25, 0x06,
	0x07, 0x06, 0x07, 0x06, 0x2B, 0x01, 0x22, 0x27, 0x26, 0x27, 0x26, 0x34,
	0x37, 0x36, 0x37, 0x36, 0x3B, 0x01, 0x32, 0x37, 0x36, 0x37, 0x36, 0x37,
	0x36, 0x33, 0x32, 0x17, 0x16, 0x17, 0x16, 0x17, 0x16, 0x15, 0x14, 0x06,
	0x13, 0x22, 0x27, 0x26, 0x27, 0x26, 0x34, 0x37, 0x36, 0x37, 0x36, 0x32,
	0x17, 0x16, 0x17, 0x16, 0x14, 0x07, 0x06, 0x07, 0x06, 0x13, 0x36, 0x37,
	0x36, 0x37, 0x36, 0x37, 0x36, 0x32, 0x17, 0x16, 0x17, 0x16, 0x17, 0x16,
	0x14, 0x07, 0x06, 0x07, 0x06, 0x07, 0x06, 0x22, 0x27, 0x26, 0x27, 0x26,
	0x27, 0x33, 0x32, 0x36, 0x37, 0x36, 0x35, 0x34, 0x27, 0x2E, 0x01, 0x2B,
	0x01, 0x22, 0x27, 0x26, 0x2F, 0x01, 0x07, 0x17, 0x1E, 0x01, 0x1D, 0x01,
	0x14, 0x07, 0x06, 0x07, 0x06, 0x23, 0x22, 0x27, 0x2E, 0x01, 0x3D, 0x01,
	0x34, 0x27, 0x26, 0x2F, 0x01, 0x26, 0x27, 0x2E, 0x01, 0x3F, 0x01, 0x23,
	0x22, 0x06, 0x0F, 0x01, 0x06, 0x07, 0x06, 0x07, 0x06, 0x27, 0x26, 0x27,
	0x26, 0x35, 0x34, 0x36, 0x3F, 0x01, 0x36, 0x37, 0x3E, 0x01, 0x3B, 0x01,
	0x32, 0x17, 0x16, 0x1F, 0x01, 0x16, 0x17, 0x16, 0x33, 0x01, 0x3B, 0x0B,
	0x15, 0x15, 0x1B, 0x1C, 0x1E, 0x71, 0x11, 0x0F, 0x0F, 0x08, 0x09, 0x09,
	0x08, 0x0F, 0x0F, 0x11, 0x71, 0x06, 0x06, 0x05, 0x03, 0x07, 0x10, 0x11,
	0x13, 0x06, 0x06, 0x06, 0x06, 0x12, 0x0B, 0x0B, 0x02, 0xED, 0x1D, 0x19,
	0x18, 0x0E, 0x0F, 0x0F, 0x0E, 0x18, 0x19, 0x3A, 0x19, 0x18, 0x0E, 0x0E,
	0x0E, 0x0E, 0x18, 0x19, 0xBF, 0x02, 0x0A, 0x0B, 0x11, 0x11, 0x15, 0x16,
	0x32, 0x17, 0x16, 0x12, 0x11, 0x09, 0x0A, 0x0A, 0x09, 0x11, 0x12, 0x16,
	0x17, 0x34, 0x18, 0x18, 0x11, 0x12, 0x08, 0x1D, 0x0B, 0x14, 0x06, 0x05,
	0x05, 0x06, 0x14, 0x0B, 0x80, 0x27, 0x23, 0x22, 0x14, 0x18, 0x39, 0x70,
	0x23, 0x28, 0x08, 0x09, 0x0E, 0x0F, 0x12, 0x11, 0x0F, 0x0E, 0x12, 0x03,
	0x02, 0x05, 0xAE, 0x20, 0x13, 0x12, 0x06, 0x0E, 0x36, 0x37, 0x06, 0x0A,
	0x03, 0x3D, 0x08, 0x0F, 0x0E, 0x10, 0x12, 0x0F, 0x11, 0x09, 0x0A, 0x04,
	0x03, 0x3E, 0x0C, 0x15, 0x14, 0x34, 0x1C, 0xAB, 0x27, 0x22, 0x23, 0x14,
	0x4E, 0x03, 0x05, 0x05, 0x06, 0x9E, 0x1C, 0x16, 0x15, 0x0B, 0x0C, 0x09,
	0x08, 0x0F, 0x0F, 0x22, 0x0F, 0x0F, 0x08, 0x09, 0x04, 0x03, 0x06, 0x13,
	0x0B, 0x0B, 0x01, 0x02, 0x02, 0x07, 0x11, 0x10, 0x13, 0x06, 0x0C, 0x02,
	0x47, 0x0E, 0x0E, 0x18, 0x19, 0x3A, 0x19, 0x18, 0x0E, 0x0F, 0x0F, 0x0E,
	0x18, 0x19, 0x3A, 0x19, 0x18, 0x0E, 0x0E, 0xFF, 0x00, 0x61, 0x57, 0x54,
	0x40, 0x41, 0x23, 0x25, 0x29, 0x27, 0x46, 0x47, 0x5C, 0x5F, 0xD0, 0x5F,
	0x5C, 0x47, 0x47, 0x27, 0x28, 0x2C, 0x2B, 0x4D, 0x4E, 0x63, 0x0C, 0x09,
	0x0A, 0x0C, 0x0B, 0x0A, 0x0A, 0x0C, 0x13, 0x13, 0x22, 0x27, 0x8B, 0x3F,
	0x14, 0x46, 0x28, 0x8E, 0x11, 0x0F, 0x0F, 0x08, 0x09, 0x09, 0x08, 0x1E,
	0x11, 0x8E, 0x06, 0x05, 0x05, 0x03, 0x63, 0x14, 0x1F, 0x1E, 0x46, 0x21,
	0x84, 0x06, 0x06, 0x7B, 0x10, 0x09, 0x0A, 0x01, 0x01, 0x08, 0x08, 0x10,
	0x0F, 0x12, 0x08, 0x0E, 0x07, 0x7B, 0x1A, 0x12, 0x13, 0x14, 0x13, 0x14,
	0x21, 0x83, 0x05, 0x03, 0x02, 0x00, 0x00, 0x00, 0x00, 0x05, 0x00, 0x00,
	0xFF, 0xC0, 0x04, 0x00, 0x03, 0xC0, 0x00, 0x45, 0x00, 0x5F, 0x00, 0x6B,
	0x00, 0x7A, 0x00, 0x86, 0x00, 0x00, 0x01, 0x16, 0x17, 0x16, 0x15, 0x14,
	0x07, 0x06, 0x07, 0x06, 0x07, 0x06, 0x07, 0x16, 0x17, 0x16, 0x15, 0x14,
	0x07, 0x06, 0x07, 0x06, 0x07, 0x06, 0x23, 0x22, 0x27, 0x26, 0x27, 0x06,
	0x07, 0x06, 0x07, 0x06, 0x07, 0x06, 0x23, 0x22, 0x27, 0x26, 0x27, 0x26,
	0x27, 0x26, 0x35, 0x34, 0x36, 0x37, 0x26, 0x27, 0x26, 0x35, 0x34, 0x37,
	0x36, 0x37, 0x36, 0x37, 0x36, 0x33, 0x32, 0x17, 0x16, 0x17, 0x3E, 0x01,
	0x33, 0x32, 0x17, 0x16, 0x05, 0x22, 0x07, 0x0E, 0x01, 0x07, 0x06, 0x15,
	0x14, 0x17, 0x16, 0x17, 0x16, 0x17, 0x36, 0x37, 0x3E, 0x01, 0x37, 0x36,
	0x37, 0x26, 0x27, 0x26, 0x27, 0x26, 0x01, 0x36, 0x37, 0x36, 0x37, 0x26,
	0x27, 0x26, 0x27, 0x06, 0x07, 0x06, 0x25, 0x36, 0x37, 0x3E, 0x01, 0x37,
	0x36, 0x37, 0x06, 0x07, 0x06, 0x07, 0x06, 0x07, 0x06, 0x13, 0x16, 0x17,
	0x16, 0x17, 0x36, 0x37, 0x36, 0x37, 0x06, 0x07, 0x06, 0x03, 0xDF, 0x11,
	0x08, 0x08, 0x12, 0x12, 0x24, 0x08, 0x09, 0x09, 0x0A, 0x0B, 0x06, 0x06,
	0x22, 0x20, 0x3B, 0x3B, 0x4D, 0x4F, 0x57, 0x24, 0x23, 0x22, 0x21, 0x0F,
	0x0E, 0x0F, 0x0E, 0x3C, 0x32, 0x31, 0x27, 0x1A, 0x15, 0x16, 0x10, 0x10,
	0x09, 0x08, 0x36, 0x36, 0x0B, 0x06, 0x06, 0x22, 0x20, 0x3B, 0x3C, 0x4C,
	0x4F, 0x57, 0x24, 0x23, 0x22, 0x21, 0x50, 0x80, 0x30, 0x1A, 0x15, 0x16,
	0xFE, 0x31, 0x3D, 0x37, 0x36, 0x52, 0x17, 0x18, 0x13, 0x12, 0x21, 0x21,
	0x2C, 0x33, 0x35, 0x39, 0x72, 0x32, 0x2D, 0x27, 0x1A, 0x28, 0x27, 0x31,
	0x31, 0xFE, 0x4B, 0x12, 0x1D, 0x1F, 0x27, 0x13, 0x11, 0x10, 0x0F, 0x18,
	0x0D, 0x0B, 0x01, 0x7E, 0x3C, 0x38, 0x35, 0x52, 0x17, 0x17, 0x01, 0x21,
	0x23, 0x24, 0x27, 0x26, 0x27, 0x27, 0xE2, 0x13, 0x10, 0x11, 0x0F, 0x17,
	0x0D, 0x0D, 0x02, 0x12, 0x1A, 0x21, 0x03, 0x9F, 0x10, 0x16, 0x15, 0x1A,
	0x27, 0x31, 0x32, 0x3C, 0x0E, 0x0F, 0x0E, 0x0F, 0x21, 0x22, 0x23, 0x24,
	0x57, 0x4F, 0x4C, 0x3C, 0x3B, 0x20, 0x22, 0x06, 0x06, 0x0B, 0x0A, 0x09,
	0x09, 0x08, 0x24, 0x12, 0x12, 0x08, 0x08, 0x11, 0x10, 0x16, 0x15, 0x1A,
	0x30, 0x80, 0x50, 0x21, 0x22, 0x23, 0x24, 0x57, 0x4F, 0x4C, 0x3C, 0x3B,
	0x20, 0x22, 0x06, 0x06, 0x0B, 0x36, 0x36, 0x08, 0x09, 0xC4, 0x18, 0x17,
	0x52, 0x36, 0x37, 0x3D, 0x36, 0x31, 0x31, 0x27, 0x28, 0x1A, 0x27, 0x2D,
	0x32, 0x72, 0x39, 0x35, 0x33, 0x2C, 0x21, 0x21, 0x12, 0x13, 0xFD, 0x55,
	0x02, 0x0D, 0x0D, 0x17, 0x0F, 0x11, 0x10, 0x13, 0x29, 0x21, 0x1A, 0x43,
	0x01, 0x17, 0x17, 0x52, 0x35, 0x38, 0x3C, 0x27, 0x27, 0x27, 0x26, 0x27,
	0x24, 0x23, 0x02, 0x57, 0x0F, 0x10, 0x11, 0x13, 0x27, 0x1F, 0x1D, 0x12,
	0x02, 0x0B, 0x0D, 0x00, 0x00, 0x05, 0x00, 0x2B, 0xFF, 0xC0, 0x03, 0xD5,
	0x03, 0xC0, 0x00, 0x2C, 0x00, 0x66, 0x00, 0x7B, 0x00, 0x90, 0x00, 0xAC,
	0x00, 0x00, 0x01, 0x16, 0x17, 0x1E, 0x01, 0x17, 0x16, 0x1D, 0x01, 0x14,
	0x07, 0x0E, 0x01, 0x07, 0x06, 0x07, 0x06, 0x07, 0x06, 0x2B, 0x01, 0x22,
	0x27, 0x26, 0x27, 0x26, 0x27, 0x2E, 0x01, 0x27, 0x26, 0x3D, 0x01, 0x34,
	0x37, 0x36, 0x37, 0x36, 0x37, 0x36, 0x37, 0x36, 0x33, 0x3A, 0x01, 0x01,
	0x35, 0x34, 0x27, 0x26, 0x27, 0x26, 0x27, 0x26, 0x27, 0x26, 0x22, 0x23,
	0x22, 0x07, 0x06, 0x07, 0x06, 0x07, 0x06, 0x1D, 0x01, 0x14, 0x17, 0x16,
	0x17, 0x16, 0x33, 0x32, 0x17, 0x16, 0x17, 0x16, 0x1D, 0x01, 0x14, 0x16,
	0x17, 0x16, 0x3B, 0x01, 0x32, 0x37, 0x3E, 0x01, 0x3D, 0x01, 0x34, 0x37,
	0x36, 0x37, 0x36, 0x33, 0x32, 0x37, 0x36, 0x37, 0x36, 0x01, 0x32, 0x17,
	0x16, 0x17, 0x16, 0x14, 0x07, 0x06, 0x07, 0x06, 0x22, 0x27, 0x26, 0x27,
	0x26, 0x34, 0x37, 0x36, 0x37, 0x36, 0x21, 0x32, 0x17, 0x16, 0x17, 0x16,
	0x14, 0x07, 0x06, 0x07, 0x06, 0x22, 0x27, 0x26, 0x27, 0x26, 0x34, 0x37,
	0x36, 0x37, 0x36, 0x03, 0x14, 0x07, 0x06, 0x07, 0x06, 0x23, 0x2A, 0x03,
	0x23, 0x22, 0x27, 0x26, 0x27, 0x26, 0x35, 0x34, 0x37, 0x36, 0x37, 0x36,
	0x32, 0x17, 0x16, 0x17, 0x16, 0x02, 0x20, 0x5A, 0x52, 0x4F, 0x78, 0x20,
	0x22, 0x16, 0x16, 0x4E, 0x31, 0x03, 0x1B, 0x1A, 0x2A, 0x2B, 0x32, 0xD6,
	0x32, 0x2B, 0x2A, 0x1A, 0x1B, 0x03, 0x31, 0x4E, 0x16, 0x16, 0x11, 0x12,
	0x21, 0x22, 0x2F, 0x42, 0x52, 0x52, 0x5A, 0x08, 0x10, 0x01, 0x3D, 0x18,
	0x18, 0x2C, 0x2B, 0x3A, 0x3B, 0x42, 0x05, 0x0C, 0x06, 0x41, 0x3C, 0x3C,
	0x30, 0x34, 0x1C, 0x1C, 0x0E, 0x0E, 0x19, 0x18, 0x1D, 0x12, 0x0F, 0x0E,
	0x09, 0x08, 0x12, 0x0E, 0x0F, 0x11, 0xD6, 0x11, 0x0F, 0x0E, 0x12, 0x08,
	0x09, 0x0E, 0x0F, 0x12, 0x1D, 0x18, 0x19, 0x0E, 0x0E, 0xFE, 0x00, 0x17,
	0x14, 0x14, 0x0B, 0x0C, 0x0C, 0x0B, 0x14, 0x14, 0x2E, 0x14, 0x13, 0x0B,
	0x0C, 0x0C, 0x0B, 0x13, 0x14, 0x01, 0x6D, 0x17, 0x14, 0x13, 0x0B, 0x0C,
	0x0C, 0x0B, 0x13, 0x14, 0x2E, 0x14, 0x14, 0x0B, 0x0C, 0x0C, 0x0B, 0x14,
	0x14, 0x3F, 0x08, 0x07, 0x0F, 0x0C, 0x15, 0x04, 0x0E, 0x08, 0x0E, 0x04,
	0x15, 0x0C, 0x0F, 0x07, 0x08, 0x0B, 0x0C, 0x13, 0x15, 0x2C, 0x15, 0x13,
	0x0C, 0x0B, 0x03, 0xBF, 0x06, 0x29, 0x27, 0x84, 0x54, 0x57, 0x5E, 0x87,
	0x34, 0x30, 0x2E, 0x42, 0x0E, 0x31, 0x2A, 0x28, 0x18, 0x18, 0x18, 0x18,
	0x28, 0x2A, 0x31, 0x0E, 0x42, 0x2E, 0x30, 0x34, 0x96, 0x40, 0x3E, 0x3E,
	0x37, 0x37, 0x2C, 0x3E, 0x21, 0x20, 0xFD, 0x95, 0x87, 0x45, 0x40, 0x3E,
	0x30, 0x31, 0x1D, 0x1E, 0x04, 0x01, 0x18, 0x17, 0x2D, 0x31, 0x40, 0x41,
	0x47, 0x96, 0x1D, 0x18, 0x19, 0x0E, 0x0E, 0x09, 0x09, 0x0E, 0x0F, 0x11,
	0x2B, 0x11, 0x1E, 0x08, 0x09, 0x09, 0x08, 0x1E, 0x11, 0x2B, 0x11, 0x0F,
	0x0E, 0x09, 0x09, 0x0E, 0x0E, 0x19, 0x18, 0x01, 0x08, 0x0C, 0x0B, 0x13,
	0x14, 0x2E, 0x14, 0x14, 0x0B, 0x0C, 0x0C, 0x0B, 0x14, 0x14, 0x2E, 0x14,
	0x13, 0x0B, 0x0C, 0x0C, 0x0B, 0x13, 0x14, 0x2E, 0x14, 0x14, 0x0B, 0x0C,
	0x0C, 0x0B, 0x14, 0x14, 0x2E, 0x14, 0x13, 0x0B, 0x0C, 0xFE, 0xAB, 0x13,
	0x0A, 0x09, 0x03, 0x02, 0x02, 0x03, 0x09, 0x0A, 0x13, 0x18, 0x1E, 0x1F,
	0x14, 0x17, 0x17, 0x14, 0x1F, 0x1E, 0x00, 0x00, 0x00, 0x05, 0x00, 0x2B,
	0xFF, 0xC0, 0x03, 0xD5, 0x03, 0xC0, 0x00, 0x26, 0x00, 0x46, 0x00, 0x5B,
	0x00, 0x70, 0x00, 0x8C, 0x00, 0x00, 0x01, 0x16, 0x17, 0x1E, 0x01, 0x17,
	0x16, 0x1D, 0x01, 0x14, 0x07, 0x06, 0x07, 0x06, 0x2B, 0x01, 0x15, 0x21,
	0x35, 0x23, 0x22, 0x27, 0x26, 0x27, 0x26, 0x3D, 0x01, 0x34, 0x37, 0x36,
	0x37, 0x36, 0x37, 0x36, 0x37, 0x36, 0x33, 0x3A, 0x01, 0x01, 0x35, 0x34,
	0x27, 0x26, 0x27, 0x26, 0x27, 0x26, 0x27, 0x26, 0x22, 0x23, 0x22, 0x07,
	0x06, 0x07, 0x06, 0x07, 0x06, 0x1D, 0x01, 0x14, 0x16, 0x3B, 0x01, 0x15,
	0x21, 0x35, 0x33, 0x32, 0x36, 0x01, 0x32, 0x17, 0x16, 0x17, 0x16, 0x14,
	0x07, 0x06, 0x07, 0x06, 0x22, 0x27, 0x26, 0x27, 0x26, 0x34, 0x37, 0x36,
	0x37, 0x36, 0x21, 0x32, 0x17, 0x16, 0x17, 0x16, 0x14, 0x07, 0x06, 0x07,
	0x06, 0x22, 0x27, 0x26, 0x27, 0x26, 0x34, 0x37, 0x36, 0x37, 0x36, 0x03,
	0x14, 0x07, 0x06, 0x07, 0x06, 0x23, 0x2A, 0x03, 0x23, 0x22, 0x27, 0x26,
	0x27, 0x26, 0x35, 0x34, 0x37, 0x36, 0x37, 0x36, 0x32, 0x17, 0x16, 0x17,
	0x16, 0x02, 0x20, 0x5A, 0x52, 0x4F, 0x78, 0x20, 0x22, 0x14, 0x14, 0x22,
	0x23, 0x28, 0x15, 0xFD, 0xAA, 0x15, 0x28, 0x23, 0x22, 0x14, 0x14, 0x11,
	0x12, 0x21, 0x22, 0x2F, 0x42, 0x52, 0x52, 0x5A, 0x08, 0x10, 0x01, 0x3D,
	0x18, 0x18, 0x2C, 0x2B, 0x3A, 0x3B, 0x42, 0x06, 0x0C, 0x06, 0x41, 0x3B,
	0x3C, 0x30, 0x34, 0x1C, 0x1C, 0x0C, 0x09, 0x95, 0x01, 0x56, 0x95, 0x09,
	0x0C, 0xFE, 0x00, 0x17, 0x14, 0x14, 0x0B, 0x0C, 0x0C, 0x0B, 0x14, 0x14,
	0x2E, 0x14, 0x13, 0x0B, 0x0C, 0x0C, 0x0B, 0x13, 0x14, 0x01, 0x6D, 0x17,
	0x14, 0x13, 0x0B, 0x0C, 0x0C, 0x0B, 0x13, 0x14, 0x2E, 0x14, 0x14, 0x0B,
	0x0C, 0x0C, 0x0B, 0x14, 0x14, 0x3F, 0x08, 0x07, 0x0F, 0x0C, 0x15, 0x04,
	0x0E, 0x08, 0x0E, 0x04, 0x15, 0x0C, 0x0F, 0x07, 0x08, 0x0B, 0x0C, 0x13,
	0x15, 0x2C, 0x15, 0x13, 0x0C, 0x0B, 0x03, 0xBF, 0x06, 0x29, 0x27, 0x84,
	0x54, 0x57, 0x5E, 0xDC, 0x28, 0x23, 0x22, 0x14, 0x14, 0xAB, 0xAB, 0x14,
	0x14, 0x22, 0x23, 0x28, 0xEB, 0x40, 0x3E, 0x3E, 0x37, 0x37, 0x2C, 0x3E,
	0x21, 0x20, 0xFD, 0x40, 0xDC, 0x45, 0x40, 0x3E, 0x31, 0x30, 0x1D, 0x1E,
	0x04, 0x01, 0x18, 0x17, 0x2D, 0x31, 0x40, 0x41, 0x47, 0xEB, 0x09, 0x0C,
	0xAB, 0xAB, 0x0C, 0x01, 0x49, 0x0C, 0x0B, 0x13, 0x14, 0x2E, 0x14, 0x14,
	0x0B, 0x0C, 0x0C, 0x0B, 0x14, 0x14, 0x2E, 0x14, 0x13, 0x0B, 0x0C, 0x0C,
	0x0B, 0x13, 0x14, 0x2E, 0x14, 0x14, 0x0B, 0x0C, 0x0C, 0x0B, 0x14, 0x14,
	0x2E, 0x14, 0x13, 0x0B, 0x0C, 0xFE, 0xAB, 0x13, 0x0A, 0x09, 0x03, 0x02,
	0x02, 0x03, 0x09, 0x0A, 0x13, 0x18, 0x1E, 0x1F, 0x14, 0x17, 0x17, 0x14,
	0x1F, 0x1E, 0x00, 0x00, 0x00, 0x04, 0x00, 0x00, 0xFF, 0xCE, 0x04, 0x00,
	0x03, 0xC0, 0x00, 0x1B, 0x00, 0x3A, 0x00, 0x59, 0x00, 0x94, 0x00, 0x00,
	0x09, 0x01, 0x06, 0x07, 0x06, 0x22, 0x27, 0x2E, 0x01, 0x27, 0x26, 0x34,
	0x37, 0x36, 0x37, 0x01, 0x36, 0x37, 0x36, 0x32, 0x17, 0x1E, 0x01, 0x17,
	0x16, 0x14, 0x07, 0x06, 0x01, 0x22, 0x27, 0x26, 0x27, 0x26, 0x27, 0x26,
	0x34, 0x37, 0x36, 0x3F, 0x01, 0x3E, 0x01, 0x33, 0x32, 0x17, 0x16, 0x17,
	0x16, 0x17, 0x16, 0x15, 0x14, 0x07, 0x06, 0x0F, 0x01, 0x0E, 0x01, 0x05,
	0x36, 0x37, 0x36, 0x33, 0x32, 0x17, 0x16, 0x17, 0x16, 0x17, 0x16, 0x15,
	0x14, 0x06, 0x0F, 0x01, 0x06, 0x07, 0x06, 0x22, 0x27, 0x26, 0x27, 0x26,
	0x27, 0x26, 0x35, 0x34, 0x36, 0x37, 0x07, 0x32, 0x17, 0x16, 0x17, 0x1E,
	0x01, 0x15, 0x14, 0x07, 0x06, 0x0F, 0x01, 0x17, 0x16, 0x07, 0x06, 0x07,
	0x0E, 0x01, 0x2F, 0x01, 0x07, 0x06, 0x07, 0x06, 0x23, 0x22, 0x26, 0x27,
	0x26, 0x27, 0x26, 0x3F, 0x01, 0x27, 0x26, 0x27, 0x26, 0x35, 0x34, 0x37,
	0x34, 0x37, 0x36, 0x37, 0x36, 0x3B, 0x01, 0x37, 0x36, 0x37, 0x36, 0x33,
	0x32, 0x17, 0x16, 0x1F, 0x01, 0x03, 0xED, 0xFE, 0x80, 0x09, 0x0C, 0x0B,
	0x1A, 0x0B, 0x0C, 0x12, 0x05, 0x05, 0x05, 0x05, 0x09, 0x01, 0x80, 0x09,
	0x0C, 0x0B, 0x1A, 0x0B, 0x0C, 0x12, 0x05, 0x05, 0x05, 0x05, 0xFD, 0x75,
	0x0D, 0x0B, 0x0C, 0x0A, 0x09, 0x05, 0x04, 0x04, 0x05, 0x09, 0xAB, 0x09,
	0x18, 0x0C, 0x0D, 0x0B, 0x0C, 0x0A, 0x09, 0x05, 0x04, 0x04, 0x05, 0x09,
	0xAB, 0x09, 0x18, 0x01, 0xC6, 0x0A, 0x0C, 0x0B, 0x0D, 0x0C, 0x0C, 0x0C,
	0x09, 0x09, 0x05, 0x05, 0x0A, 0x09, 0xAB, 0x09, 0x0C, 0x0B, 0x1A, 0x0B,
	0x0C, 0x09, 0x09, 0x05, 0x05, 0x0A, 0x09, 0x97, 0x0F, 0x0C, 0x0C, 0x05,
	0x01, 0x02, 0x05, 0x04, 0x08, 0x6D, 0x2D, 0x05, 0x05, 0x04, 0x0C, 0x0B,
	0x1E, 0x0C, 0x7F, 0x7D, 0x06, 0x07, 0x06, 0x07, 0x08, 0x0E, 0x06, 0x0C,
	0x04, 0x05, 0x05, 0x2B, 0x6E, 0x08, 0x04, 0x04, 0x01, 0x02, 0x05, 0x0C,
	0x0C, 0x0E, 0x8B, 0x31, 0x05, 0x0C, 0x0C, 0x0E, 0x0F, 0x0C, 0x0C, 0x05,
	0x31, 0x03, 0x53, 0xFE, 0x80, 0x09, 0x05, 0x05, 0x05, 0x05, 0x12, 0x0C,
	0x0B, 0x1A, 0x0B, 0x0C, 0x09, 0x01, 0x80, 0x09, 0x05, 0x05, 0x05, 0x05,
	0x12, 0x0C, 0x0B, 0x1A, 0x0B, 0x0C, 0xFE, 0xE4, 0x05, 0x05, 0x09, 0x09,
	0x0C, 0x0B, 0x1A, 0x0B, 0x0C, 0x09, 0xAB, 0x09, 0x0A, 0x05, 0x05, 0x09,
	0x09, 0x0C, 0x0C, 0x0C, 0x0D, 0x0B, 0x0C, 0x0A, 0xAA, 0x09, 0x0A, 0x3D,
	0x09, 0x05, 0x04, 0x04, 0x05, 0x09, 0x0A, 0x0C, 0x0B, 0x0D, 0x0C, 0x18,
	0x09, 0xAB, 0x09, 0x05, 0x04, 0x04, 0x05, 0x09, 0x0A, 0x0C, 0x0B, 0x0D,
	0x0C, 0x18, 0x09, 0x18, 0x08, 0x09, 0x0D, 0x04, 0x08, 0x04, 0x0A, 0x09,
	0x0A, 0x06, 0x5A, 0x89, 0x0E, 0x0E, 0x0F, 0x09, 0x08, 0x02, 0x08, 0x53,
	0x54, 0x03, 0x02, 0x02, 0x04, 0x05, 0x09, 0x0E, 0x0E, 0x0E, 0x8B, 0x5A,
	0x06, 0x0A, 0x09, 0x0A, 0x04, 0x04, 0x04, 0x04, 0x0D, 0x09, 0x08, 0x84,
	0x0D, 0x09, 0x08, 0x08, 0x09, 0x0D, 0x84, 0x00, 0x00, 0x03, 0x00, 0x00,
	0x00, 0x6B, 0x04, 0x00, 0x03, 0x15, 0x00, 0x25, 0x00, 0x38, 0x00, 0x63,
	0x00, 0x00, 0x01, 0x16, 0x17, 0x16, 0x17, 0x16, 0x15, 0x14, 0x07, 0x06,
	0x07, 0x06, 0x07, 0x06, 0x22, 0x27, 0x26, 0x27, 0x26, 0x27, 0x26, 0x35,
	0x34, 0x37, 0x36, 0x37, 0x36, 0x37, 0x36, 0x37, 0x36, 0x37, 0x36, 0x32,
	0x17, 0x16, 0x17, 0x16, 0x07, 0x26, 0x27, 0x26, 0x27, 0x26, 0x23, 0x22,
	0x07, 0x06, 0x07, 0x06, 0x07, 0x16, 0x17, 0x16, 0x32, 0x37, 0x36, 0x03,
	0x32, 0x37, 0x36, 0x37, 0x36, 0x37, 0x36, 0x37, 0x36, 0x35, 0x34, 0x27,
	0x26, 0x27, 0x26, 0x27, 0x06, 0x07, 0x06, 0x07, 0x06, 0x22, 0x27, 0x26,
	0x27, 0x26, 0x27, 0x06, 0x07, 0x06, 0x07, 0x06, 0x15, 0x14, 0x17, 0x16,
	0x17, 0x16, 0x17, 0x16, 0x17, 0x16, 0x03, 0x16, 0x4A, 0x35, 0x34, 0x1B,
	0x1C, 0x2C, 0x29, 0x4C, 0x47, 0x5D, 0x5A, 0xC2, 0x5A, 0x5D, 0x47, 0x4C,
	0x29, 0x2C, 0x1C, 0x1B, 0x34, 0x35, 0x4A, 0x11, 0x29, 0x28, 0x39, 0x3A,
	0x82, 0x3A, 0x39, 0x28, 0x29, 0x66, 0x05, 0x16, 0x16, 0x22, 0x24, 0x28,
	0x29, 0x23, 0x22, 0x16, 0x17, 0x04, 0x16, 0x21, 0x2D, 0x76, 0x2D, 0x20,
	0x88, 0x44, 0x3F, 0x3A, 0x31, 0x2D, 0x22, 0x20, 0x12, 0x11, 0x0C, 0x0D,
	0x18, 0x1B, 0x25, 0x0E, 0x17, 0x24, 0x32, 0x41, 0xA6, 0x41, 0x32, 0x24,
	0x17, 0x0E, 0x25, 0x1B, 0x18, 0x0D, 0x0C, 0x11, 0x12, 0x20, 0x22, 0x2D,
	0x31, 0x3A, 0x3F, 0x02, 0x42, 0x17, 0x21, 0x20, 0x29, 0x29, 0x2F, 0x3C,
	0x32, 0x2E, 0x22, 0x1F, 0x11, 0x10, 0x10, 0x11, 0x1F, 0x22, 0x2E, 0x32,
	0x3C, 0x2F, 0x29, 0x29, 0x20, 0x21, 0x17, 0x3C, 0x31, 0x30, 0x1B, 0x1B,
	0x1B, 0x1B, 0x30, 0x31, 0x76, 0x27, 0x21, 0x20, 0x12, 0x13, 0x13, 0x12,
	0x20, 0x21, 0x28, 0x0B, 0x07, 0x0A, 0x0A, 0x07, 0xFE, 0xEF, 0x09, 0x08,
	0x0E, 0x0E, 0x11, 0x11, 0x11, 0x11, 0x0D, 0x0B, 0x0D, 0x0F, 0x0F, 0x11,
	0x0D, 0x10, 0x0E, 0x16, 0x0D, 0x11, 0x11, 0x0D, 0x16, 0x0E, 0x10, 0x0D,
	0x11, 0x0F, 0x0F, 0x0D, 0x0B, 0x0D, 0x11, 0x11, 0x11, 0x11, 0x0E, 0x0E,
	0x08, 0x09, 0x00, 0x00, 0x00, 0x04, 0x00, 0x55, 0xFF, 0xC0, 0x03, 0xAB,
	0x03, 0xC0, 0x00, 0x19, 0x00, 0x73, 0x00, 0x90, 0x00, 0xAC, 0x00, 0x00,
	0x21, 0x14, 0x07, 0x06, 0x07, 0x06, 0x23, 0x21, 0x22, 0x27, 0x26, 0x27,
	0x26, 0x35, 0x34, 0x37, 0x36, 0x37, 0x36, 0x3B, 0x01, 0x32, 0x17, 0x16,
	0x17, 0x16, 0x13, 0x16, 0x17, 0x16, 0x17, 0x16, 0x15, 0x14, 0x06, 0x07,
	0x06, 0x23, 0x22, 0x27, 0x26, 0x27, 0x26, 0x35, 0x34, 0x27, 0x26, 0x27,
	0x2E, 0x01, 0x2B, 0x01, 0x22, 0x06, 0x07, 0x06, 0x07, 0x06, 0x15, 0x14,
	0x07, 0x06, 0x07, 0x06, 0x23, 0x22, 0x27, 0x2E, 0x01, 0x35, 0x34, 0x37,
	0x36, 0x37, 0x36, 0x37, 0x26, 0x27, 0x26, 0x27, 0x2E, 0x02, 0x3D, 0x01,
	0x34, 0x36, 0x37, 0x36, 0x3B, 0x01, 0x36, 0x37, 0x36, 0x37, 0x36, 0x32,
	0x17, 0x16, 0x17, 0x16, 0x17, 0x33, 0x32, 0x17, 0x1E, 0x01, 0x1D, 0x01,
	0x14, 0x0E, 0x01, 0x07, 0x06, 0x07, 0x06, 0x27, 0x34, 0x27, 0x26, 0x27,
	0x26, 0x27, 0x26, 0x22, 0x07, 0x06, 0x07, 0x06, 0x07, 0x06, 0x14, 0x17,
	0x16, 0x17, 0x16, 0x17, 0x16, 0x32, 0x37, 0x36, 0x37, 0x36, 0x37, 0x36,
	0x25, 0x21, 0x32, 0x17, 0x16, 0x17, 0x16, 0x15, 0x14, 0x07, 0x06, 0x07,
	0x06, 0x07, 0x06, 0x22, 0x27, 0x26, 0x27, 0x26, 0x27, 0x26, 0x35, 0x34,
	0x37, 0x36, 0x37, 0x36, 0x02, 0xD5, 0x08, 0x09, 0x0E, 0x0F, 0x12, 0xFE,
	0xD6, 0x12, 0x0F, 0x0E, 0x09, 0x08, 0x0E, 0x0E, 0x18, 0x19, 0x1D, 0xD6,
	0x1D, 0x19, 0x18, 0x0E, 0x0E, 0x26, 0x34, 0x28, 0x28, 0x15, 0x17, 0x12,
	0x0E, 0x0F, 0x11, 0x12, 0x0F, 0x0E, 0x09, 0x08, 0x0F, 0x0F, 0x1B, 0x1A,
	0x46, 0x27, 0xD6, 0x27, 0x46, 0x1A, 0x1B, 0x0F, 0x0F, 0x08, 0x09, 0x0E,
	0x0F, 0x12, 0x11, 0x0F, 0x0E, 0x12, 0x17, 0x15, 0x28, 0x28, 0x34, 0x2E,
	0x20, 0x20, 0x0E, 0x0E, 0x18, 0x0E, 0x12, 0x0E, 0x0F, 0x11, 0x01, 0x1A,
	0x36, 0x36, 0x48, 0x4A, 0xA4, 0x4A, 0x48, 0x36, 0x36, 0x1A, 0x01, 0x11,
	0x0F, 0x0E, 0x12, 0x0E, 0x18, 0x0E, 0x0E, 0x20, 0x20, 0x29, 0x14, 0x14,
	0x23, 0x24, 0x2D, 0x30, 0x68, 0x30, 0x2D, 0x24, 0x23, 0x14, 0x14, 0x14,
	0x14, 0x23, 0x24, 0x2D, 0x30, 0x68, 0x30, 0x2D, 0x24, 0x23, 0x14, 0x14,
	0xFE, 0x5A, 0x01, 0x51, 0x0E, 0x0A, 0x09, 0x05, 0x04, 0x10, 0x11, 0x1D,
	0x1E, 0x26, 0x28, 0x56, 0x28, 0x26, 0x1E, 0x1D, 0x11, 0x10, 0x05, 0x06,
	0x09, 0x0C, 0x11, 0x0F, 0x0F, 0x08, 0x09, 0x09, 0x08, 0x0F, 0x0F, 0x11,
	0x1D, 0x19, 0x18, 0x0E, 0x0F, 0x0F, 0x0E, 0x18, 0x19, 0x01, 0x01, 0x1B,
	0x2B, 0x2C, 0x36, 0x39, 0x3D, 0x11, 0x1E, 0x08, 0x09, 0x09, 0x08, 0x0F,
	0x0F, 0x11, 0x27, 0x24, 0x22, 0x1B, 0x1A, 0x1E, 0x1E, 0x1A, 0x1B, 0x22,
	0x24, 0x27, 0x11, 0x0F, 0x0F, 0x08, 0x09, 0x09, 0x08, 0x1E, 0x11, 0x3D,
	0x39, 0x36, 0x2C, 0x2B, 0x1B, 0x28, 0x34, 0x35, 0x3D, 0x03, 0x12, 0x1A,
	0x10, 0x55, 0x11, 0x1E, 0x08, 0x09, 0x4A, 0x3B, 0x3A, 0x20, 0x21, 0x21,
	0x20, 0x3A, 0x3B, 0x4A, 0x09, 0x08, 0x1E, 0x11, 0x55, 0x10, 0x1A, 0x12,
	0x03, 0x3D, 0x35, 0x34, 0xFA, 0x34, 0x30, 0x2D, 0x24, 0x23, 0x14, 0x14,
	0x14, 0x14, 0x23, 0x24, 0x2D, 0x30, 0x68, 0x30, 0x2D, 0x24, 0x23, 0x14,
	0x14, 0x14, 0x14, 0x23, 0x24, 0x2D, 0x30, 0x89, 0x07, 0x07, 0x0B, 0x09,
	0x08, 0x2C, 0x27, 0x27, 0x1D, 0x1E, 0x10, 0x11, 0x11, 0x10, 0x1E, 0x1D,
	0x27, 0x27, 0x2C, 0x08, 0x09, 0x0B, 0x07, 0x07, 0x00, 0x03, 0x00, 0x00,
	0xFF, 0xC0, 0x04, 0x00, 0x03, 0xC0, 0x00, 0x34, 0x00, 0x6D, 0x00, 0x7D,
	0x00, 0x00, 0x01, 0x14, 0x07, 0x06, 0x07, 0x06, 0x2B, 0x01, 0x15, 0x14,
	0x07, 0x06, 0x07, 0x06, 0x22, 0x27, 0x26, 0x27, 0x26, 0x3D, 0x01, 0x23,
	0x22, 0x27, 0x26, 0x27, 0x26, 0x34, 0x37, 0x36, 0x37, 0x36, 0x3B, 0x01,
	0x35, 0x34, 0x37, 0x36, 0x37, 0x36, 0x32, 0x17, 0x16, 0x17, 0x16, 0x1D,
	0x01, 0x33, 0x32, 0x17, 0x16, 0x17, 0x16, 0x01, 0x14, 0x07, 0x06, 0x07,
	0x06, 0x2B, 0x01, 0x03, 0x06, 0x07, 0x06, 0x07, 0x06, 0x07, 0x06, 0x23,
	0x21, 0x22, 0x27, 0x26, 0x27, 0x26, 0x27, 0x26, 0x27, 0x03, 0x23, 0x22,
	0x27, 0x26, 0x27, 0x26, 0x34, 0x37, 0x36, 0x37, 0x36, 0x3B, 0x01, 0x3E,
	0x01, 0x37, 0x36, 0x3B, 0x01, 0x32, 0x17, 0x1E, 0x01, 0x17, 0x33, 0x32,
	0x17, 0x16, 0x17, 0x16, 0x07, 0x21, 0x13, 0x16, 0x17, 0x16, 0x17, 0x16,
	0x33, 0x21, 0x32, 0x37, 0x36, 0x37, 0x36, 0x37, 0x02, 0xC0, 0x09, 0x08,
	0x0F, 0x0F, 0x11, 0x40, 0x09, 0x08, 0x0F, 0x0F, 0x22, 0x0F, 0x0F, 0x08,
	0x09, 0x40, 0x11, 0x0F, 0x0F, 0x08, 0x09, 0x09, 0x08, 0x0F, 0x0F, 0x11,
	0x40, 0x09, 0x08, 0x0F, 0x0F, 0x22, 0x0F, 0x0F, 0x08, 0x09, 0x40, 0x11,
	0x0F, 0x0F, 0x08, 0x09, 0x01, 0x40, 0x09, 0x08, 0x0F, 0x0F, 0x11, 0x1A,
	0x2E, 0x04, 0x14, 0x14, 0x20, 0x20, 0x28, 0x2A, 0x2C, 0xFE, 0xE4, 0x2C,
	0x2A, 0x28, 0x20, 0x20, 0x14, 0x14, 0x03, 0x2F, 0x1A, 0x11, 0x0F, 0x0F,
	0x08, 0x09, 0x09, 0x08, 0x0F, 0x0F, 0x11, 0xCB, 0x0D, 0x36, 0x24, 0x25,
	0x29, 0x80, 0x29, 0x25, 0x24, 0x36, 0x0D, 0xCB, 0x11, 0x0F, 0x0F, 0x08,
	0x09, 0xDB, 0xFD, 0xB6, 0x2D, 0x02, 0x0F, 0x0F, 0x17, 0x18, 0x1B, 0x01,
	0x1C, 0x1B, 0x18, 0x17, 0x0F, 0x0F, 0x02, 0x01, 0x80, 0x11, 0x0F, 0x0F,
	0x08, 0x09, 0x40, 0x11, 0x0F, 0x0F, 0x08, 0x09, 0x09, 0x08, 0x0F, 0x0F,
	0x11, 0x40, 0x09, 0x08, 0x0F, 0x0F, 0x22, 0x0F, 0x0F, 0x08, 0x09, 0x40,
	0x11, 0x0F, 0x0F, 0x08, 0x09, 0x09, 0x08, 0x0F, 0x0F, 0x11, 0x40, 0x09,
	0x08, 0x0F, 0x0F, 0x01, 0x6F, 0x11, 0x0F, 0x0F, 0x08, 0x09, 0xFD, 0xD7,
	0x2C, 0x28, 0x27, 0x1E, 0x1D, 0x10, 0x11, 0x11, 0x10, 0x1D, 0x1E, 0x27,
	0x28, 0x2C, 0x02, 0x29, 0x09, 0x08, 0x0F, 0x0F, 0x22, 0x0F, 0x0F, 0x08,
	0x09, 0x25, 0x3A, 0x10, 0x11, 0x11, 0x10, 0x3A, 0x25, 0x09, 0x08, 0x0F,
	0x0F, 0x51, 0xFD, 0xE2, 0x1B, 0x17, 0x16, 0x0D, 0x0D, 0x0D, 0x0D, 0x16,
	0x17, 0x1B, 0x00, 0x00, 0x00, 0x03, 0x00, 0x00, 0xFF, 0xC0, 0x04, 0x00,
	0x03, 0xC0, 0x00, 0x47, 0x00, 0x4A, 0x00, 0x77, 0x00, 0x00, 0x25, 0x17,
	0x16, 0x17, 0x16, 0x14, 0x07, 0x0E, 0x01, 0x07, 0x06, 0x22, 0x27, 0x26,
	0x27, 0x01, 0x26, 0x27, 0x26, 0x34, 0x37, 0x3E, 0x01, 0x37, 0x36, 0x32,
	0x17, 0x16, 0x1F, 0x01, 0x33, 0x3E, 0x01, 0x37, 0x36, 0x3B, 0x01, 0x32,
	0x17, 0x1E, 0x01, 0x17, 0x33, 0x32, 0x17, 0x16, 0x17, 0x16, 0x14, 0x07,
	0x06, 0x07, 0x06, 0x2B, 0x01, 0x07, 0x15, 0x14, 0x07, 0x14, 0x15, 0x06,
	0x07, 0x06, 0x07, 0x06, 0x07, 0x06, 0x07, 0x06, 0x07, 0x06, 0x27, 0x13,
	0x21, 0x01, 0x14, 0x06, 0x07, 0x06, 0x2B, 0x01, 0x22, 0x27, 0x26, 0x27,
	0x26, 0x27, 0x26, 0x27, 0x03, 0x34, 0x35, 0x34, 0x35, 0x34, 0x3E, 0x01,
	0x37, 0x3A, 0x01, 0x33, 0x32, 0x17, 0x16, 0x17, 0x16, 0x17, 0x13, 0x16,
	0x17, 0x16, 0x17, 0x16, 0x3B, 0x01, 0x32, 0x17, 0x1E, 0x01, 0x03, 0x78,
	0x75, 0x09, 0x05, 0x05, 0x05, 0x05, 0x12, 0x0C, 0x0B, 0x1A, 0x0B, 0x0C,
	0x09, 0xFC, 0x80, 0x09, 0x05, 0x05, 0x05, 0x05, 0x12, 0x0C, 0x0B, 0x1A,
	0x0B, 0x0C, 0x09, 0x6D, 0x31, 0x0D, 0x36, 0x24, 0x25, 0x29, 0x80, 0x29,
	0x25, 0x24, 0x36, 0x0D, 0xCB, 0x11, 0x0F, 0x0F, 0x08, 0x09, 0x09, 0x08,
	0x0F, 0x0F, 0x11, 0x1A, 0x01, 0x01, 0x01, 0x02, 0x01, 0x02, 0x03, 0x04,
	0x04, 0x04, 0x0A, 0x06, 0x07, 0x76, 0x23, 0xFE, 0x35, 0x01, 0x51, 0x12,
	0x0E, 0x0F, 0x11, 0xF9, 0x2C, 0x2A, 0x28, 0x20, 0x20, 0x14, 0x14, 0x03,
	0x1B, 0x10, 0x1A, 0x11, 0x01, 0x02, 0x01, 0x11, 0x0E, 0x0F, 0x08, 0x0A,
	0x01, 0x1A, 0x02, 0x0F, 0x0F, 0x17, 0x18, 0x1B, 0xF9, 0x11, 0x0F, 0x0E,
	0x12, 0xA2, 0x75, 0x09, 0x0C, 0x0B, 0x1A, 0x0B, 0x0C, 0x12, 0x05, 0x05,
	0x05, 0x05, 0x09, 0x03, 0x80, 0x09, 0x0C, 0x0B, 0x1A, 0x0B, 0x0C, 0x12,
	0x05, 0x05, 0x05, 0x05, 0x09, 0x6D, 0x25, 0x3A, 0x10, 0x11, 0x11, 0x10,
	0x3A, 0x25, 0x09, 0x08, 0x0F, 0x0F, 0x22, 0x0F, 0x0F, 0x08, 0x09, 0x02,
	0x04, 0x04, 0x03, 0x05, 0x05, 0x0D, 0x0E, 0x11, 0x12, 0x2C, 0x2A, 0x35,
	0x2F, 0x76, 0x44, 0x54, 0x76, 0x01, 0xA7, 0xFD, 0x40, 0x11, 0x1E, 0x08,
	0x09, 0x11, 0x10, 0x1D, 0x1E, 0x27, 0x28, 0x2C, 0x01, 0x39, 0x01, 0x02,
	0x01, 0x01, 0x11, 0x1C, 0x12, 0x01, 0x07, 0x08, 0x0D, 0x0E, 0x10, 0xFE,
	0xC7, 0x1B, 0x17, 0x16, 0x0D, 0x0D, 0x09, 0x08, 0x1E, 0x00, 0x00, 0x00,
	0x00, 0x06, 0x00, 0x00, 0xFF, 0xBD, 0x04, 0x00, 0x03, 0xC0, 0x00, 0x2A,
	0x00, 0x62, 0x00, 0xA7, 0x00, 0xF6, 0x01, 0x3F, 0x01, 0x82, 0x00, 0x00,
	0x01, 0x32, 0x17, 0x16, 0x17, 0x16, 0x17, 0x16, 0x15, 0x14, 0x07, 0x06,
	0x07, 0x06, 0x23, 0x22, 0x27, 0x26, 0x27, 0x26, 0x27, 0x26, 0x22, 0x07,
	0x06, 0x07, 0x06, 0x07, 0x06, 0x23, 0x22, 0x27, 0x26, 0x27, 0x26, 0x35,
	0x34, 0x37, 0x36, 0x37, 0x36, 0x37, 0x36, 0x01, 0x37, 0x36, 0x35, 0x36,
	0x35, 0x34, 0x27, 0x26, 0x27, 0x26, 0x27, 0x26, 0x22, 0x07, 0x06, 0x07,
	0x06, 0x07, 0x06, 0x15, 0x14, 0x17, 0x1E, 0x01, 0x17, 0x16, 0x33, 0x32,
	0x37, 0x36, 0x37, 0x36, 0x37, 0x36, 0x37, 0x36, 0x32, 0x17, 0x16, 0x17,
	0x16, 0x17, 0x16, 0x17, 0x16, 0x33, 0x32, 0x33, 0x36, 0x37, 0x32, 0x37,
	0x32, 0x3B, 0x01, 0x01, 0x06, 0x07, 0x06, 0x07, 0x06, 0x23, 0x22, 0x23,
	0x26, 0x23, 0x26, 0x27, 0x26, 0x27, 0x26, 0x35, 0x3C, 0x01, 0x37, 0x36,
	0x37, 0x3E, 0x01, 0x17, 0x32, 0x3B, 0x01, 0x36, 0x35, 0x36, 0x35, 0x36,
	0x27, 0x26, 0x27, 0x26, 0x27, 0x26, 0x16, 0x32, 0x17, 0x32, 0x17, 0x1E,
	0x01, 0x17, 0x16, 0x17, 0x16, 0x17, 0x16, 0x17, 0x16, 0x15, 0x1C, 0x01,
	0x15, 0x06, 0x07, 0x06, 0x07, 0x16, 0x17, 0x16, 0x15, 0x14, 0x15, 0x06,
	0x05, 0x22, 0x07, 0x22, 0x23, 0x22, 0x27, 0x26, 0x27, 0x26, 0x27, 0x34,
	0x27, 0x34, 0x35, 0x34, 0x37, 0x36, 0x37, 0x26, 0x27, 0x26, 0x27, 0x3C,
	0x01, 0x35, 0x34, 0x37, 0x36, 0x37, 0x36, 0x37, 0x36, 0x37, 0x36, 0x37,
	0x36, 0x37, 0x36, 0x33, 0x36, 0x32, 0x36, 0x15, 0x22, 0x1D, 0x01, 0x06,
	0x07, 0x14, 0x07, 0x06, 0x07, 0x06, 0x07, 0x06, 0x07, 0x06, 0x17, 0x16,
	0x15, 0x16, 0x17, 0x33, 0x32, 0x33, 0x36, 0x16, 0x17, 0x16, 0x17, 0x16,
	0x14, 0x15, 0x14, 0x07, 0x06, 0x07, 0x06, 0x13, 0x26, 0x27, 0x26, 0x27,
	0x26, 0x37, 0x36, 0x37, 0x36, 0x37, 0x36, 0x37, 0x3E, 0x01, 0x37, 0x36,
	0x33, 0x36, 0x32, 0x35, 0x33, 0x23, 0x1C, 0x01, 0x06, 0x07, 0x14, 0x07,
	0x0E, 0x01, 0x07, 0x06, 0x07, 0x06, 0x17, 0x16, 0x15, 0x16, 0x17, 0x32,
	0x33, 0x36, 0x17, 0x16, 0x17, 0x16, 0x17, 0x14, 0x17, 0x14, 0x15, 0x14,
	0x07, 0x06, 0x07, 0x06, 0x07, 0x2A, 0x01, 0x23, 0x22, 0x27, 0x26, 0x27,
	0x26, 0x27, 0x26, 0x34, 0x35, 0x34, 0x37, 0x36, 0x05, 0x36, 0x37, 0x36,
	0x37, 0x36, 0x17, 0x33, 0x36, 0x35, 0x36, 0x35, 0x36, 0x27, 0x26, 0x27,
	0x26, 0x27, 0x26, 0x32, 0x14, 0x32, 0x17, 0x32, 0x17, 0x16, 0x17, 0x16,
	0x17, 0x16, 0x17, 0x16, 0x17, 0x16, 0x17, 0x16, 0x07, 0x06, 0x07, 0x06,
	0x07, 0x16, 0x17, 0x16, 0x15, 0x14, 0x15, 0x06, 0x15, 0x06, 0x07, 0x06,
	0x07, 0x06, 0x23, 0x22, 0x23, 0x22, 0x23, 0x26, 0x27, 0x26, 0x27, 0x26,
	0x35, 0x3C, 0x01, 0x02, 0x00, 0x3F, 0x3F, 0x3C, 0x31, 0x31, 0x1C, 0x1D,
	0x12, 0x13, 0x23, 0x23, 0x31, 0x18, 0x1A, 0x0F, 0x1E, 0x1C, 0x0F, 0x19,
	0x2C, 0x19, 0x0F, 0x1C, 0x1E, 0x0F, 0x1A, 0x18, 0x31, 0x23, 0x23, 0x13,
	0x12, 0x1D, 0x1C, 0x31, 0x31, 0x3C, 0x3F, 0x01, 0x10, 0x01, 0x02, 0x01,
	0x13, 0x12, 0x1F, 0x20, 0x25, 0x27, 0x4A, 0x27, 0x25, 0x20, 0x1F, 0x12,
	0x13, 0x02, 0x01, 0x02, 0x04, 0x07, 0x0C, 0x07, 0x0E, 0x08, 0x13, 0x18,
	0x0E, 0x18, 0x16, 0x1A, 0x36, 0x1B, 0x15, 0x18, 0x0E, 0x18, 0x13, 0x08,
	0x0E, 0x07, 0x06, 0x06, 0x04, 0x03, 0x01, 0x01, 0x01, 0x01, 0x01, 0x01,
	0x2E, 0x05, 0x10, 0x11, 0x18, 0x19, 0x1C, 0x01, 0x02, 0x02, 0x02, 0x1A,
	0x15, 0x14, 0x0C, 0x0B, 0x01, 0x04, 0x12, 0x11, 0x34, 0x1D, 0x01, 0x01,
	0x01, 0x02, 0x01, 0x01, 0x03, 0x02, 0x05, 0x04, 0x04, 0x04, 0x01, 0x01,
	0x01, 0x01, 0x01, 0x02, 0x06, 0x04, 0x09, 0x08, 0x0A, 0x0A, 0x17, 0x0D,
	0x11, 0x01, 0x03, 0x03, 0x06, 0x06, 0x04, 0x03, 0x01, 0xFC, 0x7C, 0x02,
	0x02, 0x02, 0x01, 0x1C, 0x19, 0x18, 0x11, 0x10, 0x05, 0x01, 0x03, 0x04,
	0x06, 0x06, 0x03, 0x03, 0x01, 0x10, 0x0E, 0x17, 0x09, 0x0B, 0x08, 0x09,
	0x03, 0x04, 0x03, 0x02, 0x01, 0x01, 0x01, 0x01, 0x01, 0x01, 0x01, 0x01,
	0x01, 0x02, 0x02, 0x02, 0x02, 0x05, 0x02, 0x04, 0x01, 0x01, 0x01, 0x02,
	0x01, 0x01, 0x01, 0x1D, 0x34, 0x11, 0x12, 0x04, 0x01, 0x0B, 0x0C, 0x14,
	0x15, 0x77, 0x06, 0x03, 0x02, 0x01, 0x02, 0x10, 0x0D, 0x18, 0x09, 0x0B,
	0x09, 0x09, 0x04, 0x06, 0x03, 0x01, 0x01, 0x01, 0x01, 0x01, 0x01, 0x01,
	0x01, 0x01, 0x02, 0x04, 0x02, 0x05, 0x02, 0x04, 0x01, 0x01, 0x01, 0x01,
	0x01, 0x01, 0x1D, 0x1A, 0x1A, 0x10, 0x12, 0x05, 0x01, 0x0C, 0x0B, 0x14,
	0x15, 0x1A, 0x02, 0x04, 0x02, 0x1B, 0x19, 0x18, 0x11, 0x11, 0x04, 0x01,
	0x03, 0x04, 0x01, 0x27, 0x04, 0x12, 0x11, 0x1A, 0x1A, 0x1D, 0x01, 0x02,
	0x01, 0x01, 0x03, 0x02, 0x05, 0x04, 0x04, 0x04, 0x01, 0x01, 0x01, 0x01,
	0x01, 0x03, 0x02, 0x04, 0x04, 0x09, 0x09, 0x0A, 0x0A, 0x18, 0x0D, 0x10,
	0x02, 0x01, 0x03, 0x02, 0x06, 0x07, 0x03, 0x04, 0x01, 0x05, 0x11, 0x10,
	0x18, 0x19, 0x1C, 0x02, 0x01, 0x02, 0x02, 0x1A, 0x15, 0x14, 0x0C, 0x0B,
	0x01, 0x95, 0x1B, 0x19, 0x2E, 0x2D, 0x38, 0x3A, 0x3B, 0x30, 0x24, 0x23,
	0x12, 0x13, 0x07, 0x05, 0x0B, 0x0C, 0x04, 0x07, 0x07, 0x04, 0x0C, 0x0B,
	0x05, 0x07, 0x13, 0x12, 0x23, 0x24, 0x30, 0x3B, 0x3A, 0x38, 0x2D, 0x2E,
	0x19, 0x1B, 0xFE, 0xAC, 0x02, 0x03, 0x05, 0x06, 0x08, 0x21, 0x23, 0x20,
	0x1C, 0x1C, 0x10, 0x10, 0x10, 0x10, 0x1C, 0x1C, 0x20, 0x23, 0x21, 0x0C,
	0x07, 0x04, 0x02, 0x01, 0x02, 0x04, 0x03, 0x07, 0x0A, 0x05, 0x08, 0x04,
	0x05, 0x05, 0x04, 0x08, 0x05, 0x0A, 0x07, 0x03, 0x04, 0x01, 0x01, 0x01,
	0x01, 0x7D, 0x2E, 0x28, 0x25, 0x16, 0x17, 0x01, 0x03, 0x17, 0x16, 0x24,
	0x25, 0x2B, 0x07, 0x0E, 0x07, 0x31, 0x24, 0x21, 0x22, 0x04, 0x05, 0x06,
	0x05, 0x06, 0x12, 0x15, 0x11, 0x12, 0x0C, 0x0C, 0x09, 0x01, 0x01, 0x01,
	0x01, 0x04, 0x02, 0x06, 0x06, 0x08, 0x08, 0x16, 0x17, 0x1D, 0x1E, 0x02,
	0x04, 0x02, 0x0C, 0x0B, 0x0E, 0x0C, 0x10, 0x13, 0x13, 0x16, 0x06, 0x07,
	0x07, 0xAE, 0x01, 0x17, 0x16, 0x25, 0x27, 0x2F, 0x07, 0x07, 0x07, 0x06,
	0x15, 0x14, 0x13, 0x10, 0x0C, 0x0D, 0x0B, 0x0D, 0x02, 0x04, 0x02, 0x1E,
	0x1D, 0x17, 0x15, 0x09, 0x08, 0x06, 0x06, 0x02, 0x02, 0x02, 0x01, 0x01,
	0x01, 0x01, 0x01, 0x01, 0x01, 0x01, 0x02, 0x01, 0x02, 0x06, 0x05, 0x07,
	0x07, 0x11, 0x11, 0x15, 0x12, 0x06, 0x05, 0x06, 0x05, 0x04, 0x22, 0x22,
	0x23, 0x31, 0x07, 0x0E, 0x07, 0x2B, 0x25, 0x24, 0x16, 0x17, 0x01, 0xE3,
	0x0B, 0x0D, 0x0A, 0x0D, 0x1F, 0x1F, 0x18, 0x17, 0x09, 0x08, 0x07, 0x06,
	0x02, 0x04, 0x01, 0x01, 0x01, 0x01, 0x01, 0x01, 0x02, 0x01, 0x02, 0x02,
	0x05, 0x0C, 0x07, 0x12, 0x10, 0x15, 0x13, 0x05, 0x06, 0x05, 0x06, 0x04,
	0x11, 0x10, 0x22, 0x24, 0x30, 0x07, 0x07, 0x07, 0x07, 0x2C, 0x24, 0x25,
	0x16, 0x17, 0x03, 0x16, 0x16, 0x26, 0x27, 0x2F, 0x06, 0x0E, 0x06, 0x17,
	0x14, 0x13, 0x3F, 0x30, 0x24, 0x22, 0x10, 0x11, 0x04, 0x06, 0x05, 0x06,
	0x05, 0x13, 0x15, 0x10, 0x12, 0x0C, 0x0C, 0x09, 0x01, 0x01, 0x01, 0x01,
	0x02, 0x02, 0x02, 0x06, 0x07, 0x08, 0x09, 0x17, 0x18, 0x1F, 0x1F, 0x0D,
	0x0A, 0x0D, 0x0B, 0x11, 0x13, 0x14, 0x17, 0x06, 0x07, 0x07, 0x06, 0x2F,
	0x27, 0x26, 0x16, 0x16, 0x03, 0x17, 0x16, 0x25, 0x24, 0x2C, 0x07, 0x0E,
	0x00, 0x01, 0x00, 0x00, 0xFF, 0xC0, 0x03, 0xFF, 0x03, 0xBF, 0x00, 0x41,
	0x00, 0x00, 0x25, 0x22, 0x27, 0x26, 0x27, 0x26, 0x27, 0x26, 0x27, 0x01,
	0x06, 0x07, 0x06, 0x22, 0x27, 0x2E, 0x01, 0x27, 0x26, 0x34, 0x37, 0x36,
	0x37, 0x01, 0x26, 0x27, 0x26, 0x27, 0x26, 0x27, 0x26, 0x35, 0x34, 0x37,
	0x36, 0x37, 0x36, 0x33, 0x32, 0x16, 0x17, 0x16, 0x17, 0x37, 0x36, 0x37,
	0x36, 0x17, 0x1E, 0x01, 0x17, 0x16, 0x07, 0x06, 0x0F, 0x01, 0x16, 0x17,
	0x16, 0x17, 0x14, 0x15, 0x14, 0x07, 0x0E, 0x01, 0x03, 0xD0, 0x11, 0x0C,
	0x0D, 0x04, 0x18, 0x35, 0x34, 0x4A, 0xFD, 0x96, 0x09, 0x0C, 0x0B, 0x1A,
	0x0B, 0x0C, 0x12, 0x05, 0x05, 0x05, 0x05, 0x09, 0x02, 0x6A, 0x57, 0x62,
	0x64, 0x66, 0x10, 0x0A, 0x0B, 0x07, 0x06, 0x0A, 0x0B, 0x0D, 0x01, 0x9D,
	0x80, 0x7E, 0x5E, 0x3F, 0x0D, 0x10, 0x11, 0x10, 0x11, 0x18, 0x05, 0x04,
	0x04, 0x05, 0x0C, 0x3F, 0x4C, 0x2A, 0x2A, 0x06, 0x07, 0x06, 0x16, 0x96,
	0x0A, 0x0B, 0x10, 0x65, 0x64, 0x62, 0x57, 0xFD, 0x96, 0x09, 0x05, 0x05,
	0x05, 0x05, 0x12, 0x0C, 0x0B, 0x1A, 0x0B, 0x0C, 0x09, 0x02, 0x6A, 0x4A,
	0x34, 0x35, 0x19, 0x04, 0x0C, 0x0D, 0x10, 0x0D, 0x0B, 0x0A, 0x07, 0x06,
	0x05, 0x2B, 0x29, 0x4D, 0x3F, 0x0C, 0x05, 0x04, 0x04, 0x05, 0x18, 0x11,
	0x10, 0x11, 0x10, 0x0D, 0x3F, 0x5E, 0x7E, 0x7F, 0x9D, 0x01, 0x01, 0x0C,
	0x0B, 0x0B, 0x0C, 0x00, 0x00, 0x04, 0x00, 0x80, 0xFF, 0xC0, 0x03, 0x80,
	0x03, 0xC0, 0x00, 0x2B, 0x00, 0x32, 0x00, 0x39, 0x00, 0x4C, 0x00, 0x00,
	0x01, 0x32, 0x17, 0x1E, 0x01, 0x17, 0x16, 0x1D, 0x01, 0x14, 0x07, 0x06,
	0x07, 0x06, 0x07, 0x06, 0x22, 0x27, 0x26, 0x27, 0x26, 0x27, 0x26, 0x3D,
	0x01, 0x34, 0x37, 0x3E, 0x01, 0x37, 0x36, 0x33, 0x35, 0x34, 0x37, 0x36,
	0x37, 0x36, 0x32, 0x17, 0x16, 0x17, 0x16, 0x15, 0x13, 0x2E, 0x01, 0x27,
	0x26, 0x23, 0x15, 0x27, 0x22, 0x07, 0x0E, 0x01, 0x07, 0x33, 0x13, 0x32,
	0x37, 0x36, 0x37, 0x36, 0x37, 0x36, 0x3D, 0x01, 0x21, 0x15, 0x14, 0x17,
	0x16, 0x17, 0x16, 0x17, 0x16, 0x02, 0x40, 0x41, 0x3B, 0x3A, 0x58, 0x19,
	0x19, 0x1E, 0x1D, 0x36, 0x35, 0x45, 0x47, 0x9C, 0x47, 0x45, 0x35, 0x36,
	0x1D, 0x1E, 0x19, 0x19, 0x58, 0x3A, 0x3B, 0x41, 0x09, 0x08, 0x0F, 0x0F,
	0x22, 0x0F, 0x0F, 0x08, 0x09, 0xBF, 0x05, 0x36, 0x29, 0x2B, 0x30, 0x80,
	0x30, 0x2B, 0x29, 0x36, 0x05, 0xBF, 0x40, 0x34, 0x30, 0x2D, 0x24, 0x23,
	0x14, 0x14, 0xFE, 0x00, 0x14, 0x14, 0x23, 0x24, 0x2D, 0x30, 0x03, 0x40,
	0x19, 0x19, 0x58, 0x3A, 0x3B, 0x41, 0xC0, 0x4E, 0x47, 0x45, 0x35, 0x36,
	0x1D, 0x1E, 0x1E, 0x1D, 0x36, 0x35, 0x45, 0x47, 0x4E, 0xC0, 0x41, 0x3B,
	0x3A, 0x58, 0x19, 0x19, 0x40, 0x11, 0x0F, 0x0F, 0x08, 0x09, 0x09, 0x08,
	0x0F, 0x0F, 0x11, 0xFE, 0x95, 0x30, 0x4E, 0x16, 0x17, 0xAB, 0xAB, 0x17,
	0x16, 0x4E, 0x30, 0xFE, 0x2B, 0x14, 0x14, 0x23, 0x24, 0x2D, 0x30, 0x34,
	0x55, 0x55, 0x34, 0x30, 0x2D, 0x24, 0x23, 0x14, 0x14, 0x00, 0x00, 0x00,
	0x00, 0x03, 0x00, 0x56, 0xFF, 0xC0, 0x03, 0xAA, 0x03, 0xC0, 0x00, 0x18,
	0x00, 0x31, 0x00, 0x48, 0x00, 0x00, 0x01, 0x16, 0x17, 0x16, 0x15, 0x14,
	0x07, 0x06, 0x07, 0x06, 0x07, 0x06, 0x23, 0x22, 0x27, 0x26, 0x27, 0x26,
	0x27, 0x26, 0x34, 0x37, 0x36, 0x37, 0x01, 0x13, 0x36, 0x37, 0x36, 0x35,
	0x34, 0x27, 0x26, 0x2F, 0x01, 0x07, 0x06, 0x07, 0x06, 0x15, 0x14, 0x17,
	0x16, 0x17, 0x16, 0x17, 0x16, 0x32, 0x37, 0x36, 0x03, 0x16, 0x17, 0x16,
	0x14, 0x07, 0x06, 0x07, 0x06, 0x07, 0x06, 0x22, 0x27, 0x26, 0x27, 0x26,
	0x27, 0x26, 0x34, 0x37, 0x36, 0x3F, 0x01, 0x03, 0x2D, 0x3E, 0x20, 0x1F,
	0x1F, 0x20, 0x3D, 0x3D, 0x4E, 0x4D, 0x56, 0x55, 0x4E, 0x4E, 0x3D, 0x3D,
	0x20, 0x1F, 0x1F, 0x20, 0x3D, 0x01, 0x2E, 0xD3, 0x2B, 0x17, 0x16, 0x16,
	0x17, 0x2B, 0xD3, 0xD4, 0x2A, 0x17, 0x16, 0x16, 0x17, 0x2B, 0x2A, 0x37,
	0x36, 0x78, 0x36, 0x37, 0x30, 0x18, 0x0D, 0x0D, 0x0D, 0x0D, 0x18, 0x19,
	0x20, 0x1F, 0x42, 0x1F, 0x20, 0x19, 0x18, 0x0D, 0x0D, 0x0D, 0x0D, 0x18,
	0x79, 0x02, 0x99, 0x3D, 0x50, 0x4E, 0x53, 0x54, 0x4D, 0x50, 0x3D, 0x3C,
	0x20, 0x21, 0x21, 0x20, 0x3C, 0x3E, 0x4F, 0x4D, 0xA8, 0x4D, 0x4F, 0x3E,
	0x01, 0x27, 0xFC, 0xD8, 0x2B, 0x38, 0x35, 0x3B, 0x3A, 0x36, 0x38, 0x2B,
	0xCF, 0xCF, 0x2B, 0x38, 0x35, 0x3B, 0x3A, 0x36, 0x38, 0x2B, 0x2B, 0x16,
	0x17, 0x17, 0x16, 0x01, 0x4C, 0x19, 0x20, 0x1F, 0x42, 0x1F, 0x20, 0x19,
	0x18, 0x0D, 0x0D, 0x0D, 0x0D, 0x18, 0x19, 0x20, 0x1F, 0x42, 0x1F, 0x20,
	0x19, 0x76, 0x00, 0x00, 0x00, 0x05, 0x00, 0x00, 0xFF, 0xC0, 0x04, 0x00,
	0x03, 0xC0, 0x00, 0xAF, 0x00, 0xCB, 0x00, 0xF9, 0x01, 0x04, 0x01, 0x1E,
	0x00, 0x00, 0x01, 0x23, 0x15, 0x33, 0x32, 0x17, 0x16, 0x17, 0x16, 0x15,
	0x14, 0x07, 0x0E, 0x01, 0x2B, 0x01, 0x0E, 0x01, 0x07, 0x15, 0x14, 0x06,
	0x07, 0x06, 0x23, 0x22, 0x27, 0x26, 0x27, 0x26, 0x3D, 0x01, 0x23, 0x15,
	0x14, 0x07, 0x06, 0x07, 0x06, 0x22, 0x27, 0x26, 0x27, 0x26, 0x3D, 0x01,
	0x23, 0x15, 0x14, 0x07, 0x06, 0x07, 0x06, 0x23, 0x22, 0x27, 0x2E, 0x01,
	0x3D, 0x01, 0x2E, 0x01, 0x27, 0x23, 0x22, 0x26, 0x27, 0x26, 0x35, 0x34,
	0x37, 0x36, 0x37, 0x36, 0x3B, 0x01, 0x35, 0x23, 0x22, 0x27, 0x26, 0x27,
	0x26, 0x34, 0x37, 0x36, 0x37, 0x36, 0x3B, 0x01, 0x35, 0x23, 0x22, 0x27,
	0x26, 0x27, 0x26, 0x35, 0x34, 0x37, 0x3E, 0x01, 0x3B, 0x01, 0x3E, 0x01,
	0x37, 0x35, 0x34, 0x36, 0x37, 0x36, 0x33, 0x32, 0x17, 0x16, 0x17, 0x16,
	0x1D, 0x01, 0x33, 0x35, 0x34, 0x37, 0x36, 0x37, 0x36, 0x32, 0x17, 0x16,
	0x17, 0x16, 0x1D, 0x01, 0x33, 0x35, 0x34, 0x37, 0x36, 0x37, 0x36, 0x33,
	0x32, 0x17, 0x1E, 0x01, 0x1D, 0x01, 0x1E, 0x01, 0x17, 0x33, 0x32, 0x16,
	0x17, 0x16, 0x15, 0x14, 0x07, 0x06, 0x07, 0x06, 0x2B, 0x01, 0x15, 0x33,
	0x32, 0x17, 0x16, 0x17, 0x16, 0x14, 0x07, 0x06, 0x07, 0x06, 0x07, 0x11,
	0x34, 0x27, 0x26, 0x27, 0x26, 0x23, 0x21, 0x22, 0x07, 0x06, 0x07, 0x06,
	0x15, 0x11, 0x14, 0x17, 0x16, 0x17, 0x16, 0x33, 0x21, 0x32, 0x37, 0x36,
	0x37, 0x36, 0x01, 0x13, 0x16, 0x15, 0x14, 0x15, 0x14, 0x07, 0x06, 0x07,
	0x06, 0x23, 0x22, 0x26, 0x2F, 0x01, 0x23, 0x07, 0x06, 0x07, 0x06, 0x23,
	0x22, 0x27, 0x26, 0x27, 0x26, 0x35, 0x34, 0x35, 0x36, 0x35, 0x13, 0x36,
	0x37, 0x36, 0x37, 0x36, 0x33, 0x32, 0x17, 0x16, 0x17, 0x16, 0x17, 0x16,
	0x07, 0x33, 0x27, 0x34, 0x27, 0x26, 0x23, 0x22, 0x07, 0x06, 0x15, 0x25,
	0x11, 0x14, 0x07, 0x06, 0x07, 0x06, 0x23, 0x22, 0x27, 0x26, 0x27, 0x26,
	0x35, 0x11, 0x34, 0x37, 0x36, 0x37, 0x36, 0x33, 0x32, 0x17, 0x16, 0x17,
	0x16, 0x03, 0xC0, 0x15, 0x15, 0x11, 0x0F, 0x0F, 0x08, 0x09, 0x09, 0x08,
	0x1E, 0x11, 0x2F, 0x11, 0x34, 0x21, 0x12, 0x0E, 0x0F, 0x11, 0x12, 0x0F,
	0x0E, 0x09, 0x08, 0x6B, 0x09, 0x08, 0x0F, 0x0F, 0x22, 0x0F, 0x0F, 0x08,
	0x09, 0x6B, 0x08, 0x09, 0x0E, 0x0F, 0x12, 0x11, 0x0F, 0x0E, 0x12, 0x21,
	0x34, 0x11, 0x2F, 0x11, 0x1E, 0x08, 0x09, 0x09, 0x08, 0x0F, 0x0F, 0x11,
	0x15, 0x15, 0x11, 0x0F, 0x0F, 0x08, 0x09, 0x09, 0x08, 0x0F, 0x0F, 0x11,
	0x15, 0x15, 0x11, 0x0F, 0x0F, 0x08, 0x09, 0x09, 0x08, 0x1E, 0x11, 0x2F,
	0x11, 0x34, 0x21, 0x12, 0x0E, 0x0F, 0x11, 0x12, 0x0F, 0x0E, 0x09, 0x08,
	0x6B, 0x09, 0x08, 0x0F, 0x0F, 0x22, 0x0F, 0x0F, 0x08, 0x09, 0x6B, 0x08,
	0x09, 0x0E, 0x0F, 0x12, 0x11, 0x0F, 0x0E, 0x12, 0x21, 0x34, 0x11, 0x2F,
	0x11, 0x1E, 0x08, 0x09, 0x09, 0x08, 0x0F, 0x0F, 0x11, 0x15, 0x15, 0x11,
	0x0F, 0x0F, 0x08, 0x09, 0x09, 0x08, 0x0F, 0x0F, 0xA6, 0x0F, 0x0E, 0x18,
	0x19, 0x1D, 0xFE, 0x80, 0x1D, 0x19, 0x18, 0x0E, 0x0F, 0x0F, 0x0E, 0x18,
	0x19, 0x1D, 0x01, 0x80, 0x1D, 0x19, 0x18, 0x0E, 0x0F, 0xFE, 0xD8, 0x46,
	0x01, 0x05, 0x06, 0x0A, 0x0A, 0x0B, 0x0F, 0x18, 0x03, 0x02, 0x93, 0x02,
	0x03, 0x0C, 0x0B, 0x0F, 0x0C, 0x0A, 0x0A, 0x05, 0x06, 0x01, 0x47, 0x04,
	0x0D, 0x0D, 0x12, 0x13, 0x15, 0x09, 0x09, 0x0A, 0x09, 0x13, 0x0E, 0x0D,
	0x89, 0x6B, 0x31, 0x01, 0x02, 0x01, 0x02, 0x01, 0x02, 0x01, 0x2F, 0x06,
	0x05, 0x0A, 0x0A, 0x0B, 0x0C, 0x0A, 0x0A, 0x05, 0x06, 0x06, 0x05, 0x0A,
	0x0A, 0x0C, 0x0B, 0x0A, 0x0A, 0x05, 0x06, 0x01, 0x80, 0x6B, 0x08, 0x09,
	0x0E, 0x0F, 0x12, 0x11, 0x0F, 0x0E, 0x12, 0x21, 0x34, 0x11, 0x2F, 0x11,
	0x1E, 0x08, 0x09, 0x09, 0x08, 0x0F, 0x0F, 0x11, 0x15, 0x15, 0x11, 0x0F,
	0x0F, 0x08, 0x09, 0x09, 0x08, 0x0F, 0x0F, 0x11, 0x15, 0x15, 0x11, 0x0F,
	0x0F, 0x08, 0x09, 0x09, 0x08, 0x1E, 0x11, 0x2F, 0x11, 0x34, 0x21, 0x12,
	0x0E, 0x0F, 0x11, 0x12, 0x0F, 0x0E, 0x09, 0x08, 0x6B, 0x09, 0x08, 0x0F,
	0x0F, 0x22, 0x0F, 0x0F, 0x08, 0x09, 0x6B, 0x08, 0x09, 0x0E, 0x0F, 0x12,
	0x11, 0x0F, 0x0E, 0x12, 0x21, 0x34, 0x11, 0x2F, 0x11, 0x1E, 0x08, 0x09,
	0x09, 0x08, 0x0F, 0x0F, 0x11, 0x15, 0x15, 0x11, 0x0F, 0x0F, 0x08, 0x09,
	0x09, 0x08, 0x0F, 0x0F, 0x11, 0x15, 0x15, 0x11, 0x0F, 0x0F, 0x08, 0x09,
	0x09, 0x08, 0x1E, 0x11, 0x2F, 0x11, 0x34, 0x21, 0x12, 0x0E, 0x0F, 0x11,
	0x12, 0x0F, 0x0E, 0x09, 0x08, 0x6B, 0x09, 0x08, 0x0F, 0x0F, 0x22, 0x0F,
	0x0F, 0x08, 0x09, 0x80, 0x01, 0x80, 0x1D, 0x19, 0x18, 0x0E, 0x0F, 0x0F,
	0x0E, 0x18, 0x19, 0x1D, 0xFE, 0x80, 0x1D, 0x19, 0x18, 0x0E, 0x0F, 0x0F,
	0x0E, 0x18, 0x19, 0x01, 0x69, 0xFE, 0xD3, 0x02, 0x03, 0x02, 0x03, 0x0B,
	0x0A, 0x0A, 0x05, 0x06, 0x12, 0x0F, 0x09, 0x09, 0x0F, 0x09, 0x09, 0x06,
	0x05, 0x0A, 0x0A, 0x0B, 0x03, 0x02, 0x03, 0x02, 0x01, 0x30, 0x15, 0x10,
	0x0F, 0x09, 0x09, 0x02, 0x02, 0x03, 0x09, 0x12, 0x11, 0xF7, 0xD1, 0x02,
	0x01, 0x01, 0x01, 0x01, 0x02, 0x2F, 0xFE, 0xAA, 0x0B, 0x0A, 0x0A, 0x06,
	0x05, 0x05, 0x06, 0x0A, 0x0A, 0x0B, 0x01, 0x56, 0x0B, 0x0A, 0x0A, 0x06,
	0x05, 0x05, 0x06, 0x0A, 0x0A, 0x00, 0x00, 0x00, 0x00, 0x03, 0x00, 0x00,
	0xFF, 0xC0, 0x04, 0x00, 0x03, 0xC0, 0x00, 0x3F, 0x00, 0x78, 0x00, 0x88,
	0x00, 0x00, 0x01, 0x07, 0x17, 0x1E, 0x01, 0x15, 0x14, 0x07, 0x06, 0x07,
	0x06, 0x07, 0x06, 0x23, 0x22, 0x27, 0x26, 0x2F, 0x01, 0x07, 0x06, 0x07,
	0x06, 0x23, 0x22, 0x27, 0x26, 0x27, 0x26, 0x27, 0x26, 0x35, 0x34, 0x36,
	0x3F, 0x01, 0x27, 0x26, 0x27, 0x26, 0x34, 0x37, 0x3E, 0x02, 0x33, 0x32,
	0x17, 0x16, 0x1F, 0x01, 0x37, 0x36, 0x37, 0x36, 0x33, 0x32, 0x1E, 0x02,
	0x15, 0x14, 0x07, 0x06, 0x01, 0x14, 0x07, 0x06, 0x07, 0x06, 0x2B, 0x01,
	0x03, 0x06, 0x07, 0x06, 0x07, 0x06, 0x07, 0x06, 0x23, 0x21, 0x22, 0x27,
	0x26, 0x27, 0x26, 0x27, 0x26, 0x27, 0x03, 0x23, 0x22, 0x27, 0x26, 0x27,
	0x26, 0x34, 0x37, 0x36, 0x37, 0x36, 0x3B, 0x01, 0x3E, 0x01, 0x37, 0x36,
	0x3B, 0x01, 0x32, 0x17, 0x1E, 0x01, 0x17, 0x33, 0x32, 0x17, 0x16, 0x17,
	0x16, 0x07, 0x21, 0x13, 0x16, 0x17, 0x16, 0x17, 0x16, 0x33, 0x21, 0x32,
	0x37, 0x36, 0x37, 0x36, 0x37, 0x02, 0x98, 0x3D, 0x3D, 0x09, 0x0A, 0x05,
	0x05, 0x09, 0x09, 0x0C, 0x0C, 0x0C, 0x0D, 0x0B, 0x0C, 0x0A, 0x3D, 0x3D,
	0x0A, 0x0C, 0x0B, 0x0D, 0x0C, 0x0C, 0x0C, 0x09, 0x09, 0x05, 0x05, 0x0A,
	0x09, 0x3D, 0x3D, 0x09, 0x05, 0x05, 0x05, 0x05, 0x12, 0x18, 0x0C, 0x0D,
	0x0B, 0x0C, 0x0A, 0x3D, 0x3D, 0x0A, 0x0C, 0x0B, 0x0D, 0x0C, 0x18, 0x12,
	0x0A, 0x05, 0x05, 0x01, 0x5F, 0x09, 0x08, 0x0F, 0x0F, 0x11, 0x1A, 0x2F,
	0x03, 0x14, 0x14, 0x20, 0x20, 0x28, 0x2A, 0x2C, 0xFE, 0xE4, 0x2C, 0x2A,
	0x28, 0x20, 0x20, 0x14, 0x14, 0x04, 0x2E, 0x1A, 0x11, 0x0F, 0x0F, 0x08,
	0x09, 0x09, 0x08, 0x0F, 0x0F, 0x11, 0xCB, 0x0D, 0x36, 0x24, 0x25, 0x29,
	0x80, 0x29, 0x25, 0x24, 0x36, 0x0D, 0xCB, 0x11, 0x0F, 0x0F, 0x08, 0x09,
	0xDB, 0xFD, 0xB6, 0x2D, 0x02, 0x0F, 0x0F, 0x17, 0x18, 0x1B, 0x01, 0x1C,
	0x1B, 0x18, 0x17, 0x0F, 0x0F, 0x02, 0x01, 0xD3, 0x3E, 0x3D, 0x09, 0x18,
	0x0C, 0x0D, 0x0B, 0x0C, 0x0A, 0x09, 0x05, 0x04, 0x04, 0x05, 0x09, 0x3E,
	0x3E, 0x09, 0x05, 0x04, 0x04, 0x05, 0x09, 0x0A, 0x0C, 0x0B, 0x0D, 0x0C,
	0x18, 0x09, 0x3D, 0x3E, 0x09, 0x0C, 0x0B, 0x1A, 0x0B, 0x0C, 0x12, 0x0A,
	0x05, 0x05, 0x09, 0x3D, 0x3D, 0x09, 0x05, 0x05, 0x0A, 0x12, 0x18, 0x0C,
	0x0D, 0x0B, 0x0C, 0x01, 0x24, 0x11, 0x0F, 0x0F, 0x08, 0x09, 0xFD, 0xD7,
	0x2C, 0x28, 0x27, 0x1E, 0x1D, 0x10, 0x11, 0x11, 0x10, 0x1D, 0x1E, 0x27,
	0x28, 0x2C, 0x02, 0x29, 0x09, 0x08, 0x0F, 0x0F, 0x22, 0x0F, 0x0F, 0x08,
	0x09, 0x25, 0x3A, 0x10, 0x11, 0x11, 0x10, 0x3A, 0x25, 0x09, 0x08, 0x0F,
	0x0F, 0x51, 0xFD, 0xE2, 0x1B, 0x17, 0x16, 0x0D, 0x0D, 0x0D, 0x0D, 0x16,
	0x17, 0x1B, 0x00, 0x00, 0x00, 0x02, 0x00, 0x00, 0xFF, 0xC0, 0x04, 0x00,
	0x03, 0xC0, 0x00, 0x47, 0x00, 0x64, 0x00, 0x00, 0x01, 0x32, 0x17, 0x16,
	0x17, 0x16, 0x17, 0x16, 0x15, 0x14, 0x07, 0x06, 0x07, 0x06, 0x07, 0x06,
	0x23, 0x22, 0x26, 0x27, 0x07, 0x06, 0x07, 0x06, 0x07, 0x15, 0x33, 0x32,
	0x17, 0x1E, 0x01, 0x14, 0x06, 0x07, 0x06, 0x23, 0x21, 0x22, 0x27, 0x2E,
	0x01, 0x34, 0x36, 0x37, 0x36, 0x3B, 0x01, 0x35, 0x26, 0x27, 0x26, 0x27,
	0x01, 0x26, 0x27, 0x26, 0x35, 0x34, 0x37, 0x36, 0x37, 0x36, 0x37, 0x3E,
	0x01, 0x33, 0x21, 0x36, 0x37, 0x36, 0x37, 0x36, 0x09, 0x01, 0x3E, 0x01,
	0x3D, 0x01, 0x34, 0x27, 0x26, 0x27, 0x26, 0x23, 0x21, 0x22, 0x07, 0x06,
	0x07, 0x06, 0x1C, 0x01, 0x1F, 0x01, 0x01, 0x16, 0x17, 0x16, 0x32, 0x37,
	0x36, 0x03, 0x15, 0x30, 0x2C, 0x2A, 0x20, 0x21, 0x12, 0x12, 0x12, 0x12,
	0x21, 0x20, 0x2A, 0x2C, 0x30, 0x0B, 0x16, 0x0B, 0xB1, 0x0D, 0x0E, 0x0E,
	0x0F, 0x6B, 0x11, 0x0F, 0x0E, 0x12, 0x12, 0x0E, 0x0F, 0x11, 0xFE, 0xAA,
	0x11, 0x0F, 0x0E, 0x12, 0x12, 0x0E, 0x0F, 0x11, 0x6B, 0x0F, 0x0E, 0x0E,
	0x0D, 0xFE, 0xE4, 0x15, 0x0C, 0x0B, 0x02, 0x03, 0x05, 0x0A, 0x14, 0x13,
	0x34, 0x1C, 0x01, 0xB9, 0x14, 0x20, 0x1F, 0x28, 0x2A, 0xFE, 0xF8, 0x01,
	0x1C, 0x02, 0x01, 0x01, 0x01, 0x02, 0x03, 0x04, 0xFD, 0x96, 0x04, 0x03,
	0x02, 0x01, 0x01, 0x01, 0x01, 0x01, 0x1D, 0x07, 0x08, 0x09, 0x12, 0x09,
	0x08, 0x03, 0xC0, 0x12, 0x12, 0x21, 0x20, 0x2A, 0x2C, 0x30, 0x2F, 0x2C,
	0x2A, 0x21, 0x20, 0x12, 0x12, 0x02, 0x02, 0xA3, 0x0C, 0x09, 0x08, 0x06,
	0xE9, 0x09, 0x08, 0x1E, 0x22, 0x1E, 0x08, 0x09, 0x09, 0x08, 0x1E, 0x22,
	0x1E, 0x08, 0x09, 0xE9, 0x06, 0x08, 0x09, 0x0B, 0x01, 0x07, 0x14, 0x1A,
	0x19, 0x1C, 0x0D, 0x0C, 0x0D, 0x0C, 0x1B, 0x14, 0x14, 0x16, 0x26, 0x1D,
	0x1D, 0x10, 0x10, 0xFD, 0xEA, 0x01, 0x06, 0x02, 0x01, 0x02, 0x01, 0x01,
	0x01, 0x03, 0x02, 0x03, 0x03, 0x02, 0x03, 0x01, 0x02, 0x02, 0x01, 0x01,
	0xFE, 0xF9, 0x07, 0x03, 0x03, 0x03, 0x04, 0x00, 0x00, 0x04, 0x00, 0x04,
	0xFF, 0xC0, 0x03, 0xFD, 0x03, 0xC0, 0x00, 0x23, 0x00, 0x6D, 0x00, 0x83,
	0x00, 0x97, 0x00, 0x00, 0x25, 0x15, 0x23, 0x35, 0x34, 0x27, 0x26, 0x27,
	0x26, 0x23, 0x21, 0x22, 0x07, 0x06, 0x07, 0x06, 0x1D, 0x01, 0x23, 0x35,
	0x34, 0x37, 0x36, 0x37, 0x36, 0x37, 0x36, 0x33, 0x21, 0x32, 0x17, 0x16,
	0x17, 0x16, 0x17, 0x16, 0x13, 0x06, 0x07, 0x06, 0x07, 0x06, 0x07, 0x15,
	0x14, 0x07, 0x06, 0x07, 0x06, 0x07, 0x06, 0x22, 0x27, 0x26, 0x27, 0x26,
	0x27, 0x26, 0x3D, 0x01, 0x26, 0x27, 0x26, 0x27, 0x26, 0x27, 0x37, 0x16,
	0x17, 0x16, 0x17, 0x16, 0x17, 0x36, 0x37, 0x36, 0x37, 0x36, 0x33, 0x32,
	0x17, 0x16, 0x17, 0x16, 0x17, 0x16, 0x17, 0x16, 0x32, 0x37, 0x36, 0x37,
	0x36, 0x37, 0x36, 0x37, 0x36, 0x33, 0x32, 0x17, 0x16, 0x17, 0x16, 0x17,
	0x36, 0x37, 0x36, 0x37, 0x36, 0x37, 0x05, 0x16, 0x17, 0x16, 0x33, 0x32,
	0x36, 0x37, 0x26, 0x27, 0x26, 0x27, 0x06, 0x07, 0x06, 0x22, 0x27, 0x26,
	0x27, 0x06, 0x07, 0x06, 0x17, 0x06, 0x07, 0x06, 0x22, 0x27, 0x26, 0x27,
	0x15, 0x14, 0x17, 0x16, 0x17, 0x16, 0x32, 0x37, 0x36, 0x37, 0x36, 0x35,
	0x03, 0x80, 0x80, 0x0F, 0x0E, 0x18, 0x19, 0x1D, 0xFE, 0xD6, 0x1D, 0x19,
	0x18, 0x0E, 0x0F, 0x80, 0x12, 0x12, 0x21, 0x20, 0x2A, 0x2C, 0x30, 0x01,
	0x2A, 0x30, 0x2C, 0x2A, 0x20, 0x21, 0x12, 0x12, 0x7D, 0x0A, 0x14, 0x24,
	0x2F, 0x40, 0x4C, 0x14, 0x14, 0x23, 0x24, 0x2D, 0x30, 0x68, 0x30, 0x2D,
	0x24, 0x23, 0x14, 0x14, 0x4C, 0x40, 0x2E, 0x25, 0x13, 0x0A, 0x68, 0x07,
	0x0E, 0x1A, 0x22, 0x2E, 0x37, 0x0F, 0x13, 0x17, 0x18, 0x1C, 0x1C, 0x16,
	0x12, 0x0B, 0x0B, 0x04, 0x02, 0x03, 0x03, 0x04, 0x0E, 0x04, 0x03, 0x03,
	0x02, 0x04, 0x0B, 0x0B, 0x12, 0x16, 0x1C, 0x1C, 0x18, 0x17, 0x14, 0x0E,
	0x37, 0x2F, 0x21, 0x1B, 0x0E, 0x07, 0xFE, 0x07, 0x17, 0x19, 0x1A, 0x1A,
	0x1B, 0x32, 0x17, 0x06, 0x09, 0x09, 0x0A, 0x0E, 0x0F, 0x12, 0x26, 0x12,
	0x0F, 0x0E, 0x0A, 0x09, 0x09, 0xDE, 0x1E, 0x1F, 0x21, 0x44, 0x21, 0x1F,
	0x1E, 0x12, 0x10, 0x1D, 0x1E, 0x46, 0x1E, 0x1D, 0x10, 0x12, 0x2B, 0x6B,
	0x6B, 0x1D, 0x18, 0x19, 0x0E, 0x0E, 0x0E, 0x0E, 0x19, 0x18, 0x1D, 0x6B,
	0x6B, 0x2F, 0x2C, 0x2A, 0x21, 0x20, 0x12, 0x12, 0x12, 0x12, 0x20, 0x21,
	0x2A, 0x2C, 0x02, 0xC1, 0x0F, 0x14, 0x25, 0x20, 0x2C, 0x1C, 0x29, 0x34,
	0x30, 0x2E, 0x23, 0x24, 0x13, 0x14, 0x14, 0x13, 0x24, 0x23, 0x2E, 0x30,
	0x34, 0x29, 0x1C, 0x2C, 0x20, 0x25, 0x14, 0x0F, 0x4A, 0x0A, 0x0E, 0x1A,
	0x17, 0x20, 0x15, 0x35, 0x2E, 0x35, 0x1E, 0x23, 0x0D, 0x06, 0x0D, 0x05,
	0x02, 0x02, 0x01, 0x01, 0x01, 0x01, 0x02, 0x02, 0x05, 0x0D, 0x06, 0x0D,
	0x23, 0x1E, 0x35, 0x2E, 0x35, 0x15, 0x20, 0x17, 0x1A, 0x0E, 0x0B, 0x9F,
	0x03, 0x02, 0x02, 0x04, 0x03, 0x18, 0x19, 0x15, 0x15, 0x06, 0x03, 0x04,
	0x04, 0x03, 0x06, 0x15, 0x15, 0x19, 0x95, 0x05, 0x02, 0x03, 0x03, 0x02,
	0x05, 0x08, 0x23, 0x1E, 0x1D, 0x11, 0x11, 0x11, 0x11, 0x1D, 0x1E, 0x23,
	0x00, 0x03, 0x00, 0x00, 0xFF, 0xC0, 0x04, 0x00, 0x03, 0xC0, 0x00, 0x38,
	0x00, 0x57, 0x00, 0x7B, 0x00, 0x00, 0x25, 0x22, 0x27, 0x26, 0x27, 0x07,
	0x16, 0x07, 0x06, 0x0F, 0x01, 0x06, 0x07, 0x06, 0x22, 0x27, 0x26, 0x27,
	0x26, 0x27, 0x26, 0x34, 0x37, 0x36, 0x3F, 0x01, 0x36, 0x37, 0x36, 0x17,
	0x37, 0x26, 0x27, 0x26, 0x37, 0x36, 0x37, 0x36, 0x37, 0x36, 0x37, 0x36,
	0x33, 0x32, 0x17, 0x1E, 0x01, 0x17, 0x16, 0x15, 0x14, 0x07, 0x06, 0x07,
	0x06, 0x07, 0x06, 0x03, 0x06, 0x07, 0x06, 0x15, 0x14, 0x17, 0x16, 0x17,
	0x16, 0x17, 0x16, 0x33, 0x32, 0x37, 0x36, 0x37, 0x36, 0x37, 0x36, 0x35,
	0x34, 0x27, 0x2E, 0x01, 0x27, 0x26, 0x23, 0x22, 0x07, 0x06, 0x01, 0x16,
	0x17, 0x16, 0x15, 0x14, 0x07, 0x06, 0x07, 0x06, 0x2B, 0x01, 0x22, 0x27,
	0x26, 0x27, 0x26, 0x35, 0x34, 0x37, 0x36, 0x3F, 0x01, 0x35, 0x34, 0x37,
	0x36, 0x37, 0x36, 0x33, 0x32, 0x17, 0x1E, 0x01, 0x1D, 0x01, 0x02, 0x64,
	0x2F, 0x2C, 0x2D, 0x26, 0x8C, 0x03, 0x08, 0x07, 0x13, 0x55, 0x0F, 0x14,
	0x13, 0x2A, 0x14, 0x13, 0x10, 0x0F, 0x08, 0x08, 0x08, 0x08, 0x0F, 0x56,
	0x12, 0x18, 0x18, 0x18, 0x8D, 0x20, 0x0B, 0x0B, 0x0A, 0x09, 0x1E, 0x1F,
	0x31, 0x3D, 0x4C, 0x4A, 0x4D, 0x40, 0x39, 0x3B, 0x58, 0x17, 0x16, 0x20,
	0x20, 0x3D, 0x3C, 0x4D, 0x4A, 0xAE, 0x2B, 0x16, 0x17, 0x0D, 0x0E, 0x1A,
	0x19, 0x23, 0x22, 0x27, 0x33, 0x33, 0x35, 0x2A, 0x2A, 0x17, 0x16, 0x0D,
	0x0D, 0x34, 0x23, 0x21, 0x27, 0x33, 0x33, 0x35, 0x01, 0xBD, 0x01, 0x01,
	0x01, 0x05, 0x05, 0x08, 0x09, 0x0A, 0xB7, 0x0A, 0x09, 0x08, 0x05, 0x05,
	0x01, 0x01, 0x01, 0x3D, 0x08, 0x09, 0x0E, 0x0F, 0x12, 0x11, 0x0F, 0x0E,
	0x12, 0xEB, 0x0C, 0x0D, 0x18, 0x8D, 0x18, 0x18, 0x18, 0x12, 0x56, 0x0F,
	0x08, 0x08, 0x08, 0x08, 0x0F, 0x10, 0x13, 0x14, 0x2A, 0x13, 0x14, 0x0F,
	0x55, 0x13, 0x07, 0x08, 0x03, 0x8C, 0x32, 0x3C, 0x3B, 0x3E, 0x3F, 0x3A,
	0x3D, 0x30, 0x3D, 0x20, 0x20, 0x16, 0x17, 0x58, 0x3B, 0x39, 0x40, 0x4D,
	0x4A, 0x4C, 0x3D, 0x3C, 0x21, 0x1F, 0x01, 0xFE, 0x2A, 0x35, 0x33, 0x33,
	0x27, 0x22, 0x23, 0x19, 0x1A, 0x0E, 0x0D, 0x17, 0x16, 0x2B, 0x2A, 0x35,
	0x33, 0x33, 0x27, 0x21, 0x23, 0x34, 0x0D, 0x0D, 0x16, 0x17, 0xFC, 0xE0,
	0x03, 0x04, 0x03, 0x04, 0x0A, 0x08, 0x09, 0x05, 0x05, 0x05, 0x05, 0x09,
	0x08, 0x0A, 0x04, 0x03, 0x04, 0x03, 0x62, 0x2B, 0x11, 0x0F, 0x0F, 0x08,
	0x09, 0x09, 0x08, 0x1E, 0x11, 0x2B, 0x00, 0x00, 0x00, 0x04, 0x00, 0x03,
	0xFF, 0xC3, 0x04, 0x00, 0x03, 0xC0, 0x00, 0x11, 0x00, 0x1D, 0x00, 0x29,
	0x00, 0x35, 0x00, 0x00, 0x01, 0x27, 0x07, 0x2F, 0x01, 0x01, 0x27, 0x01,
	0x2F, 0x01, 0x37, 0x27, 0x37, 0x17, 0x37, 0x17, 0x07, 0x17, 0x13, 0x32,
	0x17, 0x16, 0x17, 0x16, 0x1D, 0x01, 0x23, 0x35, 0x23, 0x35, 0x13, 0x35,
	0x33, 0x15, 0x14, 0x07, 0x06, 0x07, 0x06, 0x2B, 0x01, 0x35, 0x01, 0x15,
	0x23, 0x35, 0x34, 0x37, 0x36, 0x37, 0x36, 0x3B, 0x01, 0x15, 0x03, 0x24,
	0x97, 0x4E, 0x25, 0x0E, 0xFE, 0x52, 0x5B, 0x01, 0xC5, 0x6C, 0x05, 0x9C,
	0x2B, 0x1B, 0x7E, 0xA4, 0x1C, 0x60, 0x7D, 0x42, 0x23, 0x1E, 0x1D, 0x10,
	0x12, 0x80, 0x80, 0x80, 0x80, 0x12, 0x10, 0x1D, 0x1E, 0x23, 0x80, 0xFE,
	0x55, 0x80, 0x12, 0x11, 0x1D, 0x1E, 0x22, 0x80, 0x01, 0x88, 0x28, 0x9B,
	0x07, 0x6D, 0xFE, 0x3A, 0x5B, 0x01, 0xAD, 0x0E, 0x24, 0x51, 0x95, 0x1B,
	0x7E, 0x60, 0x1C, 0xA4, 0x7D, 0x02, 0x1D, 0x12, 0x10, 0x1D, 0x1E, 0x23,
	0x80, 0x80, 0x80, 0xFD, 0x55, 0x80, 0x80, 0x22, 0x1E, 0x1D, 0x11, 0x12,
	0x80, 0x02, 0x2B, 0x80, 0x80, 0x23, 0x1E, 0x1D, 0x10, 0x12, 0x80, 0x00,
	0x00, 0x02, 0x00, 0x01, 0xFF, 0xC0, 0x03, 0xFF, 0x03, 0xC0, 0x00, 0x3E,
	0x00, 0x7D, 0x00, 0x00, 0x25, 0x15, 0x14, 0x07, 0x06, 0x23, 0x22, 0x2F,
	0x01, 0x06, 0x07, 0x06, 0x23, 0x22, 0x27, 0x2E, 0x01, 0x27, 0x26, 0x27,
	0x34, 0x35, 0x34, 0x35, 0x34, 0x37, 0x36, 0x37, 0x36, 0x37, 0x36, 0x33,
	0x32, 0x33, 0x32, 0x16, 0x17, 0x16, 0x17, 0x16, 0x17, 0x16, 0x17, 0x16,
	0x17, 0x16, 0x33, 0x32, 0x37, 0x36, 0x37, 0x27, 0x26, 0x34, 0x37, 0x36,
	0x3B, 0x01, 0x32, 0x17, 0x16, 0x17, 0x16, 0x01, 0x35, 0x34, 0x37, 0x36,
	0x33, 0x32, 0x1F, 0x01, 0x36, 0x37, 0x36, 0x33, 0x32, 0x17, 0x1E, 0x01,
	0x17, 0x16, 0x17, 0x14, 0x15, 0x14, 0x15, 0x14, 0x07, 0x06, 0x07, 0x06,
	0x07, 0x06, 0x23, 0x22, 0x23, 0x22, 0x26, 0x27, 0x26, 0x27, 0x26, 0x27,
	0x26, 0x27, 0x26, 0x27, 0x26, 0x23, 0x22, 0x07, 0x06, 0x07, 0x17, 0x16,
	0x14, 0x07, 0x06, 0x2B, 0x01, 0x22, 0x27, 0x26, 0x27, 0x26, 0x03, 0xD5,
	0x0A, 0x0A, 0x0D, 0x0E, 0x0A, 0x40, 0x47, 0x59, 0x5B, 0x61, 0x5E, 0x58,
	0x55, 0x8C, 0x2C, 0x2F, 0x0D, 0x07, 0x07, 0x0C, 0x0D, 0x10, 0x02, 0x02,
	0x03, 0x02, 0x0F, 0x1C, 0x08, 0x0A, 0x02, 0x0A, 0x23, 0x21, 0x35, 0x34,
	0x41, 0x42, 0x46, 0x48, 0x43, 0x42, 0x35, 0x38, 0x0A, 0x09, 0x0A, 0x0F,
	0xC1, 0x0D, 0x0C, 0x0C, 0x06, 0x07, 0xFC, 0x56, 0x0A, 0x0A, 0x0D, 0x0E,
	0x0A, 0x40, 0x47, 0x59, 0x5B, 0x61, 0x5E, 0x58, 0x55, 0x8C, 0x2C, 0x2F,
	0x0D, 0x07, 0x07, 0x0C, 0x0D, 0x10, 0x02, 0x02, 0x03, 0x02, 0x0F, 0x1C,
	0x08, 0x0A, 0x02, 0x0A, 0x23, 0x21, 0x35, 0x34, 0x41, 0x42, 0x46, 0x48,
	0x43, 0x42, 0x35, 0x38, 0x0A, 0x09, 0x0A, 0x0F, 0xC1, 0x0D, 0x0C, 0x0C,
	0x06, 0x07, 0xE3, 0xC1, 0x0F, 0x09, 0x0A, 0x0A, 0x40, 0x42, 0x24, 0x24,
	0x21, 0x21, 0x78, 0x4F, 0x52, 0x5C, 0x02, 0x03, 0x02, 0x02, 0x10, 0x0D,
	0x0E, 0x09, 0x09, 0x02, 0x01, 0x0E, 0x0D, 0x0C, 0x10, 0x45, 0x3D, 0x3C,
	0x2D, 0x2D, 0x18, 0x19, 0x1A, 0x1A, 0x30, 0x38, 0x0A, 0x1C, 0x09, 0x0A,
	0x07, 0x06, 0x0C, 0x0C, 0x01, 0xAD, 0xC1, 0x0F, 0x09, 0x0A, 0x0A, 0x40,
	0x42, 0x24, 0x24, 0x21, 0x21, 0x78, 0x4F, 0x52, 0x5C, 0x02, 0x03, 0x02,
	0x02, 0x10, 0x0D, 0x0E, 0x09, 0x09, 0x02, 0x01, 0x0E, 0x0D, 0x0C, 0x10,
	0x45, 0x3D, 0x3C, 0x2D, 0x2D, 0x18, 0x19, 0x1A, 0x1A, 0x30, 0x38, 0x0A,
	0x1C, 0x09, 0x0A, 0x07, 0x06, 0x0C, 0x0C, 0x00, 0x00, 0x07, 0x00, 0x00,
	0xFF, 0xC0, 0x04, 0x00, 0x03, 0xC0, 0x00, 0x33, 0x00, 0x52, 0x00, 0x67,
	0x00, 0x8F, 0x00, 0xB8, 0x00, 0xE0, 0x01, 0x08, 0x00, 0x00, 0x01, 0x06,
	0x07, 0x06, 0x07, 0x06, 0x07, 0x06, 0x07, 0x06, 0x22, 0x27, 0x26, 0x27,
	0x26, 0x27, 0x26, 0x27, 0x26, 0x27, 0x26, 0x27, 0x26, 0x34, 0x37, 0x36,
	0x37, 0x36, 0x37, 0x36, 0x37, 0x36, 0x37, 0x36, 0x37, 0x36, 0x32, 0x17,
	0x16, 0x17, 0x16, 0x17, 0x16, 0x17, 0x16, 0x17, 0x16, 0x17, 0x16, 0x14,
	0x07, 0x06, 0x05, 0x32, 0x37, 0x36, 0x37, 0x36, 0x37, 0x36, 0x37, 0x26,
	0x27, 0x26, 0x27, 0x26, 0x27, 0x26, 0x22, 0x07, 0x06, 0x07, 0x06, 0x07,
	0x06, 0x07, 0x16, 0x17, 0x16, 0x17, 0x16, 0x17, 0x16, 0x37, 0x14, 0x07,
	0x06, 0x07, 0x06, 0x22, 0x27, 0x26, 0x27, 0x26, 0x34, 0x37, 0x36, 0x37,
	0x36, 0x32, 0x17, 0x16, 0x17, 0x16, 0x25, 0x35, 0x34, 0x37, 0x36, 0x37,
	0x36, 0x37, 0x36, 0x3B, 0x01, 0x32, 0x17, 0x16, 0x17, 0x16, 0x14, 0x07,
	0x06, 0x07, 0x06, 0x2B, 0x01, 0x22, 0x07, 0x06, 0x07, 0x06, 0x1D, 0x01,
	0x14, 0x07, 0x06, 0x07, 0x06, 0x22, 0x27, 0x26, 0x27, 0x26, 0x01, 0x14,
	0x07, 0x06, 0x07, 0x06, 0x2B, 0x01, 0x22, 0x27, 0x26, 0x27, 0x26, 0x27,
	0x26, 0x3D, 0x01, 0x34, 0x37, 0x36, 0x37, 0x36, 0x32, 0x17, 0x16, 0x17,
	0x16, 0x1D, 0x01, 0x14, 0x17, 0x16, 0x17, 0x16, 0x3B, 0x01, 0x32, 0x17,
	0x16, 0x17, 0x16, 0x25, 0x15, 0x14, 0x07, 0x06, 0x07, 0x06, 0x07, 0x06,
	0x2B, 0x01, 0x22, 0x27, 0x26, 0x27, 0x26, 0x34, 0x37, 0x36, 0x37, 0x36,
	0x3B, 0x01, 0x32, 0x37, 0x36, 0x37, 0x36, 0x3D, 0x01, 0x34, 0x37, 0x36,
	0x37, 0x36, 0x32, 0x17, 0x16, 0x17, 0x16, 0x11, 0x15, 0x14, 0x07, 0x06,
	0x07, 0x06, 0x22, 0x27, 0x26, 0x27, 0x26, 0x3D, 0x01, 0x34, 0x27, 0x26,
	0x27, 0x26, 0x2B, 0x01, 0x22, 0x27, 0x26, 0x27, 0x26, 0x34, 0x37, 0x36,
	0x37, 0x36, 0x3B, 0x01, 0x32, 0x17, 0x16, 0x17, 0x16, 0x17, 0x16, 0x03,
	0x8A, 0x0A, 0x14, 0x19, 0x1F, 0x26, 0x2A, 0x33, 0x35, 0x3D, 0x7E, 0x3D,
	0x35, 0x33, 0x2A, 0x26, 0x1F, 0x19, 0x14, 0x0A, 0x05, 0x03, 0x03, 0x03,
	0x03, 0x05, 0x0A, 0x14, 0x19, 0x1F, 0x26, 0x2A, 0x33, 0x35, 0x3D, 0x7E,
	0x3D, 0x35, 0x33, 0x2A, 0x26, 0x1F, 0x19, 0x14, 0x0A, 0x05, 0x03, 0x03,
	0x03, 0x03, 0xFE, 0x71, 0x33, 0x32, 0x2B, 0x27, 0x20, 0x1B, 0x15, 0x0C,
	0x0C, 0x15, 0x1B, 0x20, 0x27, 0x2B, 0x32, 0x66, 0x32, 0x2B, 0x27, 0x20,
	0x1B, 0x15, 0x0C, 0x0C, 0x15, 0x1B, 0x20, 0x27, 0x2B, 0x32, 0x9E, 0x0F,
	0x0E, 0x18, 0x19, 0x3A, 0x19, 0x18, 0x0E, 0x0F, 0x0F, 0x0E, 0x18, 0x19,
	0x3A, 0x19, 0x18, 0x0E, 0x0F, 0xFD, 0x95, 0x12, 0x12, 0x21, 0x20, 0x2A,
	0x2C, 0x30, 0x55, 0x11, 0x0F, 0x0F, 0x08, 0x09, 0x09, 0x08, 0x0F, 0x0F,
	0x11, 0x55, 0x1D, 0x19, 0x18, 0x0E, 0x0F, 0x09, 0x08, 0x0F, 0x0F, 0x22,
	0x0F, 0x0F, 0x08, 0x09, 0x01, 0x80, 0x09, 0x08, 0x0F, 0x0F, 0x11, 0x55,
	0x30, 0x2C, 0x2A, 0x20, 0x21, 0x12, 0x12, 0x09, 0x08, 0x0F, 0x0F, 0x22,
	0x0F, 0x0F, 0x08, 0x09, 0x0F, 0x0E, 0x18, 0x19, 0x1D, 0x55, 0x11, 0x0F,
	0x0F, 0x08, 0x09, 0x02, 0x80, 0x12, 0x12, 0x21, 0x20, 0x2A, 0x2C, 0x30,
	0x55, 0x11, 0x0F, 0x0F, 0x08, 0x09, 0x09, 0x08, 0x0F, 0x0F, 0x11, 0x55,
	0x1D, 0x19, 0x18, 0x0E, 0x0F, 0x09, 0x08, 0x0F, 0x0F, 0x22, 0x0F, 0x0F,
	0x08, 0x09, 0x09, 0x08, 0x0F, 0x0F, 0x22, 0x0F, 0x0F, 0x08, 0x09, 0x0F,
	0x0E, 0x18, 0x19, 0x1D, 0x55, 0x11, 0x0F, 0x0F, 0x08, 0x09, 0x09, 0x08,
	0x0F, 0x0F, 0x11, 0x55, 0x30, 0x2C, 0x2A, 0x20, 0x21, 0x12, 0x12, 0x01,
	0x8E, 0x13, 0x1B, 0x22, 0x1E, 0x26, 0x1C, 0x22, 0x12, 0x15, 0x15, 0x12,
	0x22, 0x1C, 0x26, 0x1E, 0x22, 0x1B, 0x13, 0x0C, 0x0D, 0x0C, 0x1A, 0x0C,
	0x0D, 0x0C, 0x13, 0x1B, 0x21, 0x1F, 0x26, 0x1C, 0x22, 0x12, 0x15, 0x15,
	0x12, 0x22, 0x1C, 0x26, 0x1E, 0x22, 0x1B, 0x13, 0x0C, 0x0D, 0x0C, 0x1A,
	0x0C, 0x0D, 0x85, 0x15, 0x12, 0x1F, 0x19, 0x20, 0x18, 0x14, 0x14, 0x18,
	0x20, 0x19, 0x1F, 0x12, 0x15, 0x15, 0x12, 0x1F, 0x19, 0x20, 0x18, 0x14,
	0x14, 0x18, 0x20, 0x19, 0x1F, 0x12, 0x15, 0xAB, 0x1D, 0x19, 0x18, 0x0E,
	0x0F, 0x0F, 0x0E, 0x18, 0x19, 0x3A, 0x19, 0x18, 0x0E, 0x0F, 0x0F, 0x0E,
	0x18, 0x19, 0xCE, 0x2A, 0x30, 0x2C, 0x2A, 0x20, 0x21, 0x12, 0x12, 0x09,
	0x08, 0x0F, 0x0F, 0x22, 0x0F, 0x0F, 0x08, 0x09, 0x0F, 0x0E, 0x18, 0x19,
	0x1D, 0x2A, 0x12, 0x0F, 0x0E, 0x09, 0x08, 0x08, 0x09, 0x0E, 0x0F, 0xFD,
	0x67, 0x11, 0x0F, 0x0F, 0x08, 0x09, 0x12, 0x12, 0x21, 0x20, 0x2A, 0x2C,
	0x30, 0x2A, 0x12, 0x0F, 0x0E, 0x09, 0x08, 0x08, 0x09, 0x0E, 0x0F, 0x12,
	0x2A, 0x1D, 0x19, 0x18, 0x0E, 0x0F, 0x09, 0x08, 0x0F, 0x0F, 0xC4, 0x2A,
	0x30, 0x2C, 0x2A, 0x20, 0x21, 0x12, 0x12, 0x09, 0x08, 0x0F, 0x0F, 0x22,
	0x0F, 0x0F, 0x08, 0x09, 0x0F, 0x0E, 0x18, 0x19, 0x1D, 0x2A, 0x12, 0x0F,
	0x0E, 0x09, 0x08, 0x08, 0x09, 0x0E, 0x0F, 0x01, 0xEE, 0x2A, 0x12, 0x0F,
	0x0E, 0x09, 0x08, 0x08, 0x09, 0x0E, 0x0F, 0x12, 0x2A, 0x1D, 0x19, 0x18,
	0x0E, 0x0F, 0x09, 0x08, 0x0F, 0x0F, 0x22, 0x0F, 0x0F, 0x08, 0x09, 0x12,
	0x12, 0x21, 0x20, 0x2A, 0x2C, 0x00, 0x00, 0x00, 0x00, 0x05, 0x00, 0x00,
	0x00, 0x3D, 0x04, 0x00, 0x03, 0x43, 0x00, 0x28, 0x00, 0x3E, 0x00, 0x5B,
	0x00, 0x5F, 0x00, 0x63, 0x00, 0x00, 0x25, 0x22, 0x27, 0x26, 0x27, 0x26,
	0x27, 0x26, 0x27, 0x26, 0x2F, 0x01, 0x37, 0x36, 0x37, 0x36, 0x37, 0x36,
	0x37, 0x36, 0x37, 0x36, 0x32, 0x17, 0x16, 0x17, 0x16, 0x17, 0x16, 0x17,
	0x16, 0x1F, 0x01, 0x07, 0x06, 0x07, 0x06, 0x07, 0x06, 0x07, 0x06, 0x01,
	0x16, 0x17, 0x16, 0x17, 0x16, 0x32, 0x37, 0x36, 0x37, 0x36, 0x37, 0x26,
	0x27, 0x26, 0x27, 0x26, 0x22, 0x07, 0x06, 0x07, 0x06, 0x25, 0x32, 0x17,
	0x16, 0x17, 0x16, 0x17, 0x16, 0x14, 0x07, 0x06, 0x07, 0x06, 0x07, 0x06,
	0x22, 0x27, 0x26, 0x27, 0x26, 0x27, 0x26, 0x34, 0x37, 0x36, 0x37, 0x36,
	0x37, 0x36, 0x13, 0x35, 0x23, 0x15, 0x37, 0x35, 0x23, 0x15, 0x02, 0x00,
	0x66, 0x59, 0x4C, 0x41, 0x35, 0x2B, 0x20, 0x18, 0x0D, 0x07, 0x08, 0x08,
	0x07, 0x0D, 0x18, 0x20, 0x2B, 0x35, 0x41, 0x4C, 0x59, 0xCC, 0x59, 0x4C,
	0x41, 0x35, 0x2B, 0x20, 0x18, 0x0D, 0x07, 0x08, 0x08, 0x0B, 0x14, 0x25,
	0x32, 0x46, 0x55, 0x6A, 0xFE, 0x0D, 0x18, 0x24, 0x35, 0x44, 0x58, 0xD2,
	0x58, 0x44, 0x35, 0x24, 0x18, 0x18, 0x24, 0x35, 0x44, 0x58, 0xD2, 0x58,
	0x44, 0x35, 0x24, 0x01, 0x5E, 0x2B, 0x28, 0x26, 0x1E, 0x1D, 0x11, 0x10,
	0x10, 0x11, 0x1D, 0x1E, 0x26, 0x28, 0x56, 0x28, 0x26, 0x1E, 0x1D, 0x11,
	0x10, 0x10, 0x11, 0x1D, 0x1E, 0x26, 0x28, 0x56, 0x56, 0x56, 0x56, 0x3D,
	0x25, 0x1F, 0x38, 0x2E, 0x3C, 0x2C, 0x2F, 0x19, 0x12, 0x17, 0x17, 0x11,
	0x1A, 0x2F, 0x2C, 0x3C, 0x2E, 0x38, 0x1F, 0x25, 0x25, 0x1F, 0x38, 0x2E,
	0x3C, 0x2C, 0x2F, 0x19, 0x12, 0x17, 0x17, 0x1B, 0x24, 0x44, 0x38, 0x4E,
	0x2C, 0x37, 0x01, 0x83, 0x33, 0x2E, 0x45, 0x28, 0x35, 0x35, 0x28, 0x45,
	0x2E, 0x33, 0x33, 0x2E, 0x45, 0x28, 0x35, 0x35, 0x28, 0x45, 0x2E, 0xA2,
	0x10, 0x11, 0x1D, 0x1E, 0x26, 0x28, 0x56, 0x28, 0x26, 0x1E, 0x1D, 0x11,
	0x10, 0x10, 0x11, 0x1D, 0x1E, 0x26, 0x28, 0x56, 0x28, 0x26, 0x1E, 0x1D,
	0x11, 0x10, 0xFE, 0x96, 0x55, 0x55, 0x80, 0xAA, 0xAA, 0x00, 0x00, 0x00,
	0x00, 0x09, 0x00, 0x56, 0xFF, 0xC0, 0x03, 0xAB, 0x03, 0xC0, 0x00, 0x1E,
	0x00, 0x43, 0x00, 0x6A, 0x00, 0x7F, 0x00, 0x96, 0x00, 0xB5, 0x00, 0xD4,
	0x00, 0xEB, 0x01, 0x0A, 0x00, 0x00, 0x13, 0x2E, 0x01, 0x35, 0x34, 0x37,
	0x36, 0x37, 0x36, 0x37, 0x36, 0x33, 0x32, 0x17, 0x16, 0x1F, 0x01, 0x1E,
	0x01, 0x15, 0x14, 0x06, 0x07, 0x06, 0x07, 0x06, 0x23, 0x22, 0x27, 0x26,
	0x27, 0x01, 0x06, 0x07, 0x06, 0x07, 0x06, 0x23, 0x22, 0x27, 0x26, 0x27,
	0x26, 0x27, 0x26, 0x27, 0x26, 0x34, 0x37, 0x36, 0x37, 0x36, 0x37, 0x36,
	0x37, 0x36, 0x33, 0x32, 0x17, 0x16, 0x17, 0x16, 0x17, 0x16, 0x17, 0x16,
	0x14, 0x06, 0x27, 0x26, 0x27, 0x26, 0x27, 0x26, 0x23, 0x22, 0x07, 0x06,
	0x07, 0x06, 0x07, 0x06, 0x07, 0x06, 0x15, 0x14, 0x17, 0x16, 0x17, 0x16,
	0x17, 0x16, 0x17, 0x16, 0x33, 0x32, 0x37, 0x36, 0x37, 0x36, 0x37, 0x36,
	0x37, 0x36, 0x34, 0x27, 0x26, 0x25, 0x32, 0x17, 0x16, 0x17, 0x16, 0x14,
	0x07, 0x06, 0x07, 0x06, 0x22, 0x27, 0x26, 0x27, 0x26, 0x34, 0x37, 0x36,
	0x37, 0x36, 0x37, 0x22, 0x26, 0x27, 0x26, 0x3D, 0x01, 0x34, 0x37, 0x36,
	0x37, 0x36, 0x32, 0x17, 0x16, 0x17, 0x16, 0x1D, 0x01, 0x14, 0x07, 0x0E,
	0x01, 0x17, 0x2E, 0x01, 0x35, 0x34, 0x36, 0x3F, 0x01, 0x36, 0x37, 0x36,
	0x33, 0x32, 0x17, 0x16, 0x17, 0x16, 0x17, 0x16, 0x15, 0x14, 0x06, 0x0F,
	0x01, 0x06, 0x07, 0x06, 0x23, 0x22, 0x27, 0x26, 0x13, 0x17, 0x1E, 0x01,
	0x15, 0x14, 0x07, 0x06, 0x07, 0x06, 0x07, 0x06, 0x23, 0x22, 0x27, 0x26,
	0x2F, 0x01, 0x2E, 0x01, 0x35, 0x34, 0x36, 0x37, 0x36, 0x37, 0x36, 0x33,
	0x32, 0x17, 0x16, 0x05, 0x32, 0x16, 0x17, 0x16, 0x1D, 0x01, 0x14, 0x07,
	0x06, 0x07, 0x06, 0x22, 0x27, 0x26, 0x27, 0x26, 0x3D, 0x01, 0x34, 0x37,
	0x3E, 0x01, 0x27, 0x1E, 0x01, 0x15, 0x14, 0x06, 0x0F, 0x01, 0x06, 0x07,
	0x06, 0x23, 0x22, 0x27, 0x26, 0x27, 0x26, 0x27, 0x26, 0x35, 0x34, 0x36,
	0x3F, 0x01, 0x36, 0x37, 0x36, 0x33, 0x32, 0x17, 0x16, 0x98, 0x05, 0x04,
	0x08, 0x08, 0x0F, 0x08, 0x08, 0x08, 0x09, 0x10, 0x0F, 0x0F, 0x09, 0x19,
	0x05, 0x04, 0x10, 0x0F, 0x08, 0x08, 0x08, 0x09, 0x11, 0x0E, 0x0F, 0x09,
	0x02, 0xD7, 0x28, 0x37, 0x40, 0x46, 0x51, 0x52, 0x53, 0x52, 0x47, 0x3E,
	0x38, 0x26, 0x11, 0x09, 0x08, 0x08, 0x09, 0x11, 0x28, 0x38, 0x3F, 0x47,
	0x50, 0x52, 0x53, 0x51, 0x47, 0x3F, 0x38, 0x26, 0x11, 0x09, 0x09, 0x12,
	0x76, 0x19, 0x27, 0x2F, 0x34, 0x40, 0x40, 0x3F, 0x3F, 0x35, 0x2F, 0x27,
	0x1A, 0x04, 0x02, 0x01, 0x02, 0x02, 0x03, 0x19, 0x26, 0x2F, 0x35, 0x3F,
	0x41, 0x3F, 0x3F, 0x35, 0x30, 0x26, 0x1A, 0x04, 0x02, 0x02, 0x02, 0x02,
	0xFE, 0xD9, 0x23, 0x1E, 0x1D, 0x11, 0x11, 0x11, 0x11, 0x1D, 0x1E, 0x46,
	0x1E, 0x1D, 0x11, 0x11, 0x11, 0x11, 0x1D, 0x1E, 0x23, 0x11, 0x1E, 0x08,
	0x09, 0x09, 0x08, 0x0F, 0x0F, 0x22, 0x0F, 0x0F, 0x08, 0x09, 0x09, 0x08,
	0x1E, 0xE6, 0x0F, 0x10, 0x04, 0x05, 0x19, 0x09, 0x0F, 0x0F, 0x10, 0x09,
	0x08, 0x08, 0x08, 0x0F, 0x08, 0x08, 0x04, 0x05, 0x19, 0x09, 0x0F, 0x0F,
	0x10, 0x09, 0x08, 0x08, 0x50, 0x19, 0x05, 0x04, 0x08, 0x08, 0x0F, 0x08,
	0x08, 0x08, 0x09, 0x10, 0x0F, 0x0F, 0x09, 0x19, 0x05, 0x04, 0x10, 0x0F,
	0x08, 0x08, 0x08, 0x09, 0x11, 0x0E, 0x0F, 0xFE, 0xBA, 0x11, 0x1E, 0x08,
	0x09, 0x09, 0x08, 0x0F, 0x0F, 0x22, 0x0F, 0x0F, 0x08, 0x09, 0x09, 0x08,
	0x1E, 0xE6, 0x0F, 0x10, 0x04, 0x05, 0x19, 0x09, 0x0F, 0x0F, 0x10, 0x09,
	0x08, 0x08, 0x08, 0x0F, 0x08, 0x08, 0x04, 0x05, 0x19, 0x09, 0x0F, 0x0F,
	0x10, 0x09, 0x08, 0x08, 0x03, 0x32, 0x08, 0x10, 0x09, 0x11, 0x0E, 0x0F,
	0x09, 0x04, 0x03, 0x02, 0x08, 0x09, 0x0E, 0x2B, 0x08, 0x10, 0x09, 0x10,
	0x1E, 0x09, 0x04, 0x03, 0x02, 0x08, 0x09, 0x0F, 0xFE, 0x55, 0x32, 0x2B,
	0x30, 0x1B, 0x20, 0x1F, 0x1B, 0x30, 0x2A, 0x32, 0x16, 0x1A, 0x19, 0x36,
	0x19, 0x1A, 0x16, 0x32, 0x2B, 0x30, 0x1B, 0x20, 0x1F, 0x1B, 0x30, 0x2A,
	0x32, 0x16, 0x1A, 0x19, 0x36, 0x34, 0x65, 0x20, 0x1E, 0x26, 0x15, 0x1B,
	0x1B, 0x16, 0x26, 0x1F, 0x21, 0x05, 0x05, 0x06, 0x05, 0x06, 0x06, 0x05,
	0x05, 0x20, 0x1F, 0x25, 0x16, 0x1A, 0x1B, 0x16, 0x26, 0x1F, 0x21, 0x04,
	0x06, 0x05, 0x0C, 0x05, 0x06, 0x6E, 0x11, 0x11, 0x1D, 0x1E, 0x46, 0x1E,
	0x1D, 0x11, 0x11, 0x11, 0x11, 0x1D, 0x1E, 0x46, 0x1E, 0x1D, 0x11, 0x11,
	0xD5, 0x12, 0x0E, 0x0F, 0x11, 0x2B, 0x11, 0x0F, 0x0F, 0x08, 0x09, 0x09,
	0x08, 0x0F, 0x0F, 0x11, 0x2B, 0x11, 0x0F, 0x0E, 0x12, 0x24, 0x09, 0x1E,
	0x10, 0x09, 0x10, 0x08, 0x2B, 0x0E, 0x09, 0x08, 0x02, 0x03, 0x04, 0x09,
	0x0F, 0x0E, 0x11, 0x09, 0x10, 0x08, 0x2A, 0x0F, 0x09, 0x08, 0x02, 0x03,
	0xFD, 0x8B, 0x2A, 0x08, 0x10, 0x09, 0x11, 0x0E, 0x0F, 0x09, 0x04, 0x03,
	0x02, 0x08, 0x09, 0x0E, 0x2B, 0x08, 0x10, 0x09, 0x10, 0x1E, 0x09, 0x04,
	0x03, 0x02, 0x08, 0x09, 0x1C, 0x12, 0x0E, 0x0F, 0x11, 0x2B, 0x11, 0x0F,
	0x0F, 0x08, 0x09, 0x09, 0x08, 0x0F, 0x0F, 0x11, 0x2B, 0x11, 0x0F, 0x0E,
	0x12, 0x24, 0x09, 0x1E, 0x10, 0x09, 0x10, 0x08, 0x2B, 0x0E, 0x09, 0x08,
	0x02, 0x03, 0x04, 0x09, 0x0F, 0x0E, 0x11, 0x09, 0x10, 0x08, 0x2A, 0x0F,
	0x09, 0x08, 0x02, 0x03, 0x00, 0x03, 0x00, 0x00, 0xFF, 0xEB, 0x04, 0x00,
	0x03, 0x95, 0x00, 0x77, 0x00, 0x9C, 0x00, 0xB2, 0x00, 0x00, 0x01, 0x16,
	0x17, 0x16, 0x15, 0x14, 0x07, 0x06, 0x07, 0x06, 0x07, 0x06, 0x07, 0x06,
	0x07, 0x26, 0x27, 0x2E, 0x01, 0x27, 0x26, 0x27, 0x26, 0x35, 0x34, 0x37,
	0x36, 0x37, 0x36, 0x37, 0x36, 0x37, 0x27, 0x26, 0x27, 0x26, 0x35, 0x34,
	0x37, 0x36, 0x37, 0x3E, 0x01, 0x16, 0x1F, 0x01, 0x36, 0x37, 0x36, 0x37,
	0x27, 0x26, 0x37, 0x36, 0x37, 0x36, 0x37, 0x36, 0x17, 0x16, 0x17, 0x16,
	0x1F, 0x01, 0x36, 0x37, 0x36, 0x37, 0x35, 0x34, 0x37, 0x36, 0x37, 0x36,
	0x32, 0x17, 0x16, 0x17, 0x16, 0x1D, 0x01, 0x16, 0x17, 0x16, 0x17, 0x37,
	0x36, 0x37, 0x36, 0x37, 0x36, 0x17, 0x16, 0x17, 0x16, 0x17, 0x16, 0x0F,
	0x01, 0x16, 0x17, 0x16, 0x17, 0x37, 0x3E, 0x01, 0x16, 0x17, 0x16, 0x17,
	0x16, 0x15, 0x14, 0x07, 0x06, 0x0F, 0x01, 0x16, 0x17, 0x16, 0x07, 0x36,
	0x37, 0x36, 0x34, 0x27, 0x26, 0x27, 0x26, 0x27, 0x26, 0x27, 0x26, 0x27,
	0x06, 0x07, 0x06, 0x07, 0x06, 0x07, 0x0E, 0x01, 0x15, 0x14, 0x17, 0x16,
	0x17, 0x16, 0x17, 0x16, 0x17, 0x16, 0x33, 0x32, 0x36, 0x37, 0x36, 0x27,
	0x14, 0x07, 0x06, 0x07, 0x06, 0x22, 0x27, 0x26, 0x27, 0x26, 0x35, 0x34,
	0x37, 0x36, 0x37, 0x36, 0x32, 0x17, 0x16, 0x17, 0x16, 0x03, 0xD7, 0x14,
	0x0B, 0x0A, 0x0A, 0x0B, 0x15, 0x33, 0x4A, 0x49, 0x58, 0x58, 0x5F, 0x5F,
	0x5A, 0x58, 0x94, 0x34, 0x14, 0x0A, 0x0A, 0x0A, 0x0B, 0x15, 0x0A, 0x0D,
	0x0B, 0x0E, 0x49, 0x08, 0x05, 0x04, 0x05, 0x06, 0x0A, 0x0C, 0x22, 0x20,
	0x0C, 0x4A, 0x10, 0x12, 0x10, 0x13, 0x27, 0x06, 0x02, 0x03, 0x0B, 0x0A,
	0x11, 0x10, 0x11, 0x10, 0x0E, 0x0D, 0x06, 0x28, 0x12, 0x13, 0x12, 0x13,
	0x09, 0x08, 0x0F, 0x0F, 0x22, 0x0F, 0x0F, 0x08, 0x09, 0x13, 0x12, 0x13,
	0x12, 0x28, 0x06, 0x0D, 0x0E, 0x10, 0x11, 0x10, 0x11, 0x0A, 0x0B, 0x03,
	0x02, 0x06, 0x28, 0x13, 0x11, 0x12, 0x10, 0x4A, 0x0C, 0x20, 0x22, 0x0C,
	0x0A, 0x06, 0x05, 0x04, 0x05, 0x08, 0x49, 0x0E, 0x0B, 0x0D, 0x60, 0x0A,
	0x05, 0x05, 0x05, 0x04, 0x09, 0x29, 0x3A, 0x39, 0x44, 0x45, 0x4A, 0x49,
	0x45, 0x44, 0x38, 0x39, 0x28, 0x0A, 0x0A, 0x04, 0x05, 0x09, 0x29, 0x3A,
	0x39, 0x44, 0x45, 0x4A, 0x49, 0x88, 0x39, 0x39, 0x99, 0x18, 0x16, 0x27,
	0x28, 0x5C, 0x28, 0x27, 0x16, 0x18, 0x18, 0x16, 0x27, 0x28, 0x5C, 0x28,
	0x27, 0x16, 0x18, 0x01, 0xED, 0x1D, 0x22, 0x21, 0x22, 0x23, 0x21, 0x22,
	0x1E, 0x4D, 0x39, 0x38, 0x1F, 0x1E, 0x01, 0x01, 0x1F, 0x1E, 0x72, 0x4F,
	0x1D, 0x21, 0x20, 0x22, 0x23, 0x21, 0x22, 0x1E, 0x10, 0x10, 0x0F, 0x0F,
	0x4F, 0x09, 0x0C, 0x0B, 0x0B, 0x0E, 0x0C, 0x0C, 0x0A, 0x0B, 0x08, 0x0A,
	0x0D, 0x50, 0x0B, 0x0B, 0x0A, 0x09, 0x67, 0x11, 0x11, 0x10, 0x0D, 0x0E,
	0x06, 0x06, 0x03, 0x02, 0x0B, 0x0B, 0x10, 0x67, 0x04, 0x04, 0x03, 0x02,
	0x6F, 0x12, 0x0F, 0x0E, 0x09, 0x08, 0x08, 0x09, 0x0E, 0x0F, 0x12, 0x6F,
	0x02, 0x03, 0x04, 0x04, 0x67, 0x10, 0x0B, 0x0B, 0x02, 0x03, 0x06, 0x06,
	0x0E, 0x0D, 0x10, 0x11, 0x11, 0x67, 0x0A, 0x09, 0x0B, 0x0B, 0x50, 0x0D,
	0x0A, 0x08, 0x0B, 0x0A, 0x0C, 0x0C, 0x0E, 0x0B, 0x0B, 0x0C, 0x09, 0x4F,
	0x10, 0x0F, 0x10, 0xCE, 0x0E, 0x10, 0x0F, 0x1E, 0x0F, 0x0E, 0x0D, 0x3D,
	0x2D, 0x2C, 0x18, 0x18, 0x01, 0x01, 0x18, 0x18, 0x2B, 0x2C, 0x3D, 0x0E,
	0x1E, 0x10, 0x0F, 0x0E, 0x0E, 0x0D, 0x3E, 0x2D, 0x2C, 0x18, 0x18, 0x30,
	0x2B, 0x2D, 0x78, 0x2F, 0x27, 0x27, 0x17, 0x17, 0x17, 0x17, 0x27, 0x27,
	0x2F, 0x2E, 0x28, 0x26, 0x17, 0x17, 0x17, 0x17, 0x26, 0x28, 0x00, 0x00,
	0x00, 0x03, 0x00, 0x00, 0x00, 0x38, 0x04, 0x00, 0x03, 0x48, 0x00, 0x25,
	0x00, 0x49, 0x00, 0x5E, 0x00, 0x00, 0x01, 0x16, 0x17, 0x16, 0x14, 0x07,
	0x06, 0x07, 0x06, 0x07, 0x06, 0x07, 0x06, 0x07, 0x26, 0x27, 0x26, 0x27,
	0x26, 0x27, 0x26, 0x27, 0x26, 0x34, 0x37, 0x36, 0x37, 0x36, 0x37, 0x36,
	0x37, 0x36, 0x37, 0x16, 0x17, 0x16, 0x17, 0x16, 0x03, 0x36, 0x37, 0x36,
	0x34, 0x27, 0x26, 0x27, 0x26, 0x27, 0x26, 0x27, 0x26, 0x22, 0x07, 0x06,
	0x07, 0x06, 0x07, 0x06, 0x07, 0x06, 0x14, 0x17, 0x16, 0x17, 0x16, 0x17,
	0x16, 0x17, 0x16, 0x32, 0x37, 0x36, 0x37, 0x36, 0x05, 0x22, 0x27, 0x26,
	0x27, 0x26, 0x34, 0x37, 0x36, 0x37, 0x36, 0x32, 0x17, 0x16, 0x17, 0x16,
	0x14, 0x07, 0x06, 0x07, 0x06, 0x03, 0xD7, 0x14, 0x0B, 0x0A, 0x0A, 0x0B,
	0x14, 0x34, 0x4A, 0x49, 0x58, 0x59, 0x5F, 0x5F, 0x59, 0x58, 0x49, 0x4B,
	0x33, 0x14, 0x0B, 0x0A, 0x0A, 0x0B, 0x14, 0x33, 0x4B, 0x49, 0x58, 0x59,
	0x5F, 0x5F, 0x59, 0x58, 0x49, 0x4A, 0x36, 0x09, 0x05, 0x04, 0x04, 0x05,
	0x09, 0x27, 0x3A, 0x39, 0x44, 0x45, 0x94, 0x45, 0x44, 0x39, 0x3A, 0x27,
	0x09, 0x05, 0x05, 0x05, 0x05, 0x09, 0x27, 0x3A, 0x39, 0x44, 0x45, 0x94,
	0x45, 0x44, 0x39, 0x3A, 0xFE, 0xBA, 0x2F, 0x28, 0x26, 0x17, 0x18, 0x18,
	0x17, 0x26, 0x28, 0x5E, 0x28, 0x26, 0x17, 0x18, 0x18, 0x17, 0x26, 0x28,
	0x02, 0x45, 0x1E, 0x22, 0x22, 0x46, 0x22, 0x22, 0x1E, 0x4F, 0x3B, 0x39,
	0x1F, 0x20, 0x01, 0x01, 0x20, 0x1F, 0x39, 0x3B, 0x4F, 0x1E, 0x22, 0x22,
	0x46, 0x22, 0x22, 0x1E, 0x4F, 0x3B, 0x39, 0x1F, 0x20, 0x01, 0x01, 0x20,
	0x1F, 0x39, 0x3B, 0xFE, 0xF0, 0x0D, 0x10, 0x0F, 0x20, 0x0F, 0x10, 0x0D,
	0x3E, 0x2E, 0x2E, 0x18, 0x19, 0x19, 0x19, 0x2D, 0x2E, 0x3E, 0x0D, 0x10,
	0x0F, 0x20, 0x0F, 0x10, 0x0D, 0x3E, 0x2E, 0x2E, 0x18, 0x19, 0x19, 0x18,
	0x2E, 0x2E, 0x32, 0x18, 0x17, 0x26, 0x28, 0x5E, 0x28, 0x26, 0x17, 0x18,
	0x18, 0x17, 0x26, 0x28, 0x5E, 0x28, 0x26, 0x17, 0x18, 0x00, 0x00, 0x00,
	0x00, 0x03, 0x00, 0x00, 0xFF, 0xC0, 0x04, 0x00, 0x03, 0xC0, 0x00, 0xE9,
	0x00, 0xF5, 0x01, 0x00, 0x00, 0x00, 0x01, 0x21, 0x15, 0x1C, 0x01, 0x15,
	0x14, 0x07, 0x06, 0x07, 0x06, 0x07, 0x23, 0x0E, 0x01, 0x07, 0x33, 0x14,
	0x07, 0x06, 0x07, 0x06, 0x07, 0x06, 0x07, 0x22, 0x23, 0x06, 0x23, 0x22,
	0x2B, 0x01, 0x22, 0x23, 0x06, 0x07, 0x06, 0x07, 0x33, 0x14, 0x07, 0x06,
	0x07, 0x06, 0x07, 0x06, 0x07, 0x22, 0x23, 0x06, 0x22, 0x2B, 0x01, 0x15,
	0x17, 0x34, 0x3A, 0x01, 0x33, 0x06, 0x07, 0x06, 0x07, 0x06, 0x2B, 0x01,
	0x15, 0x33, 0x32, 0x17, 0x16, 0x17, 0x16, 0x15, 0x14, 0x07, 0x06, 0x07,
	0x06, 0x2B, 0x01, 0x15, 0x23, 0x2A, 0x02, 0x27, 0x26, 0x27, 0x26, 0x35,
	0x34, 0x37, 0x36, 0x37, 0x36, 0x33, 0x35, 0x23, 0x06, 0x27, 0x26, 0x27,
	0x26, 0x27, 0x26, 0x37, 0x36, 0x37, 0x36, 0x37, 0x36, 0x3B, 0x01, 0x35,
	0x23, 0x2A, 0x02, 0x23, 0x22, 0x27, 0x22, 0x23, 0x26, 0x27, 0x26, 0x27,
	0x26, 0x27, 0x26, 0x35, 0x33, 0x26, 0x27, 0x26, 0x27, 0x23, 0x2A, 0x02,
	0x23, 0x22, 0x27, 0x22, 0x23, 0x26, 0x27, 0x26, 0x27, 0x26, 0x27, 0x26,
	0x35, 0x33, 0x2E, 0x01, 0x27, 0x23, 0x26, 0x27, 0x26, 0x27, 0x26, 0x35,
	0x34, 0x35, 0x34, 0x35, 0x34, 0x35, 0x34, 0x3D, 0x01, 0x34, 0x35, 0x21,
	0x3A, 0x02, 0x17, 0x32, 0x33, 0x16, 0x17, 0x16, 0x17, 0x16, 0x17, 0x16,
	0x15, 0x14, 0x17, 0x16, 0x17, 0x35, 0x26, 0x27, 0x26, 0x35, 0x34, 0x37,
	0x36, 0x37, 0x36, 0x32, 0x17, 0x16, 0x17, 0x16, 0x15, 0x14, 0x07, 0x06,
	0x07, 0x15, 0x36, 0x37, 0x36, 0x35, 0x34, 0x37, 0x36, 0x37, 0x36, 0x37,
	0x36, 0x37, 0x32, 0x33, 0x36, 0x3B, 0x01, 0x32, 0x01, 0x35, 0x23, 0x2A,
	0x01, 0x07, 0x06, 0x15, 0x14, 0x17, 0x16, 0x33, 0x05, 0x23, 0x15, 0x33,
	0x32, 0x37, 0x36, 0x35, 0x34, 0x27, 0x26, 0x03, 0x00, 0x01, 0x00, 0x0B,
	0x09, 0x11, 0x0C, 0x0F, 0x98, 0x01, 0x04, 0x02, 0x8A, 0x0E, 0x0A, 0x13,
	0x07, 0x09, 0x06, 0x07, 0x03, 0x03, 0x02, 0x02, 0x01, 0x01, 0x01, 0x01,
	0x5B, 0x08, 0x09, 0x09, 0x09, 0x7E, 0x0D, 0x0B, 0x12, 0x08, 0x08, 0x07,
	0x07, 0x02, 0x03, 0x02, 0x04, 0x01, 0xC1, 0x56, 0x01, 0x01, 0x93, 0x05,
	0x15, 0x15, 0x1F, 0x21, 0x24, 0x58, 0x2B, 0x28, 0x23, 0x22, 0x14, 0x14,
	0x14, 0x14, 0x22, 0x23, 0x28, 0x2B, 0x81, 0x01, 0x01, 0x1B, 0x19, 0x18,
	0x0E, 0x0E, 0x0F, 0x0E, 0x18, 0x19, 0x1D, 0x55, 0x21, 0x1E, 0x1D, 0x16,
	0x15, 0x09, 0x0A, 0x06, 0x06, 0x16, 0x16, 0x20, 0x21, 0x25, 0x51, 0xC0,
	0x01, 0x01, 0x01, 0x01, 0x02, 0x02, 0x03, 0x03, 0x06, 0x07, 0x08, 0x08,
	0x12, 0x0B, 0x0D, 0x7E, 0x0A, 0x09, 0x08, 0x08, 0x5B, 0x01, 0x01, 0x01,
	0x01, 0x02, 0x02, 0x03, 0x03, 0x07, 0x06, 0x09, 0x07, 0x13, 0x0A, 0x0E,
	0x8A, 0x02, 0x04, 0x01, 0x98, 0x0F, 0x0C, 0x11, 0x09, 0x0B, 0x01, 0x00,
	0x01, 0x02, 0x02, 0x03, 0x02, 0x03, 0x07, 0x07, 0x08, 0x07, 0x13, 0x0B,
	0x0D, 0x23, 0x1B, 0x2D, 0x0A, 0x05, 0x06, 0x0B, 0x0C, 0x13, 0x14, 0x2E,
	0x14, 0x13, 0x0C, 0x0B, 0x05, 0x06, 0x0A, 0x2D, 0x1B, 0x23, 0x0D, 0x0B,
	0x13, 0x07, 0x08, 0x07, 0x07, 0x03, 0x02, 0x03, 0x02, 0x01, 0x01, 0xFE,
	0xC1, 0x51, 0x01, 0x0B, 0x07, 0x06, 0x05, 0x06, 0x0A, 0x01, 0x00, 0x2B,
	0x2B, 0x09, 0x06, 0x06, 0x06, 0x06, 0x03, 0xC0, 0x02, 0x01, 0x1C, 0x0C,
	0x1C, 0x14, 0x11, 0x0A, 0x08, 0x02, 0x0B, 0x16, 0x0A, 0x1D, 0x14, 0x10,
	0x09, 0x04, 0x02, 0x02, 0x02, 0x01, 0x0C, 0x0B, 0x0A, 0x0A, 0x1D, 0x14,
	0x10, 0x09, 0x04, 0x02, 0x02, 0x02, 0x01, 0x55, 0x01, 0x01, 0x24, 0x1E,
	0x1D, 0x10, 0x11, 0x2B, 0x14, 0x14, 0x22, 0x23, 0x28, 0x29, 0x23, 0x22,
	0x13, 0x15, 0x55, 0x0F, 0x0F, 0x18, 0x19, 0x1C, 0x1D, 0x19, 0x18, 0x0E,
	0x0F, 0x2A, 0x01, 0x0F, 0x0E, 0x19, 0x19, 0x1F, 0x21, 0x20, 0x23, 0x1D,
	0x1C, 0x10, 0x11, 0x55, 0x01, 0x02, 0x02, 0x02, 0x04, 0x09, 0x10, 0x14,
	0x1D, 0x09, 0x0B, 0x0B, 0x0C, 0x01, 0x02, 0x02, 0x02, 0x04, 0x09, 0x10,
	0x14, 0x1D, 0x0A, 0x16, 0x0B, 0x02, 0x08, 0x0A, 0x11, 0x14, 0x1C, 0x09,
	0x08, 0x07, 0x07, 0x02, 0x03, 0x02, 0x02, 0x01, 0x01, 0x01, 0x01, 0x02,
	0x02, 0x02, 0x04, 0x09, 0x10, 0x14, 0x1E, 0x43, 0x2B, 0x20, 0x10, 0x67,
	0x0B, 0x0E, 0x0F, 0x10, 0x17, 0x14, 0x13, 0x0B, 0x0C, 0x0C, 0x0B, 0x13,
	0x14, 0x17, 0x10, 0x0F, 0x0E, 0x0B, 0x67, 0x10, 0x20, 0x2B, 0x43, 0x1E,
	0x14, 0x10, 0x09, 0x04, 0x02, 0x02, 0x02, 0x01, 0xFD, 0x80, 0x2B, 0x08,
	0x06, 0x09, 0x08, 0x06, 0x06, 0x80, 0x2B, 0x06, 0x07, 0x09, 0x08, 0x07,
	0x06, 0x00, 0x00, 0x00, 0x00, 0x04, 0x00, 0x2B, 0xFF, 0xC0, 0x03, 0xD5,
	0x03, 0xC0, 0x00, 0x02, 0x00, 0x9C, 0x00, 0xA4, 0x00, 0xA8, 0x00, 0x00,
	0x01, 0x17, 0x23, 0x05, 0x06, 0x07, 0x06, 0x07, 0x36, 0x37, 0x36, 0x37,
	0x34, 0x35, 0x26, 0x27, 0x26, 0x27, 0x26, 0x27, 0x06, 0x07, 0x06, 0x07,
	0x06, 0x07, 0x06, 0x23, 0x22, 0x27, 0x26, 0x27, 0x36, 0x37, 0x36, 0x37,
	0x3E, 0x01, 0x37, 0x36, 0x37, 0x06, 0x07, 0x06, 0x23, 0x22, 0x27, 0x26,
	0x27, 0x2E, 0x01, 0x35, 0x34, 0x36, 0x37, 0x1E, 0x01, 0x17, 0x16, 0x17,
	0x16, 0x37, 0x36, 0x37, 0x26, 0x27, 0x26, 0x27, 0x26, 0x27, 0x26, 0x27,
	0x26, 0x35, 0x34, 0x37, 0x36, 0x37, 0x36, 0x37, 0x36, 0x37, 0x06, 0x07,
	0x06, 0x07, 0x06, 0x15, 0x14, 0x17, 0x16, 0x17, 0x16, 0x17, 0x36, 0x37,
	0x36, 0x37, 0x36, 0x37, 0x36, 0x33, 0x32, 0x17, 0x16, 0x17, 0x06, 0x07,
	0x06, 0x07, 0x06, 0x07, 0x06, 0x07, 0x06, 0x07, 0x36, 0x37, 0x36, 0x37,
	0x36, 0x17, 0x16, 0x17, 0x16, 0x17, 0x16, 0x15, 0x14, 0x07, 0x06, 0x07,
	0x26, 0x27, 0x26, 0x2F, 0x01, 0x2E, 0x01, 0x27, 0x26, 0x07, 0x06, 0x07,
	0x16, 0x17, 0x16, 0x17, 0x16, 0x17, 0x16, 0x17, 0x16, 0x15, 0x14, 0x07,
	0x06, 0x25, 0x03, 0x23, 0x03, 0x33, 0x37, 0x33, 0x17, 0x13, 0x23, 0x11,
	0x33, 0x01, 0xC0, 0x17, 0x2E, 0x02, 0x13, 0x15, 0x24, 0x23, 0x31, 0x0C,
	0x0A, 0x0A, 0x06, 0x01, 0x01, 0x05, 0x15, 0x16, 0x24, 0x03, 0x12, 0x12,
	0x20, 0x21, 0x2D, 0x30, 0x3A, 0x27, 0x25, 0x23, 0x1F, 0x23, 0x25, 0x23,
	0x26, 0x0E, 0x22, 0x10, 0x11, 0x0D, 0x5E, 0x5D, 0x60, 0x4F, 0x3D, 0x2C,
	0x30, 0x1A, 0x0D, 0x0C, 0x0A, 0x0A, 0x19, 0x38, 0x20, 0x0A, 0x18, 0x19,
	0x24, 0x26, 0x2C, 0x52, 0x41, 0x40, 0x29, 0x29, 0x0C, 0x03, 0x01, 0x01,
	0x08, 0x06, 0x0B, 0x15, 0x24, 0x23, 0x31, 0x0C, 0x09, 0x09, 0x06, 0x02,
	0x02, 0x05, 0x15, 0x16, 0x24, 0x03, 0x12, 0x12, 0x20, 0x21, 0x2D, 0x30,
	0x3A, 0x28, 0x25, 0x24, 0x1F, 0x21, 0x27, 0x22, 0x28, 0x0E, 0x10, 0x12,
	0x10, 0x12, 0x0D, 0x51, 0x51, 0x54, 0x48, 0x4D, 0x38, 0x3B, 0x1F, 0x0D,
	0x06, 0x06, 0x05, 0x05, 0x0B, 0x19, 0x18, 0x1A, 0x20, 0x04, 0x04, 0x0B,
	0x19, 0x19, 0x22, 0x25, 0x2A, 0x52, 0x41, 0x40, 0x29, 0x29, 0x0C, 0x03,
	0x01, 0x01, 0x07, 0x07, 0xFE, 0x70, 0x61, 0x2C, 0x61, 0x37, 0x16, 0x54,
	0x15, 0x8B, 0x35, 0x35, 0x01, 0xE8, 0x3C, 0xF5, 0x1F, 0x13, 0x13, 0x05,
	0x22, 0x2B, 0x2A, 0x27, 0x04, 0x04, 0x03, 0x04, 0x19, 0x20, 0x22, 0x25,
	0x5D, 0x53, 0x57, 0x41, 0x45, 0x25, 0x28, 0x15, 0x14, 0x27, 0x08, 0x0D,
	0x0C, 0x10, 0x02, 0x24, 0x20, 0x23, 0x2C, 0x32, 0x1C, 0x1E, 0x13, 0x13,
	0x27, 0x13, 0x2A, 0x17, 0x15, 0x2C, 0x18, 0x1B, 0x34, 0x19, 0x0A, 0x04,
	0x05, 0x03, 0x03, 0x0B, 0x32, 0x3A, 0x39, 0x3A, 0x3B, 0x35, 0x0C, 0x0B,
	0x0A, 0x0A, 0x1A, 0x18, 0x13, 0x10, 0x1F, 0x13, 0x12, 0x06, 0x23, 0x24,
	0x25, 0x26, 0x04, 0x09, 0x0A, 0x04, 0x19, 0x20, 0x22, 0x25, 0x5D, 0x53,
	0x57, 0x41, 0x45, 0x25, 0x28, 0x15, 0x16, 0x28, 0x07, 0x0C, 0x0B, 0x0F,
	0x01, 0x12, 0x12, 0x21, 0x23, 0x2D, 0x2B, 0x1B, 0x1C, 0x07, 0x08, 0x12,
	0x12, 0x2E, 0x13, 0x15, 0x14, 0x17, 0x16, 0x16, 0x17, 0x18, 0x1D, 0x17,
	0x18, 0x19, 0x03, 0x04, 0x09, 0x03, 0x04, 0x03, 0x03, 0x0B, 0x32, 0x3A,
	0x39, 0x3A, 0x3B, 0x35, 0x0C, 0x0B, 0x0A, 0x0A, 0x1A, 0x18, 0x13, 0x79,
	0x01, 0x00, 0xFF, 0x00, 0x39, 0x39, 0x01, 0x00, 0xFF, 0x00, 0x00, 0x00,
	0x00, 0x05, 0x00, 0x00, 0xFF, 0xC0, 0x04, 0x00, 0x03, 0xC0, 0x00, 0x27,
	0x00, 0x4F, 0x00, 0x78, 0x00, 0xA0, 0x00, 0xD4, 0x00, 0x00, 0x11, 0x35,
	0x34, 0x37, 0x36, 0x37, 0x36, 0x37, 0x36, 0x3B, 0x01, 0x32, 0x17, 0x16,
	0x17, 0x16, 0x14, 0x07, 0x06, 0x07, 0x06, 0x2B, 0x01, 0x22, 0x07, 0x06,
	0x07, 0x06, 0x1D, 0x01, 0x14, 0x07, 0x06, 0x07, 0x06, 0x22, 0x27, 0x26,
	0x27, 0x26, 0x01, 0x32, 0x17, 0x16, 0x17, 0x16, 0x14, 0x07, 0x06, 0x07,
	0x06, 0x2B, 0x01, 0x22, 0x27, 0x26, 0x27, 0x26, 0x27, 0x26, 0x3D, 0x01,
	0x34, 0x37, 0x36, 0x37, 0x36, 0x32, 0x17, 0x16, 0x17, 0x16, 0x1D, 0x01,
	0x14, 0x17, 0x16, 0x17, 0x16, 0x33, 0x01, 0x32, 0x17, 0x16, 0x17, 0x16,
	0x1D, 0x01, 0x14, 0x07, 0x06, 0x07, 0x06, 0x07, 0x06, 0x2B, 0x01, 0x22,
	0x27, 0x26, 0x27, 0x26, 0x34, 0x37, 0x36, 0x37, 0x36, 0x3B, 0x01, 0x32,
	0x37, 0x36, 0x37, 0x36, 0x3D, 0x01, 0x34, 0x37, 0x36, 0x37, 0x36, 0x03,
	0x32, 0x17, 0x16, 0x17, 0x16, 0x17, 0x16, 0x1D, 0x01, 0x14, 0x07, 0x06,
	0x07, 0x06, 0x22, 0x27, 0x26, 0x27, 0x26, 0x3D, 0x01, 0x34, 0x27, 0x26,
	0x27, 0x26, 0x2B, 0x01, 0x22, 0x27, 0x26, 0x27, 0x26, 0x34, 0x37, 0x36,
	0x37, 0x36, 0x33, 0x03, 0x23, 0x15, 0x14, 0x07, 0x06, 0x07, 0x06, 0x22,
	0x27, 0x26, 0x27, 0x26, 0x3D, 0x01, 0x23, 0x22, 0x27, 0x26, 0x27, 0x26,
	0x34, 0x37, 0x36, 0x37, 0x36, 0x3B, 0x01, 0x35, 0x34, 0x37, 0x36, 0x37,
	0x36, 0x32, 0x17, 0x16, 0x17, 0x16, 0x1D, 0x01, 0x33, 0x32, 0x17, 0x16,
	0x17, 0x16, 0x14, 0x07, 0x06, 0x07, 0x06, 0x12, 0x12, 0x21, 0x20, 0x2A,
	0x2C, 0x30, 0x55, 0x11, 0x0F, 0x0F, 0x08, 0x09, 0x09, 0x08, 0x0F, 0x0F,
	0x11, 0x55, 0x1D, 0x19, 0x18, 0x0E, 0x0F, 0x09, 0x08, 0x0F, 0x0F, 0x22,
	0x0F, 0x0F, 0x08, 0x09, 0x01, 0x40, 0x11, 0x0F, 0x0F, 0x08, 0x09, 0x09,
	0x08, 0x0F, 0x0F, 0x11, 0x55, 0x30, 0x2C, 0x2A, 0x20, 0x21, 0x12, 0x12,
	0x09, 0x08, 0x0F, 0x0F, 0x22, 0x0F, 0x0F, 0x08, 0x09, 0x0F, 0x0E, 0x18,
	0x19, 0x1D, 0x02, 0xD5, 0x11, 0x0F, 0x0F, 0x08, 0x09, 0x12, 0x12, 0x21,
	0x20, 0x2A, 0x2C, 0x30, 0x55, 0x11, 0x0F, 0x0F, 0x08, 0x09, 0x09, 0x08,
	0x0F, 0x0F, 0x11, 0x55, 0x1D, 0x19, 0x18, 0x0E, 0x0F, 0x09, 0x08, 0x0F,
	0x0F, 0x9A, 0x30, 0x2C, 0x2A, 0x20, 0x21, 0x12, 0x12, 0x09, 0x08, 0x0F,
	0x0F, 0x22, 0x0F, 0x0F, 0x08, 0x09, 0x0F, 0x0E, 0x18, 0x19, 0x1D, 0x55,
	0x11, 0x0F, 0x0F, 0x08, 0x09, 0x09, 0x08, 0x0F, 0x0F, 0x11, 0x2B, 0x55,
	0x09, 0x08, 0x0F, 0x0F, 0x22, 0x0F, 0x0F, 0x08, 0x09, 0x55, 0x12, 0x0F,
	0x0E, 0x09, 0x08, 0x08, 0x09, 0x0E, 0x0F, 0x12, 0x55, 0x09, 0x08, 0x0F,
	0x0F, 0x22, 0x0F, 0x0F, 0x08, 0x09, 0x55, 0x12, 0x0F, 0x0E, 0x09, 0x08,
	0x08, 0x09, 0x0E, 0x0F, 0x02, 0x80, 0x55, 0x30, 0x2C, 0x2A, 0x20, 0x21,
	0x12, 0x12, 0x09, 0x08, 0x0F, 0x0F, 0x22, 0x0F, 0x0F, 0x08, 0x09, 0x0F,
	0x0E, 0x18, 0x19, 0x1D, 0x55, 0x11, 0x0F, 0x0F, 0x08, 0x09, 0x09, 0x08,
	0x0F, 0x0F, 0xFD, 0xD1, 0x09, 0x08, 0x0F, 0x0F, 0x22, 0x0F, 0x0F, 0x08,
	0x09, 0x12, 0x12, 0x21, 0x20, 0x2A, 0x2C, 0x30, 0x55, 0x11, 0x0F, 0x0F,
	0x08, 0x09, 0x09, 0x08, 0x0F, 0x0F, 0x11, 0x55, 0x1D, 0x19, 0x18, 0x0E,
	0x0F, 0x01, 0x00, 0x09, 0x08, 0x0F, 0x0F, 0x11, 0x55, 0x30, 0x2C, 0x2A,
	0x20, 0x21, 0x12, 0x12, 0x09, 0x08, 0x0F, 0x0F, 0x22, 0x0F, 0x0F, 0x08,
	0x09, 0x0F, 0x0E, 0x18, 0x19, 0x1D, 0x55, 0x11, 0x0F, 0x0F, 0x08, 0x09,
	0x02, 0x80, 0x12, 0x12, 0x21, 0x20, 0x2A, 0x2C, 0x30, 0x55, 0x11, 0x0F,
	0x0F, 0x08, 0x09, 0x09, 0x08, 0x0F, 0x0F, 0x11, 0x55, 0x1D, 0x19, 0x18,
	0x0E, 0x0F, 0x09, 0x08, 0x0F, 0x0F, 0x22, 0x0F, 0x0F, 0x08, 0x09, 0xFD,
	0xC0, 0x55, 0x12, 0x0F, 0x0E, 0x09, 0x08, 0x08, 0x09, 0x0E, 0x0F, 0x12,
	0x55, 0x09, 0x08, 0x0F, 0x0F, 0x22, 0x0F, 0x0F, 0x08, 0x09, 0x55, 0x12,
	0x0F, 0x0E, 0x09, 0x08, 0x08, 0x09, 0x0E, 0x0F, 0x12, 0x55, 0x09, 0x08,
	0x0F, 0x0F, 0x22, 0x0F, 0x0F, 0x08, 0x09, 0x00, 0x00, 0x05, 0x00, 0x00,
	0xFF, 0xC0, 0x04, 0x00, 0x03, 0xC0, 0x00, 0x0F, 0x00, 0x1F, 0x00, 0x2F,
	0x00, 0x3F, 0x00, 0x4B, 0x00, 0x00, 0x13, 0x23, 0x35, 0x34, 0x37, 0x36,
	0x37, 0x36, 0x3B, 0x01, 0x15, 0x23, 0x22, 0x07, 0x06, 0x15, 0x11, 0x14,
	0x17, 0x16, 0x3B, 0x01, 0x15, 0x23, 0x22, 0x27, 0x26, 0x27, 0x26, 0x3D,
	0x01, 0x33, 0x05, 0x35, 0x33, 0x15, 0x14, 0x07, 0x06, 0x07, 0x06, 0x2B,
	0x01, 0x35, 0x33, 0x32, 0x37, 0x36, 0x03, 0x32, 0x17, 0x16, 0x17, 0x16,
	0x1D, 0x01, 0x23, 0x35, 0x34, 0x27, 0x26, 0x2B, 0x01, 0x35, 0x13, 0x23,
	0x15, 0x23, 0x35, 0x23, 0x35, 0x33, 0x35, 0x33, 0x15, 0x33, 0x80, 0x80,
	0x14, 0x14, 0x22, 0x23, 0x28, 0xC0, 0xC0, 0x08, 0x07, 0x06, 0x06, 0x07,
	0x08, 0xC0, 0xC0, 0x28, 0x23, 0x22, 0x14, 0x14, 0x80, 0x03, 0x00, 0x80,
	0x14, 0x14, 0x22, 0x23, 0x28, 0xC0, 0xC0, 0x08, 0x07, 0x06, 0x15, 0x28,
	0x23, 0x22, 0x14, 0x14, 0x80, 0x06, 0x07, 0x08, 0xC0, 0x2A, 0x95, 0x80,
	0x95, 0x95, 0x80, 0x95, 0x02, 0x6B, 0xC0, 0x28, 0x23, 0x22, 0x14, 0x14,
	0x80, 0x06, 0x07, 0x08, 0xFD, 0x2A, 0x08, 0x07, 0x06, 0x80, 0x14, 0x14,
	0x22, 0x23, 0x28, 0xC0, 0xC0, 0xC0, 0xC0, 0x28, 0x23, 0x22, 0x14, 0x14,
	0x80, 0x06, 0x07, 0x03, 0x73, 0x14, 0x14, 0x22, 0x23, 0x28, 0xC0, 0xC0,
	0x08, 0x07, 0x06, 0x80, 0xFD, 0xC0, 0x95, 0x95, 0x80, 0x95, 0x95, 0x00,
	0x00, 0x04, 0x00, 0x60, 0x00, 0x20, 0x03, 0xA0, 0x03, 0x60, 0x00, 0x9F,
	0x01, 0x2F, 0x01, 0x44, 0x01, 0x59, 0x00, 0x00, 0x01, 0x33, 0x32, 0x1E,
	0x01, 0x1D, 0x01, 0x14, 0x17, 0x16, 0x17, 0x16, 0x33, 0x36, 0x3F, 0x01,
	0x3E, 0x01, 0x17, 0x16, 0x1F, 0x01, 0x16, 0x17, 0x16, 0x06, 0x0F, 0x01,
	0x06, 0x07, 0x14, 0x17, 0x16, 0x17, 0x16, 0x3B, 0x01, 0x32, 0x1E, 0x01,
	0x1D, 0x01, 0x14, 0x0E, 0x01, 0x2B, 0x01, 0x22, 0x07, 0x06, 0x07, 0x06,
	0x15, 0x16, 0x1F, 0x01, 0x1E, 0x01, 0x07, 0x06, 0x0F, 0x01, 0x06, 0x07,
	0x06, 0x26, 0x2F, 0x01, 0x26, 0x27, 0x22, 0x07, 0x06, 0x07, 0x06, 0x1D,
	0x01, 0x14, 0x0E, 0x01, 0x2B, 0x01, 0x22, 0x2E, 0x01, 0x3D, 0x01, 0x34,
	0x27, 0x26, 0x27, 0x26, 0x23, 0x06, 0x0F, 0x01, 0x0E, 0x01, 0x27, 0x26,
	0x2F, 0x01, 0x26, 0x27, 0x26, 0x36, 0x3F, 0x01, 0x36, 0x37, 0x34, 0x27,
	0x26, 0x27, 0x26, 0x2B, 0x01, 0x22, 0x2E, 0x01, 0x3D, 0x01, 0x34, 0x3E,
	0x01, 0x3B, 0x01, 0x32, 0x37, 0x36, 0x37, 0x36, 0x35, 0x26, 0x2F, 0x01,
	0x2E, 0x01, 0x37, 0x36, 0x3F, 0x01, 0x36, 0x37, 0x36, 0x16, 0x1F, 0x01,
	0x16, 0x17, 0x32, 0x37, 0x36, 0x37, 0x36, 0x3D, 0x01, 0x34, 0x3E, 0x01,
	0x17, 0x22, 0x06, 0x1D, 0x01, 0x14, 0x07, 0x06, 0x07, 0x06, 0x27, 0x26,
	0x2F, 0x01, 0x26, 0x23, 0x22, 0x0F, 0x01, 0x06, 0x15, 0x14, 0x1F, 0x01,
	0x16, 0x17, 0x16, 0x07, 0x06, 0x07, 0x06, 0x2B, 0x01, 0x22, 0x06, 0x1D,
	0x01, 0x14, 0x16, 0x3B, 0x01, 0x32, 0x17, 0x16, 0x17, 0x16, 0x07, 0x06,
	0x0F, 0x01, 0x06, 0x15, 0x14, 0x1F, 0x01, 0x16, 0x33, 0x32, 0x3F, 0x01,
	0x36, 0x37, 0x36, 0x17, 0x16, 0x17, 0x16, 0x1D, 0x01, 0x14, 0x16, 0x3B,
	0x01, 0x32, 0x36, 0x3D, 0x01, 0x34, 0x37, 0x36, 0x37, 0x36, 0x17, 0x16,
	0x1F, 0x01, 0x16, 0x33, 0x32, 0x3F, 0x01, 0x36, 0x35, 0x34, 0x2F, 0x01,
	0x26, 0x27, 0x26, 0x37, 0x36, 0x37, 0x36, 0x3B, 0x01, 0x32, 0x36, 0x3D,
	0x01, 0x34, 0x26, 0x2B, 0x01, 0x22, 0x27, 0x26, 0x27, 0x26, 0x37, 0x36,
	0x3F, 0x01, 0x36, 0x35, 0x34, 0x2F, 0x01, 0x26, 0x23, 0x22, 0x0F, 0x01,
	0x06, 0x07, 0x06, 0x27, 0x26, 0x27, 0x26, 0x3D, 0x01, 0x34, 0x26, 0x23,
	0x13, 0x14, 0x07, 0x06, 0x07, 0x06, 0x22, 0x27, 0x26, 0x27, 0x26, 0x34,
	0x37, 0x36, 0x37, 0x36, 0x32, 0x17, 0x16, 0x17, 0x16, 0x07, 0x34, 0x27,
	0x26, 0x27, 0x26, 0x22, 0x07, 0x06, 0x07, 0x06, 0x14, 0x17, 0x16, 0x17,
	0x16, 0x32, 0x37, 0x36, 0x37, 0x36, 0x01, 0xD5, 0x56, 0x14, 0x22, 0x14,
	0x02, 0x03, 0x05, 0x04, 0x04, 0x04, 0x02, 0x11, 0x0F, 0x26, 0x13, 0x14,
	0x0E, 0x3C, 0x0F, 0x05, 0x05, 0x0A, 0x0F, 0x11, 0x02, 0x01, 0x02, 0x01,
	0x04, 0x03, 0x03, 0x18, 0x15, 0x22, 0x14, 0x14, 0x22, 0x15, 0x18, 0x03,
	0x03, 0x04, 0x01, 0x02, 0x01, 0x02, 0x11, 0x0F, 0x0A, 0x05, 0x05, 0x0F,
	0x3C, 0x0E, 0x14, 0x13, 0x26, 0x0F, 0x11, 0x02, 0x04, 0x04, 0x04, 0x05,
	0x03, 0x02, 0x14, 0x22, 0x14, 0x56, 0x14, 0x22, 0x14, 0x02, 0x03, 0x05,
	0x04, 0x04, 0x04, 0x02, 0x11, 0x0F, 0x26, 0x13, 0x14, 0x0E, 0x3C, 0x0F,
	0x05, 0x05, 0x0A, 0x0F, 0x11, 0x02, 0x01, 0x02, 0x01, 0x04, 0x03, 0x03,
	0x18, 0x15, 0x22, 0x14, 0x14, 0x22, 0x15, 0x18, 0x03, 0x03, 0x04, 0x01,
	0x02, 0x01, 0x02, 0x11, 0x0F, 0x0A, 0x05, 0x05, 0x0F, 0x3C, 0x0E, 0x14,
	0x13, 0x26, 0x0F, 0x11, 0x02, 0x04, 0x04, 0x04, 0x05, 0x03, 0x02, 0x14,
	0x22, 0x14, 0x04, 0x06, 0x0F, 0x0D, 0x15, 0x15, 0x17, 0x18, 0x10, 0x12,
	0x03, 0x04, 0x05, 0x03, 0x3C, 0x03, 0x03, 0x11, 0x11, 0x04, 0x03, 0x08,
	0x09, 0x12, 0x14, 0x18, 0x18, 0x05, 0x06, 0x06, 0x05, 0x18, 0x18, 0x14,
	0x12, 0x09, 0x08, 0x03, 0x04, 0x11, 0x11, 0x03, 0x03, 0x3C, 0x03, 0x05,
	0x04, 0x03, 0x12, 0x10, 0x18, 0x17, 0x15, 0x15, 0x0D, 0x0F, 0x06, 0x04,
	0x56, 0x04, 0x06, 0x0F, 0x0D, 0x15, 0x15, 0x17, 0x18, 0x10, 0x12, 0x03,
	0x04, 0x05, 0x03, 0x3C, 0x03, 0x03, 0x11, 0x11, 0x04, 0x03, 0x08, 0x09,
	0x12, 0x14, 0x18, 0x18, 0x05, 0x06, 0x06, 0x05, 0x18, 0x18, 0x14, 0x12,
	0x09, 0x08, 0x03, 0x04, 0x11, 0x11, 0x03, 0x03, 0x3C, 0x03, 0x05, 0x04,
	0x03, 0x12, 0x10, 0x18, 0x17, 0x15, 0x15, 0x0D, 0x0F, 0x06, 0x04, 0x4A,
	0x10, 0x0F, 0x1B, 0x1B, 0x40, 0x1B, 0x1B, 0x0F, 0x10, 0x10, 0x0F, 0x1B,
	0x1B, 0x40, 0x1B, 0x1B, 0x0F, 0x10, 0x40, 0x07, 0x07, 0x0C, 0x0D, 0x1C,
	0x0D, 0x0C, 0x07, 0x07, 0x07, 0x07, 0x0C, 0x0D, 0x1C, 0x0D, 0x0C, 0x07,
	0x07, 0x03, 0x60, 0x14, 0x22, 0x15, 0x18, 0x03, 0x03, 0x04, 0x01, 0x02,
	0x01, 0x02, 0x11, 0x0F, 0x0A, 0x05, 0x05, 0x0F, 0x3C, 0x0E, 0x14, 0x13,
	0x26, 0x0F, 0x11, 0x02, 0x04, 0x04, 0x04, 0x05, 0x03, 0x02, 0x14, 0x22,
	0x14, 0x56, 0x14, 0x22, 0x14, 0x02, 0x03, 0x05, 0x04, 0x04, 0x04, 0x02,
	0x11, 0x0F, 0x26, 0x13, 0x14, 0x0E, 0x3C, 0x0F, 0x05, 0x05, 0x0A, 0x0F,
	0x11, 0x02, 0x01, 0x02, 0x01, 0x04, 0x03, 0x03, 0x18, 0x15, 0x22, 0x14,
	0x14, 0x22, 0x15, 0x18, 0x03, 0x03, 0x04, 0x01, 0x02, 0x01, 0x02, 0x11,
	0x0F, 0x0A, 0x05, 0x05, 0x0F, 0x3C, 0x0E, 0x14, 0x13, 0x26, 0x0F, 0x11,
	0x02, 0x04, 0x04, 0x04, 0x05, 0x03, 0x02, 0x14, 0x22, 0x14, 0x56, 0x14,
	0x22, 0x14, 0x02, 0x03, 0x05, 0x04, 0x04, 0x04, 0x02, 0x11, 0x0F, 0x26,
	0x13, 0x14, 0x0E, 0x3C, 0x0F, 0x05, 0x05, 0x0A, 0x0F, 0x11, 0x02, 0x01,
	0x02, 0x01, 0x04, 0x03, 0x03, 0x18, 0x15, 0x22, 0x14, 0x40, 0x06, 0x05,
	0x18, 0x18, 0x14, 0x12, 0x09, 0x08, 0x03, 0x04, 0x11, 0x11, 0x03, 0x03,
	0x3C, 0x03, 0x05, 0x04, 0x03, 0x12, 0x10, 0x18, 0x17, 0x15, 0x15, 0x0D,
	0x0F, 0x06, 0x04, 0x56, 0x04, 0x06, 0x0F, 0x0D, 0x15, 0x15, 0x17, 0x18,
	0x10, 0x12, 0x03, 0x04, 0x05, 0x03, 0x3C, 0x03, 0x03, 0x11, 0x11, 0x04,
	0x03, 0x08, 0x09, 0x12, 0x14, 0x18, 0x18, 0x05, 0x06, 0x06, 0x05, 0x18,
	0x18, 0x14, 0x12, 0x09, 0x08, 0x03, 0x04, 0x11, 0x11, 0x03, 0x03, 0x3C,
	0x03, 0x05, 0x04, 0x03, 0x12, 0x10, 0x18, 0x17, 0x15, 0x15, 0x0D, 0x0F,
	0x06, 0x04, 0x56, 0x04, 0x06, 0x0F, 0x0D, 0x15, 0x15, 0x17, 0x18, 0x10,
	0x12, 0x03, 0x04, 0x05, 0x03, 0x3C, 0x03, 0x03, 0x11, 0x11, 0x04, 0x03,
	0x08, 0x09, 0x12, 0x14, 0x18, 0x18, 0x05, 0x06, 0xFE, 0xA0, 0x20, 0x1B,
	0x1B, 0x0F, 0x10, 0x10, 0x0F, 0x1B, 0x1B, 0x40, 0x1B, 0x1B, 0x0F, 0x10,
	0x10, 0x0F, 0x1B, 0x1B, 0x20, 0x0E, 0x0D, 0x0C, 0x07, 0x07, 0x07, 0x07,
	0x0C, 0x0D, 0x1C, 0x0D, 0x0C, 0x07, 0x07, 0x07, 0x07, 0x0C, 0x0D, 0x00,
	0x00, 0x04, 0x00, 0x5C, 0x00, 0x0B, 0x03, 0xA4, 0x03, 0x75, 0x00, 0x0C,
	0x00, 0x21, 0x00, 0x79, 0x01, 0x17, 0x00, 0x00, 0x01, 0x34, 0x27, 0x26,
	0x22, 0x07, 0x06, 0x14, 0x17, 0x16, 0x32, 0x37, 0x36, 0x37, 0x14, 0x07,
	0x06, 0x07, 0x06, 0x22, 0x27, 0x26, 0x27, 0x26, 0x34, 0x37, 0x36, 0x37,
	0x36, 0x32, 0x17, 0x16, 0x17, 0x16, 0x25, 0x17, 0x16, 0x17, 0x16, 0x14,
	0x07, 0x06, 0x0F, 0x01, 0x1E, 0x03, 0x17, 0x37, 0x36, 0x17, 0x32, 0x17,
	0x16, 0x17, 0x16, 0x1D, 0x01, 0x16, 0x33, 0x16, 0x32, 0x37, 0x32, 0x37,
	0x35, 0x34, 0x37, 0x36, 0x37, 0x36, 0x33, 0x36, 0x1F, 0x01, 0x3E, 0x01,
	0x37, 0x27, 0x26, 0x27, 0x26, 0x34, 0x37, 0x36, 0x3F, 0x01, 0x2E, 0x03,
	0x27, 0x07, 0x06, 0x27, 0x22, 0x27, 0x26, 0x27, 0x26, 0x3D, 0x01, 0x26,
	0x23, 0x26, 0x22, 0x07, 0x22, 0x07, 0x15, 0x14, 0x07, 0x06, 0x07, 0x06,
	0x23, 0x06, 0x2F, 0x01, 0x0E, 0x01, 0x07, 0x26, 0x27, 0x26, 0x35, 0x34,
	0x35, 0x36, 0x37, 0x36, 0x37, 0x36, 0x37, 0x36, 0x37, 0x36, 0x1F, 0x01,
	0x16, 0x33, 0x36, 0x37, 0x36, 0x37, 0x36, 0x3D, 0x01, 0x34, 0x37, 0x36,
	0x37, 0x36, 0x37, 0x36, 0x33, 0x32, 0x17, 0x16, 0x17, 0x16, 0x17, 0x16,
	0x1D, 0x01, 0x14, 0x17, 0x16, 0x17, 0x16, 0x17, 0x32, 0x3F, 0x01, 0x36,
	0x17, 0x16, 0x17, 0x16, 0x17, 0x16, 0x17, 0x16, 0x17, 0x16, 0x17, 0x16,
	0x17, 0x14, 0x15, 0x14, 0x07, 0x06, 0x0F, 0x01, 0x0E, 0x01, 0x14, 0x16,
	0x1F, 0x01, 0x16, 0x17, 0x16, 0x15, 0x14, 0x15, 0x06, 0x07, 0x06, 0x07,
	0x06, 0x07, 0x06, 0x07, 0x06, 0x2F, 0x01, 0x26, 0x23, 0x06, 0x07, 0x06,
	0x07, 0x06, 0x1D, 0x01, 0x14, 0x07, 0x06, 0x07, 0x06, 0x07, 0x06, 0x23,
	0x22, 0x27, 0x26, 0x27, 0x26, 0x27, 0x26, 0x3D, 0x01, 0x34, 0x27, 0x26,
	0x27, 0x26, 0x27, 0x22, 0x0F, 0x01, 0x06, 0x27, 0x26, 0x27, 0x26, 0x27,
	0x26, 0x27, 0x26, 0x27, 0x26, 0x27, 0x26, 0x27, 0x34, 0x35, 0x34, 0x37,
	0x36, 0x3F, 0x01, 0x3E, 0x01, 0x34, 0x26, 0x27, 0x02, 0x20, 0x09, 0x0A,
	0x1A, 0x0A, 0x09, 0x09, 0x0A, 0x1A, 0x0A, 0x09, 0x6B, 0x13, 0x13, 0x1F,
	0x20, 0x4C, 0x20, 0x1F, 0x13, 0x13, 0x13, 0x13, 0x1F, 0x20, 0x4C, 0x20,
	0x1F, 0x13, 0x13, 0xFE, 0x48, 0x1D, 0x22, 0x12, 0x11, 0x11, 0x12, 0x22,
	0x1D, 0x03, 0x08, 0x08, 0x08, 0x05, 0x1D, 0x22, 0x26, 0x23, 0x20, 0x1F,
	0x12, 0x14, 0x08, 0x08, 0x08, 0x10, 0x08, 0x08, 0x08, 0x14, 0x12, 0x1F,
	0x20, 0x23, 0x26, 0x22, 0x1D, 0x09, 0x10, 0x07, 0x1D, 0x22, 0x12, 0x11,
	0x11, 0x12, 0x22, 0x1D, 0x03, 0x08, 0x08, 0x08, 0x05, 0x1D, 0x22, 0x26,
	0x23, 0x20, 0x1F, 0x12, 0x14, 0x08, 0x08, 0x08, 0x10, 0x08, 0x08, 0x08,
	0x14, 0x12, 0x1F, 0x20, 0x23, 0x26, 0x22, 0x1D, 0x09, 0x10, 0x64, 0x0C,
	0x07, 0x07, 0x01, 0x01, 0x0F, 0x18, 0x19, 0x21, 0x0D, 0x12, 0x13, 0x10,
	0x44, 0x08, 0x09, 0x08, 0x07, 0x08, 0x04, 0x04, 0x0C, 0x0C, 0x12, 0x18,
	0x18, 0x18, 0x19, 0x18, 0x19, 0x18, 0x18, 0x12, 0x0C, 0x0C, 0x04, 0x04,
	0x08, 0x07, 0x08, 0x09, 0x08, 0x44, 0x10, 0x13, 0x12, 0x0D, 0x10, 0x0F,
	0x0E, 0x0D, 0x0C, 0x0A, 0x0A, 0x07, 0x01, 0x01, 0x07, 0x07, 0x0C, 0x45,
	0x08, 0x08, 0x08, 0x08, 0x45, 0x0C, 0x07, 0x07, 0x01, 0x01, 0x0F, 0x18,
	0x19, 0x21, 0x0D, 0x12, 0x13, 0x10, 0x44, 0x08, 0x09, 0x08, 0x07, 0x08,
	0x04, 0x04, 0x0C, 0x0C, 0x12, 0x18, 0x18, 0x18, 0x19, 0x18, 0x19, 0x18,
	0x18, 0x12, 0x0C, 0x0C, 0x04, 0x04, 0x08, 0x07, 0x08, 0x09, 0x08, 0x44,
	0x10, 0x13, 0x12, 0x0D, 0x10, 0x0F, 0x0E, 0x0D, 0x0C, 0x0A, 0x0A, 0x07,
	0x01, 0x01, 0x07, 0x07, 0x0C, 0x45, 0x08, 0x08, 0x08, 0x08, 0x01, 0xC0,
	0x0D, 0x0A, 0x09, 0x09, 0x0A, 0x1A, 0x0A, 0x09, 0x09, 0x0A, 0x0D, 0x26,
	0x20, 0x1F, 0x13, 0x13, 0x13, 0x13, 0x1F, 0x20, 0x4C, 0x20, 0x1F, 0x13,
	0x13, 0x13, 0x13, 0x1F, 0x20, 0x63, 0x11, 0x13, 0x22, 0x1F, 0x48, 0x1F,
	0x22, 0x13, 0x11, 0x07, 0x0E, 0x0E, 0x0E, 0x06, 0x10, 0x14, 0x01, 0x13,
	0x12, 0x1E, 0x21, 0x27, 0x21, 0x01, 0x01, 0x01, 0x01, 0x21, 0x27, 0x21,
	0x1E, 0x12, 0x13, 0x01, 0x14, 0x10, 0x0D, 0x1C, 0x0E, 0x11, 0x13, 0x22,
	0x1F, 0x48, 0x1F, 0x22, 0x13, 0x11, 0x07, 0x0E, 0x0E, 0x0E, 0x06, 0x10,
	0x14, 0x01, 0x13, 0x12, 0x1E, 0x21, 0x27, 0x21, 0x01, 0x01, 0x01, 0x01,
	0x21, 0x27, 0x21, 0x1E, 0x12, 0x13, 0x01, 0x14, 0x10, 0x0D, 0x1C, 0x54,
	0x07, 0x0D, 0x0C, 0x0E, 0x04, 0x04, 0x04, 0x04, 0x2F, 0x2A, 0x2B, 0x24,
	0x0E, 0x03, 0x03, 0x0A, 0x27, 0x05, 0x01, 0x04, 0x04, 0x07, 0x08, 0x09,
	0x4F, 0x12, 0x0F, 0x0E, 0x05, 0x05, 0x03, 0x02, 0x02, 0x03, 0x06, 0x04,
	0x0E, 0x0F, 0x13, 0x4E, 0x09, 0x08, 0x07, 0x04, 0x04, 0x01, 0x05, 0x27,
	0x0A, 0x03, 0x03, 0x0E, 0x11, 0x14, 0x14, 0x15, 0x16, 0x16, 0x17, 0x17,
	0x04, 0x04, 0x04, 0x04, 0x0E, 0x0C, 0x0D, 0x07, 0x27, 0x05, 0x0E, 0x12,
	0x0E, 0x05, 0x27, 0x07, 0x0D, 0x0C, 0x0E, 0x04, 0x04, 0x04, 0x04, 0x2F,
	0x2A, 0x2B, 0x24, 0x0E, 0x03, 0x03, 0x0A, 0x27, 0x05, 0x01, 0x04, 0x04,
	0x07, 0x08, 0x09, 0x4F, 0x12, 0x0F, 0x0E, 0x04, 0x06, 0x03, 0x02, 0x02,
	0x03, 0x06, 0x04, 0x0E, 0x0F, 0x13, 0x4E, 0x09, 0x08, 0x07, 0x04, 0x04,
	0x01, 0x05, 0x27, 0x0A, 0x03, 0x03, 0x0E, 0x11, 0x14, 0x14, 0x15, 0x16,
	0x16, 0x17, 0x17, 0x04, 0x04, 0x04, 0x04, 0x0E, 0x0C, 0x0D, 0x07, 0x27,
	0x05, 0x0E, 0x12, 0x0E, 0x05, 0x00, 0x00, 0x00, 0x00, 0x02, 0x00, 0x2B,
	0xFF, 0xEC, 0x03, 0xD5, 0x03, 0x95, 0x00, 0x14, 0x00, 0xAC, 0x00, 0x00,
	0x01, 0x22, 0x07, 0x06, 0x07, 0x06, 0x14, 0x17, 0x16, 0x17, 0x16, 0x32,
	0x37, 0x36, 0x37, 0x36, 0x34, 0x27, 0x26, 0x27, 0x26, 0x05, 0x14, 0x07,
	0x06, 0x07, 0x06, 0x2B, 0x01, 0x06, 0x07, 0x06, 0x07, 0x06, 0x07, 0x06,
	0x07, 0x17, 0x1E, 0x01, 0x07, 0x0E, 0x01, 0x07, 0x06, 0x26, 0x2F, 0x01,
	0x06, 0x07, 0x06, 0x07, 0x06, 0x07, 0x06, 0x07, 0x15, 0x14, 0x07, 0x06,
	0x07, 0x06, 0x22, 0x27, 0x26, 0x27, 0x26, 0x3D, 0x01, 0x26, 0x27, 0x26,
	0x27, 0x26, 0x27, 0x26, 0x27, 0x07, 0x0E, 0x01, 0x27, 0x2E, 0x01, 0x27,
	0x26, 0x36, 0x3F, 0x01, 0x26, 0x27, 0x26, 0x27, 0x26, 0x27, 0x26, 0x27,
	0x23, 0x22, 0x27, 0x26, 0x27, 0x26, 0x34, 0x37, 0x36, 0x37, 0x36, 0x3B,
	0x01, 0x36, 0x37, 0x36, 0x37, 0x27, 0x2E, 0x01, 0x36, 0x37, 0x36, 0x37,
	0x36, 0x17, 0x16, 0x1F, 0x01, 0x3E, 0x02, 0x37, 0x36, 0x37, 0x35, 0x34,
	0x37, 0x36, 0x37, 0x36, 0x32, 0x17, 0x16, 0x17, 0x16, 0x1D, 0x01, 0x16,
	0x17, 0x1E, 0x02, 0x17, 0x37, 0x36, 0x37, 0x36, 0x17, 0x16, 0x17, 0x16,
	0x17, 0x16, 0x07, 0x06, 0x0F, 0x01, 0x1E, 0x01, 0x17, 0x37, 0x32, 0x17,
	0x16, 0x17, 0x16, 0x02, 0x00, 0x2E, 0x28, 0x27, 0x16, 0x18, 0x18, 0x16,
	0x27, 0x28, 0x5C, 0x28, 0x27, 0x16, 0x18, 0x18, 0x16, 0x27, 0x28, 0x01,
	0xA7, 0x0B, 0x0C, 0x13, 0x14, 0x17, 0x62, 0x02, 0x03, 0x02, 0x03, 0x04,
	0x02, 0x04, 0x03, 0x45, 0x10, 0x0C, 0x06, 0x06, 0x20, 0x17, 0x15, 0x2C,
	0x11, 0x45, 0x06, 0x08, 0x06, 0x08, 0x07, 0x07, 0x07, 0x08, 0x0B, 0x0C,
	0x13, 0x14, 0x2E, 0x14, 0x13, 0x0C, 0x0B, 0x08, 0x07, 0x07, 0x07, 0x0A,
	0x04, 0x08, 0x06, 0x45, 0x11, 0x2C, 0x15, 0x17, 0x20, 0x06, 0x06, 0x0C,
	0x10, 0x45, 0x03, 0x04, 0x03, 0x03, 0x03, 0x02, 0x03, 0x02, 0x62, 0x17,
	0x14, 0x13, 0x0C, 0x0B, 0x0B, 0x0C, 0x13, 0x14, 0x17, 0x63, 0x05, 0x06,
	0x05, 0x07, 0x45, 0x10, 0x0C, 0x0C, 0x10, 0x11, 0x16, 0x16, 0x15, 0x17,
	0x10, 0x45, 0x07, 0x0E, 0x0E, 0x07, 0x07, 0x08, 0x0B, 0x0C, 0x13, 0x14,
	0x2E, 0x14, 0x13, 0x0B, 0x0C, 0x07, 0x08, 0x07, 0x0E, 0x0E, 0x07, 0x45,
	0x10, 0x16, 0x16, 0x16, 0x16, 0x10, 0x11, 0x06, 0x05, 0x05, 0x06, 0x11,
	0x45, 0x07, 0x0C, 0x04, 0x62, 0x17, 0x14, 0x13, 0x0C, 0x0B, 0x02, 0x6B,
	0x18, 0x16, 0x27, 0x28, 0x5C, 0x28, 0x27, 0x16, 0x18, 0x18, 0x16, 0x27,
	0x28, 0x5C, 0x28, 0x27, 0x16, 0x18, 0xAA, 0x17, 0x14, 0x13, 0x0C, 0x0B,
	0x08, 0x07, 0x08, 0x06, 0x0A, 0x05, 0x07, 0x06, 0x45, 0x11, 0x2C, 0x15,
	0x17, 0x20, 0x06, 0x06, 0x0C, 0x10, 0x45, 0x04, 0x03, 0x03, 0x03, 0x03,
	0x03, 0x02, 0x02, 0x62, 0x17, 0x14, 0x13, 0x0C, 0x0B, 0x0B, 0x0C, 0x13,
	0x14, 0x17, 0x62, 0x02, 0x02, 0x03, 0x03, 0x04, 0x02, 0x04, 0x03, 0x45,
	0x10, 0x0C, 0x06, 0x06, 0x20, 0x17, 0x15, 0x2C, 0x11, 0x45, 0x06, 0x07,
	0x07, 0x08, 0x06, 0x08, 0x07, 0x08, 0x0B, 0x0C, 0x13, 0x14, 0x2E, 0x14,
	0x13, 0x0B, 0x0C, 0x0F, 0x0E, 0x0E, 0x0E, 0x45, 0x10, 0x2C, 0x2C, 0x10,
	0x11, 0x06, 0x05, 0x05, 0x06, 0x11, 0x45, 0x04, 0x06, 0x06, 0x02, 0x03,
	0x02, 0x62, 0x17, 0x14, 0x13, 0x0C, 0x0B, 0x0B, 0x0C, 0x13, 0x14, 0x17,
	0x63, 0x02, 0x02, 0x03, 0x06, 0x06, 0x04, 0x46, 0x10, 0x06, 0x05, 0x05,
	0x06, 0x10, 0x11, 0x16, 0x16, 0x16, 0x16, 0x10, 0x45, 0x0E, 0x1C, 0x0F,
	0x01, 0x0C, 0x0B, 0x13, 0x14, 0x00, 0x00, 0x00, 0x00, 0x02, 0x00, 0x55,
	0x00, 0x16, 0x03, 0xAA, 0x03, 0x6B, 0x00, 0x14, 0x00, 0xB4, 0x00, 0x00,
	0x01, 0x22, 0x07, 0x06, 0x07, 0x06, 0x14, 0x17, 0x16, 0x17, 0x16, 0x32,
	0x37, 0x36, 0x37, 0x36, 0x34, 0x27, 0x26, 0x27, 0x26, 0x05, 0x32, 0x17,
	0x16, 0x17, 0x16, 0x1D, 0x01, 0x14, 0x07, 0x06, 0x07, 0x06, 0x2B, 0x01,
	0x06, 0x07, 0x06, 0x0F, 0x01, 0x17, 0x16, 0x17, 0x16, 0x07, 0x06, 0x0F,
	0x01, 0x06, 0x07, 0x06, 0x27, 0x26, 0x2F, 0x01, 0x06, 0x07, 0x22, 0x0F,
	0x01, 0x15, 0x14, 0x07, 0x06, 0x07, 0x06, 0x2B, 0x01, 0x22, 0x27, 0x26,
	0x27, 0x26, 0x3D, 0x01, 0x26, 0x27, 0x26, 0x2F, 0x01, 0x07, 0x06, 0x07,
	0x06, 0x27, 0x26, 0x2F, 0x01, 0x26, 0x27, 0x26, 0x37, 0x36, 0x3F, 0x01,
	0x26, 0x35, 0x26, 0x2F, 0x01, 0x23, 0x22, 0x27, 0x26, 0x27, 0x26, 0x3D,
	0x01, 0x34, 0x37, 0x36, 0x37, 0x36, 0x3B, 0x01, 0x36, 0x37, 0x34, 0x3F,
	0x01, 0x27, 0x26, 0x27, 0x26, 0x37, 0x36, 0x3F, 0x01, 0x36, 0x37, 0x36,
	0x17, 0x16, 0x1F, 0x01, 0x36, 0x33, 0x36, 0x3F, 0x01, 0x35, 0x34, 0x37,
	0x36, 0x37, 0x36, 0x3B, 0x01, 0x32, 0x17, 0x16, 0x17, 0x16, 0x1D, 0x01,
	0x16, 0x17, 0x32, 0x1F, 0x01, 0x37, 0x36, 0x37, 0x36, 0x17, 0x16, 0x1F,
	0x01, 0x16, 0x17, 0x16, 0x07, 0x06, 0x0F, 0x01, 0x16, 0x17, 0x14, 0x1F,
	0x01, 0x02, 0x00, 0x2E, 0x28, 0x27, 0x16, 0x18, 0x18, 0x16, 0x27, 0x28,
	0x5C, 0x28, 0x27, 0x16, 0x18, 0x18, 0x16, 0x27, 0x28, 0x01, 0x38, 0x12,
	0x10, 0x0F, 0x09, 0x0A, 0x0A, 0x09, 0x0F, 0x10, 0x12, 0x50, 0x01, 0x01,
	0x01, 0x02, 0x01, 0x38, 0x0D, 0x05, 0x04, 0x04, 0x05, 0x0D, 0x36, 0x0D,
	0x12, 0x11, 0x12, 0x12, 0x0D, 0x38, 0x02, 0x02, 0x02, 0x02, 0x07, 0x09,
	0x09, 0x10, 0x10, 0x12, 0x4D, 0x12, 0x10, 0x10, 0x09, 0x09, 0x03, 0x03,
	0x01, 0x05, 0x03, 0x38, 0x0D, 0x12, 0x12, 0x11, 0x12, 0x0D, 0x36, 0x0D,
	0x05, 0x04, 0x04, 0x05, 0x0D, 0x38, 0x01, 0x01, 0x01, 0x03, 0x4F, 0x13,
	0x10, 0x0F, 0x09, 0x0A, 0x0A, 0x09, 0x0F, 0x10, 0x13, 0x4F, 0x01, 0x02,
	0x02, 0x01, 0x38, 0x0D, 0x05, 0x04, 0x04, 0x05, 0x0D, 0x36, 0x0D, 0x12,
	0x11, 0x12, 0x12, 0x0D, 0x38, 0x02, 0x02, 0x02, 0x03, 0x06, 0x09, 0x09,
	0x10, 0x10, 0x12, 0x4D, 0x12, 0x10, 0x10, 0x09, 0x09, 0x03, 0x03, 0x01,
	0x05, 0x03, 0x38, 0x0D, 0x12, 0x12, 0x11, 0x12, 0x0D, 0x36, 0x0D, 0x05,
	0x04, 0x04, 0x05, 0x0D, 0x38, 0x01, 0x01, 0x01, 0x03, 0x02, 0x6B, 0x18,
	0x16, 0x27, 0x28, 0x5C, 0x28, 0x27, 0x16, 0x18, 0x18, 0x16, 0x27, 0x28,
	0x5C, 0x28, 0x27, 0x16, 0x18, 0x40, 0x09, 0x09, 0x10, 0x10, 0x12, 0x4D,
	0x12, 0x10, 0x10, 0x09, 0x09, 0x03, 0x03, 0x01, 0x05, 0x03, 0x38, 0x0D,
	0x12, 0x12, 0x11, 0x12, 0x0D, 0x36, 0x0D, 0x05, 0x04, 0x04, 0x05, 0x0D,
	0x38, 0x01, 0x01, 0x01, 0x03, 0x50, 0x12, 0x10, 0x0F, 0x09, 0x0A, 0x0A,
	0x09, 0x0F, 0x10, 0x12, 0x50, 0x01, 0x01, 0x01, 0x02, 0x01, 0x38, 0x0D,
	0x05, 0x04, 0x04, 0x05, 0x0D, 0x36, 0x0D, 0x12, 0x11, 0x12, 0x12, 0x0D,
	0x38, 0x02, 0x02, 0x02, 0x02, 0x07, 0x09, 0x09, 0x10, 0x10, 0x12, 0x4D,
	0x12, 0x10, 0x10, 0x09, 0x09, 0x03, 0x03, 0x01, 0x05, 0x03, 0x38, 0x0D,
	0x12, 0x12, 0x11, 0x12, 0x0D, 0x36, 0x0D, 0x05, 0x04, 0x04, 0x05, 0x0D,
	0x38, 0x01, 0x01, 0x01, 0x03, 0x4F, 0x13, 0x10, 0x0F, 0x09, 0x0A, 0x0A,
	0x09, 0x0F, 0x10, 0x13, 0x4F, 0x01, 0x02, 0x02, 0x01, 0x38, 0x0D, 0x05,
	0x04, 0x04, 0x05, 0x0D, 0x36, 0x0D, 0x12, 0x11, 0x12, 0x12, 0x0D, 0x38,
	0x02, 0x02, 0x02, 0x03, 0x06, 0x00, 0x00, 0x00, 0x00, 0x03, 0x00, 0x38,
	0xFF, 0xCF, 0x03, 0xCC, 0x03, 0xB1, 0x00, 0x38, 0x00, 0x6C, 0x00, 0x86,
	0x00, 0x00, 0x01, 0x26, 0x27, 0x26, 0x34, 0x37, 0x36, 0x37, 0x36, 0x37,
	0x36, 0x37, 0x36, 0x37, 0x36, 0x37, 0x36, 0x37, 0x36, 0x37, 0x36, 0x33,
	0x32, 0x16, 0x1F, 0x01, 0x06, 0x07, 0x06, 0x07, 0x06, 0x07, 0x06, 0x17,
	0x16, 0x37, 0x36, 0x37, 0x36, 0x37, 0x17, 0x16, 0x17, 0x16, 0x14, 0x07,
	0x06, 0x0F, 0x01, 0x06, 0x07, 0x06, 0x23, 0x22, 0x27, 0x26, 0x27, 0x01,
	0x26, 0x27, 0x26, 0x35, 0x34, 0x37, 0x36, 0x37, 0x36, 0x37, 0x36, 0x37,
	0x36, 0x37, 0x27, 0x26, 0x27, 0x34, 0x3F, 0x01, 0x3E, 0x01, 0x32, 0x16,
	0x17, 0x01, 0x16, 0x17, 0x16, 0x14, 0x06, 0x0F, 0x01, 0x06, 0x27, 0x22,
	0x2F, 0x01, 0x06, 0x07, 0x06, 0x07, 0x06, 0x07, 0x06, 0x07, 0x06, 0x23,
	0x22, 0x27, 0x26, 0x37, 0x1E, 0x01, 0x32, 0x36, 0x37, 0x36, 0x37, 0x36,
	0x35, 0x34, 0x27, 0x26, 0x27, 0x2E, 0x01, 0x22, 0x06, 0x07, 0x06, 0x07,
	0x06, 0x15, 0x14, 0x17, 0x16, 0x01, 0x61, 0x0C, 0x05, 0x06, 0x06, 0x06,
	0x0B, 0x1D, 0x16, 0x12, 0x0E, 0x0A, 0x0C, 0x0D, 0x06, 0x0A, 0x0B, 0x0A,
	0x0D, 0x0D, 0x0E, 0x0A, 0x14, 0x08, 0xE2, 0x06, 0x27, 0x1C, 0x2D, 0x05,
	0x01, 0x02, 0x04, 0x0B, 0x2C, 0x25, 0x33, 0x2D, 0x1D, 0x2B, 0x0B, 0x06,
	0x05, 0x06, 0x06, 0x0C, 0xD5, 0x0C, 0x0D, 0x0C, 0x0D, 0x0C, 0x0B, 0x0B,
	0x0C, 0xFD, 0xE5, 0x15, 0x0C, 0x0B, 0x0A, 0x09, 0x13, 0x11, 0x28, 0x17,
	0x33, 0x2F, 0x10, 0x77, 0x1A, 0x01, 0x18, 0x1B, 0x0C, 0x1A, 0x1A, 0x1C,
	0x0D, 0x01, 0x54, 0x0D, 0x06, 0x07, 0x0C, 0x0C, 0x1B, 0x18, 0x1B, 0x1C,
	0x19, 0x78, 0x09, 0x18, 0x18, 0x0D, 0x17, 0x11, 0x12, 0x16, 0x15, 0x16,
	0x19, 0x18, 0x19, 0x25, 0x05, 0x0E, 0x0E, 0x0E, 0x05, 0x06, 0x03, 0x02,
	0x02, 0x03, 0x06, 0x05, 0x0E, 0x0E, 0x0E, 0x05, 0x06, 0x02, 0x03, 0x03,
	0x02, 0x02, 0x20, 0x0C, 0x0C, 0x0B, 0x18, 0x0D, 0x0C, 0x0E, 0x22, 0x25,
	0x1E, 0x23, 0x17, 0x23, 0x26, 0x0D, 0x19, 0x10, 0x08, 0x04, 0x05, 0x06,
	0x06, 0xE2, 0x34, 0x3C, 0x2D, 0x2E, 0x05, 0x03, 0x05, 0x05, 0x0A, 0x16,
	0x13, 0x24, 0x21, 0x19, 0x2B, 0x0B, 0x0C, 0x0B, 0x18, 0x0D, 0x0C, 0x0C,
	0xD4, 0x0C, 0x07, 0x06, 0x05, 0x06, 0x0B, 0xFE, 0xF8, 0x15, 0x19, 0x18,
	0x19, 0x16, 0x15, 0x16, 0x12, 0x12, 0x16, 0x0D, 0x19, 0x17, 0x09, 0x78,
	0x1A, 0x1B, 0x1B, 0x18, 0x1C, 0x0C, 0x0C, 0x0E, 0x0D, 0xFE, 0xAC, 0x0D,
	0x0E, 0x0E, 0x1A, 0x1A, 0x0B, 0x1C, 0x18, 0x01, 0x1A, 0x78, 0x10, 0x30,
	0x32, 0x18, 0x27, 0x12, 0x12, 0x09, 0x09, 0x0A, 0x0B, 0x52, 0x05, 0x06,
	0x06, 0x05, 0x06, 0x07, 0x06, 0x08, 0x07, 0x06, 0x07, 0x06, 0x05, 0x06,
	0x06, 0x05, 0x06, 0x07, 0x06, 0x07, 0x08, 0x06, 0x07, 0x00, 0x00, 0x00,
	0x00, 0x04, 0x00, 0x55, 0x00, 0x15, 0x03, 0xAB, 0x03, 0x6B, 0x00, 0x2C,
	0x00, 0x60, 0x00, 0x64, 0x00, 0x7D, 0x00, 0x00, 0x25, 0x27, 0x06, 0x07,
	0x06, 0x23, 0x22, 0x27, 0x26, 0x27, 0x26, 0x27, 0x26, 0x34, 0x37, 0x36,
	0x37, 0x36, 0x37, 0x36, 0x32, 0x17, 0x16, 0x17, 0x16, 0x17, 0x16, 0x15,
	0x14, 0x07, 0x06, 0x07, 0x17, 0x16, 0x17, 0x16, 0x14, 0x07, 0x0E, 0x01,
	0x07, 0x06, 0x22, 0x27, 0x26, 0x01, 0x35, 0x34, 0x37, 0x36, 0x37, 0x36,
	0x32, 0x17, 0x16, 0x17, 0x16, 0x1D, 0x01, 0x33, 0x32, 0x17, 0x16, 0x17,
	0x16, 0x14, 0x07, 0x06, 0x07, 0x06, 0x2B, 0x01, 0x15, 0x14, 0x07, 0x06,
	0x07, 0x06, 0x22, 0x27, 0x26, 0x27, 0x26, 0x3D, 0x01, 0x23, 0x22, 0x27,
	0x26, 0x27, 0x26, 0x34, 0x37, 0x36, 0x37, 0x36, 0x33, 0x17, 0x35, 0x33,
	0x15, 0x07, 0x32, 0x37, 0x3E, 0x01, 0x37, 0x36, 0x34, 0x27, 0x2E, 0x01,
	0x27, 0x26, 0x22, 0x07, 0x0E, 0x01, 0x07, 0x06, 0x14, 0x17, 0x1E, 0x01,
	0x17, 0x16, 0x03, 0x62, 0xC1, 0x30, 0x38, 0x3A, 0x3F, 0x4A, 0x43, 0x41,
	0x32, 0x33, 0x1B, 0x1D, 0x1D, 0x1B, 0x33, 0x32, 0x41, 0x43, 0x94, 0x43,
	0x41, 0x32, 0x33, 0x1B, 0x1D, 0x15, 0x14, 0x25, 0xC1, 0x06, 0x04, 0x03,
	0x03, 0x04, 0x0C, 0x08, 0x08, 0x10, 0x08, 0x08, 0xFE, 0x2D, 0x06, 0x06,
	0x09, 0x0A, 0x18, 0x0A, 0x09, 0x06, 0x06, 0x55, 0x0C, 0x0A, 0x09, 0x06,
	0x06, 0x06, 0x06, 0x09, 0x0A, 0x0C, 0x55, 0x06, 0x06, 0x09, 0x0A, 0x18,
	0x0A, 0x09, 0x06, 0x06, 0x55, 0x0C, 0x0A, 0x09, 0x06, 0x06, 0x06, 0x06,
	0x09, 0x0A, 0x0C, 0x55, 0x56, 0x2B, 0x38, 0x34, 0x32, 0x4C, 0x16, 0x15,
	0x15, 0x16, 0x4C, 0x32, 0x34, 0x70, 0x34, 0x32, 0x4C, 0x16, 0x15, 0x15,
	0x16, 0x4C, 0x32, 0x34, 0x22, 0xC1, 0x25, 0x14, 0x15, 0x1D, 0x1B, 0x33,
	0x32, 0x41, 0x43, 0x94, 0x43, 0x41, 0x32, 0x33, 0x1B, 0x1D, 0x1D, 0x1B,
	0x33, 0x32, 0x41, 0x43, 0x4A, 0x3E, 0x3B, 0x38, 0x2F, 0xC2, 0x06, 0x08,
	0x08, 0x10, 0x08, 0x08, 0x0C, 0x04, 0x03, 0x03, 0x04, 0x02, 0x0F, 0x55,
	0x0C, 0x0A, 0x09, 0x06, 0x06, 0x06, 0x06, 0x09, 0x0A, 0x0C, 0x55, 0x06,
	0x06, 0x09, 0x0A, 0x18, 0x0A, 0x09, 0x06, 0x06, 0x55, 0x0C, 0x0A, 0x09,
	0x06, 0x06, 0x06, 0x06, 0x09, 0x0A, 0x0C, 0x55, 0x06, 0x06, 0x09, 0x0A,
	0x18, 0x0A, 0x09, 0x06, 0x06, 0x56, 0x56, 0x56, 0xEA, 0x15, 0x16, 0x4C,
	0x32, 0x34, 0x70, 0x34, 0x32, 0x4C, 0x16, 0x15, 0x15, 0x16, 0x4C, 0x32,
	0x34, 0x70, 0x34, 0x32, 0x4C, 0x16, 0x15, 0x00, 0x00, 0x02, 0x00, 0x55,
	0x00, 0x15, 0x03, 0xAB, 0x03, 0x6B, 0x00, 0x2C, 0x00, 0x45, 0x00, 0x00,
	0x25, 0x27, 0x06, 0x07, 0x06, 0x23, 0x22, 0x27, 0x26, 0x27, 0x26, 0x27,
	0x26, 0x34, 0x37, 0x36, 0x37, 0x36, 0x37, 0x36, 0x32, 0x17, 0x16, 0x17,
	0x16, 0x17, 0x16, 0x15, 0x14, 0x07, 0x06, 0x07, 0x17, 0x16, 0x17, 0x16,
	0x14, 0x07, 0x0E, 0x01, 0x07, 0x06, 0x22, 0x27, 0x26, 0x25, 0x32, 0x37,
	0x3E, 0x01, 0x37, 0x36, 0x34, 0x27, 0x2E, 0x01, 0x27, 0x26, 0x22, 0x07,
	0x0E, 0x01, 0x07, 0x06, 0x14, 0x17, 0x1E, 0x01, 0x17, 0x16, 0x03, 0x62,
	0xC2, 0x2F, 0x38, 0x3B, 0x3E, 0x4A, 0x43, 0x41, 0x32, 0x33, 0x1B, 0x1D,
	0x1D, 0x1B, 0x33, 0x32, 0x41, 0x43, 0x94, 0x43, 0x41, 0x32, 0x33, 0x1B,
	0x1D, 0x15, 0x14, 0x25, 0xC1, 0x06, 0x04, 0x03, 0x03, 0x04, 0x0C, 0x08,
	0x08, 0x10, 0x08, 0x08, 0xFE, 0x58, 0x38, 0x34, 0x32, 0x4C, 0x16, 0x15,
	0x15, 0x16, 0x4C, 0x32, 0x34, 0x70, 0x34, 0x32, 0x4C, 0x16, 0x15, 0x15,
	0x16, 0x4C, 0x32, 0x34, 0x22, 0xC1, 0x25, 0x14, 0x15, 0x1D, 0x1B, 0x33,
	0x32, 0x41, 0x43, 0x94, 0x43, 0x41, 0x32, 0x33, 0x1B, 0x1D, 0x1D, 0x1B,
	0x33, 0x32, 0x41, 0x43, 0x4A, 0x3F, 0x3A, 0x39, 0x2F, 0xC1, 0x06, 0x08,
	0x08, 0x10, 0x08, 0x08, 0x0C, 0x04, 0x03, 0x03, 0x04, 0xCF, 0x15, 0x16,
	0x4C, 0x32, 0x34, 0x70, 0x34, 0x32, 0x4C, 0x16, 0x15, 0x15, 0x16, 0x4C,
	0x32, 0x34, 0x70, 0x34, 0x32, 0x4C, 0x16, 0x15, 0x00, 0x05, 0x00, 0xC3,
	0x00, 0xFD, 0x03, 0x3D, 0x02, 0x83, 0x00, 0x0D, 0x00, 0x19, 0x00, 0x25,
	0x00, 0x57, 0x00, 0x92, 0x00, 0x00, 0x01, 0x32, 0x16, 0x14, 0x06, 0x2B,
	0x01, 0x22, 0x26, 0x34, 0x36, 0x33, 0x15, 0x35, 0x15, 0x33, 0x32, 0x16,
	0x14, 0x06, 0x2B, 0x01, 0x22, 0x26, 0x34, 0x36, 0x37, 0x33, 0x32, 0x16,
	0x14, 0x06, 0x2B, 0x01, 0x22, 0x26, 0x34, 0x36, 0x05, 0x36, 0x34, 0x3F,
	0x01, 0x36, 0x37, 0x36, 0x37, 0x36, 0x37, 0x36, 0x35, 0x34, 0x27, 0x26,
	0x27, 0x2E, 0x03, 0x27, 0x26, 0x27, 0x22, 0x23, 0x22, 0x07, 0x06, 0x07,
	0x0E, 0x01, 0x07, 0x0E, 0x01, 0x15, 0x14, 0x17, 0x16, 0x17, 0x16, 0x17,
	0x16, 0x33, 0x32, 0x36, 0x37, 0x36, 0x37, 0x36, 0x17, 0x27, 0x0E, 0x01,
	0x07, 0x06, 0x07, 0x06, 0x27, 0x26, 0x27, 0x26, 0x27, 0x26, 0x35, 0x34,
	0x36, 0x37, 0x36, 0x37, 0x36, 0x37, 0x36, 0x37, 0x36, 0x33, 0x32, 0x16,
	0x17, 0x1E, 0x01, 0x17, 0x16, 0x17, 0x16, 0x17, 0x16, 0x07, 0x06, 0x07,
	0x06, 0x07, 0x06, 0x07, 0x17, 0x1E, 0x01, 0x15, 0x14, 0x07, 0x06, 0x07,
	0x06, 0x07, 0x06, 0x23, 0x22, 0x27, 0x26, 0x01, 0x5C, 0x0D, 0x12, 0x12,
	0x0D, 0x7B, 0x0C, 0x12, 0x12, 0x0C, 0x52, 0x0D, 0x12, 0x12, 0x0D, 0x52,
	0x0C, 0x12, 0x12, 0x0C, 0x52, 0x0D, 0x12, 0x12, 0x0D, 0x52, 0x0C, 0x12,
	0x12, 0x01, 0xD0, 0x01, 0x01, 0x01, 0x05, 0x05, 0x04, 0x03, 0x05, 0x02,
	0x03, 0x01, 0x01, 0x01, 0x03, 0x12, 0x1A, 0x20, 0x12, 0x05, 0x06, 0x06,
	0x06, 0x0C, 0x0C, 0x0C, 0x0B, 0x11, 0x1C, 0x0A, 0x0B, 0x0A, 0x09, 0x09,
	0x12, 0x12, 0x16, 0x17, 0x18, 0x12, 0x22, 0x10, 0x07, 0x06, 0x07, 0x6D,
	0x4A, 0x05, 0x0A, 0x05, 0x25, 0x2B, 0x2A, 0x28, 0x2A, 0x1E, 0x1A, 0x0E,
	0x0E, 0x10, 0x0F, 0x0F, 0x15, 0x15, 0x1A, 0x11, 0x12, 0x11, 0x13, 0x09,
	0x12, 0x09, 0x1B, 0x30, 0x13, 0x14, 0x0C, 0x0D, 0x05, 0x06, 0x03, 0x02,
	0x0B, 0x02, 0x02, 0x03, 0x02, 0x48, 0x06, 0x06, 0x01, 0x02, 0x02, 0x05,
	0x07, 0x06, 0x07, 0x05, 0x05, 0x04, 0x02, 0x5A, 0x12, 0x1A, 0x12, 0x12,
	0x1A, 0x12, 0x3E, 0x3E, 0xF6, 0x12, 0x1A, 0x12, 0x12, 0x1A, 0x12, 0x7B,
	0x12, 0x1A, 0x12, 0x12, 0x1A, 0x12, 0x6C, 0x01, 0x01, 0x01, 0x01, 0x07,
	0x07, 0x08, 0x08, 0x0C, 0x0C, 0x0C, 0x0D, 0x06, 0x06, 0x07, 0x06, 0x12,
	0x22, 0x1A, 0x12, 0x04, 0x01, 0x01, 0x02, 0x03, 0x04, 0x08, 0x18, 0x0F,
	0x10, 0x24, 0x13, 0x19, 0x17, 0x18, 0x13, 0x12, 0x09, 0x09, 0x0A, 0x0B,
	0x05, 0x06, 0x06, 0x6A, 0x36, 0x04, 0x08, 0x04, 0x19, 0x05, 0x06, 0x0E,
	0x0E, 0x20, 0x1B, 0x23, 0x22, 0x25, 0x1B, 0x36, 0x17, 0x18, 0x11, 0x12,
	0x0B, 0x07, 0x04, 0x04, 0x02, 0x02, 0x06, 0x1A, 0x14, 0x14, 0x19, 0x18,
	0x1B, 0x1C, 0x1B, 0x1C, 0x1A, 0x05, 0x05, 0x05, 0x05, 0x35, 0x04, 0x0E,
	0x07, 0x05, 0x04, 0x05, 0x04, 0x06, 0x03, 0x04, 0x02, 0x01, 0x00, 0x00,
	0x00, 0x02, 0x00, 0x55, 0x00, 0x15, 0x03, 0xAB, 0x03, 0x6B, 0x00, 0x22,
	0x00, 0x3F, 0x00, 0x00, 0x01, 0x32, 0x17, 0x1E, 0x01, 0x17, 0x16, 0x15,
	0x14, 0x07, 0x06, 0x07, 0x17, 0x33, 0x01, 0x07, 0x01, 0x35, 0x27, 0x06,
	0x07, 0x06, 0x23, 0x22, 0x27, 0x2E, 0x01, 0x27, 0x26, 0x34, 0x37, 0x3E,
	0x01, 0x37, 0x36, 0x17, 0x22, 0x07, 0x06, 0x07, 0x06, 0x07, 0x06, 0x14,
	0x17, 0x16, 0x17, 0x16, 0x17, 0x16, 0x32, 0x37, 0x36, 0x37, 0x36, 0x37,
	0x36, 0x34, 0x27, 0x26, 0x27, 0x26, 0x27, 0x26, 0x01, 0x80, 0x3D, 0x38,
	0x36, 0x52, 0x16, 0x18, 0x15, 0x12, 0x22, 0x15, 0x27, 0x01, 0x0D, 0x49,
	0xFE, 0xF3, 0x15, 0x27, 0x31, 0x32, 0x36, 0x3D, 0x38, 0x36, 0x52, 0x16,
	0x18, 0x18, 0x16, 0x52, 0x36, 0x38, 0x3D, 0x2C, 0x28, 0x26, 0x1D, 0x1E,
	0x10, 0x10, 0x10, 0x10, 0x1E, 0x1D, 0x26, 0x28, 0x58, 0x28, 0x26, 0x1D,
	0x1E, 0x10, 0x10, 0x10, 0x10, 0x1E, 0x1D, 0x26, 0x28, 0x03, 0x6B, 0x18,
	0x16, 0x52, 0x36, 0x38, 0x3D, 0x34, 0x34, 0x30, 0x28, 0x15, 0xFE, 0xF3,
	0x49, 0x01, 0x0D, 0x22, 0x16, 0x21, 0x12, 0x12, 0x18, 0x16, 0x52, 0x36,
	0x38, 0x7A, 0x38, 0x36, 0x52, 0x16, 0x18, 0x56, 0x10, 0x10, 0x1E, 0x1D,
	0x26, 0x28, 0x58, 0x28, 0x26, 0x1D, 0x1E, 0x10, 0x10, 0x10, 0x10, 0x1E,
	0x1D, 0x26, 0x28, 0x58, 0x28, 0x26, 0x1D, 0x1E, 0x10, 0x10, 0x00, 0x00,
	0x00, 0x04, 0x00, 0x55, 0x00, 0x15, 0x03, 0xA3, 0x03, 0x63, 0x00, 0x0F,
	0x00, 0x37, 0x00, 0x71, 0x00, 0x8E, 0x00, 0x00, 0x01, 0x07, 0x17, 0x37,
	0x36, 0x37, 0x36, 0x34, 0x27, 0x2E, 0x01, 0x27, 0x26, 0x22, 0x07, 0x06,
	0x03, 0x27, 0x2E, 0x01, 0x34, 0x36, 0x37, 0x36, 0x37, 0x36, 0x16, 0x1F,
	0x01, 0x37, 0x36, 0x37, 0x36, 0x32, 0x17, 0x16, 0x17, 0x16, 0x17, 0x16,
	0x14, 0x07, 0x06, 0x0F, 0x01, 0x17, 0x1E, 0x01, 0x07, 0x06, 0x07, 0x0E,
	0x01, 0x22, 0x26, 0x2F, 0x01, 0x1E, 0x01, 0x15, 0x14, 0x07, 0x06, 0x0F,
	0x01, 0x06, 0x07, 0x06, 0x07, 0x06, 0x07, 0x06, 0x07, 0x06, 0x07, 0x22,
	0x2B, 0x01, 0x07, 0x0E, 0x01, 0x23, 0x22, 0x27, 0x2E, 0x01, 0x27, 0x26,
	0x35, 0x34, 0x36, 0x3F, 0x01, 0x35, 0x34, 0x35, 0x36, 0x37, 0x36, 0x37,
	0x36, 0x37, 0x36, 0x37, 0x36, 0x3F, 0x01, 0x36, 0x37, 0x36, 0x33, 0x32,
	0x16, 0x17, 0x03, 0x36, 0x37, 0x36, 0x3F, 0x01, 0x27, 0x07, 0x06, 0x07,
	0x06, 0x07, 0x06, 0x07, 0x06, 0x07, 0x06, 0x07, 0x14, 0x1D, 0x01, 0x33,
	0x32, 0x33, 0x36, 0x37, 0x36, 0x37, 0x36, 0x02, 0xC9, 0x77, 0x6E, 0x77,
	0x0B, 0x06, 0x06, 0x06, 0x06, 0x16, 0x0F, 0x0E, 0x1E, 0x0E, 0x0F, 0x32,
	0xEB, 0x06, 0x06, 0x06, 0x06, 0x08, 0x0C, 0x0A, 0x16, 0x09, 0x21, 0x77,
	0x18, 0x1F, 0x1D, 0x40, 0x1D, 0x1F, 0x18, 0x17, 0x0C, 0x0C, 0x0C, 0x0C,
	0x17, 0x78, 0x22, 0x08, 0x06, 0x03, 0x03, 0x08, 0x06, 0x10, 0x10, 0x10,
	0x06, 0x6E, 0x06, 0x06, 0x03, 0x03, 0x06, 0x9A, 0x14, 0x08, 0x0E, 0x0C,
	0x0B, 0x0D, 0x0C, 0x0D, 0x0E, 0x13, 0x0A, 0x1D, 0x1E, 0x75, 0x06, 0x0C,
	0x06, 0x08, 0x08, 0x08, 0x0C, 0x04, 0x03, 0x04, 0x03, 0x4F, 0x01, 0x03,
	0x04, 0x05, 0x05, 0x07, 0x07, 0x0D, 0x07, 0x14, 0x99, 0x07, 0x08, 0x07,
	0x09, 0x08, 0x10, 0x06, 0x51, 0x05, 0x08, 0x07, 0x12, 0x7B, 0x6E, 0x7C,
	0x12, 0x06, 0x07, 0x03, 0x04, 0x03, 0x02, 0x02, 0x01, 0x01, 0x2B, 0x1A,
	0x09, 0x0B, 0x06, 0x06, 0x07, 0x06, 0x02, 0xF7, 0x77, 0x6E, 0x77, 0x0B,
	0x0F, 0x0E, 0x1E, 0x0E, 0x0F, 0x16, 0x06, 0x06, 0x06, 0x06, 0xFE, 0xB5,
	0xEB, 0x06, 0x10, 0x10, 0x10, 0x06, 0x08, 0x03, 0x03, 0x06, 0x08, 0x22,
	0x78, 0x17, 0x0C, 0x0C, 0x0C, 0x0C, 0x17, 0x18, 0x1F, 0x1D, 0x40, 0x1D,
	0x1F, 0x18, 0x77, 0x22, 0x08, 0x16, 0x0A, 0x0C, 0x08, 0x06, 0x06, 0x06,
	0x06, 0x12, 0x06, 0x10, 0x08, 0x09, 0x07, 0x08, 0x07, 0x99, 0x14, 0x07,
	0x0D, 0x07, 0x07, 0x05, 0x05, 0x04, 0x03, 0x01, 0x4F, 0x03, 0x04, 0x03,
	0x04, 0x0C, 0x08, 0x08, 0x08, 0x06, 0x0C, 0x06, 0x75, 0x1E, 0x1D, 0x0A,
	0x13, 0x0E, 0x0D, 0x0C, 0x0D, 0x0B, 0x0C, 0x0E, 0x08, 0x14, 0x99, 0x07,
	0x03, 0x03, 0x06, 0x07, 0xFE, 0x9A, 0x03, 0x07, 0x06, 0x12, 0x7C, 0x6E,
	0x7B, 0x12, 0x07, 0x08, 0x05, 0x06, 0x06, 0x07, 0x06, 0x06, 0x0B, 0x09,
	0x1A, 0x2B, 0x01, 0x01, 0x02, 0x02, 0x03, 0x00, 0x00, 0x02, 0x00, 0x00,
	0x00, 0x40, 0x04, 0x00, 0x03, 0x40, 0x00, 0x1C, 0x00, 0x32, 0x00, 0x00,
	0x01, 0x34, 0x27, 0x26, 0x27, 0x26, 0x27, 0x26, 0x22, 0x07, 0x06, 0x07,
	0x06, 0x07, 0x06, 0x14, 0x17, 0x16, 0x17, 0x16, 0x17, 0x16, 0x32, 0x37,
	0x36, 0x37, 0x36, 0x37, 0x36, 0x01, 0x3E, 0x01, 0x37, 0x36, 0x32, 0x17,
	0x1E, 0x01, 0x1F, 0x01, 0x07, 0x0E, 0x01, 0x07, 0x06, 0x22, 0x27, 0x2E,
	0x01, 0x2F, 0x01, 0x02, 0xC0, 0x0F, 0x0F, 0x1A, 0x1B, 0x22, 0x24, 0x4E,
	0x24, 0x22, 0x1B, 0x1A, 0x0F, 0x0F, 0x0F, 0x0F, 0x1A, 0x1B, 0x22, 0x24,
	0x4E, 0x24, 0x22, 0x1B, 0x1A, 0x0F, 0x0F, 0xFE, 0x05, 0x27, 0x64, 0x3A,
	0x39, 0x7A, 0x39, 0x3A, 0x64, 0x27, 0xC5, 0xC5, 0x27, 0x64, 0x3A, 0x39,
	0x7A, 0x39, 0x3A, 0x64, 0x27, 0xC5, 0x01, 0xC0, 0x27, 0x24, 0x22, 0x1B,
	0x1A, 0x0F, 0x0F, 0x0F, 0x0F, 0x1A, 0x1B, 0x22, 0x24, 0x4E, 0x24, 0x22,
	0x1B, 0x1A, 0x0F, 0x0F, 0x0F, 0x0F, 0x1A, 0x1B, 0x22, 0x24, 0x01, 0x14,
	0x2E, 0x42, 0x12, 0x11, 0x11, 0x12, 0x42, 0x2E, 0xED, 0xEC, 0x2F, 0x42,
	0x12, 0x11, 0x11, 0x12, 0x42, 0x2F, 0xEC, 0x00, 0x00, 0x04, 0x00, 0x3E,
	0x00, 0x6B, 0x03, 0xC2, 0x03, 0x15, 0x00, 0x14, 0x00, 0x29, 0x00, 0x40,
	0x00, 0x6E, 0x00, 0x00, 0x01, 0x14, 0x07, 0x06, 0x07, 0x06, 0x22, 0x27,
	0x26, 0x27, 0x26, 0x34, 0x37, 0x36, 0x37, 0x36, 0x32, 0x17, 0x16, 0x17,
	0x16, 0x07, 0x34, 0x27, 0x26, 0x27, 0x26, 0x22, 0x07, 0x06, 0x07, 0x06,
	0x14, 0x17, 0x16, 0x17, 0x16, 0x32, 0x37, 0x36, 0x37, 0x36, 0x03, 0x22,
	0x07, 0x06, 0x07, 0x06, 0x07, 0x16, 0x17, 0x16, 0x17, 0x16, 0x32, 0x37,
	0x36, 0x37, 0x36, 0x37, 0x26, 0x27, 0x26, 0x27, 0x26, 0x27, 0x32, 0x17,
	0x16, 0x17, 0x16, 0x17, 0x16, 0x17, 0x16, 0x15, 0x16, 0x14, 0x07, 0x14,
	0x07, 0x06, 0x07, 0x06, 0x07, 0x06, 0x07, 0x06, 0x23, 0x22, 0x27, 0x26,
	0x27, 0x26, 0x27, 0x26, 0x27, 0x26, 0x35, 0x26, 0x34, 0x37, 0x34, 0x37,
	0x36, 0x37, 0x36, 0x37, 0x36, 0x37, 0x36, 0x02, 0xAB, 0x18, 0x16, 0x27,
	0x28, 0x5C, 0x28, 0x27, 0x16, 0x18, 0x18, 0x16, 0x27, 0x28, 0x5C, 0x28,
	0x27, 0x16, 0x18, 0x56, 0x0B, 0x0C, 0x13, 0x14, 0x2E, 0x14, 0x13, 0x0C,
	0x0B, 0x0B, 0x0C, 0x13, 0x14, 0x2E, 0x14, 0x13, 0x0C, 0x0B, 0x55, 0x52,
	0x4A, 0x48, 0x36, 0x36, 0x1A, 0x1A, 0x36, 0x36, 0x48, 0x4A, 0xA4, 0x4B,
	0x47, 0x36, 0x36, 0x1A, 0x1A, 0x36, 0x36, 0x47, 0x4B, 0x52, 0x4E, 0x48,
	0x47, 0x3B, 0x3B, 0x2B, 0x2C, 0x16, 0x01, 0x01, 0x01, 0x01, 0x16, 0x2C,
	0x2B, 0x3B, 0x3B, 0x47, 0x48, 0x4E, 0x4D, 0x49, 0x47, 0x3B, 0x3B, 0x2B,
	0x2C, 0x16, 0x01, 0x01, 0x01, 0x01, 0x16, 0x2C, 0x2B, 0x3B, 0x3B, 0x47,
	0x49, 0x01, 0xC0, 0x2E, 0x28, 0x27, 0x16, 0x18, 0x18, 0x16, 0x27, 0x28,
	0x5C, 0x28, 0x27, 0x16, 0x18, 0x18, 0x16, 0x27, 0x28, 0x2E, 0x17, 0x14,
	0x13, 0x0C, 0x0B, 0x0B, 0x0C, 0x13, 0x14, 0x2E, 0x14, 0x13, 0x0C, 0x0B,
	0x0B, 0x0C, 0x13, 0x14, 0x01, 0x17, 0x21, 0x20, 0x3A, 0x3B, 0x4A, 0x4A,
	0x3B, 0x3A, 0x20, 0x21, 0x21, 0x20, 0x3A, 0x3B, 0x4A, 0x4A, 0x3B, 0x3A,
	0x20, 0x21, 0x55, 0x18, 0x18, 0x2D, 0x2C, 0x3C, 0x3C, 0x47, 0x03, 0x04,
	0x03, 0x06, 0x03, 0x04, 0x03, 0x47, 0x3C, 0x3C, 0x2C, 0x2D, 0x18, 0x18,
	0x18, 0x18, 0x2D, 0x2C, 0x3C, 0x3C, 0x47, 0x03, 0x04, 0x03, 0x06, 0x03,
	0x04, 0x03, 0x47, 0x3C, 0x3C, 0x2C, 0x2D, 0x18, 0x18, 0x00, 0x00, 0x00,
	0x00, 0x04, 0x00, 0x33, 0x00, 0x95, 0x03, 0xCD, 0x02, 0xEB, 0x00, 0x14,
	0x00, 0x29, 0x00, 0x41, 0x00, 0x5D, 0x00, 0x00, 0x01, 0x34, 0x26, 0x27,
	0x26, 0x23, 0x22, 0x07, 0x06, 0x07, 0x06, 0x14, 0x17, 0x16, 0x17, 0x16,
	0x33, 0x32, 0x37, 0x3E, 0x01, 0x27, 0x34, 0x37, 0x36, 0x37, 0x36, 0x33,
	0x32, 0x17, 0x1E, 0x01, 0x14, 0x06, 0x07, 0x06, 0x23, 0x22, 0x27, 0x26,
	0x27, 0x26, 0x07, 0x16, 0x17, 0x16, 0x32, 0x37, 0x36, 0x37, 0x3E, 0x01,
	0x34, 0x26, 0x27, 0x26, 0x27, 0x26, 0x22, 0x07, 0x06, 0x07, 0x0E, 0x01,
	0x14, 0x16, 0x25, 0x16, 0x17, 0x16, 0x14, 0x07, 0x06, 0x07, 0x06, 0x07,
	0x06, 0x20, 0x27, 0x26, 0x27, 0x26, 0x27, 0x26, 0x34, 0x37, 0x36, 0x37,
	0x36, 0x37, 0x36, 0x20, 0x17, 0x16, 0x02, 0x40, 0x12, 0x0E, 0x0F, 0x11,
	0x12, 0x0E, 0x0F, 0x08, 0x09, 0x09, 0x08, 0x0F, 0x0E, 0x12, 0x11, 0x0F,
	0x0E, 0x12, 0xD6, 0x15, 0x14, 0x21, 0x23, 0x29, 0x28, 0x23, 0x22, 0x28,
	0x28, 0x22, 0x23, 0x28, 0x29, 0x23, 0x21, 0x14, 0x15, 0xCE, 0x3E, 0x4C,
	0x66, 0xE8, 0x66, 0x4C, 0x3E, 0x0A, 0x0A, 0x0A, 0x0A, 0x3E, 0x4C, 0x66,
	0xE8, 0x66, 0x4C, 0x3E, 0x0A, 0x0A, 0x0A, 0x03, 0x11, 0x15, 0x0B, 0x0A,
	0x0A, 0x0B, 0x15, 0x48, 0x58, 0x79, 0xFE, 0xEC, 0x79, 0x58, 0x48, 0x15,
	0x0B, 0x0A, 0x0A, 0x0B, 0x15, 0x48, 0x58, 0x7A, 0x01, 0x12, 0x7A, 0x58,
	0x01, 0xC0, 0x11, 0x1E, 0x08, 0x09, 0x09, 0x08, 0x0F, 0x0F, 0x22, 0x0F,
	0x0F, 0x08, 0x09, 0x09, 0x08, 0x1E, 0x11, 0x29, 0x22, 0x22, 0x14, 0x14,
	0x14, 0x14, 0x44, 0x52, 0x44, 0x14, 0x14, 0x14, 0x14, 0x22, 0x22, 0x09,
	0x43, 0x29, 0x37, 0x37, 0x29, 0x43, 0x0B, 0x1A, 0x1A, 0x1A, 0x0B, 0x43,
	0x29, 0x37, 0x37, 0x29, 0x43, 0x0B, 0x1A, 0x1A, 0x1A, 0x93, 0x17, 0x1C,
	0x1C, 0x3A, 0x1C, 0x1C, 0x17, 0x4D, 0x30, 0x42, 0x42, 0x30, 0x4D, 0x17,
	0x1C, 0x1C, 0x3A, 0x1C, 0x1C, 0x17, 0x4D, 0x30, 0x42, 0x42, 0x30, 0x00,
	0x00, 0x04, 0x00, 0xC3, 0x00, 0xD4, 0x03, 0x3D, 0x02, 0x83, 0x00, 0x25,
	0x00, 0x47, 0x00, 0x6E, 0x00, 0x95, 0x00, 0x00, 0x01, 0x26, 0x27, 0x26,
	0x27, 0x26, 0x22, 0x07, 0x06, 0x07, 0x06, 0x07, 0x06, 0x07, 0x06, 0x15,
	0x14, 0x17, 0x16, 0x17, 0x16, 0x17, 0x16, 0x17, 0x16, 0x32, 0x37, 0x36,
	0x37, 0x36, 0x37, 0x36, 0x37, 0x36, 0x35, 0x34, 0x27, 0x26, 0x17, 0x0E,
	0x01, 0x07, 0x06, 0x22, 0x27, 0x2E, 0x01, 0x27, 0x26, 0x27, 0x26, 0x35,
	0x34, 0x37, 0x36, 0x37, 0x3E, 0x01, 0x37, 0x36, 0x32, 0x17, 0x1E, 0x01,
	0x17, 0x16, 0x17, 0x16, 0x15, 0x14, 0x07, 0x06, 0x27, 0x3C, 0x01, 0x27,
	0x26, 0x27, 0x26, 0x27, 0x26, 0x22, 0x07, 0x06, 0x07, 0x06, 0x07, 0x06,
	0x1D, 0x01, 0x1C, 0x03, 0x17, 0x16, 0x17, 0x16, 0x17, 0x16, 0x32, 0x37,
	0x36, 0x37, 0x36, 0x37, 0x36, 0x3D, 0x01, 0x34, 0x35, 0x17, 0x06, 0x07,
	0x06, 0x22, 0x27, 0x26, 0x27, 0x26, 0x27, 0x26, 0x35, 0x3C, 0x01, 0x3D,
	0x01, 0x34, 0x37, 0x36, 0x37, 0x36, 0x37, 0x36, 0x32, 0x17, 0x16, 0x17,
	0x16, 0x17, 0x16, 0x15, 0x1C, 0x02, 0x1D, 0x01, 0x14, 0x07, 0x06, 0x02,
	0xDC, 0x17, 0x21, 0x21, 0x29, 0x2C, 0x5C, 0x2C, 0x29, 0x21, 0x21, 0x17,
	0x12, 0x09, 0x09, 0x09, 0x09, 0x12, 0x17, 0x21, 0x21, 0x29, 0x2C, 0x5C,
	0x2C, 0x29, 0x21, 0x21, 0x17, 0x12, 0x09, 0x09, 0x09, 0x09, 0x19, 0x1D,
	0x52, 0x31, 0x32, 0x6A, 0x32, 0x31, 0x52, 0x1D, 0x1A, 0x0E, 0x0E, 0x0E,
	0x0E, 0x1A, 0x1D, 0x52, 0x31, 0x32, 0x6A, 0x32, 0x31, 0x52, 0x1D, 0x1A,
	0x0E, 0x0E, 0x0E, 0x0E, 0xF8, 0x05, 0x06, 0x09, 0x05, 0x05, 0x06, 0x0A,
	0x06, 0x05, 0x05, 0x09, 0x06, 0x05, 0x05, 0x06, 0x09, 0x05, 0x05, 0x06,
	0x0A, 0x06, 0x05, 0x05, 0x09, 0x06, 0x05, 0x0B, 0x0C, 0x0D, 0x0D, 0x1C,
	0x0D, 0x0D, 0x0C, 0x18, 0x0D, 0x0D, 0x0D, 0x0D, 0x18, 0x0C, 0x0D, 0x0D,
	0x1C, 0x0D, 0x0D, 0x0C, 0x18, 0x0D, 0x0D, 0x0D, 0x0D, 0x01, 0xF9, 0x17,
	0x10, 0x12, 0x09, 0x0A, 0x0A, 0x09, 0x12, 0x10, 0x17, 0x12, 0x14, 0x13,
	0x14, 0x15, 0x13, 0x14, 0x12, 0x17, 0x10, 0x12, 0x09, 0x0A, 0x0A, 0x09,
	0x12, 0x10, 0x17, 0x12, 0x14, 0x13, 0x15, 0x14, 0x13, 0x14, 0xB5, 0x1D,
	0x2A, 0x0B, 0x0C, 0x0C, 0x0B, 0x2A, 0x1D, 0x1A, 0x1E, 0x20, 0x22, 0x21,
	0x20, 0x1E, 0x1A, 0x1D, 0x2A, 0x0B, 0x0C, 0x0C, 0x0B, 0x2A, 0x1D, 0x1A,
	0x1E, 0x20, 0x21, 0x22, 0x20, 0x1E, 0x61, 0x01, 0x0B, 0x09, 0x0A, 0x05,
	0x03, 0x02, 0x01, 0x01, 0x02, 0x03, 0x05, 0x0A, 0x09, 0x0B, 0x01, 0x01,
	0x01, 0x02, 0x0B, 0x09, 0x0A, 0x05, 0x03, 0x01, 0x02, 0x02, 0x01, 0x03,
	0x05, 0x0A, 0x09, 0x0B, 0x01, 0x01, 0x01, 0x5B, 0x07, 0x04, 0x03, 0x03,
	0x04, 0x07, 0x0E, 0x17, 0x18, 0x1B, 0x01, 0x01, 0x01, 0x02, 0x1B, 0x18,
	0x17, 0x0E, 0x07, 0x04, 0x03, 0x03, 0x04, 0x07, 0x0E, 0x17, 0x18, 0x1B,
	0x01, 0x01, 0x01, 0x01, 0x01, 0x1B, 0x18, 0x17, 0x00, 0x04, 0x00, 0x9A,
	0x00, 0xD4, 0x03, 0x14, 0x02, 0xFD, 0x00, 0x40, 0x00, 0x68, 0x00, 0x87,
	0x00, 0xA4, 0x00, 0x00, 0x13, 0x26, 0x36, 0x37, 0x36, 0x16, 0x1F, 0x01,
	0x36, 0x37, 0x36, 0x37, 0x35, 0x34, 0x36, 0x32, 0x16, 0x1D, 0x01, 0x16,
	0x17, 0x16, 0x17, 0x37, 0x36, 0x37, 0x36, 0x1E, 0x01, 0x0F, 0x01, 0x16,
	0x17, 0x16, 0x17, 0x16, 0x17, 0x16, 0x15, 0x14, 0x07, 0x06, 0x07, 0x06,
	0x07, 0x06, 0x07, 0x06, 0x22, 0x27, 0x2E, 0x01, 0x27, 0x26, 0x27, 0x26,
	0x35, 0x34, 0x37, 0x36, 0x37, 0x36, 0x37, 0x36, 0x37, 0x17, 0x06, 0x07,
	0x06, 0x07, 0x06, 0x07, 0x06, 0x14, 0x17, 0x16, 0x17, 0x16, 0x17, 0x16,
	0x17, 0x16, 0x32, 0x37, 0x36, 0x37, 0x36, 0x37, 0x3E, 0x01, 0x34, 0x27,
	0x26, 0x27, 0x26, 0x27, 0x26, 0x27, 0x22, 0x26, 0x27, 0x26, 0x22, 0x07,
	0x06, 0x17, 0x15, 0x14, 0x07, 0x06, 0x07, 0x06, 0x07, 0x06, 0x23, 0x22,
	0x27, 0x26, 0x27, 0x2E, 0x01, 0x35, 0x34, 0x37, 0x36, 0x37, 0x36, 0x37,
	0x36, 0x3B, 0x01, 0x32, 0x17, 0x1E, 0x02, 0x07, 0x34, 0x27, 0x26, 0x27,
	0x2E, 0x01, 0x23, 0x22, 0x07, 0x06, 0x07, 0x0E, 0x01, 0x15, 0x14, 0x17,
	0x1E, 0x01, 0x17, 0x16, 0x33, 0x32, 0x36, 0x37, 0x36, 0x37, 0x36, 0x35,
	0xC1, 0x06, 0x08, 0x0B, 0x0C, 0x18, 0x06, 0x2D, 0x20, 0x26, 0x25, 0x28,
	0x12, 0x1A, 0x12, 0x28, 0x26, 0x25, 0x20, 0x2E, 0x05, 0x0C, 0x0D, 0x16,
	0x08, 0x06, 0x2E, 0x0A, 0x08, 0x09, 0x07, 0x19, 0x0D, 0x0D, 0x0D, 0x0D,
	0x19, 0x1C, 0x2A, 0x29, 0x32, 0x33, 0x6C, 0x33, 0x31, 0x54, 0x1C, 0x19,
	0x0D, 0x0D, 0x0D, 0x0D, 0x19, 0x07, 0x09, 0x08, 0x0A, 0x37, 0x0E, 0x0B,
	0x0C, 0x09, 0x10, 0x09, 0x08, 0x08, 0x09, 0x10, 0x16, 0x21, 0x22, 0x2A,
	0x2C, 0x60, 0x2C, 0x2A, 0x22, 0x21, 0x16, 0x11, 0x10, 0x08, 0x08, 0x11,
	0x09, 0x0C, 0x0B, 0x0D, 0x01, 0x23, 0x2C, 0x2F, 0x66, 0x2F, 0x2C, 0xF4,
	0x10, 0x11, 0x1C, 0x0A, 0x0A, 0x0B, 0x0A, 0x14, 0x12, 0x13, 0x0F, 0x0E,
	0x10, 0x02, 0x01, 0x04, 0x0C, 0x1A, 0x1A, 0x1F, 0x01, 0x14, 0x12, 0x13,
	0x1C, 0x10, 0x3D, 0x03, 0x03, 0x06, 0x06, 0x0E, 0x09, 0x0C, 0x0B, 0x0A,
	0x05, 0x01, 0x02, 0x03, 0x03, 0x0C, 0x08, 0x07, 0x08, 0x04, 0x08, 0x04,
	0x0C, 0x06, 0x07, 0x02, 0x8B, 0x0B, 0x18, 0x06, 0x06, 0x08, 0x0C, 0x58,
	0x0E, 0x09, 0x09, 0x02, 0x6F, 0x0C, 0x12, 0x12, 0x0C, 0x6F, 0x02, 0x09,
	0x09, 0x0E, 0x58, 0x0C, 0x04, 0x04, 0x0C, 0x18, 0x0B, 0x5B, 0x06, 0x07,
	0x07, 0x08, 0x18, 0x1C, 0x1E, 0x1F, 0x20, 0x1E, 0x1B, 0x19, 0x1C, 0x15,
	0x15, 0x0B, 0x0C, 0x0C, 0x0B, 0x2A, 0x1C, 0x19, 0x1B, 0x1E, 0x20, 0x1F,
	0x1E, 0x1C, 0x18, 0x08, 0x07, 0x07, 0x06, 0x26, 0x07, 0x09, 0x08, 0x09,
	0x11, 0x12, 0x11, 0x24, 0x12, 0x12, 0x10, 0x16, 0x11, 0x11, 0x09, 0x0A,
	0x0A, 0x09, 0x11, 0x11, 0x16, 0x10, 0x24, 0x24, 0x11, 0x12, 0x11, 0x09,
	0x08, 0x09, 0x07, 0x14, 0x0A, 0x0C, 0x0C, 0x0A, 0x7B, 0x02, 0x1E, 0x1A,
	0x1A, 0x0C, 0x04, 0x02, 0x02, 0x07, 0x08, 0x0E, 0x0F, 0x26, 0x14, 0x0A,
	0x0A, 0x0A, 0x09, 0x1D, 0x11, 0x12, 0x08, 0x07, 0x1C, 0x26, 0x15, 0x08,
	0x08, 0x07, 0x06, 0x05, 0x06, 0x07, 0x07, 0x0B, 0x04, 0x08, 0x04, 0x08,
	0x07, 0x08, 0x0C, 0x03, 0x03, 0x02, 0x02, 0x05, 0x0A, 0x0A, 0x0C, 0x00,
	0x00, 0x04, 0x00, 0xC3, 0x00, 0x5A, 0x03, 0x3D, 0x02, 0xFD, 0x00, 0x3A,
	0x00, 0x4D, 0x00, 0x80, 0x00, 0xCC, 0x00, 0x00, 0x25, 0x26, 0x27, 0x26,
	0x34, 0x37, 0x36, 0x3F, 0x06, 0x17, 0x27, 0x36, 0x37, 0x36, 0x33, 0x32,
	0x17, 0x16, 0x17, 0x16, 0x17, 0x16, 0x15, 0x14, 0x07, 0x06, 0x0F, 0x01,
	0x16, 0x17, 0x16, 0x17, 0x1C, 0x01, 0x15, 0x14, 0x07, 0x06, 0x07, 0x06,
	0x07, 0x06, 0x23, 0x22, 0x27, 0x26, 0x27, 0x07, 0x06, 0x07, 0x06, 0x22,
	0x27, 0x26, 0x37, 0x07, 0x32, 0x17, 0x32, 0x33, 0x32, 0x37, 0x36, 0x37,
	0x36, 0x37, 0x36, 0x35, 0x26, 0x27, 0x26, 0x27, 0x0F, 0x01, 0x06, 0x07,
	0x06, 0x23, 0x22, 0x27, 0x26, 0x27, 0x26, 0x27, 0x26, 0x35, 0x34, 0x36,
	0x37, 0x36, 0x37, 0x36, 0x33, 0x32, 0x17, 0x16, 0x17, 0x16, 0x17, 0x16,
	0x15, 0x14, 0x07, 0x06, 0x07, 0x06, 0x07, 0x06, 0x27, 0x26, 0x27, 0x26,
	0x23, 0x22, 0x06, 0x07, 0x27, 0x17, 0x06, 0x16, 0x17, 0x16, 0x07, 0x06,
	0x37, 0x26, 0x27, 0x26, 0x07, 0x22, 0x07, 0x06, 0x07, 0x06, 0x23, 0x07,
	0x06, 0x07, 0x06, 0x07, 0x06, 0x07, 0x06, 0x15, 0x14, 0x17, 0x16, 0x17,
	0x1E, 0x01, 0x07, 0x06, 0x07, 0x06, 0x23, 0x22, 0x23, 0x26, 0x27, 0x26,
	0x27, 0x26, 0x35, 0x34, 0x37, 0x36, 0x37, 0x27, 0x26, 0x36, 0x37, 0x36,
	0x17, 0x16, 0x1F, 0x01, 0x36, 0x37, 0x36, 0x37, 0x35, 0x34, 0x36, 0x32,
	0x16, 0x1D, 0x01, 0x16, 0x17, 0x16, 0x17, 0x16, 0x17, 0x16, 0x15, 0x1C,
	0x01, 0x07, 0x0E, 0x01, 0x01, 0x38, 0x05, 0x02, 0x03, 0x02, 0x02, 0x04,
	0x69, 0x63, 0x2C, 0x87, 0x01, 0x52, 0x2D, 0x2D, 0x05, 0x06, 0x05, 0x07,
	0x05, 0x06, 0x05, 0x05, 0x04, 0x03, 0x02, 0x02, 0x02, 0x04, 0x3A, 0x1D,
	0x11, 0x12, 0x02, 0x1B, 0x1A, 0x2D, 0x2C, 0x37, 0x3A, 0x3E, 0x10, 0x0F,
	0x10, 0x0F, 0x5F, 0x04, 0x06, 0x06, 0x0C, 0x05, 0x06, 0xF3, 0x38, 0x02,
	0x02, 0x02, 0x03, 0x36, 0x32, 0x2F, 0x23, 0x22, 0x12, 0x12, 0x02, 0x0C,
	0x0D, 0x14, 0x75, 0x84, 0x04, 0x05, 0x04, 0x05, 0x07, 0x07, 0x07, 0x04,
	0x0A, 0x05, 0x05, 0x06, 0x06, 0x0D, 0x18, 0x19, 0x1D, 0x0E, 0x0E, 0x0E,
	0x0C, 0x07, 0x04, 0x03, 0x01, 0x01, 0x02, 0x07, 0x0C, 0x0D, 0x0B, 0x04,
	0x06, 0x05, 0x06, 0x0B, 0x14, 0x06, 0x36, 0x36, 0x05, 0x02, 0x07, 0x07,
	0x02, 0x02, 0x87, 0x19, 0x1B, 0x1A, 0x1B, 0x32, 0x2E, 0x2C, 0x23, 0x01,
	0x01, 0x01, 0x02, 0x02, 0x02, 0x02, 0x23, 0x12, 0x11, 0x17, 0x17, 0x2D,
	0x0B, 0x08, 0x06, 0x04, 0x07, 0x08, 0x08, 0x04, 0x03, 0x04, 0x03, 0x38,
	0x21, 0x23, 0x17, 0x17, 0x27, 0x2E, 0x06, 0x08, 0x0B, 0x0C, 0x0C, 0x0C,
	0x06, 0x2D, 0x20, 0x25, 0x26, 0x28, 0x12, 0x1A, 0x12, 0x17, 0x16, 0x17,
	0x16, 0x0A, 0x07, 0x06, 0x01, 0x03, 0x16, 0x62, 0x04, 0x06, 0x06, 0x0C,
	0x05, 0x06, 0x04, 0x72, 0x6B, 0x31, 0x92, 0x01, 0x59, 0x2A, 0x2A, 0x05,
	0x03, 0x02, 0x02, 0x02, 0x04, 0x05, 0x06, 0x05, 0x07, 0x05, 0x06, 0x05,
	0x05, 0x3F, 0x18, 0x22, 0x22, 0x26, 0x01, 0x01, 0x01, 0x2E, 0x29, 0x26,
	0x1C, 0x1C, 0x0F, 0x0F, 0x01, 0x01, 0x02, 0x66, 0x05, 0x03, 0x02, 0x02,
	0x02, 0xE3, 0x3D, 0x01, 0x0E, 0x0C, 0x17, 0x15, 0x1B, 0x19, 0x1B, 0x1A,
	0x18, 0x16, 0x11, 0x80, 0x1B, 0x03, 0x01, 0x02, 0x04, 0x03, 0x06, 0x0D,
	0x10, 0x0F, 0x10, 0x0C, 0x18, 0x0B, 0x1A, 0x0F, 0x0F, 0x03, 0x04, 0x08,
	0x04, 0x07, 0x07, 0x08, 0x04, 0x04, 0x05, 0x03, 0x0B, 0x03, 0x03, 0x07,
	0x03, 0x01, 0x02, 0x0C, 0x0B, 0x1C, 0x1C, 0x0A, 0x18, 0x09, 0x0A, 0x0D,
	0x0C, 0xC4, 0x07, 0x03, 0x04, 0x01, 0x0B, 0x0B, 0x13, 0x01, 0x01, 0x01,
	0x01, 0x02, 0x01, 0x15, 0x1B, 0x1A, 0x1C, 0x1F, 0x1D, 0x1F, 0x16, 0x06,
	0x18, 0x0B, 0x08, 0x05, 0x04, 0x01, 0x02, 0x1C, 0x2A, 0x2E, 0x34, 0x2B,
	0x27, 0x24, 0x1C, 0x5E, 0x0B, 0x18, 0x06, 0x06, 0x04, 0x05, 0x0B, 0x5B,
	0x0F, 0x08, 0x09, 0x03, 0x73, 0x0C, 0x12, 0x12, 0x0C, 0x73, 0x01, 0x04,
	0x04, 0x06, 0x03, 0x08, 0x08, 0x0A, 0x02, 0x04, 0x02, 0x0D, 0x0C, 0x00,
	0x00, 0x03, 0x00, 0x00, 0x00, 0x5A, 0x04, 0x00, 0x03, 0x26, 0x00, 0x77,
	0x00, 0x94, 0x00, 0xB5, 0x00, 0x00, 0x01, 0x16, 0x1C, 0x02, 0x07, 0x14,
	0x15, 0x06, 0x15, 0x06, 0x15, 0x06, 0x15, 0x06, 0x07, 0x06, 0x07, 0x06,
	0x07, 0x06, 0x07, 0x06, 0x07, 0x06, 0x07, 0x06, 0x07, 0x06, 0x07, 0x06,
	0x07, 0x06, 0x07, 0x0E, 0x01, 0x22, 0x26, 0x27, 0x26, 0x27, 0x26, 0x27,
	0x26, 0x27, 0x26, 0x27, 0x26, 0x27, 0x26, 0x27, 0x26, 0x27, 0x26, 0x27,
	0x2E, 0x02, 0x35, 0x26, 0x35, 0x26, 0x3C, 0x02, 0x37, 0x34, 0x35, 0x36,
	0x35, 0x36, 0x35, 0x36, 0x35, 0x36, 0x37, 0x36, 0x37, 0x36, 0x37, 0x36,
	0x37, 0x36, 0x37, 0x36, 0x37, 0x36, 0x37, 0x36, 0x37, 0x36, 0x37, 0x36,
	0x37, 0x3E, 0x01, 0x32, 0x16, 0x17, 0x16, 0x17, 0x16, 0x17, 0x16, 0x17,
	0x16, 0x17, 0x16, 0x17, 0x16, 0x17, 0x16, 0x17, 0x16, 0x17, 0x1E, 0x02,
	0x15, 0x16, 0x05, 0x32, 0x37, 0x36, 0x37, 0x36, 0x37, 0x36, 0x34, 0x27,
	0x26, 0x27, 0x26, 0x27, 0x26, 0x22, 0x07, 0x06, 0x07, 0x06, 0x07, 0x06,
	0x14, 0x17, 0x16, 0x17, 0x16, 0x17, 0x16, 0x3F, 0x01, 0x16, 0x15, 0x16,
	0x15, 0x14, 0x07, 0x06, 0x07, 0x06, 0x22, 0x27, 0x26, 0x27, 0x26, 0x34,
	0x37, 0x36, 0x37, 0x36, 0x33, 0x32, 0x17, 0x16, 0x17, 0x07, 0x06, 0x16,
	0x17, 0x16, 0x17, 0x16, 0x03, 0xFF, 0x01, 0x01, 0x01, 0x01, 0x01, 0x01,
	0x02, 0x01, 0x01, 0x03, 0x04, 0x03, 0x05, 0x09, 0x0C, 0x0D, 0x0E, 0x22,
	0x20, 0x28, 0x24, 0x26, 0x23, 0x25, 0x24, 0x25, 0x4C, 0x4E, 0x4C, 0x25,
	0x24, 0x25, 0x23, 0x26, 0x19, 0x1A, 0x18, 0x19, 0x15, 0x16, 0x12, 0x10,
	0x0A, 0x08, 0x07, 0x04, 0x02, 0x02, 0x02, 0x01, 0x01, 0x01, 0x01, 0x01,
	0x01, 0x01, 0x02, 0x01, 0x01, 0x03, 0x04, 0x03, 0x05, 0x09, 0x0C, 0x0D,
	0x0E, 0x22, 0x20, 0x28, 0x24, 0x26, 0x23, 0x25, 0x24, 0x25, 0x4C, 0x4E,
	0x4C, 0x25, 0x24, 0x25, 0x23, 0x26, 0x18, 0x1B, 0x18, 0x19, 0x15, 0x16,
	0x12, 0x10, 0x0A, 0x08, 0x07, 0x04, 0x02, 0x02, 0x02, 0x01, 0xFE, 0x01,
	0x31, 0x2E, 0x2B, 0x22, 0x21, 0x13, 0x13, 0x13, 0x13, 0x21, 0x22, 0x2B,
	0x2E, 0x62, 0x2E, 0x2B, 0x22, 0x21, 0x13, 0x13, 0x13, 0x13, 0x21, 0x22,
	0x2B, 0x2E, 0x6E, 0x32, 0x01, 0x01, 0x10, 0x0F, 0x19, 0x1A, 0x3E, 0x1A,
	0x19, 0x0F, 0x10, 0x10, 0x0F, 0x19, 0x1A, 0x1F, 0x09, 0x09, 0x09, 0x08,
	0x10, 0x03, 0x04, 0x06, 0x07, 0x09, 0x09, 0x01, 0xC8, 0x02, 0x04, 0x04,
	0x04, 0x02, 0x01, 0x01, 0x01, 0x01, 0x01, 0x02, 0x01, 0x01, 0x03, 0x02,
	0x02, 0x02, 0x05, 0x06, 0x05, 0x07, 0x0D, 0x0F, 0x11, 0x11, 0x29, 0x21,
	0x28, 0x19, 0x1B, 0x13, 0x15, 0x0D, 0x0E, 0x0E, 0x0E, 0x0E, 0x0D, 0x15,
	0x13, 0x1B, 0x11, 0x19, 0x15, 0x1B, 0x18, 0x1A, 0x16, 0x16, 0x0D, 0x0B,
	0x0A, 0x08, 0x03, 0x04, 0x04, 0x01, 0x02, 0x02, 0x02, 0x04, 0x04, 0x04,
	0x02, 0x01, 0x01, 0x01, 0x01, 0x01, 0x02, 0x01, 0x01, 0x03, 0x02, 0x02,
	0x03, 0x04, 0x06, 0x05, 0x07, 0x0D, 0x0F, 0x11, 0x11, 0x29, 0x21, 0x28,
	0x19, 0x1B, 0x13, 0x15, 0x0D, 0x0E, 0x0E, 0x0E, 0x0E, 0x0D, 0x15, 0x13,
	0x1B, 0x11, 0x19, 0x15, 0x1B, 0x18, 0x1A, 0x16, 0x16, 0x0D, 0x0B, 0x0A,
	0x08, 0x03, 0x04, 0x04, 0x01, 0x02, 0xFD, 0x13, 0x13, 0x21, 0x22, 0x2B,
	0x2E, 0x62, 0x2E, 0x2B, 0x22, 0x21, 0x13, 0x13, 0x13, 0x13, 0x21, 0x22,
	0x2B, 0x2E, 0x62, 0x2E, 0x2B, 0x22, 0x21, 0x13, 0x13, 0xFE, 0x09, 0x05,
	0x05, 0x05, 0x05, 0x1F, 0x1A, 0x19, 0x0F, 0x10, 0x10, 0x0F, 0x19, 0x1A,
	0x3E, 0x1A, 0x19, 0x0F, 0x10, 0x02, 0x01, 0x03, 0x30, 0x09, 0x14, 0x07,
	0x07, 0x03, 0x04, 0x00, 0x00, 0x04, 0x00, 0x55, 0x00, 0x6B, 0x03, 0xAB,
	0x03, 0x15, 0x00, 0x15, 0x00, 0x22, 0x00, 0x37, 0x00, 0x85, 0x00, 0x00,
	0x01, 0x26, 0x27, 0x26, 0x27, 0x26, 0x22, 0x07, 0x06, 0x07, 0x06, 0x07,
	0x16, 0x17, 0x16, 0x17, 0x16, 0x32, 0x37, 0x36, 0x37, 0x36, 0x05, 0x22,
	0x2E, 0x01, 0x34, 0x3E, 0x01, 0x32, 0x1E, 0x01, 0x14, 0x0E, 0x01, 0x37,
	0x34, 0x27, 0x26, 0x27, 0x26, 0x22, 0x07, 0x06, 0x07, 0x06, 0x14, 0x17,
	0x16, 0x17, 0x16, 0x32, 0x37, 0x36, 0x37, 0x36, 0x25, 0x37, 0x3C, 0x01,
	0x37, 0x36, 0x37, 0x36, 0x37, 0x36, 0x37, 0x36, 0x37, 0x36, 0x37, 0x36,
	0x37, 0x36, 0x37, 0x36, 0x32, 0x17, 0x16, 0x17, 0x16, 0x17, 0x16, 0x17,
	0x16, 0x17, 0x16, 0x17, 0x16, 0x17, 0x16, 0x17, 0x16, 0x1D, 0x01, 0x17,
	0x07, 0x1C, 0x01, 0x07, 0x06, 0x07, 0x06, 0x07, 0x06, 0x07, 0x06, 0x07,
	0x06, 0x07, 0x06, 0x07, 0x06, 0x07, 0x06, 0x22, 0x27, 0x26, 0x27, 0x26,
	0x27, 0x26, 0x27, 0x26, 0x27, 0x26, 0x27, 0x26, 0x27, 0x26, 0x27, 0x26,
	0x3D, 0x01, 0x03, 0x4D, 0x1A, 0x22, 0x33, 0x3C, 0x4C, 0xAC, 0x4C, 0x3C,
	0x33, 0x22, 0x1A, 0x1A, 0x22, 0x33, 0x3C, 0x4C, 0xAC, 0x4C, 0x3C, 0x33,
	0x22, 0xFE, 0xCD, 0x29, 0x44, 0x28, 0x28, 0x44, 0x52, 0x44, 0x28, 0x28,
	0x44, 0x17, 0x09, 0x08, 0x0F, 0x0F, 0x22, 0x0F, 0x0F, 0x08, 0x09, 0x09,
	0x08, 0x0F, 0x0F, 0x22, 0x0F, 0x0F, 0x08, 0x09, 0xFE, 0x15, 0x01, 0x01,
	0x01, 0x01, 0x01, 0x01, 0x04, 0x04, 0x05, 0x06, 0x0F, 0x11, 0x15, 0x18,
	0x3C, 0x48, 0x5A, 0xCE, 0x5A, 0x48, 0x3C, 0x18, 0x15, 0x11, 0x0F, 0x06,
	0x05, 0x04, 0x04, 0x01, 0x01, 0x01, 0x01, 0x01, 0x01, 0x01, 0x01, 0x01,
	0x01, 0x01, 0x01, 0x04, 0x04, 0x05, 0x06, 0x0F, 0x11, 0x15, 0x18, 0x3C,
	0x48, 0x5A, 0xCE, 0x5A, 0x48, 0x3C, 0x18, 0x15, 0x11, 0x0F, 0x06, 0x05,
	0x04, 0x04, 0x01, 0x01, 0x01, 0x01, 0x01, 0x01, 0xC0, 0x35, 0x2E, 0x44,
	0x27, 0x32, 0x32, 0x27, 0x44, 0x2E, 0x35, 0x35, 0x2E, 0x44, 0x27, 0x32,
	0x32, 0x27, 0x44, 0x2E, 0x60, 0x28, 0x44, 0x52, 0x44, 0x28, 0x28, 0x44,
	0x52, 0x44, 0x28, 0x95, 0x11, 0x0F, 0x0F, 0x08, 0x09, 0x09, 0x08, 0x0F,
	0x0F, 0x22, 0x0F, 0x0F, 0x08, 0x09, 0x09, 0x08, 0x0F, 0x0F, 0x11, 0x01,
	0x01, 0x01, 0x01, 0x02, 0x02, 0x03, 0x04, 0x08, 0x09, 0x0A, 0x0B, 0x1C,
	0x1B, 0x21, 0x1E, 0x4A, 0x2B, 0x35, 0x35, 0x2B, 0x4A, 0x1E, 0x21, 0x1B,
	0x1C, 0x0B, 0x0A, 0x09, 0x08, 0x04, 0x03, 0x02, 0x02, 0x01, 0x01, 0x01,
	0x01, 0x01, 0x01, 0x01, 0x01, 0x02, 0x02, 0x03, 0x04, 0x08, 0x08, 0x0B,
	0x0B, 0x1C, 0x1B, 0x21, 0x1E, 0x4A, 0x2B, 0x35, 0x35, 0x2B, 0x4A, 0x1E,
	0x21, 0x1B, 0x1C, 0x0B, 0x0B, 0x08, 0x08, 0x04, 0x03, 0x02, 0x02, 0x01,
	0x01, 0x01, 0x00, 0x00, 0x00, 0x0B, 0x00, 0x24, 0x00, 0x35, 0x03, 0xDC,
	0x03, 0x4B, 0x00, 0x26, 0x00, 0x43, 0x00, 0x5A, 0x00, 0x6F, 0x00, 0x8F,
	0x00, 0xA4, 0x00, 0xB5, 0x00, 0xD4, 0x00, 0xF3, 0x01, 0x11, 0x01, 0x2F,
	0x00, 0x00, 0x25, 0x22, 0x27, 0x26, 0x27, 0x26, 0x27, 0x26, 0x27, 0x26,
	0x35, 0x34, 0x37, 0x36, 0x37, 0x36, 0x37, 0x36, 0x37, 0x36, 0x32, 0x17,
	0x16, 0x17, 0x16, 0x17, 0x16, 0x17, 0x16, 0x15, 0x14, 0x07, 0x06, 0x07,
	0x06, 0x07, 0x06, 0x07, 0x06, 0x03, 0x22, 0x07, 0x06, 0x07, 0x06, 0x07,
	0x06, 0x14, 0x17, 0x16, 0x17, 0x16, 0x17, 0x16, 0x32, 0x37, 0x36, 0x37,
	0x36, 0x37, 0x36, 0x34, 0x27, 0x26, 0x27, 0x26, 0x27, 0x26, 0x03, 0x22,
	0x27, 0x26, 0x27, 0x26, 0x35, 0x34, 0x37, 0x36, 0x37, 0x36, 0x33, 0x32,
	0x16, 0x17, 0x16, 0x15, 0x14, 0x07, 0x06, 0x07, 0x06, 0x03, 0x22, 0x07,
	0x06, 0x07, 0x06, 0x14, 0x17, 0x16, 0x17, 0x16, 0x32, 0x37, 0x36, 0x37,
	0x36, 0x34, 0x27, 0x26, 0x27, 0x26, 0x07, 0x22, 0x27, 0x26, 0x27, 0x26,
	0x27, 0x26, 0x34, 0x37, 0x3E, 0x02, 0x37, 0x3E, 0x01, 0x32, 0x17, 0x16,
	0x17, 0x1E, 0x01, 0x14, 0x07, 0x06, 0x07, 0x06, 0x07, 0x06, 0x07, 0x0E,
	0x01, 0x17, 0x22, 0x26, 0x27, 0x26, 0x35, 0x34, 0x36, 0x32, 0x16, 0x15,
	0x14, 0x17, 0x16, 0x17, 0x16, 0x33, 0x32, 0x16, 0x14, 0x06, 0x03, 0x22,
	0x27, 0x26, 0x3D, 0x01, 0x34, 0x37, 0x36, 0x32, 0x17, 0x16, 0x1D, 0x01,
	0x14, 0x07, 0x06, 0x07, 0x22, 0x27, 0x26, 0x2F, 0x01, 0x26, 0x27, 0x34,
	0x35, 0x34, 0x36, 0x37, 0x36, 0x33, 0x36, 0x33, 0x32, 0x16, 0x1F, 0x01,
	0x1E, 0x01, 0x15, 0x14, 0x07, 0x06, 0x07, 0x06, 0x23, 0x06, 0x07, 0x22,
	0x27, 0x26, 0x2F, 0x01, 0x2E, 0x01, 0x35, 0x34, 0x37, 0x36, 0x37, 0x3E,
	0x01, 0x33, 0x32, 0x17, 0x16, 0x1F, 0x01, 0x1E, 0x01, 0x15, 0x14, 0x07,
	0x06, 0x07, 0x06, 0x07, 0x06, 0x25, 0x22, 0x27, 0x22, 0x27, 0x26, 0x27,
	0x26, 0x35, 0x34, 0x36, 0x3F, 0x01, 0x3E, 0x01, 0x33, 0x32, 0x17, 0x32,
	0x17, 0x1E, 0x01, 0x15, 0x14, 0x15, 0x06, 0x0F, 0x01, 0x0E, 0x01, 0x17,
	0x22, 0x26, 0x27, 0x26, 0x27, 0x26, 0x35, 0x34, 0x36, 0x3F, 0x01, 0x36,
	0x37, 0x36, 0x32, 0x17, 0x16, 0x17, 0x16, 0x17, 0x16, 0x15, 0x14, 0x06,
	0x0F, 0x01, 0x06, 0x07, 0x06, 0x02, 0x00, 0x33, 0x3F, 0x40, 0x3E, 0x42,
	0x33, 0x38, 0x1E, 0x21, 0x21, 0x1E, 0x38, 0x33, 0x42, 0x3E, 0x40, 0x3F,
	0x66, 0x3F, 0x40, 0x3E, 0x42, 0x33, 0x38, 0x1E, 0x21, 0x21, 0x1E, 0x38,
	0x33, 0x42, 0x3E, 0x40, 0x3F, 0x33, 0x3B, 0x49, 0x49, 0x40, 0x44, 0x27,
	0x2C, 0x2C, 0x27, 0x44, 0x40, 0x49, 0x49, 0x76, 0x49, 0x49, 0x40, 0x44,
	0x27, 0x2C, 0x2C, 0x27, 0x44, 0x40, 0x49, 0x49, 0x3B, 0x28, 0x23, 0x22,
	0x14, 0x14, 0x14, 0x14, 0x22, 0x23, 0x28, 0x29, 0x44, 0x14, 0x14, 0x14,
	0x14, 0x22, 0x22, 0x29, 0x21, 0x1C, 0x1B, 0x10, 0x11, 0x11, 0x10, 0x1B,
	0x1C, 0x42, 0x1C, 0x1B, 0x10, 0x11, 0x11, 0x10, 0x1B, 0x1C, 0x59, 0x02,
	0x03, 0x02, 0x02, 0x03, 0x01, 0x01, 0x01, 0x01, 0x04, 0x04, 0x03, 0x02,
	0x04, 0x06, 0x03, 0x03, 0x02, 0x01, 0x02, 0x01, 0x02, 0x02, 0x02, 0x01,
	0x02, 0x01, 0x02, 0x06, 0x35, 0x18, 0x2A, 0x0C, 0x0C, 0x08, 0x0C, 0x08,
	0x09, 0x08, 0x0E, 0x0E, 0x11, 0x06, 0x08, 0x08, 0x08, 0x0C, 0x08, 0x08,
	0x08, 0x08, 0x18, 0x08, 0x09, 0x09, 0x08, 0xB0, 0x08, 0x06, 0x07, 0x04,
	0x1A, 0x02, 0x01, 0x08, 0x07, 0x03, 0x04, 0x03, 0x03, 0x08, 0x0E, 0x03,
	0x1B, 0x01, 0x02, 0x04, 0x05, 0x07, 0x03, 0x03, 0x03, 0xAA, 0x06, 0x05,
	0x06, 0x04, 0x25, 0x03, 0x04, 0x02, 0x03, 0x04, 0x04, 0x0A, 0x05, 0x06,
	0x06, 0x05, 0x05, 0x25, 0x03, 0x04, 0x03, 0x02, 0x05, 0x04, 0x05, 0x04,
	0x01, 0xDC, 0x03, 0x03, 0x03, 0x03, 0x08, 0x04, 0x04, 0x02, 0x01, 0x1A,
	0x04, 0x0E, 0x08, 0x03, 0x03, 0x04, 0x03, 0x07, 0x08, 0x01, 0x02, 0x1A,
	0x04, 0x0E, 0x9E, 0x05, 0x0A, 0x04, 0x04, 0x03, 0x02, 0x04, 0x03, 0x25,
	0x04, 0x06, 0x05, 0x0C, 0x04, 0x05, 0x04, 0x05, 0x02, 0x03, 0x04, 0x03,
	0x25, 0x05, 0x05, 0x06, 0x35, 0x0F, 0x0F, 0x1A, 0x1C, 0x25, 0x28, 0x2C,
	0x32, 0x33, 0x34, 0x31, 0x2D, 0x27, 0x25, 0x1C, 0x1B, 0x0E, 0x0F, 0x0F,
	0x0E, 0x1B, 0x1C, 0x25, 0x27, 0x2D, 0x31, 0x34, 0x33, 0x32, 0x2C, 0x28,
	0x25, 0x1C, 0x1A, 0x0F, 0x0F, 0x02, 0x2B, 0x14, 0x15, 0x22, 0x24, 0x2B,
	0x30, 0x5E, 0x30, 0x2B, 0x24, 0x22, 0x15, 0x14, 0x14, 0x15, 0x22, 0x24,
	0x2B, 0x30, 0x5E, 0x30, 0x2B, 0x24, 0x22, 0x15, 0x14, 0xFE, 0x6F, 0x15,
	0x14, 0x21, 0x23, 0x29, 0x28, 0x23, 0x22, 0x14, 0x14, 0x28, 0x22, 0x23,
	0x28, 0x29, 0x23, 0x21, 0x14, 0x15, 0x01, 0x0F, 0x11, 0x10, 0x1B, 0x1C,
	0x42, 0x1C, 0x1C, 0x10, 0x10, 0x10, 0x10, 0x1C, 0x1C, 0x42, 0x1C, 0x1B,
	0x10, 0x11, 0x54, 0x01, 0x01, 0x02, 0x02, 0x02, 0x03, 0x06, 0x02, 0x03,
	0x04, 0x04, 0x02, 0x02, 0x02, 0x02, 0x01, 0x03, 0x02, 0x04, 0x06, 0x03,
	0x03, 0x02, 0x01, 0x01, 0x02, 0x02, 0x02, 0x02, 0x7F, 0x18, 0x14, 0x15,
	0x19, 0x06, 0x08, 0x08, 0x06, 0x11, 0x0E, 0x0E, 0x08, 0x09, 0x08, 0x0C,
	0x08, 0x01, 0xB1, 0x09, 0x08, 0x0C, 0x55, 0x0C, 0x08, 0x09, 0x09, 0x08,
	0x0C, 0x55, 0x0C, 0x08, 0x09, 0x09, 0x04, 0x04, 0x07, 0x35, 0x03, 0x03,
	0x03, 0x04, 0x07, 0x0E, 0x04, 0x02, 0x01, 0x08, 0x08, 0x34, 0x03, 0x06,
	0x04, 0x08, 0x06, 0x07, 0x04, 0x02, 0x01, 0x42, 0x02, 0x03, 0x04, 0x29,
	0x04, 0x0A, 0x05, 0x06, 0x06, 0x05, 0x05, 0x03, 0x04, 0x02, 0x03, 0x05,
	0x29, 0x04, 0x0A, 0x05, 0x06, 0x05, 0x06, 0x04, 0x03, 0x02, 0x02, 0x42,
	0x01, 0x02, 0x04, 0x06, 0x07, 0x08, 0x04, 0x06, 0x03, 0x34, 0x08, 0x08,
	0x01, 0x02, 0x04, 0x0E, 0x07, 0x04, 0x03, 0x03, 0x03, 0x35, 0x07, 0x08,
	0x42, 0x04, 0x03, 0x04, 0x06, 0x05, 0x06, 0x05, 0x0A, 0x04, 0x29, 0x05,
	0x02, 0x03, 0x02, 0x02, 0x03, 0x05, 0x05, 0x06, 0x06, 0x05, 0x0A, 0x04,
	0x29, 0x04, 0x03, 0x02, 0x00, 0x03, 0x00, 0x00, 0xFF, 0xC0, 0x04, 0x00,
	0x03, 0xC0, 0x00, 0x53, 0x00, 0x7F, 0x00, 0xCB, 0x00, 0x00, 0x01, 0x32,
	0x17, 0x16, 0x17, 0x16, 0x14, 0x07, 0x06, 0x07, 0x06, 0x2B, 0x01, 0x06,
	0x07, 0x06, 0x07, 0x06, 0x07, 0x06, 0x07, 0x15, 0x14, 0x07, 0x06, 0x07,
	0x06, 0x22, 0x27, 0x26, 0x27, 0x26, 0x3D, 0x01, 0x26, 0x27, 0x26, 0x27,
	0x26, 0x27, 0x26, 0x27, 0x23, 0x22, 0x27, 0x26, 0x27, 0x26, 0x34, 0x37,
	0x36, 0x37, 0x36, 0x3B, 0x01, 0x36, 0x37, 0x36, 0x37, 0x36, 0x37, 0x36,
	0x37, 0x35, 0x34, 0x37, 0x36, 0x37, 0x36, 0x32, 0x17, 0x16, 0x17, 0x16,
	0x1D, 0x01, 0x16, 0x17, 0x16, 0x17, 0x16, 0x17, 0x16, 0x17, 0x21, 0x33,
	0x32, 0x16, 0x17, 0x16, 0x14, 0x07, 0x0E, 0x01, 0x2B, 0x01, 0x15, 0x14,
	0x06, 0x07, 0x06, 0x22, 0x27, 0x2E, 0x01, 0x3D, 0x01, 0x23, 0x22, 0x26,
	0x27, 0x26, 0x34, 0x37, 0x3E, 0x01, 0x3B, 0x01, 0x35, 0x34, 0x36, 0x37,
	0x36, 0x32, 0x17, 0x1E, 0x01, 0x15, 0x17, 0x23, 0x22, 0x27, 0x26, 0x27,
	0x26, 0x34, 0x37, 0x36, 0x37, 0x36, 0x3B, 0x01, 0x26, 0x27, 0x26, 0x27,
	0x26, 0x27, 0x15, 0x14, 0x07, 0x06, 0x07, 0x06, 0x22, 0x27, 0x26, 0x27,
	0x26, 0x3D, 0x01, 0x06, 0x07, 0x06, 0x07, 0x06, 0x07, 0x33, 0x32, 0x17,
	0x16, 0x17, 0x16, 0x14, 0x07, 0x06, 0x07, 0x06, 0x2B, 0x01, 0x16, 0x17,
	0x16, 0x17, 0x16, 0x17, 0x35, 0x34, 0x37, 0x36, 0x37, 0x36, 0x32, 0x17,
	0x16, 0x17, 0x16, 0x1D, 0x01, 0x36, 0x37, 0x36, 0x37, 0x36, 0x03, 0xCD,
	0x0E, 0x0C, 0x0B, 0x07, 0x07, 0x07, 0x07, 0x0B, 0x0C, 0x0E, 0x37, 0x08,
	0x1F, 0x1E, 0x30, 0x2F, 0x3C, 0x3E, 0x45, 0x07, 0x07, 0x0B, 0x0C, 0x1C,
	0x0C, 0x0B, 0x07, 0x07, 0x45, 0x3E, 0x3C, 0x2F, 0x30, 0x1E, 0x1F, 0x08,
	0x37, 0x0E, 0x0C, 0x0B, 0x07, 0x07, 0x07, 0x07, 0x0B, 0x0C, 0x0E, 0x37,
	0x08, 0x1F, 0x1E, 0x30, 0x2F, 0x3C, 0x3E, 0x45, 0x07, 0x07, 0x0B, 0x0C,
	0x1C, 0x0C, 0x0B, 0x07, 0x07, 0x45, 0x3E, 0x3C, 0x2F, 0x30, 0x1E, 0x1F,
	0x08, 0xFE, 0x9D, 0x33, 0x0E, 0x18, 0x07, 0x07, 0x07, 0x07, 0x18, 0x0E,
	0x33, 0x0E, 0x0B, 0x0C, 0x1C, 0x0C, 0x0B, 0x0E, 0x33, 0x0E, 0x18, 0x07,
	0x07, 0x07, 0x07, 0x18, 0x0E, 0x33, 0x0E, 0x0B, 0x0C, 0x1C, 0x0C, 0x0B,
	0x0E, 0xFC, 0x2F, 0x0E, 0x0C, 0x0B, 0x07, 0x07, 0x07, 0x07, 0x0B, 0x0C,
	0x0E, 0x2F, 0x0B, 0x24, 0x23, 0x34, 0x36, 0x40, 0x07, 0x07, 0x0B, 0x0C,
	0x1C, 0x0C, 0x0B, 0x07, 0x07, 0x40, 0x36, 0x34, 0x23, 0x24, 0x0B, 0x2F,
	0x0E, 0x0C, 0x0B, 0x07, 0x07, 0x07, 0x07, 0x0B, 0x0C, 0x0E, 0x2F, 0x0B,
	0x24, 0x23, 0x34, 0x36, 0x40, 0x07, 0x07, 0x0B, 0x0C, 0x1C, 0x0C, 0x0B,
	0x07, 0x07, 0x40, 0x36, 0x34, 0x23, 0x24, 0x01, 0xF3, 0x07, 0x07, 0x0B,
	0x0C, 0x1C, 0x0C, 0x0B, 0x07, 0x07, 0x45, 0x3E, 0x3C, 0x2F, 0x30, 0x1E,
	0x1F, 0x08, 0x37, 0x0E, 0x0C, 0x0B, 0x07, 0x07, 0x07, 0x07, 0x0B, 0x0C,
	0x0E, 0x37, 0x08, 0x1F, 0x1E, 0x30, 0x2F, 0x3C, 0x3E, 0x45, 0x07, 0x07,
	0x0B, 0x0C, 0x1C, 0x0C, 0x0B, 0x07, 0x07, 0x45, 0x3E, 0x3C, 0x2F, 0x30,
	0x1E, 0x1F, 0x08, 0x37, 0x0E, 0x0C, 0x0B, 0x07, 0x07, 0x07, 0x07, 0x0B,
	0x0C, 0x0E, 0x37, 0x08, 0x1F, 0x1E, 0x30, 0x2F, 0x3C, 0x3E, 0x45, 0x0E,
	0x0B, 0x0C, 0x1C, 0x0C, 0x0B, 0x0E, 0x33, 0x0E, 0x18, 0x07, 0x07, 0x07,
	0x07, 0x18, 0x0E, 0x33, 0x0E, 0x0B, 0x0C, 0x1C, 0x0C, 0x0B, 0x0E, 0x33,
	0x0E, 0x18, 0x07, 0x07, 0x07, 0x07, 0x18, 0x0E, 0x99, 0x07, 0x07, 0x0B,
	0x0C, 0x1C, 0x0C, 0x0B, 0x07, 0x07, 0x40, 0x36, 0x34, 0x23, 0x24, 0x0B,
	0x2F, 0x0E, 0x0C, 0x0B, 0x07, 0x07, 0x07, 0x07, 0x0B, 0x0C, 0x0E, 0x2F,
	0x0B, 0x24, 0x23, 0x34, 0x36, 0x40, 0x07, 0x07, 0x0B, 0x0C, 0x1C, 0x0C,
	0x0B, 0x07, 0x07, 0x40, 0x36, 0x34, 0x23, 0x24, 0x0B, 0x2F, 0x0E, 0x0C,
	0x0B, 0x07, 0x07, 0x07, 0x07, 0x0B, 0x0C, 0x0E, 0x2F, 0x0B, 0x24, 0x23,
	0x34, 0x36, 0x00, 0x00, 0x00, 0x05, 0x00, 0x2F, 0xFF, 0xEF, 0x03, 0xD1,
	0x03, 0x91, 0x00, 0x0B, 0x00, 0x27, 0x00, 0x53, 0x00, 0x67, 0x00, 0x8B,
	0x00, 0x00, 0x01, 0x23, 0x35, 0x23, 0x35, 0x33, 0x35, 0x33, 0x15, 0x33,
	0x15, 0x23, 0x17, 0x21, 0x35, 0x23, 0x35, 0x23, 0x35, 0x23, 0x11, 0x33,
	0x35, 0x33, 0x35, 0x33, 0x35, 0x21, 0x15, 0x33, 0x15, 0x33, 0x15, 0x33,
	0x11, 0x23, 0x15, 0x23, 0x15, 0x23, 0x17, 0x21, 0x35, 0x23, 0x35, 0x23,
	0x35, 0x23, 0x35, 0x23, 0x35, 0x23, 0x11, 0x33, 0x35, 0x33, 0x35, 0x33,
	0x35, 0x33, 0x35, 0x33, 0x35, 0x21, 0x15, 0x33, 0x15, 0x33, 0x15, 0x33,
	0x15, 0x33, 0x15, 0x33, 0x11, 0x23, 0x15, 0x23, 0x15, 0x23, 0x15, 0x23,
	0x15, 0x23, 0x27, 0x35, 0x33, 0x35, 0x33, 0x35, 0x23, 0x35, 0x23, 0x35,
	0x23, 0x15, 0x23, 0x15, 0x23, 0x15, 0x33, 0x15, 0x33, 0x15, 0x17, 0x35,
	0x33, 0x35, 0x33, 0x35, 0x33, 0x35, 0x33, 0x11, 0x23, 0x35, 0x23, 0x35,
	0x23, 0x35, 0x23, 0x35, 0x21, 0x15, 0x23, 0x15, 0x23, 0x15, 0x23, 0x15,
	0x23, 0x11, 0x33, 0x15, 0x33, 0x15, 0x33, 0x15, 0x33, 0x15, 0x02, 0x2F,
	0x5E, 0x2E, 0x2E, 0x5E, 0x2E, 0x2E, 0x5D, 0xFE, 0xE8, 0x2E, 0x2F, 0x2E,
	0x2E, 0x2F, 0x2E, 0x01, 0x18, 0x2E, 0x2F, 0x2E, 0x2E, 0x2F, 0x2E, 0x2E,
	0xFE, 0x8C, 0x5D, 0x2F, 0x2E, 0x2F, 0x2E, 0x2E, 0x2F, 0x2E, 0x2F, 0x5D,
	0x01, 0x74, 0x5D, 0x2F, 0x2E, 0x2F, 0x2E, 0x2E, 0x2F, 0x2E, 0x2F, 0x5D,
	0x5D, 0x2F, 0x2E, 0x2E, 0x2F, 0xBA, 0x2F, 0x2E, 0x2E, 0x2F, 0xE9, 0x5D,
	0x2E, 0x2F, 0x2E, 0x2E, 0x2F, 0x2E, 0x5D, 0xFE, 0xE8, 0x5D, 0x2E, 0x2F,
	0x2E, 0x2E, 0x2F, 0x2E, 0x5D, 0x01, 0x63, 0x2E, 0x5E, 0x2E, 0x2E, 0x5E,
	0xE8, 0x2E, 0x2F, 0x2E, 0x01, 0x18, 0x2E, 0x2F, 0x2E, 0x2E, 0x2F, 0x2E,
	0xFE, 0xE8, 0x2E, 0x2F, 0xE8, 0x2E, 0x2F, 0x2E, 0x2F, 0x5D, 0x01, 0x74,
	0x5D, 0x2F, 0x2E, 0x2F, 0x2E, 0x2E, 0x2F, 0x2E, 0x2F, 0x5D, 0xFE, 0x8C,
	0x5D, 0x2F, 0x2E, 0x2F, 0xE9, 0x2E, 0x2F, 0xBA, 0x2F, 0x2E, 0x2E, 0x2F,
	0xBA, 0x2F, 0x2E, 0xBA, 0x2E, 0x2F, 0x2E, 0x5D, 0x01, 0x18, 0x5D, 0x2E,
	0x2F, 0x2E, 0x2E, 0x2F, 0x2E, 0x5D, 0xFE, 0xE8, 0x5D, 0x2E, 0x2F, 0x2E,
	0x00, 0x05, 0x00, 0x80, 0x00, 0x16, 0x03, 0x80, 0x03, 0x6A, 0x00, 0x66,
	0x00, 0xAC, 0x00, 0xB5, 0x00, 0xEB, 0x01, 0x1B, 0x00, 0x00, 0x01, 0x32,
	0x16, 0x17, 0x16, 0x14, 0x07, 0x0E, 0x01, 0x23, 0x06, 0x07, 0x06, 0x07,
	0x16, 0x17, 0x16, 0x17, 0x16, 0x17, 0x16, 0x15, 0x1C, 0x01, 0x15, 0x06,
	0x07, 0x06, 0x23, 0x2A, 0x01, 0x26, 0x27, 0x26, 0x27, 0x06, 0x07, 0x06,
	0x07, 0x2A, 0x01, 0x23, 0x22, 0x27, 0x26, 0x27, 0x3C, 0x01, 0x35, 0x34,
	0x37, 0x36, 0x37, 0x36, 0x37, 0x36, 0x37, 0x26, 0x27, 0x26, 0x27, 0x26,
	0x37, 0x36, 0x37, 0x3E, 0x01, 0x33, 0x16, 0x17, 0x16, 0x17, 0x16, 0x17,
	0x16, 0x17, 0x36, 0x37, 0x36, 0x37, 0x23, 0x22, 0x26, 0x27, 0x26, 0x34,
	0x37, 0x3E, 0x01, 0x3B, 0x01, 0x35, 0x34, 0x37, 0x3E, 0x01, 0x33, 0x32,
	0x16, 0x17, 0x16, 0x1D, 0x01, 0x25, 0x23, 0x07, 0x06, 0x07, 0x06, 0x23,
	0x22, 0x23, 0x26, 0x27, 0x26, 0x27, 0x26, 0x35, 0x34, 0x35, 0x36, 0x3F,
	0x01, 0x3C, 0x01, 0x37, 0x36, 0x37, 0x36, 0x37, 0x36, 0x37, 0x36, 0x37,
	0x36, 0x37, 0x36, 0x37, 0x36, 0x33, 0x32, 0x17, 0x16, 0x17, 0x16, 0x17,
	0x16, 0x17, 0x16, 0x17, 0x16, 0x17, 0x16, 0x1F, 0x01, 0x15, 0x17, 0x16,
	0x15, 0x14, 0x15, 0x14, 0x07, 0x06, 0x07, 0x06, 0x07, 0x22, 0x23, 0x22,
	0x27, 0x26, 0x2F, 0x01, 0x33, 0x27, 0x2E, 0x01, 0x27, 0x0E, 0x01, 0x07,
	0x05, 0x26, 0x27, 0x26, 0x23, 0x22, 0x27, 0x26, 0x27, 0x26, 0x35, 0x34,
	0x37, 0x36, 0x37, 0x36, 0x33, 0x32, 0x33, 0x32, 0x33, 0x32, 0x17, 0x16,
	0x17, 0x1E, 0x01, 0x17, 0x16, 0x17, 0x16, 0x15, 0x14, 0x15, 0x14, 0x15,
	0x14, 0x07, 0x06, 0x07, 0x06, 0x23, 0x22, 0x27, 0x26, 0x27, 0x26, 0x35,
	0x34, 0x27, 0x26, 0x27, 0x2E, 0x01, 0x01, 0x26, 0x27, 0x26, 0x35, 0x3C,
	0x01, 0x35, 0x34, 0x37, 0x3E, 0x01, 0x33, 0x32, 0x16, 0x17, 0x16, 0x15,
	0x14, 0x17, 0x16, 0x17, 0x1E, 0x01, 0x17, 0x16, 0x17, 0x32, 0x33, 0x32,
	0x16, 0x17, 0x16, 0x14, 0x07, 0x0E, 0x01, 0x23, 0x22, 0x23, 0x22, 0x23,
	0x22, 0x27, 0x26, 0x27, 0x2E, 0x01, 0x03, 0x55, 0x0C, 0x14, 0x05, 0x06,
	0x06, 0x05, 0x14, 0x0C, 0x04, 0x0F, 0x10, 0x1A, 0x0F, 0x11, 0x10, 0x11,
	0x11, 0x0B, 0x0B, 0x02, 0x0C, 0x0C, 0x11, 0x01, 0x02, 0x22, 0x20, 0x1F,
	0x1C, 0x1B, 0x1F, 0x20, 0x22, 0x01, 0x02, 0x01, 0x10, 0x0C, 0x0D, 0x01,
	0x0B, 0x0B, 0x11, 0x11, 0x10, 0x10, 0x0F, 0x09, 0x07, 0x08, 0x06, 0x06,
	0x01, 0x01, 0x06, 0x06, 0x14, 0x0C, 0x0B, 0x0A, 0x09, 0x06, 0x04, 0x06,
	0x05, 0x06, 0x11, 0x0B, 0x0B, 0x03, 0xAA, 0x0B, 0x14, 0x06, 0x05, 0x05,
	0x06, 0x14, 0x0B, 0x56, 0x05, 0x06, 0x14, 0x0B, 0x0C, 0x14, 0x05, 0x06,
	0xFE, 0x66, 0x77, 0x1B, 0x04, 0x0C, 0x0B, 0x0E, 0x03, 0x03, 0x03, 0x03,
	0x0E, 0x09, 0x08, 0x01, 0x01, 0x24, 0x1D, 0x0B, 0x03, 0x07, 0x06, 0x08,
	0x08, 0x04, 0x04, 0x06, 0x06, 0x09, 0x0B, 0x0A, 0x0B, 0x0A, 0x0B, 0x0A,
	0x0A, 0x06, 0x05, 0x04, 0x04, 0x08, 0x08, 0x06, 0x08, 0x02, 0x0B, 0x1D,
	0x25, 0x01, 0x08, 0x09, 0x0E, 0x03, 0x02, 0x03, 0x03, 0x0E, 0x0C, 0x0B,
	0x04, 0x7A, 0x46, 0x0E, 0x08, 0x0A, 0x03, 0x04, 0x0A, 0x08, 0x01, 0x7B,
	0x04, 0x0B, 0x0C, 0x20, 0x0B, 0x0A, 0x0A, 0x06, 0x05, 0x05, 0x06, 0x0A,
	0x0A, 0x0B, 0x03, 0x04, 0x05, 0x02, 0x1C, 0x0E, 0x15, 0x0F, 0x18, 0x24,
	0x09, 0x06, 0x03, 0x01, 0x06, 0x05, 0x0A, 0x0A, 0x0C, 0x0B, 0x0A, 0x0A,
	0x06, 0x05, 0x01, 0x01, 0x02, 0x03, 0x0C, 0xFE, 0x72, 0x06, 0x03, 0x01,
	0x06, 0x05, 0x14, 0x0C, 0x0B, 0x14, 0x06, 0x05, 0x01, 0x01, 0x02, 0x03,
	0x0C, 0x08, 0x04, 0x0B, 0x0C, 0x20, 0x0B, 0x14, 0x06, 0x05, 0x05, 0x06,
	0x14, 0x0B, 0x03, 0x04, 0x05, 0x02, 0x1C, 0x0E, 0x15, 0x0F, 0x18, 0x24,
	0x01, 0x6B, 0x0C, 0x09, 0x0A, 0x18, 0x0A, 0x09, 0x0C, 0x2A, 0x27, 0x27,
	0x20, 0x07, 0x04, 0x05, 0x02, 0x01, 0x0C, 0x0D, 0x10, 0x01, 0x02, 0x01,
	0x10, 0x0C, 0x0B, 0x03, 0x0B, 0x0B, 0x12, 0x12, 0x0B, 0x0B, 0x03, 0x0B,
	0x0C, 0x10, 0x01, 0x02, 0x01, 0x10, 0x0D, 0x0C, 0x01, 0x02, 0x05, 0x04,
	0x07, 0x0B, 0x0C, 0x0C, 0x0D, 0x0A, 0x0B, 0x0C, 0x09, 0x0A, 0x0A, 0x01,
	0x06, 0x06, 0x0B, 0x08, 0x09, 0x08, 0x08, 0x15, 0x19, 0x1A, 0x1B, 0x0C,
	0x09, 0x0A, 0x18, 0x0A, 0x09, 0x0C, 0x15, 0x0C, 0x0A, 0x09, 0x0C, 0x0C,
	0x09, 0x0A, 0x0C, 0x15, 0xD5, 0x61, 0x0E, 0x09, 0x08, 0x01, 0x01, 0x04,
	0x0B, 0x0C, 0x0E, 0x03, 0x03, 0x02, 0x03, 0x7F, 0x01, 0x01, 0x65, 0x26,
	0x08, 0x19, 0x0F, 0x12, 0x0A, 0x05, 0x04, 0x05, 0x03, 0x06, 0x03, 0x02,
	0x02, 0x03, 0x06, 0x03, 0x05, 0x04, 0x05, 0x0A, 0x12, 0x0F, 0x19, 0x08,
	0x26, 0x65, 0x02, 0x7F, 0x03, 0x02, 0x03, 0x03, 0x0E, 0x0C, 0x0B, 0x04,
	0x01, 0x01, 0x08, 0x09, 0x0E, 0xB6, 0x30, 0x1B, 0x22, 0x09, 0x09, 0x22,
	0x1B, 0x5E, 0x02, 0x01, 0x01, 0x05, 0x06, 0x0A, 0x0A, 0x0B, 0x0C, 0x0A,
	0x0A, 0x05, 0x06, 0x01, 0x03, 0x06, 0x09, 0x24, 0x18, 0x0F, 0x15, 0x0E,
	0x1C, 0x02, 0x05, 0x04, 0x03, 0x0B, 0x0A, 0x0A, 0x06, 0x05, 0x05, 0x06,
	0x0A, 0x0A, 0x0B, 0x20, 0x0C, 0x0B, 0x04, 0x08, 0x0C, 0xFE, 0x80, 0x0F,
	0x15, 0x0F, 0x1B, 0x02, 0x0A, 0x02, 0x0C, 0x0A, 0x09, 0x0C, 0x0C, 0x09,
	0x0A, 0x0C, 0x20, 0x0C, 0x0A, 0x05, 0x08, 0x0C, 0x03, 0x02, 0x01, 0x0C,
	0x09, 0x0A, 0x18, 0x0A, 0x09, 0x0C, 0x02, 0x02, 0x06, 0x0A, 0x24, 0x00,
	0x00, 0x02, 0x00, 0xD5, 0x00, 0x15, 0x03, 0x2B, 0x03, 0x6B, 0x00, 0x52,
	0x00, 0x75, 0x00, 0x00, 0x01, 0x07, 0x06, 0x07, 0x06, 0x23, 0x22, 0x27,
	0x22, 0x27, 0x26, 0x27, 0x26, 0x35, 0x34, 0x37, 0x34, 0x3F, 0x01, 0x34,
	0x33, 0x34, 0x13, 0x34, 0x32, 0x3D, 0x01, 0x34, 0x37, 0x34, 0x37, 0x36,
	0x37, 0x36, 0x37, 0x36, 0x37, 0x36, 0x37, 0x36, 0x37, 0x36, 0x32, 0x17,
	0x16, 0x17, 0x16, 0x17, 0x16, 0x17, 0x16, 0x17, 0x16, 0x17, 0x16, 0x15,
	0x16, 0x1C, 0x01, 0x33, 0x14, 0x13, 0x15, 0x32, 0x15, 0x17, 0x16, 0x15,
	0x16, 0x15, 0x14, 0x07, 0x06, 0x07, 0x06, 0x23, 0x06, 0x23, 0x22, 0x27,
	0x26, 0x2F, 0x01, 0x0B, 0x01, 0x21, 0x03, 0x35, 0x26, 0x34, 0x27, 0x26,
	0x27, 0x26, 0x27, 0x26, 0x27, 0x26, 0x27, 0x26, 0x27, 0x26, 0x22, 0x07,
	0x06, 0x07, 0x06, 0x07, 0x06, 0x07, 0x06, 0x07, 0x06, 0x07, 0x06, 0x15,
	0x07, 0x14, 0x01, 0x61, 0x38, 0x03, 0x0C, 0x0B, 0x0F, 0x03, 0x02, 0x03,
	0x02, 0x0F, 0x09, 0x09, 0x01, 0x01, 0x3F, 0x01, 0x6A, 0x01, 0x01, 0x01,
	0x02, 0x02, 0x03, 0x03, 0x08, 0x0A, 0x0C, 0x0F, 0x0E, 0x11, 0x12, 0x28,
	0x12, 0x11, 0x0E, 0x0F, 0x0C, 0x0A, 0x08, 0x03, 0x03, 0x02, 0x02, 0x01,
	0x01, 0x01, 0x6A, 0x01, 0x3F, 0x01, 0x01, 0x09, 0x09, 0x0F, 0x02, 0x03,
	0x02, 0x03, 0x0F, 0x0B, 0x0C, 0x03, 0x38, 0xCB, 0x5D, 0x01, 0x12, 0x5D,
	0x01, 0x01, 0x01, 0x01, 0x01, 0x02, 0x04, 0x05, 0x05, 0x07, 0x04, 0x04,
	0x03, 0x0A, 0x03, 0x04, 0x04, 0x07, 0x05, 0x05, 0x04, 0x02, 0x01, 0x01,
	0x01, 0x01, 0x01, 0x01, 0x15, 0xDF, 0x0F, 0x09, 0x09, 0x01, 0x01, 0x03,
	0x0C, 0x0B, 0x0F, 0x03, 0x02, 0x03, 0x02, 0xFF, 0x01, 0x01, 0x01, 0xAA,
	0x01, 0x01, 0x01, 0x01, 0x02, 0x02, 0x02, 0x05, 0x06, 0x06, 0x07, 0x11,
	0x0D, 0x12, 0x0C, 0x0B, 0x06, 0x07, 0x07, 0x06, 0x0B, 0x0C, 0x12, 0x0D,
	0x11, 0x07, 0x06, 0x06, 0x05, 0x02, 0x02, 0x02, 0x02, 0x01, 0x01, 0xFE,
	0x56, 0x01, 0x01, 0xFF, 0x02, 0x03, 0x02, 0x03, 0x0F, 0x0B, 0x0C, 0x03,
	0x01, 0x01, 0x09, 0x09, 0x0F, 0xDF, 0x01, 0xCB, 0xFE, 0x8B, 0x01, 0x75,
	0x02, 0x01, 0x02, 0x01, 0x03, 0x02, 0x04, 0x03, 0x09, 0x07, 0x08, 0x05,
	0x03, 0x02, 0x01, 0x01, 0x02, 0x03, 0x05, 0x08, 0x07, 0x09, 0x03, 0x04,
	0x02, 0x03, 0x01, 0x02, 0x01, 0x01, 0x00, 0x00, 0x00, 0x04, 0x00, 0xAB,
	0x00, 0x15, 0x03, 0x55, 0x03, 0x6B, 0x00, 0x24, 0x00, 0x54, 0x00, 0x6B,
	0x00, 0x82, 0x00, 0x00, 0x25, 0x37, 0x36, 0x37, 0x36, 0x37, 0x36, 0x37,
	0x36, 0x37, 0x36, 0x35, 0x34, 0x27, 0x26, 0x27, 0x26, 0x27, 0x26, 0x22,
	0x07, 0x06, 0x07, 0x06, 0x07, 0x06, 0x15, 0x14, 0x17, 0x16, 0x17, 0x16,
	0x17, 0x16, 0x17, 0x16, 0x1F, 0x01, 0x06, 0x07, 0x06, 0x22, 0x27, 0x26,
	0x2F, 0x01, 0x26, 0x27, 0x26, 0x27, 0x26, 0x27, 0x26, 0x27, 0x26, 0x27,
	0x26, 0x35, 0x34, 0x37, 0x36, 0x37, 0x36, 0x37, 0x36, 0x32, 0x17, 0x16,
	0x17, 0x16, 0x17, 0x16, 0x15, 0x14, 0x07, 0x06, 0x07, 0x06, 0x07, 0x06,
	0x07, 0x06, 0x07, 0x06, 0x07, 0x03, 0x32, 0x37, 0x36, 0x37, 0x36, 0x35,
	0x34, 0x27, 0x26, 0x27, 0x26, 0x22, 0x07, 0x06, 0x07, 0x06, 0x15, 0x14,
	0x17, 0x16, 0x17, 0x16, 0x17, 0x22, 0x27, 0x26, 0x27, 0x26, 0x35, 0x34,
	0x37, 0x36, 0x37, 0x36, 0x32, 0x17, 0x16, 0x17, 0x16, 0x15, 0x14, 0x07,
	0x06, 0x07, 0x06, 0x02, 0x00, 0x05, 0x41, 0x1F, 0x31, 0x1E, 0x24, 0x13,
	0x0A, 0x06, 0x05, 0x15, 0x14, 0x25, 0x23, 0x2D, 0x2F, 0x66, 0x2F, 0x2D,
	0x23, 0x25, 0x14, 0x15, 0x05, 0x06, 0x0A, 0x13, 0x24, 0x1E, 0x31, 0x1F,
	0x41, 0x24, 0x06, 0x08, 0x08, 0x12, 0x08, 0x08, 0x06, 0x23, 0x33, 0x17,
	0x28, 0x1D, 0x23, 0x19, 0x1C, 0x11, 0x0D, 0x07, 0x07, 0x1B, 0x1B, 0x31,
	0x2F, 0x3C, 0x3F, 0x88, 0x3F, 0x3C, 0x2F, 0x31, 0x1B, 0x1B, 0x07, 0x07,
	0x0D, 0x11, 0x1C, 0x19, 0x23, 0x1D, 0x28, 0x17, 0x33, 0x42, 0x17, 0x14,
	0x13, 0x0C, 0x0B, 0x0B, 0x0C, 0x13, 0x14, 0x2E, 0x14, 0x13, 0x0C, 0x0B,
	0x0B, 0x0C, 0x13, 0x14, 0x17, 0x2E, 0x28, 0x27, 0x16, 0x18, 0x18, 0x16,
	0x27, 0x28, 0x5C, 0x28, 0x27, 0x16, 0x18, 0x18, 0x16, 0x27, 0x28, 0x7D,
	0x05, 0x43, 0x22, 0x35, 0x2A, 0x32, 0x2E, 0x1A, 0x19, 0x1A, 0x1A, 0x37,
	0x32, 0x30, 0x25, 0x23, 0x13, 0x14, 0x14, 0x13, 0x23, 0x25, 0x30, 0x32,
	0x37, 0x1A, 0x1A, 0x19, 0x1A, 0x2E, 0x32, 0x2A, 0x35, 0x22, 0x43, 0x60,
	0x06, 0x03, 0x04, 0x04, 0x03, 0x06, 0x25, 0x34, 0x18, 0x2A, 0x23, 0x2B,
	0x26, 0x2B, 0x29, 0x21, 0x21, 0x23, 0x23, 0x48, 0x42, 0x40, 0x30, 0x2F,
	0x1A, 0x1B, 0x1B, 0x1A, 0x2F, 0x30, 0x40, 0x42, 0x48, 0x23, 0x23, 0x21,
	0x21, 0x29, 0x2B, 0x26, 0x2B, 0x23, 0x2A, 0x18, 0x34, 0x01, 0x79, 0x0C,
	0x0B, 0x13, 0x14, 0x17, 0x18, 0x13, 0x14, 0x0B, 0x0C, 0x0C, 0x0B, 0x14,
	0x13, 0x18, 0x17, 0x14, 0x13, 0x0B, 0x0C, 0x55, 0x17, 0x17, 0x26, 0x28,
	0x2E, 0x2F, 0x27, 0x27, 0x17, 0x17, 0x17, 0x17, 0x27, 0x27, 0x2F, 0x2E,
	0x28, 0x26, 0x17, 0x17, 0x00, 0x05, 0x00, 0x81, 0x00, 0x40, 0x03, 0xAC,
	0x03, 0x6B, 0x00, 0x2E, 0x00, 0xB8, 0x00, 0xD1, 0x01, 0x05, 0x01, 0x09,
	0x00, 0x00, 0x01, 0x1E, 0x01, 0x0E, 0x01, 0x07, 0x06, 0x26, 0x27, 0x23,
	0x27, 0x2E, 0x01, 0x27, 0x26, 0x27, 0x22, 0x23, 0x22, 0x23, 0x06, 0x07,
	0x06, 0x07, 0x06, 0x0F, 0x01, 0x16, 0x17, 0x1E, 0x01, 0x17, 0x16, 0x33,
	0x21, 0x27, 0x23, 0x26, 0x27, 0x26, 0x37, 0x36, 0x37, 0x3E, 0x01, 0x17,
	0x16, 0x27, 0x17, 0x36, 0x37, 0x36, 0x37, 0x36, 0x17, 0x32, 0x17, 0x16,
	0x17, 0x16, 0x17, 0x35, 0x34, 0x37, 0x36, 0x37, 0x36, 0x33, 0x32, 0x17,
	0x16, 0x17, 0x16, 0x1D, 0x01, 0x14, 0x15, 0x14, 0x15, 0x14, 0x07, 0x06,
	0x07, 0x06, 0x07, 0x06, 0x07, 0x06, 0x07, 0x06, 0x07, 0x23, 0x07, 0x06,
	0x23, 0x22, 0x23, 0x21, 0x22, 0x23, 0x22, 0x23, 0x22, 0x27, 0x26, 0x27,
	0x26, 0x27, 0x26, 0x27, 0x26, 0x27, 0x26, 0x27, 0x3C, 0x01, 0x3D, 0x01,
	0x27, 0x26, 0x35, 0x34, 0x35, 0x11, 0x34, 0x35, 0x34, 0x35, 0x34, 0x37,
	0x36, 0x37, 0x36, 0x37, 0x36, 0x37, 0x36, 0x37, 0x36, 0x33, 0x32, 0x33,
	0x32, 0x3B, 0x01, 0x32, 0x17, 0x16, 0x17, 0x16, 0x15, 0x14, 0x07, 0x06,
	0x07, 0x06, 0x2B, 0x01, 0x22, 0x07, 0x06, 0x07, 0x0E, 0x01, 0x07, 0x06,
	0x07, 0x06, 0x15, 0x11, 0x37, 0x36, 0x37, 0x36, 0x37, 0x36, 0x37, 0x36,
	0x32, 0x17, 0x16, 0x17, 0x16, 0x17, 0x16, 0x17, 0x06, 0x07, 0x06, 0x07,
	0x17, 0x3E, 0x01, 0x37, 0x36, 0x37, 0x36, 0x35, 0x27, 0x26, 0x27, 0x26,
	0x27, 0x26, 0x27, 0x22, 0x23, 0x22, 0x23, 0x06, 0x13, 0x15, 0x14, 0x07,
	0x06, 0x07, 0x06, 0x22, 0x27, 0x26, 0x27, 0x26, 0x3D, 0x01, 0x23, 0x22,
	0x27, 0x26, 0x27, 0x26, 0x34, 0x37, 0x36, 0x37, 0x36, 0x3B, 0x01, 0x35,
	0x34, 0x37, 0x36, 0x37, 0x36, 0x32, 0x17, 0x16, 0x17, 0x16, 0x1D, 0x01,
	0x33, 0x32, 0x17, 0x16, 0x17, 0x16, 0x14, 0x07, 0x06, 0x07, 0x06, 0x2B,
	0x02, 0x35, 0x33, 0x02, 0x7F, 0x08, 0x06, 0x06, 0x10, 0x0C, 0x0A, 0x16,
	0x08, 0x01, 0x49, 0x1B, 0x14, 0x06, 0x03, 0x03, 0x03, 0x04, 0x03, 0x03,
	0x04, 0x03, 0x06, 0x09, 0x0B, 0x1B, 0x99, 0x03, 0x05, 0x04, 0x0A, 0x0D,
	0x0E, 0x26, 0x01, 0x72, 0x62, 0x01, 0x08, 0x03, 0x02, 0x02, 0x03, 0x09,
	0x08, 0x16, 0x0A, 0x0B, 0x41, 0x2C, 0x15, 0x0E, 0x14, 0x12, 0x13, 0x15,
	0x14, 0x13, 0x0D, 0x0D, 0x0B, 0x0D, 0x05, 0x06, 0x0A, 0x0A, 0x0B, 0x0C,
	0x0A, 0x0A, 0x05, 0x06, 0x02, 0x03, 0x09, 0x09, 0x0E, 0x0F, 0x12, 0x0A,
	0x0C, 0x09, 0x0D, 0x02, 0x0B, 0x09, 0x15, 0x0B, 0x0A, 0xFE, 0x66, 0x03,
	0x05, 0x06, 0x03, 0x20, 0x12, 0x19, 0x11, 0x12, 0x0F, 0x0E, 0x09, 0x05,
	0x03, 0x02, 0x02, 0x01, 0x01, 0x02, 0x03, 0x09, 0x09, 0x0E, 0x0F, 0x12,
	0x11, 0x19, 0x12, 0x20, 0x03, 0x06, 0x05, 0x03, 0xA2, 0x0C, 0x0A, 0x0A,
	0x05, 0x06, 0x06, 0x05, 0x0A, 0x0A, 0x0C, 0xA2, 0x26, 0x0E, 0x0D, 0x05,
	0x06, 0x0A, 0x03, 0x03, 0x01, 0x01, 0x64, 0x17, 0x06, 0x10, 0x0C, 0x0F,
	0x0F, 0x13, 0x28, 0x14, 0x0E, 0x0F, 0x0D, 0x10, 0x06, 0xA4, 0x05, 0x07,
	0x08, 0x12, 0x7A, 0x04, 0x08, 0x03, 0x03, 0x01, 0x01, 0x18, 0x1B, 0x0B,
	0x09, 0x06, 0x03, 0x04, 0x03, 0x04, 0x03, 0x03, 0x04, 0x65, 0x06, 0x06,
	0x09, 0x0A, 0x18, 0x0A, 0x09, 0x06, 0x06, 0x55, 0x0C, 0x0A, 0x09, 0x06,
	0x06, 0x06, 0x06, 0x09, 0x0A, 0x0C, 0x55, 0x06, 0x06, 0x09, 0x0A, 0x18,
	0x0A, 0x09, 0x06, 0x06, 0x55, 0x0C, 0x0A, 0x09, 0x06, 0x06, 0x06, 0x06,
	0x09, 0x0A, 0x0C, 0x55, 0x56, 0x56, 0x01, 0x36, 0x08, 0x16, 0x16, 0x10,
	0x03, 0x03, 0x06, 0x08, 0x48, 0x1B, 0x12, 0x01, 0x01, 0x01, 0x01, 0x01,
	0x01, 0x09, 0x09, 0x1B, 0x99, 0x05, 0x04, 0x03, 0x06, 0x01, 0x01, 0x65,
	0x08, 0x0B, 0x0B, 0x0B, 0x0B, 0x08, 0x08, 0x06, 0x03, 0x03, 0x41, 0x2B,
	0x16, 0x0A, 0x0F, 0x05, 0x07, 0x01, 0x06, 0x05, 0x08, 0x08, 0x0B, 0x2D,
	0x0C, 0x0A, 0x0A, 0x05, 0x06, 0x06, 0x05, 0x0A, 0x0A, 0x0C, 0xA2, 0x03,
	0x05, 0x06, 0x03, 0x20, 0x12, 0x19, 0x11, 0x12, 0x0F, 0x0E, 0x09, 0x05,
	0x03, 0x03, 0x01, 0x01, 0x01, 0x02, 0x03, 0x09, 0x09, 0x0E, 0x0F, 0x12,
	0x09, 0x0B, 0x0A, 0x0B, 0x01, 0x01, 0x01, 0x01, 0x0B, 0x09, 0x16, 0x0B,
	0x0B, 0x01, 0x9A, 0x03, 0x05, 0x06, 0x03, 0x20, 0x12, 0x19, 0x11, 0x12,
	0x0F, 0x0E, 0x09, 0x09, 0x03, 0x02, 0x06, 0x05, 0x0A, 0x0A, 0x0C, 0x0B,
	0x0A, 0x0A, 0x06, 0x05, 0x01, 0x01, 0x03, 0x03, 0x0A, 0x06, 0x05, 0x0D,
	0x0E, 0x26, 0xFE, 0x8E, 0x64, 0x16, 0x06, 0x0F, 0x08, 0x0B, 0x05, 0x06,
	0x06, 0x05, 0x0B, 0x08, 0x0F, 0x06, 0x5E, 0x01, 0x06, 0x07, 0x11, 0x7C,
	0x03, 0x08, 0x06, 0x05, 0x0C, 0x0D, 0x24, 0x18, 0x1C, 0x09, 0x09, 0x02,
	0x01, 0x01, 0x01, 0x01, 0x5D, 0x55, 0x0C, 0x0A, 0x09, 0x06, 0x06, 0x06,
	0x06, 0x09, 0x0A, 0x0C, 0x55, 0x06, 0x06, 0x09, 0x0A, 0x18, 0x0A, 0x09,
	0x06, 0x06, 0x55, 0x0C, 0x0A, 0x09, 0x06, 0x06, 0x06, 0x06, 0x09, 0x0A,
	0x0C, 0x55, 0x06, 0x06, 0x09, 0x0A, 0x18, 0x0A, 0x09, 0x06, 0x06, 0x56,
	0x00, 0x04, 0x01, 0x00, 0x00, 0x6B, 0x03, 0x55, 0x03, 0x6B, 0x00, 0x1C,
	0x00, 0x4C, 0x00, 0x6A, 0x00, 0x6D, 0x00, 0x00, 0x01, 0x16, 0x17, 0x16,
	0x17, 0x16, 0x15, 0x16, 0x14, 0x07, 0x14, 0x07, 0x06, 0x07, 0x0E, 0x01,
	0x07, 0x06, 0x07, 0x0E, 0x01, 0x2B, 0x01, 0x35, 0x27, 0x33, 0x32, 0x17,
	0x16, 0x03, 0x14, 0x07, 0x06, 0x07, 0x06, 0x07, 0x06, 0x07, 0x06, 0x07,
	0x06, 0x23, 0x21, 0x22, 0x27, 0x26, 0x27, 0x26, 0x27, 0x26, 0x27, 0x26,
	0x27, 0x26, 0x35, 0x11, 0x34, 0x37, 0x36, 0x37, 0x36, 0x37, 0x36, 0x37,
	0x36, 0x37, 0x36, 0x3B, 0x01, 0x15, 0x14, 0x17, 0x16, 0x17, 0x16, 0x3B,
	0x01, 0x03, 0x3E, 0x01, 0x33, 0x32, 0x16, 0x17, 0x16, 0x17, 0x16, 0x17,
	0x16, 0x17, 0x16, 0x1D, 0x01, 0x27, 0x23, 0x35, 0x34, 0x37, 0x36, 0x37,
	0x36, 0x37, 0x36, 0x37, 0x36, 0x37, 0x36, 0x17, 0x23, 0x35, 0x03, 0x49,
	0x03, 0x02, 0x03, 0x01, 0x02, 0x01, 0x01, 0x02, 0x01, 0x03, 0x02, 0x06,
	0x04, 0x03, 0x04, 0x04, 0x08, 0x04, 0x2B, 0x3C, 0x67, 0x08, 0x08, 0x08,
	0x43, 0x01, 0x01, 0x03, 0x03, 0x04, 0x05, 0x06, 0x06, 0x0C, 0x0F, 0x26,
	0xFE, 0xBC, 0x26, 0x0F, 0x0C, 0x06, 0x06, 0x05, 0x04, 0x03, 0x03, 0x01,
	0x01, 0x01, 0x01, 0x03, 0x03, 0x04, 0x05, 0x06, 0x06, 0x0C, 0x0F, 0x26,
	0xA2, 0x0C, 0x0B, 0x13, 0x14, 0x17, 0xAB, 0xE6, 0x04, 0x08, 0x05, 0x04,
	0x08, 0x04, 0x04, 0x03, 0x04, 0x03, 0x06, 0x03, 0x03, 0x3C, 0x19, 0x01,
	0x01, 0x01, 0x02, 0x02, 0x02, 0x03, 0x04, 0x03, 0x04, 0xAD, 0x6F, 0x02,
	0x5E, 0x03, 0x03, 0x04, 0x04, 0x03, 0x05, 0x04, 0x08, 0x04, 0x05, 0x03,
	0x04, 0x04, 0x03, 0x06, 0x03, 0x02, 0x01, 0x02, 0x02, 0x19, 0x3D, 0x04,
	0x03, 0xFE, 0x65, 0x27, 0x0E, 0x0D, 0x05, 0x06, 0x05, 0x05, 0x03, 0x02,
	0x01, 0x01, 0x01, 0x01, 0x02, 0x03, 0x05, 0x05, 0x06, 0x05, 0x0D, 0x0E,
	0x27, 0x01, 0xEE, 0x27, 0x0E, 0x0D, 0x05, 0x06, 0x05, 0x05, 0x03, 0x02,
	0x01, 0x01, 0xAA, 0x18, 0x13, 0x14, 0x0B, 0x0C, 0x01, 0x52, 0x02, 0x02,
	0x02, 0x02, 0x01, 0x02, 0x03, 0x03, 0x06, 0x07, 0x08, 0x09, 0x67, 0x3C,
	0x2B, 0x04, 0x04, 0x05, 0x03, 0x04, 0x04, 0x03, 0x03, 0x03, 0x03, 0x02,
	0xFB, 0x6E, 0x00, 0x00, 0x00, 0x03, 0x00, 0xAB, 0x00, 0x15, 0x03, 0xAB,
	0x03, 0x6B, 0x00, 0x53, 0x00, 0xCE, 0x00, 0xD5, 0x00, 0x00, 0x25, 0x35,
	0x34, 0x37, 0x3E, 0x01, 0x33, 0x32, 0x16, 0x17, 0x16, 0x1D, 0x01, 0x37,
	0x36, 0x37, 0x36, 0x17, 0x16, 0x17, 0x16, 0x17, 0x16, 0x15, 0x14, 0x07,
	0x06, 0x0F, 0x01, 0x06, 0x07, 0x06, 0x07, 0x0E, 0x01, 0x23, 0x22, 0x26,
	0x27, 0x26, 0x27, 0x26, 0x27, 0x26, 0x27, 0x26, 0x27, 0x26, 0x37, 0x36,
	0x3F, 0x01, 0x17, 0x16, 0x17, 0x16, 0x07, 0x0E, 0x01, 0x07, 0x0E, 0x01,
	0x23, 0x22, 0x26, 0x27, 0x26, 0x27, 0x26, 0x2F, 0x01, 0x2E, 0x01, 0x35,
	0x34, 0x37, 0x36, 0x37, 0x36, 0x37, 0x36, 0x17, 0x16, 0x17, 0x01, 0x33,
	0x32, 0x16, 0x17, 0x16, 0x17, 0x16, 0x17, 0x01, 0x16, 0x17, 0x16, 0x17,
	0x16, 0x15, 0x16, 0x1D, 0x01, 0x14, 0x07, 0x06, 0x07, 0x06, 0x23, 0x22,
	0x27, 0x26, 0x27, 0x26, 0x3D, 0x01, 0x23, 0x22, 0x23, 0x26, 0x27, 0x26,
	0x27, 0x26, 0x27, 0x26, 0x27, 0x26, 0x27, 0x26, 0x35, 0x34, 0x3D, 0x01,
	0x23, 0x22, 0x07, 0x06, 0x07, 0x06, 0x07, 0x06, 0x07, 0x06, 0x07, 0x06,
	0x15, 0x11, 0x14, 0x17, 0x16, 0x17, 0x16, 0x17, 0x16, 0x17, 0x16, 0x17,
	0x16, 0x3B, 0x01, 0x32, 0x16, 0x17, 0x16, 0x14, 0x07, 0x0E, 0x01, 0x2B,
	0x01, 0x22, 0x23, 0x22, 0x23, 0x22, 0x27, 0x26, 0x27, 0x26, 0x27, 0x2E,
	0x01, 0x27, 0x26, 0x35, 0x3C, 0x01, 0x35, 0x11, 0x3C, 0x01, 0x35, 0x34,
	0x37, 0x3E, 0x01, 0x37, 0x36, 0x37, 0x36, 0x37, 0x36, 0x33, 0x32, 0x33,
	0x32, 0x01, 0x27, 0x1D, 0x01, 0x17, 0x15, 0x33, 0x03, 0x00, 0x06, 0x05,
	0x14, 0x0C, 0x0B, 0x14, 0x06, 0x05, 0x0D, 0x08, 0x0B, 0x0B, 0x0B, 0x0B,
	0x08, 0x06, 0x04, 0x03, 0x03, 0x04, 0x06, 0x55, 0x03, 0x04, 0x03, 0x04,
	0x04, 0x08, 0x04, 0x05, 0x08, 0x04, 0x04, 0x03, 0x04, 0x03, 0x02, 0x03,
	0x02, 0x02, 0x05, 0x03, 0x02, 0x09, 0x1F, 0x1E, 0x09, 0x03, 0x02, 0x05,
	0x03, 0x0C, 0x08, 0x04, 0x08, 0x04, 0x05, 0x08, 0x04, 0x03, 0x04, 0x03,
	0x04, 0x55, 0x06, 0x06, 0x03, 0x03, 0x06, 0x08, 0x0C, 0x0A, 0x0B, 0x0B,
	0x09, 0xFE, 0x6A, 0xCD, 0x04, 0x08, 0x04, 0x04, 0x03, 0x04, 0x03, 0x01,
	0x00, 0x03, 0x02, 0x03, 0x01, 0x02, 0x01, 0x05, 0x06, 0x0A, 0x0A, 0x0B,
	0x0C, 0x0A, 0x0A, 0x05, 0x06, 0x91, 0x12, 0x03, 0x0C, 0x0A, 0x0C, 0x09,
	0x0C, 0x0A, 0x0A, 0x06, 0x05, 0x02, 0x02, 0xA2, 0x26, 0x0F, 0x0C, 0x06,
	0x06, 0x05, 0x04, 0x03, 0x03, 0x01, 0x01, 0x01, 0x01, 0x03, 0x03, 0x04,
	0x05, 0x06, 0x06, 0x0C, 0x0F, 0x26, 0xF7, 0x0C, 0x14, 0x05, 0x06, 0x06,
	0x05, 0x14, 0x0C, 0xF7, 0x03, 0x06, 0x05, 0x03, 0x21, 0x11, 0x19, 0x11,
	0x13, 0x0E, 0x0E, 0x12, 0x03, 0x02, 0x02, 0x03, 0x12, 0x0E, 0x0E, 0x13,
	0x11, 0x19, 0x11, 0x21, 0x03, 0x05, 0x06, 0x01, 0x69, 0x6F, 0x01, 0x17,
	0xA7, 0x99, 0x0C, 0x0A, 0x09, 0x0C, 0x0C, 0x09, 0x0A, 0x0C, 0x99, 0x0D,
	0x08, 0x03, 0x02, 0x02, 0x03, 0x08, 0x07, 0x08, 0x07, 0x09, 0x08, 0x08,
	0x08, 0x06, 0x55, 0x03, 0x03, 0x02, 0x01, 0x02, 0x02, 0x02, 0x02, 0x01,
	0x03, 0x02, 0x03, 0x03, 0x03, 0x04, 0x04, 0x0B, 0x0D, 0x0D, 0x09, 0x1E,
	0x1E, 0x09, 0x0D, 0x0D, 0x0B, 0x08, 0x0C, 0x03, 0x02, 0x02, 0x02, 0x02,
	0x01, 0x02, 0x03, 0x03, 0x55, 0x06, 0x10, 0x08, 0x09, 0x07, 0x08, 0x07,
	0x08, 0x03, 0x02, 0x02, 0x03, 0x08, 0x02, 0xB7, 0x02, 0x02, 0x01, 0x02,
	0x03, 0x03, 0xFF, 0x00, 0x03, 0x03, 0x04, 0x04, 0x03, 0x05, 0x04, 0x04,
	0x55, 0x0C, 0x0A, 0x0A, 0x05, 0x06, 0x06, 0x05, 0x0A, 0x0A, 0x0C, 0x2A,
	0x01, 0x02, 0x02, 0x05, 0x06, 0x09, 0x0A, 0x0C, 0x09, 0x0D, 0x09, 0x0D,
	0x03, 0x11, 0x91, 0x01, 0x01, 0x02, 0x03, 0x05, 0x05, 0x06, 0x05, 0x0D,
	0x0E, 0x27, 0xFE, 0x12, 0x27, 0x0E, 0x0D, 0x05, 0x06, 0x05, 0x05, 0x03,
	0x02, 0x01, 0x01, 0x0C, 0x09, 0x0A, 0x18, 0x0A, 0x09, 0x0C, 0x02, 0x03,
	0x09, 0x09, 0x0F, 0x0E, 0x24, 0x19, 0x11, 0x21, 0x02, 0x0C, 0x03, 0x01,
	0xEE, 0x03, 0x0C, 0x02, 0x21, 0x11, 0x19, 0x24, 0x0E, 0x0F, 0x09, 0x09,
	0x03, 0x02, 0xFF, 0x00, 0x6E, 0x55, 0x12, 0x05, 0x02, 0x00, 0x00, 0x00,
	0x00, 0x03, 0x00, 0xAB, 0x00, 0x15, 0x03, 0xAB, 0x03, 0x6B, 0x00, 0x38,
	0x00, 0xB3, 0x00, 0xBA, 0x00, 0x00, 0x25, 0x23, 0x22, 0x27, 0x2E, 0x01,
	0x35, 0x34, 0x36, 0x37, 0x36, 0x3B, 0x01, 0x27, 0x26, 0x27, 0x26, 0x37,
	0x36, 0x37, 0x36, 0x37, 0x36, 0x33, 0x32, 0x17, 0x16, 0x1F, 0x01, 0x16,
	0x17, 0x16, 0x17, 0x1E, 0x01, 0x15, 0x14, 0x06, 0x07, 0x06, 0x07, 0x06,
	0x0F, 0x01, 0x0E, 0x01, 0x23, 0x22, 0x27, 0x26, 0x27, 0x26, 0x27, 0x26,
	0x37, 0x36, 0x37, 0x01, 0x33, 0x32, 0x16, 0x17, 0x16, 0x17, 0x16, 0x17,
	0x01, 0x16, 0x17, 0x16, 0x17, 0x16, 0x15, 0x16, 0x1D, 0x01, 0x14, 0x07,
	0x0E, 0x01, 0x23, 0x22, 0x26, 0x27, 0x26, 0x3D, 0x01, 0x23, 0x22, 0x23,
	0x26, 0x27, 0x26, 0x27, 0x26, 0x27, 0x26, 0x27, 0x26, 0x27, 0x26, 0x35,
	0x34, 0x3D, 0x01, 0x23, 0x22, 0x07, 0x06, 0x07, 0x06, 0x07, 0x06, 0x07,
	0x06, 0x07, 0x06, 0x15, 0x11, 0x14, 0x17, 0x16, 0x17, 0x16, 0x17, 0x16,
	0x17, 0x16, 0x17, 0x16, 0x33, 0x21, 0x32, 0x17, 0x16, 0x17, 0x16, 0x14,
	0x07, 0x06, 0x07, 0x06, 0x23, 0x21, 0x22, 0x23, 0x22, 0x23, 0x22, 0x27,
	0x26, 0x27, 0x26, 0x27, 0x2E, 0x01, 0x27, 0x26, 0x35, 0x3C, 0x01, 0x35,
	0x11, 0x3C, 0x01, 0x35, 0x34, 0x37, 0x3E, 0x01, 0x37, 0x36, 0x37, 0x36,
	0x37, 0x36, 0x33, 0x32, 0x33, 0x32, 0x01, 0x27, 0x1D, 0x01, 0x17, 0x15,
	0x33, 0x03, 0x19, 0x99, 0x0C, 0x0A, 0x09, 0x0C, 0x0C, 0x09, 0x0A, 0x0C,
	0x99, 0x0D, 0x08, 0x03, 0x02, 0x02, 0x03, 0x08, 0x07, 0x08, 0x07, 0x09,
	0x08, 0x08, 0x08, 0x06, 0x55, 0x03, 0x03, 0x02, 0x01, 0x02, 0x02, 0x02,
	0x02, 0x01, 0x02, 0x03, 0x03, 0x55, 0x06, 0x10, 0x08, 0x09, 0x07, 0x08,
	0x07, 0x08, 0x03, 0x02, 0x02, 0x03, 0x08, 0xFE, 0x52, 0xCD, 0x04, 0x08,
	0x04, 0x04, 0x03, 0x04, 0x03, 0x01, 0x00, 0x03, 0x02, 0x03, 0x01, 0x02,
	0x01, 0x05, 0x06, 0x14, 0x0B, 0x0C, 0x14, 0x05, 0x06, 0x91, 0x12, 0x03,
	0x0C, 0x0A, 0x0C, 0x09, 0x0C, 0x0A, 0x0A, 0x06, 0x05, 0x02, 0x02, 0xA2,
	0x26, 0x0F, 0x0C, 0x06, 0x06, 0x05, 0x04, 0x03, 0x03, 0x01, 0x01, 0x01,
	0x01, 0x03, 0x03, 0x04, 0x05, 0x06, 0x06, 0x0C, 0x0F, 0x26, 0x01, 0x22,
	0x0C, 0x0A, 0x09, 0x06, 0x06, 0x06, 0x06, 0x09, 0x0A, 0x0C, 0xFE, 0xDE,
	0x03, 0x06, 0x05, 0x03, 0x21, 0x11, 0x19, 0x11, 0x13, 0x0E, 0x0E, 0x12,
	0x03, 0x02, 0x02, 0x03, 0x12, 0x0E, 0x0E, 0x13, 0x11, 0x19, 0x11, 0x21,
	0x03, 0x05, 0x06, 0x01, 0x69, 0x6F, 0x01, 0x17, 0xC0, 0x06, 0x05, 0x14,
	0x0C, 0x0B, 0x14, 0x06, 0x05, 0x0D, 0x08, 0x0B, 0x0B, 0x0B, 0x0B, 0x08,
	0x06, 0x04, 0x03, 0x03, 0x04, 0x06, 0x55, 0x03, 0x04, 0x03, 0x04, 0x04,
	0x08, 0x04, 0x05, 0x08, 0x04, 0x03, 0x04, 0x03, 0x04, 0x55, 0x06, 0x06,
	0x03, 0x03, 0x06, 0x08, 0x0C, 0x0A, 0x0B, 0x0B, 0x09, 0x02, 0xB7, 0x02,
	0x02, 0x01, 0x02, 0x03, 0x03, 0xFF, 0x00, 0x03, 0x03, 0x04, 0x04, 0x03,
	0x05, 0x04, 0x04, 0x56, 0x0C, 0x0A, 0x09, 0x0C, 0x0C, 0x09, 0x0A, 0x0C,
	0x2B, 0x01, 0x02, 0x02, 0x05, 0x06, 0x09, 0x0A, 0x0C, 0x09, 0x0D, 0x09,
	0x0D, 0x03, 0x11, 0x91, 0x01, 0x01, 0x02, 0x03, 0x05, 0x05, 0x06, 0x05,
	0x0D, 0x0E, 0x27, 0xFE, 0x12, 0x27, 0x0E, 0x0D, 0x05, 0x06, 0x05, 0x05,
	0x03, 0x02, 0x01, 0x01, 0x06, 0x06, 0x09, 0x0A, 0x18, 0x0A, 0x09, 0x06,
	0x06, 0x02, 0x03, 0x09, 0x09, 0x0F, 0x0E, 0x24, 0x19, 0x11, 0x21, 0x02,
	0x0C, 0x03, 0x01, 0xEE, 0x03, 0x0C, 0x02, 0x21, 0x11, 0x19, 0x24, 0x0E,
	0x0F, 0x09, 0x09, 0x03, 0x02, 0xFF, 0x00, 0x6E, 0x55, 0x12, 0x05, 0x02,
	0x00, 0x04, 0x00, 0xAB, 0x00, 0x15, 0x03, 0xA9, 0x03, 0x6B, 0x00, 0x7B,
	0x00, 0x82, 0x00, 0xA9, 0x00, 0xB1, 0x00, 0x00, 0x01, 0x33, 0x32, 0x16,
	0x17, 0x16, 0x17, 0x16, 0x17, 0x01, 0x16, 0x17, 0x16, 0x17, 0x16, 0x15,
	0x16, 0x1D, 0x01, 0x14, 0x07, 0x06, 0x07, 0x06, 0x23, 0x22, 0x27, 0x26,
	0x27, 0x26, 0x35, 0x23, 0x22, 0x23, 0x26, 0x27, 0x26, 0x27, 0x26, 0x27,
	0x26, 0x27, 0x26, 0x27, 0x26, 0x35, 0x34, 0x3D, 0x01, 0x23, 0x22, 0x07,
	0x06, 0x07, 0x06, 0x07, 0x06, 0x07, 0x06, 0x07, 0x06, 0x15, 0x11, 0x14,
	0x17, 0x16, 0x17, 0x16, 0x17, 0x16, 0x17, 0x16, 0x17, 0x16, 0x3B, 0x01,
	0x32, 0x17, 0x16, 0x17, 0x16, 0x14, 0x07, 0x06, 0x07, 0x06, 0x2B, 0x01,
	0x22, 0x23, 0x22, 0x23, 0x22, 0x27, 0x26, 0x27, 0x26, 0x27, 0x2E, 0x01,
	0x27, 0x26, 0x35, 0x3C, 0x01, 0x35, 0x11, 0x3C, 0x01, 0x35, 0x34, 0x37,
	0x3E, 0x01, 0x37, 0x36, 0x37, 0x36, 0x37, 0x36, 0x33, 0x32, 0x33, 0x32,
	0x01, 0x27, 0x1D, 0x01, 0x17, 0x15, 0x33, 0x13, 0x34, 0x37, 0x36, 0x37,
	0x36, 0x3B, 0x01, 0x32, 0x17, 0x1E, 0x01, 0x15, 0x11, 0x14, 0x06, 0x07,
	0x06, 0x07, 0x06, 0x23, 0x22, 0x27, 0x26, 0x2F, 0x01, 0x07, 0x06, 0x07,
	0x06, 0x23, 0x22, 0x27, 0x26, 0x27, 0x26, 0x27, 0x26, 0x35, 0x13, 0x23,
	0x15, 0x37, 0x36, 0x32, 0x1F, 0x01, 0x01, 0x5E, 0xCD, 0x04, 0x08, 0x04,
	0x04, 0x03, 0x04, 0x03, 0x01, 0x00, 0x03, 0x02, 0x03, 0x01, 0x02, 0x01,
	0x05, 0x06, 0x0A, 0x0A, 0x0B, 0x0C, 0x0A, 0x0A, 0x05, 0x06, 0x91, 0x12,
	0x03, 0x0C, 0x0A, 0x0C, 0x09, 0x0C, 0x0A, 0x0A, 0x06, 0x05, 0x02, 0x02,
	0xA2, 0x26, 0x0F, 0x0C, 0x06, 0x06, 0x05, 0x04, 0x03, 0x03, 0x01, 0x01,
	0x01, 0x01, 0x03, 0x03, 0x04, 0x05, 0x06, 0x06, 0x0C, 0x0F, 0x26, 0xA2,
	0x0C, 0x0A, 0x09, 0x06, 0x06, 0x06, 0x06, 0x09, 0x0A, 0x0C, 0xA2, 0x03,
	0x06, 0x05, 0x03, 0x21, 0x11, 0x19, 0x11, 0x13, 0x0E, 0x0E, 0x12, 0x03,
	0x02, 0x02, 0x03, 0x12, 0x0E, 0x0E, 0x13, 0x11, 0x19, 0x11, 0x21, 0x03,
	0x05, 0x06, 0x01, 0x69, 0x6F, 0x01, 0x17, 0x11, 0x06, 0x05, 0x0A, 0x0A,
	0x0C, 0xD5, 0x0C, 0x0A, 0x09, 0x0C, 0x0C, 0x09, 0x05, 0x06, 0x05, 0x06,
	0x05, 0x06, 0x05, 0x05, 0x56, 0x56, 0x04, 0x06, 0x05, 0x05, 0x06, 0x05,
	0x06, 0x05, 0x0A, 0x05, 0x06, 0xD5, 0x80, 0x2C, 0x09, 0x16, 0x0A, 0x2B,
	0x03, 0x6B, 0x02, 0x02, 0x01, 0x02, 0x03, 0x03, 0xFF, 0x00, 0x03, 0x03,
	0x04, 0x04, 0x03, 0x05, 0x04, 0x04, 0x2B, 0x0B, 0x0A, 0x0A, 0x06, 0x05,
	0x05, 0x06, 0x0A, 0x0A, 0x0B, 0x01, 0x02, 0x02, 0x05, 0x06, 0x09, 0x0A,
	0x0C, 0x09, 0x0D, 0x09, 0x0D, 0x03, 0x11, 0x91, 0x01, 0x01, 0x02, 0x03,
	0x05, 0x05, 0x06, 0x05, 0x0D, 0x0E, 0x27, 0xFE, 0x12, 0x27, 0x0E, 0x0D,
	0x05, 0x06, 0x05, 0x05, 0x03, 0x02, 0x01, 0x01, 0x06, 0x06, 0x09, 0x0A,
	0x18, 0x0A, 0x09, 0x06, 0x06, 0x02, 0x03, 0x09, 0x09, 0x0F, 0x0E, 0x24,
	0x19, 0x11, 0x21, 0x02, 0x0C, 0x03, 0x01, 0xEE, 0x03, 0x0C, 0x02, 0x21,
	0x11, 0x19, 0x24, 0x0E, 0x0F, 0x09, 0x09, 0x03, 0x02, 0xFF, 0x00, 0x6E,
	0x55, 0x12, 0x05, 0x02, 0xFF, 0x00, 0x0B, 0x0A, 0x0A, 0x06, 0x05, 0x05,
	0x06, 0x14, 0x0B, 0xFE, 0xD5, 0x0B, 0x14, 0x06, 0x03, 0x01, 0x02, 0x02,
	0x01, 0x03, 0x2F, 0x2F, 0x03, 0x01, 0x02, 0x02, 0x01, 0x03, 0x06, 0x0A,
	0x0A, 0x0B, 0x01, 0x00, 0xB7, 0x18, 0x05, 0x05, 0x18, 0x00, 0x00, 0x00,
	0x00, 0x05, 0x00, 0xAB, 0x00, 0x15, 0x03, 0xAB, 0x03, 0x6B, 0x00, 0x0E,
	0x00, 0x36, 0x00, 0x45, 0x00, 0xC2, 0x00, 0xC9, 0x00, 0x00, 0x25, 0x07,
	0x16, 0x33, 0x32, 0x33, 0x32, 0x37, 0x36, 0x37, 0x36, 0x35, 0x34, 0x35,
	0x34, 0x37, 0x32, 0x15, 0x16, 0x17, 0x16, 0x17, 0x16, 0x15, 0x14, 0x07,
	0x06, 0x07, 0x06, 0x23, 0x22, 0x27, 0x26, 0x27, 0x26, 0x27, 0x26, 0x27,
	0x26, 0x23, 0x26, 0x35, 0x26, 0x27, 0x26, 0x35, 0x34, 0x37, 0x36, 0x37,
	0x36, 0x33, 0x32, 0x17, 0x16, 0x07, 0x37, 0x26, 0x27, 0x26, 0x23, 0x22,
	0x07, 0x06, 0x07, 0x06, 0x15, 0x14, 0x17, 0x16, 0x01, 0x33, 0x32, 0x16,
	0x17, 0x16, 0x17, 0x16, 0x17, 0x01, 0x16, 0x17, 0x16, 0x17, 0x16, 0x15,
	0x16, 0x1D, 0x01, 0x14, 0x07, 0x06, 0x07, 0x06, 0x23, 0x22, 0x27, 0x26,
	0x27, 0x26, 0x3D, 0x01, 0x23, 0x22, 0x23, 0x26, 0x27, 0x26, 0x27, 0x26,
	0x27, 0x26, 0x27, 0x26, 0x27, 0x26, 0x35, 0x34, 0x3D, 0x01, 0x23, 0x22,
	0x07, 0x06, 0x07, 0x06, 0x07, 0x06, 0x07, 0x06, 0x07, 0x06, 0x15, 0x11,
	0x14, 0x17, 0x16, 0x17, 0x16, 0x17, 0x16, 0x17, 0x16, 0x17, 0x16, 0x3B,
	0x01, 0x32, 0x17, 0x16, 0x17, 0x16, 0x14, 0x07, 0x06, 0x07, 0x06, 0x2B,
	0x01, 0x22, 0x23, 0x22, 0x23, 0x22, 0x27, 0x26, 0x27, 0x26, 0x27, 0x2E,
	0x01, 0x27, 0x26, 0x35, 0x3C, 0x01, 0x35, 0x11, 0x3C, 0x01, 0x35, 0x34,
	0x37, 0x3E, 0x01, 0x37, 0x36, 0x37, 0x36, 0x37, 0x36, 0x33, 0x32, 0x33,
	0x32, 0x01, 0x27, 0x1D, 0x01, 0x17, 0x15, 0x33, 0x03, 0x54, 0x61, 0x03,
	0x03, 0x04, 0x03, 0x17, 0x14, 0x13, 0x0C, 0x0B, 0x29, 0x01, 0x01, 0x01,
	0x14, 0x0A, 0x0C, 0x18, 0x16, 0x27, 0x28, 0x2E, 0x1E, 0x1D, 0x1B, 0x17,
	0x01, 0x02, 0x02, 0x01, 0x01, 0x01, 0x01, 0x19, 0x0E, 0x0E, 0x18, 0x16,
	0x27, 0x28, 0x2E, 0x25, 0x21, 0x20, 0xB6, 0x6E, 0x07, 0x08, 0x07, 0x08,
	0x17, 0x14, 0x13, 0x0C, 0x0B, 0x01, 0x01, 0xFE, 0xB1, 0xCD, 0x04, 0x08,
	0x04, 0x04, 0x03, 0x04, 0x03, 0x01, 0x00, 0x03, 0x02, 0x03, 0x01, 0x02,
	0x01, 0x05, 0x06, 0x0A, 0x0A, 0x0B, 0x0C, 0x0A, 0x0A, 0x05, 0x06, 0x91,
	0x12, 0x03, 0x0C, 0x0A, 0x0C, 0x09, 0x0C, 0x0A, 0x0A, 0x06, 0x05, 0x02,
	0x02, 0xA2, 0x26, 0x0F, 0x0C, 0x06, 0x06, 0x05, 0x04, 0x03, 0x03, 0x01,
	0x01, 0x01, 0x01, 0x03, 0x03, 0x04, 0x05, 0x06, 0x06, 0x0C, 0x0F, 0x26,
	0xA2, 0x0C, 0x0A, 0x09, 0x06, 0x06, 0x06, 0x06, 0x09, 0x0A, 0x0C, 0xA2,
	0x03, 0x06, 0x05, 0x03, 0x21, 0x11, 0x19, 0x11, 0x13, 0x0E, 0x0E, 0x12,
	0x03, 0x02, 0x02, 0x03, 0x12, 0x0E, 0x0E, 0x13, 0x11, 0x19, 0x11, 0x21,
	0x03, 0x05, 0x06, 0x01, 0x69, 0x6F, 0x01, 0x17, 0xCE, 0x62, 0x01, 0x0B,
	0x0C, 0x13, 0x14, 0x17, 0x03, 0x04, 0x03, 0x69, 0x01, 0x01, 0x01, 0x17,
	0x1C, 0x1D, 0x20, 0x2E, 0x28, 0x27, 0x16, 0x18, 0x0B, 0x0A, 0x12, 0x01,
	0x02, 0x01, 0x02, 0x01, 0x01, 0x01, 0x18, 0x1F, 0x20, 0x24, 0x2E, 0x28,
	0x27, 0x16, 0x18, 0x0F, 0x0F, 0xAB, 0x6E, 0x03, 0x01, 0x01, 0x0B, 0x0C,
	0x13, 0x14, 0x17, 0x08, 0x07, 0x08, 0x02, 0xC2, 0x02, 0x02, 0x01, 0x02,
	0x03, 0x03, 0xFF, 0x00, 0x03, 0x03, 0x04, 0x04, 0x03, 0x05, 0x04, 0x04,
	0x55, 0x0C, 0x0A, 0x0A, 0x05, 0x06, 0x06, 0x05, 0x0A, 0x0A, 0x0C, 0x2A,
	0x01, 0x02, 0x02, 0x05, 0x06, 0x09, 0x0A, 0x0C, 0x09, 0x0D, 0x09, 0x0D,
	0x03, 0x11, 0x91, 0x01, 0x01, 0x02, 0x03, 0x05, 0x05, 0x06, 0x05, 0x0D,
	0x0E, 0x27, 0xFE, 0x12, 0x27, 0x0E, 0x0D, 0x05, 0x06, 0x05, 0x05, 0x03,
	0x02, 0x01, 0x01, 0x06, 0x06, 0x09, 0x0A, 0x18, 0x0A, 0x09, 0x06, 0x06,
	0x02, 0x03, 0x09, 0x09, 0x0F, 0x0E, 0x24, 0x19, 0x11, 0x21, 0x02, 0x0C,
	0x03, 0x01, 0xEE, 0x03, 0x0C, 0x02, 0x21, 0x11, 0x19, 0x24, 0x0E, 0x0F,
	0x09, 0x09, 0x03, 0x02, 0xFF, 0x00, 0x6E, 0x55, 0x12, 0x05, 0x02, 0x00,
	0x00, 0x03, 0x00, 0x55, 0x00, 0x6B, 0x03, 0xAB, 0x03, 0x15, 0x00, 0x39,
	0x00, 0x42, 0x00, 0x8C, 0x00, 0x00, 0x01, 0x35, 0x23, 0x22, 0x23, 0x22,
	0x27, 0x26, 0x27, 0x26, 0x27, 0x26, 0x27, 0x26, 0x27, 0x26, 0x27, 0x34,
	0x3D, 0x01, 0x21, 0x22, 0x07, 0x06, 0x07, 0x06, 0x07, 0x06, 0x07, 0x06,
	0x07, 0x06, 0x15, 0x11, 0x14, 0x17, 0x16, 0x17, 0x16, 0x17, 0x16, 0x17,
	0x16, 0x17, 0x16, 0x33, 0x21, 0x32, 0x37, 0x36, 0x37, 0x36, 0x37, 0x36,
	0x37, 0x36, 0x37, 0x36, 0x03, 0x27, 0x1D, 0x03, 0x33, 0x17, 0x33, 0x03,
	0x32, 0x17, 0x32, 0x17, 0x16, 0x17, 0x16, 0x17, 0x01, 0x16, 0x17, 0x16,
	0x17, 0x1E, 0x01, 0x1D, 0x01, 0x14, 0x15, 0x14, 0x15, 0x14, 0x07, 0x06,
	0x07, 0x06, 0x07, 0x0E, 0x01, 0x07, 0x06, 0x23, 0x2A, 0x01, 0x23, 0x21,
	0x2A, 0x01, 0x23, 0x22, 0x27, 0x2E, 0x01, 0x27, 0x26, 0x27, 0x26, 0x27,
	0x26, 0x35, 0x34, 0x35, 0x34, 0x35, 0x11, 0x34, 0x35, 0x34, 0x35, 0x34,
	0x37, 0x36, 0x37, 0x36, 0x37, 0x3E, 0x01, 0x37, 0x36, 0x33, 0x3A, 0x01,
	0x33, 0x03, 0x55, 0x91, 0x11, 0x03, 0x0D, 0x09, 0x0D, 0x09, 0x0C, 0x0A,
	0x09, 0x06, 0x05, 0x02, 0x02, 0x01, 0xFE, 0xB4, 0x27, 0x0E, 0x0D, 0x05,
	0x06, 0x05, 0x05, 0x03, 0x02, 0x01, 0x01, 0x01, 0x01, 0x02, 0x03, 0x05,
	0x05, 0x06, 0x05, 0x0D, 0x0E, 0x27, 0x01, 0xEE, 0x27, 0x0E, 0x0D, 0x05,
	0x06, 0x05, 0x05, 0x03, 0x02, 0x01, 0x01, 0x3C, 0x6E, 0x02, 0x05, 0x12,
	0x44, 0x04, 0x04, 0x05, 0x03, 0x04, 0x04, 0x03, 0x03, 0x01, 0x00, 0x03,
	0x03, 0x02, 0x01, 0x02, 0x02, 0x02, 0x03, 0x09, 0x09, 0x0F, 0x0E, 0x24,
	0x19, 0x11, 0x21, 0x02, 0x0C, 0x03, 0xFE, 0x12, 0x03, 0x0C, 0x02, 0x21,
	0x11, 0x19, 0x24, 0x0E, 0x0F, 0x09, 0x09, 0x03, 0x02, 0x02, 0x03, 0x09,
	0x09, 0x0F, 0x0E, 0x24, 0x19, 0x11, 0x21, 0x02, 0x0C, 0x03, 0x01, 0x1E,
	0xA2, 0x02, 0x02, 0x05, 0x06, 0x0A, 0x0A, 0x0C, 0x09, 0x0C, 0x0A, 0x0C,
	0x03, 0x12, 0x91, 0x01, 0x01, 0x03, 0x03, 0x04, 0x05, 0x06, 0x06, 0x0C,
	0x0F, 0x26, 0xFE, 0xBC, 0x26, 0x0F, 0x0C, 0x06, 0x06, 0x05, 0x04, 0x03,
	0x03, 0x01, 0x01, 0x01, 0x01, 0x03, 0x03, 0x04, 0x05, 0x06, 0x06, 0x0C,
	0x0F, 0x01, 0x1D, 0x6F, 0x55, 0x13, 0x04, 0x02, 0x01, 0x01, 0x00, 0x01,
	0x02, 0x01, 0x03, 0x02, 0x03, 0xFF, 0x00, 0x03, 0x04, 0x03, 0x04, 0x04,
	0x08, 0x04, 0xCD, 0x03, 0x06, 0x05, 0x03, 0x21, 0x11, 0x19, 0x11, 0x13,
	0x0E, 0x0E, 0x12, 0x03, 0x02, 0x02, 0x03, 0x12, 0x0E, 0x0E, 0x13, 0x11,
	0x19, 0x11, 0x21, 0x03, 0x05, 0x06, 0x03, 0x01, 0x44, 0x03, 0x06, 0x05,
	0x03, 0x21, 0x11, 0x19, 0x11, 0x13, 0x0E, 0x0E, 0x12, 0x03, 0x02, 0x00,
	0x00, 0x08, 0x00, 0x55, 0x00, 0x15, 0x03, 0xAB, 0x03, 0x6B, 0x00, 0x23,
	0x00, 0x35, 0x00, 0x4B, 0x00, 0x67, 0x00, 0x83, 0x00, 0x99, 0x00, 0xAF,
	0x00, 0xC4, 0x00, 0x00, 0x25, 0x35, 0x2E, 0x01, 0x27, 0x26, 0x35, 0x34,
	0x37, 0x3E, 0x01, 0x37, 0x36, 0x32, 0x17, 0x1E, 0x01, 0x17, 0x16, 0x15,
	0x14, 0x07, 0x0E, 0x01, 0x07, 0x15, 0x14, 0x07, 0x06, 0x07, 0x06, 0x22,
	0x27, 0x26, 0x27, 0x26, 0x37, 0x35, 0x06, 0x07, 0x06, 0x22, 0x27, 0x26,
	0x27, 0x15, 0x14, 0x16, 0x17, 0x16, 0x32, 0x37, 0x3E, 0x01, 0x03, 0x35,
	0x34, 0x37, 0x36, 0x37, 0x36, 0x32, 0x17, 0x16, 0x17, 0x16, 0x1D, 0x01,
	0x14, 0x06, 0x07, 0x06, 0x22, 0x27, 0x2E, 0x01, 0x17, 0x37, 0x36, 0x37,
	0x36, 0x33, 0x32, 0x1E, 0x02, 0x15, 0x14, 0x07, 0x06, 0x0F, 0x01, 0x06,
	0x07, 0x06, 0x23, 0x22, 0x2E, 0x02, 0x35, 0x34, 0x37, 0x36, 0x05, 0x27,
	0x26, 0x27, 0x26, 0x35, 0x34, 0x3E, 0x02, 0x33, 0x32, 0x17, 0x16, 0x1F,
	0x01, 0x16, 0x17, 0x16, 0x15, 0x14, 0x0E, 0x02, 0x23, 0x22, 0x27, 0x26,
	0x07, 0x33, 0x32, 0x16, 0x17, 0x16, 0x14, 0x07, 0x0E, 0x01, 0x2B, 0x01,
	0x22, 0x27, 0x26, 0x27, 0x26, 0x34, 0x37, 0x36, 0x37, 0x36, 0x21, 0x33,
	0x32, 0x17, 0x16, 0x17, 0x16, 0x14, 0x07, 0x06, 0x07, 0x06, 0x2B, 0x01,
	0x22, 0x26, 0x27, 0x26, 0x34, 0x37, 0x3E, 0x01, 0x05, 0x32, 0x37, 0x36,
	0x37, 0x36, 0x34, 0x27, 0x26, 0x27, 0x26, 0x22, 0x07, 0x06, 0x07, 0x06,
	0x14, 0x17, 0x16, 0x17, 0x16, 0x01, 0x80, 0x26, 0x3A, 0x10, 0x10, 0x14,
	0x14, 0x46, 0x2E, 0x30, 0x68, 0x30, 0x2E, 0x46, 0x14, 0x14, 0x10, 0x10,
	0x3A, 0x26, 0x11, 0x11, 0x1D, 0x1E, 0x46, 0x1E, 0x1D, 0x11, 0x11, 0xAB,
	0x0B, 0x0A, 0x0B, 0x16, 0x0B, 0x0A, 0x0B, 0x0C, 0x09, 0x0A, 0x18, 0x0A,
	0x09, 0x0C, 0x56, 0x06, 0x06, 0x09, 0x0A, 0x18, 0x0A, 0x09, 0x06, 0x06,
	0x0C, 0x09, 0x0A, 0x18, 0x0A, 0x09, 0x0C, 0xFE, 0x1E, 0x07, 0x07, 0x08,
	0x09, 0x08, 0x10, 0x0C, 0x06, 0x03, 0x03, 0x06, 0x1E, 0x07, 0x08, 0x07,
	0x09, 0x08, 0x10, 0x0C, 0x06, 0x03, 0x03, 0xFE, 0x23, 0x1E, 0x06, 0x03,
	0x03, 0x06, 0x0C, 0x10, 0x08, 0x09, 0x08, 0x07, 0x07, 0x1E, 0x06, 0x03,
	0x03, 0x06, 0x0C, 0x10, 0x08, 0x09, 0x07, 0x08, 0x77, 0x2B, 0x0B, 0x14,
	0x06, 0x05, 0x05, 0x06, 0x14, 0x0B, 0x2B, 0x0C, 0x0A, 0x09, 0x06, 0x06,
	0x06, 0x06, 0x09, 0x0A, 0x02, 0xE1, 0x2B, 0x0C, 0x0A, 0x09, 0x06, 0x06,
	0x06, 0x06, 0x09, 0x0A, 0x0C, 0x2B, 0x0B, 0x14, 0x06, 0x05, 0x05, 0x06,
	0x14, 0xFE, 0xB6, 0x2E, 0x28, 0x27, 0x16, 0x18, 0x18, 0x16, 0x27, 0x28,
	0x5C, 0x28, 0x27, 0x16, 0x18, 0x18, 0x16, 0x27, 0x28, 0x95, 0x4D, 0x16,
	0x44, 0x2A, 0x2B, 0x2F, 0x34, 0x30, 0x2E, 0x46, 0x14, 0x14, 0x14, 0x14,
	0x46, 0x2E, 0x30, 0x34, 0x2F, 0x2B, 0x2A, 0x44, 0x16, 0x4D, 0x22, 0x1E,
	0x1D, 0x11, 0x12, 0x12, 0x11, 0x1D, 0x1E, 0x22, 0x2F, 0x02, 0x01, 0x01,
	0x01, 0x01, 0x02, 0x2F, 0x0B, 0x14, 0x05, 0x06, 0x06, 0x05, 0x14, 0x02,
	0x8B, 0x2B, 0x0C, 0x0A, 0x09, 0x06, 0x06, 0x06, 0x06, 0x09, 0x0A, 0x0C,
	0x2B, 0x0B, 0x14, 0x06, 0x05, 0x05, 0x06, 0x14, 0x3A, 0x1E, 0x06, 0x03,
	0x03, 0x06, 0x0C, 0x10, 0x08, 0x09, 0x08, 0x07, 0x07, 0x1E, 0x06, 0x03,
	0x03, 0x06, 0x0C, 0x10, 0x08, 0x09, 0x07, 0x08, 0x36, 0x1E, 0x07, 0x07,
	0x08, 0x09, 0x08, 0x10, 0x0C, 0x06, 0x03, 0x03, 0x06, 0x1E, 0x07, 0x08,
	0x07, 0x09, 0x08, 0x10, 0x0C, 0x06, 0x03, 0x03, 0xA2, 0x0C, 0x09, 0x0A,
	0x18, 0x0A, 0x09, 0x0C, 0x06, 0x06, 0x09, 0x0A, 0x18, 0x0A, 0x09, 0x06,
	0x06, 0x06, 0x06, 0x09, 0x0A, 0x18, 0x0A, 0x09, 0x06, 0x06, 0x0C, 0x09,
	0x0A, 0x18, 0x0A, 0x09, 0x0C, 0xD6, 0x18, 0x16, 0x27, 0x28, 0x5C, 0x28,
	0x27, 0x16, 0x18, 0x18, 0x16, 0x27, 0x28, 0x5C, 0x28, 0x27, 0x16, 0x18,
	0x00, 0x03, 0x00, 0x55, 0x00, 0x6B, 0x03, 0xAB, 0x03, 0x15, 0x00, 0x23,
	0x00, 0x4C, 0x00, 0x79, 0x00, 0x00, 0x01, 0x06, 0x07, 0x06, 0x22, 0x27,
	0x26, 0x27, 0x26, 0x27, 0x26, 0x27, 0x26, 0x27, 0x26, 0x27, 0x2E, 0x01,
	0x35, 0x34, 0x37, 0x36, 0x3F, 0x01, 0x17, 0x16, 0x17, 0x16, 0x15, 0x14,
	0x07, 0x06, 0x07, 0x06, 0x07, 0x06, 0x17, 0x21, 0x22, 0x27, 0x26, 0x27,
	0x26, 0x27, 0x26, 0x35, 0x34, 0x37, 0x36, 0x37, 0x36, 0x37, 0x3E, 0x01,
	0x37, 0x36, 0x32, 0x17, 0x16, 0x17, 0x16, 0x17, 0x16, 0x17, 0x16, 0x17,
	0x16, 0x17, 0x16, 0x15, 0x14, 0x07, 0x06, 0x07, 0x06, 0x07, 0x06, 0x01,
	0x14, 0x17, 0x16, 0x17, 0x16, 0x17, 0x16, 0x33, 0x21, 0x32, 0x36, 0x37,
	0x36, 0x35, 0x34, 0x27, 0x26, 0x27, 0x26, 0x27, 0x26, 0x27, 0x26, 0x27,
	0x2E, 0x01, 0x27, 0x26, 0x23, 0x22, 0x07, 0x06, 0x07, 0x06, 0x07, 0x06,
	0x07, 0x06, 0x07, 0x06, 0x07, 0x06, 0x07, 0x06, 0x02, 0x10, 0x03, 0x05,
	0x04, 0x08, 0x04, 0x05, 0x03, 0x04, 0x04, 0x03, 0x03, 0x03, 0x03, 0x02,
	0x01, 0x02, 0x02, 0x03, 0x04, 0x06, 0x1E, 0x1E, 0x06, 0x04, 0x03, 0x03,
	0x04, 0x06, 0x03, 0x03, 0x04, 0xAC, 0xFE, 0xA6, 0x37, 0x33, 0x31, 0x26,
	0x25, 0x15, 0x16, 0x1A, 0x1A, 0x2D, 0x30, 0x3D, 0x17, 0x4C, 0x30, 0x32,
	0x6A, 0x30, 0x2F, 0x26, 0x25, 0x19, 0x18, 0x08, 0x23, 0x1B, 0x1B, 0x0E,
	0x0F, 0x13, 0x12, 0x20, 0x21, 0x2A, 0x2B, 0xFD, 0xBB, 0x0E, 0x0F, 0x1A,
	0x19, 0x22, 0x23, 0x26, 0x01, 0x5A, 0x29, 0x44, 0x14, 0x14, 0x0B, 0x0C,
	0x14, 0x15, 0x19, 0x01, 0x07, 0x07, 0x0B, 0x03, 0x36, 0x2B, 0x2D, 0x34,
	0x27, 0x25, 0x24, 0x1B, 0x1C, 0x0F, 0x0B, 0x08, 0x09, 0x04, 0x2E, 0x25,
	0x22, 0x14, 0x13, 0x01, 0x03, 0x01, 0x01, 0x01, 0x01, 0x01, 0x01, 0x02,
	0x02, 0x02, 0x03, 0x04, 0x03, 0x04, 0x03, 0x04, 0x08, 0x05, 0x08, 0x08,
	0x08, 0x06, 0x1E, 0x1E, 0x06, 0x08, 0x08, 0x08, 0x09, 0x07, 0x08, 0x07,
	0x03, 0x02, 0x02, 0x9A, 0x15, 0x14, 0x26, 0x25, 0x31, 0x32, 0x38, 0x3A,
	0x36, 0x35, 0x26, 0x27, 0x0F, 0x2D, 0x46, 0x13, 0x14, 0x12, 0x12, 0x20,
	0x21, 0x2B, 0x2D, 0x32, 0x15, 0x20, 0x21, 0x27, 0x29, 0x2B, 0x2F, 0x2C,
	0x2A, 0x21, 0x20, 0x12, 0x12, 0x01, 0x0F, 0x26, 0x22, 0x22, 0x19, 0x1A,
	0x0E, 0x0F, 0x28, 0x22, 0x23, 0x28, 0x1F, 0x1D, 0x1C, 0x16, 0x15, 0x0C,
	0x0C, 0x09, 0x0A, 0x05, 0x33, 0x54, 0x18, 0x19, 0x10, 0x10, 0x1C, 0x1B,
	0x24, 0x02, 0x07, 0x07, 0x0A, 0x07, 0x1B, 0x1A, 0x26, 0x26, 0x00, 0x00,
	0x00, 0x03, 0x00, 0x55, 0x00, 0x6B, 0x03, 0xAB, 0x03, 0x15, 0x00, 0x53,
	0x00, 0x7C, 0x00, 0xA9, 0x00, 0x00, 0x01, 0x35, 0x34, 0x36, 0x37, 0x36,
	0x37, 0x3E, 0x01, 0x37, 0x3E, 0x01, 0x37, 0x3A, 0x01, 0x33, 0x16, 0x17,
	0x16, 0x17, 0x16, 0x1F, 0x01, 0x16, 0x17, 0x16, 0x15, 0x14, 0x06, 0x07,
	0x0E, 0x01, 0x27, 0x26, 0x2F, 0x01, 0x15, 0x14, 0x06, 0x07, 0x06, 0x22,
	0x27, 0x2E, 0x01, 0x3D, 0x01, 0x07, 0x06, 0x07, 0x06, 0x26, 0x27, 0x2E,
	0x01, 0x35, 0x34, 0x37, 0x36, 0x3F, 0x01, 0x36, 0x37, 0x36, 0x37, 0x36,
	0x33, 0x36, 0x32, 0x17, 0x32, 0x17, 0x16, 0x17, 0x1E, 0x01, 0x17, 0x16,
	0x17, 0x1E, 0x01, 0x1D, 0x01, 0x27, 0x13, 0x21, 0x22, 0x27, 0x26, 0x27,
	0x26, 0x27, 0x26, 0x35, 0x34, 0x37, 0x36, 0x37, 0x36, 0x37, 0x3E, 0x01,
	0x37, 0x36, 0x32, 0x17, 0x16, 0x17, 0x16, 0x17, 0x16, 0x17, 0x16, 0x17,
	0x16, 0x17, 0x16, 0x15, 0x14, 0x07, 0x06, 0x07, 0x06, 0x07, 0x06, 0x01,
	0x14, 0x17, 0x16, 0x17, 0x16, 0x17, 0x16, 0x33, 0x21, 0x32, 0x36, 0x37,
	0x36, 0x35, 0x34, 0x27, 0x26, 0x27, 0x26, 0x27, 0x26, 0x27, 0x26, 0x27,
	0x2E, 0x01, 0x27, 0x26, 0x23, 0x22, 0x07, 0x06, 0x07, 0x06, 0x07, 0x06,
	0x07, 0x06, 0x07, 0x06, 0x07, 0x06, 0x07, 0x06, 0x01, 0xD5, 0x02, 0x02,
	0x01, 0x02, 0x03, 0x06, 0x03, 0x04, 0x08, 0x04, 0x04, 0x08, 0x04, 0x04,
	0x04, 0x04, 0x04, 0x03, 0x03, 0x56, 0x06, 0x03, 0x03, 0x06, 0x06, 0x09,
	0x16, 0x0A, 0x0C, 0x08, 0x0C, 0x0C, 0x09, 0x0A, 0x18, 0x0A, 0x09, 0x0C,
	0x0C, 0x08, 0x0C, 0x0A, 0x16, 0x09, 0x06, 0x06, 0x03, 0x03, 0x06, 0x56,
	0x03, 0x03, 0x04, 0x04, 0x03, 0x05, 0x04, 0x08, 0x04, 0x05, 0x03, 0x04,
	0x04, 0x03, 0x06, 0x03, 0x02, 0x01, 0x02, 0x02, 0x2B, 0xC0, 0xFE, 0xA6,
	0x37, 0x33, 0x31, 0x26, 0x25, 0x15, 0x16, 0x1A, 0x1A, 0x2D, 0x30, 0x3D,
	0x17, 0x4C, 0x30, 0x32, 0x6A, 0x30, 0x2F, 0x26, 0x25, 0x19, 0x18, 0x08,
	0x23, 0x1B, 0x1B, 0x0E, 0x0F, 0x13, 0x12, 0x20, 0x21, 0x2A, 0x2B, 0xFD,
	0xBB, 0x0E, 0x0F, 0x1A, 0x19, 0x22, 0x23, 0x26, 0x01, 0x5A, 0x29, 0x44,
	0x14, 0x14, 0x0B, 0x0C, 0x14, 0x15, 0x19, 0x01, 0x07, 0x07, 0x0B, 0x03,
	0x36, 0x2B, 0x2D, 0x34, 0x27, 0x25, 0x24, 0x1B, 0x1C, 0x0F, 0x0B, 0x08,
	0x09, 0x04, 0x2E, 0x25, 0x22, 0x14, 0x13, 0x01, 0xC4, 0x67, 0x04, 0x08,
	0x04, 0x04, 0x03, 0x04, 0x06, 0x02, 0x02, 0x04, 0x01, 0x01, 0x02, 0x01,
	0x03, 0x02, 0x03, 0x55, 0x07, 0x08, 0x07, 0x09, 0x08, 0x10, 0x06, 0x08,
	0x06, 0x03, 0x03, 0x08, 0x0D, 0x99, 0x0C, 0x14, 0x05, 0x06, 0x06, 0x05,
	0x14, 0x0C, 0x99, 0x0D, 0x08, 0x03, 0x03, 0x06, 0x08, 0x06, 0x10, 0x08,
	0x09, 0x07, 0x08, 0x07, 0x55, 0x03, 0x02, 0x03, 0x01, 0x02, 0x01, 0x01,
	0x02, 0x01, 0x03, 0x02, 0x06, 0x04, 0x03, 0x04, 0x04, 0x08, 0x04, 0x67,
	0x2A, 0xFE, 0x7D, 0x15, 0x14, 0x26, 0x25, 0x31, 0x32, 0x38, 0x3A, 0x36,
	0x35, 0x26, 0x27, 0x0F, 0x2D, 0x46, 0x13, 0x14, 0x12, 0x12, 0x20, 0x21,
	0x2B, 0x2D, 0x32, 0x15, 0x20, 0x21, 0x27, 0x29, 0x2B, 0x2F, 0x2C, 0x2A,
	0x21, 0x20, 0x12, 0x12, 0x01, 0x0F, 0x26, 0x22, 0x22, 0x19, 0x1A, 0x0E,
	0x0F, 0x28, 0x22, 0x23, 0x28, 0x1F, 0x1D, 0x1C, 0x16, 0x15, 0x0C, 0x0C,
	0x09, 0x0A, 0x05, 0x33, 0x54, 0x18, 0x19, 0x10, 0x10, 0x1C, 0x1B, 0x24,
	0x02, 0x07, 0x07, 0x0A, 0x07, 0x1B, 0x1A, 0x26, 0x26, 0x00, 0x00, 0x00,
	0x00, 0x03, 0x00, 0x55, 0x00, 0x6B, 0x03, 0xAB, 0x03, 0x15, 0x00, 0x26,
	0x00, 0x4F, 0x00, 0x7C, 0x00, 0x00, 0x01, 0x26, 0x27, 0x26, 0x35, 0x34,
	0x37, 0x36, 0x37, 0x3E, 0x01, 0x17, 0x16, 0x1F, 0x01, 0x37, 0x36, 0x37,
	0x36, 0x33, 0x32, 0x17, 0x16, 0x17, 0x16, 0x17, 0x16, 0x15, 0x14, 0x07,
	0x06, 0x0F, 0x01, 0x06, 0x07, 0x06, 0x22, 0x26, 0x27, 0x07, 0x22, 0x27,
	0x26, 0x27, 0x26, 0x27, 0x26, 0x35, 0x34, 0x37, 0x36, 0x37, 0x36, 0x37,
	0x3E, 0x01, 0x37, 0x36, 0x32, 0x17, 0x16, 0x17, 0x16, 0x17, 0x16, 0x17,
	0x16, 0x17, 0x16, 0x17, 0x16, 0x15, 0x14, 0x07, 0x06, 0x07, 0x06, 0x07,
	0x06, 0x23, 0x25, 0x21, 0x32, 0x36, 0x37, 0x36, 0x35, 0x34, 0x27, 0x26,
	0x27, 0x26, 0x27, 0x26, 0x27, 0x26, 0x27, 0x2E, 0x01, 0x27, 0x26, 0x23,
	0x22, 0x07, 0x06, 0x07, 0x06, 0x07, 0x06, 0x07, 0x06, 0x07, 0x06, 0x07,
	0x06, 0x07, 0x06, 0x15, 0x14, 0x17, 0x16, 0x17, 0x16, 0x17, 0x16, 0x01,
	0x62, 0x06, 0x03, 0x04, 0x03, 0x03, 0x06, 0x08, 0x16, 0x0B, 0x0B, 0x09,
	0x31, 0x93, 0x07, 0x07, 0x08, 0x08, 0x09, 0x07, 0x09, 0x06, 0x06, 0x03,
	0x03, 0x04, 0x03, 0x06, 0xB2, 0x06, 0x08, 0x07, 0x10, 0x10, 0x06, 0x4B,
	0x37, 0x33, 0x31, 0x26, 0x25, 0x15, 0x16, 0x1A, 0x1A, 0x2D, 0x30, 0x3D,
	0x17, 0x4C, 0x30, 0x32, 0x6A, 0x30, 0x2F, 0x26, 0x25, 0x19, 0x18, 0x08,
	0x23, 0x1B, 0x1B, 0x0E, 0x0F, 0x13, 0x12, 0x20, 0x21, 0x2A, 0x2B, 0x30,
	0xFE, 0xA6, 0x01, 0x5A, 0x29, 0x44, 0x14, 0x14, 0x0B, 0x0C, 0x14, 0x15,
	0x19, 0x01, 0x07, 0x07, 0x0B, 0x03, 0x36, 0x2B, 0x2D, 0x34, 0x27, 0x25,
	0x24, 0x1B, 0x1C, 0x0F, 0x0B, 0x08, 0x09, 0x04, 0x2E, 0x25, 0x22, 0x14,
	0x13, 0x0E, 0x0F, 0x1A, 0x19, 0x22, 0x23, 0x01, 0x6D, 0x06, 0x08, 0x08,
	0x09, 0x08, 0x08, 0x07, 0x06, 0x09, 0x06, 0x03, 0x02, 0x08, 0x30, 0x8E,
	0x06, 0x03, 0x03, 0x03, 0x03, 0x07, 0x06, 0x08, 0x07, 0x08, 0x09, 0x08,
	0x08, 0x06, 0xAB, 0x06, 0x03, 0x03, 0x06, 0x06, 0xB6, 0x15, 0x14, 0x26,
	0x25, 0x31, 0x32, 0x38, 0x3A, 0x36, 0x35, 0x26, 0x27, 0x0F, 0x2D, 0x46,
	0x13, 0x14, 0x12, 0x12, 0x20, 0x21, 0x2B, 0x2D, 0x32, 0x15, 0x20, 0x21,
	0x27, 0x29, 0x2B, 0x2F, 0x2C, 0x2A, 0x21, 0x20, 0x12, 0x12, 0x55, 0x28,
	0x22, 0x23, 0x28, 0x1F, 0x1D, 0x1C, 0x16, 0x15, 0x0C, 0x0C, 0x09, 0x0A,
	0x05, 0x33, 0x54, 0x18, 0x19, 0x10, 0x10, 0x1C, 0x1B, 0x24, 0x02, 0x07,
	0x07, 0x0A, 0x07, 0x1B, 0x1A, 0x26, 0x26, 0x29, 0x26, 0x22, 0x22, 0x19,
	0x1A, 0x0E, 0x0F, 0x00, 0x00, 0x03, 0x00, 0x55, 0x00, 0x6B, 0x03, 0xAB,
	0x03, 0x15, 0x00, 0x15, 0x00, 0x3E, 0x00, 0x6B, 0x00, 0x00, 0x01, 0x22,
	0x27, 0x2E, 0x01, 0x35, 0x34, 0x36, 0x37, 0x36, 0x33, 0x21, 0x32, 0x17,
	0x1E, 0x01, 0x15, 0x14, 0x06, 0x07, 0x06, 0x23, 0x01, 0x22, 0x27, 0x26,
	0x27, 0x26, 0x27, 0x26, 0x35, 0x34, 0x37, 0x36, 0x37, 0x36, 0x37, 0x3E,
	0x01, 0x37, 0x36, 0x32, 0x17, 0x16, 0x17, 0x16, 0x17, 0x16, 0x17, 0x16,
	0x17, 0x16, 0x17, 0x16, 0x15, 0x14, 0x07, 0x06, 0x07, 0x06, 0x07, 0x06,
	0x23, 0x25, 0x21, 0x32, 0x36, 0x37, 0x36, 0x35, 0x34, 0x27, 0x26, 0x27,
	0x26, 0x27, 0x26, 0x27, 0x26, 0x27, 0x2E, 0x01, 0x27, 0x26, 0x23, 0x22,
	0x07, 0x06, 0x07, 0x06, 0x07, 0x06, 0x07, 0x06, 0x07, 0x06, 0x07, 0x06,
	0x07, 0x06, 0x15, 0x14, 0x17, 0x16, 0x17, 0x16, 0x17, 0x16, 0x01, 0x80,
	0x0C, 0x0A, 0x09, 0x0C, 0x0C, 0x09, 0x0A, 0x0C, 0x01, 0x00, 0x0C, 0x0A,
	0x09, 0x0C, 0x0C, 0x09, 0x0A, 0x0C, 0xFE, 0xE6, 0x37, 0x33, 0x31, 0x26,
	0x25, 0x15, 0x16, 0x1A, 0x1A, 0x2D, 0x30, 0x3D, 0x17, 0x4C, 0x30, 0x32,
	0x6A, 0x30, 0x2F, 0x26, 0x25, 0x19, 0x18, 0x08, 0x23, 0x1B, 0x1B, 0x0E,
	0x0F, 0x13, 0x12, 0x20, 0x21, 0x2A, 0x2B, 0x30, 0xFE, 0xA6, 0x01, 0x5A,
	0x29, 0x44, 0x14, 0x14, 0x0B, 0x0C, 0x14, 0x15, 0x19, 0x01, 0x07, 0x07,
	0x0B, 0x03, 0x36, 0x2B, 0x2D, 0x34, 0x27, 0x25, 0x24, 0x1B, 0x1C, 0x0F,
	0x0B, 0x08, 0x09, 0x04, 0x2E, 0x25, 0x22, 0x14, 0x13, 0x0E, 0x0F, 0x1A,
	0x19, 0x22, 0x23, 0x01, 0x6B, 0x05, 0x06, 0x14, 0x0B, 0x0C, 0x14, 0x05,
	0x06, 0x06, 0x05, 0x14, 0x0C, 0x0B, 0x14, 0x06, 0x05, 0xFF, 0x00, 0x15,
	0x14, 0x26, 0x25, 0x31, 0x32, 0x38, 0x3A, 0x36, 0x35, 0x26, 0x27, 0x0F,
	0x2D, 0x46, 0x13, 0x14, 0x12, 0x12, 0x20, 0x21, 0x2B, 0x2D, 0x32, 0x15,
	0x20, 0x21, 0x27, 0x29, 0x2B, 0x2F, 0x2C, 0x2A, 0x21, 0x20, 0x12, 0x12,
	0x55, 0x28, 0x22, 0x23, 0x28, 0x1F, 0x1D, 0x1C, 0x16, 0x15, 0x0C, 0x0C,
	0x09, 0x0A, 0x05, 0x33, 0x54, 0x18, 0x19, 0x10, 0x10, 0x1C, 0x1B, 0x24,
	0x02, 0x07, 0x07, 0x0A, 0x07, 0x1B, 0x1A, 0x26, 0x26, 0x29, 0x26, 0x22,
	0x22, 0x19, 0x1A, 0x0E, 0x0F, 0x00, 0x00, 0x00, 0x00, 0x07, 0x00, 0x2B,
	0x00, 0x15, 0x03, 0xD5, 0x03, 0x6B, 0x00, 0x5B, 0x00, 0x5F, 0x00, 0x79,
	0x00, 0x93, 0x00, 0xAB, 0x00, 0xC2, 0x00, 0xDA, 0x00, 0x00, 0x01, 0x23,
	0x22, 0x27, 0x26, 0x2F, 0x01, 0x34, 0x35, 0x27, 0x23, 0x22, 0x26, 0x27,
	0x26, 0x34, 0x37, 0x3E, 0x01, 0x3B, 0x01, 0x32, 0x17, 0x16, 0x1F, 0x01,
	0x21, 0x32, 0x17, 0x16, 0x17, 0x16, 0x17, 0x16, 0x15, 0x1C, 0x01, 0x07,
	0x03, 0x0E, 0x01, 0x23, 0x21, 0x17, 0x21, 0x32, 0x17, 0x1E, 0x01, 0x15,
	0x14, 0x06, 0x07, 0x06, 0x23, 0x21, 0x22, 0x26, 0x2F, 0x01, 0x34, 0x27,
	0x34, 0x3D, 0x01, 0x34, 0x37, 0x3E, 0x01, 0x3B, 0x01, 0x17, 0x23, 0x22,
	0x27, 0x26, 0x2F, 0x01, 0x34, 0x03, 0x34, 0x27, 0x34, 0x3D, 0x01, 0x34,
	0x37, 0x36, 0x37, 0x36, 0x3B, 0x01, 0x05, 0x21, 0x17, 0x21, 0x25, 0x33,
	0x32, 0x17, 0x16, 0x17, 0x16, 0x15, 0x14, 0x07, 0x06, 0x07, 0x06, 0x2B,
	0x01, 0x22, 0x27, 0x26, 0x27, 0x26, 0x35, 0x34, 0x37, 0x36, 0x37, 0x36,
	0x17, 0x33, 0x32, 0x17, 0x16, 0x17, 0x16, 0x15, 0x14, 0x07, 0x06, 0x07,
	0x06, 0x2B, 0x01, 0x22, 0x27, 0x26, 0x27, 0x26, 0x35, 0x34, 0x37, 0x36,
	0x37, 0x36, 0x17, 0x33, 0x32, 0x17, 0x1E, 0x01, 0x15, 0x14, 0x06, 0x07,
	0x06, 0x2B, 0x01, 0x22, 0x27, 0x26, 0x27, 0x26, 0x35, 0x34, 0x37, 0x36,
	0x37, 0x36, 0x05, 0x32, 0x17, 0x16, 0x17, 0x16, 0x15, 0x14, 0x07, 0x06,
	0x07, 0x06, 0x22, 0x27, 0x26, 0x27, 0x26, 0x35, 0x34, 0x37, 0x36, 0x37,
	0x36, 0x21, 0x32, 0x17, 0x16, 0x17, 0x16, 0x15, 0x14, 0x07, 0x06, 0x07,
	0x06, 0x23, 0x22, 0x27, 0x26, 0x27, 0x26, 0x35, 0x34, 0x37, 0x36, 0x37,
	0x36, 0x01, 0x6A, 0x33, 0x0E, 0x0B, 0x0C, 0x04, 0x01, 0x07, 0x5B, 0x0C,
	0x14, 0x05, 0x06, 0x06, 0x05, 0x14, 0x0C, 0x80, 0x0F, 0x0C, 0x0C, 0x03,
	0x07, 0x02, 0x4F, 0x0A, 0x09, 0x09, 0x06, 0x04, 0x02, 0x02, 0x01, 0x56,
	0x04, 0x16, 0x0F, 0xFE, 0x42, 0x0E, 0x01, 0xDB, 0x0C, 0x0A, 0x09, 0x0C,
	0x0C, 0x09, 0x0A, 0x0C, 0xFE, 0x00, 0x10, 0x18, 0x02, 0x1A, 0x01, 0x06,
	0x05, 0x14, 0x0B, 0x25, 0x0D, 0x32, 0x0E, 0x0B, 0x0C, 0x04, 0x01, 0x2D,
	0x01, 0x06, 0x05, 0x0A, 0x0A, 0x0B, 0x25, 0x02, 0x16, 0xFD, 0xF8, 0x20,
	0x01, 0xAB, 0xFD, 0x20, 0x56, 0x0B, 0x0A, 0x0A, 0x06, 0x05, 0x05, 0x06,
	0x0A, 0x0A, 0x0B, 0x56, 0x0B, 0x0A, 0x0A, 0x06, 0x05, 0x05, 0x06, 0x0A,
	0x0A, 0x0B, 0x80, 0x0C, 0x0A, 0x0A, 0x05, 0x06, 0x06, 0x05, 0x0A, 0x0A,
	0x0C, 0x80, 0x0B, 0x0A, 0x0A, 0x06, 0x05, 0x05, 0x06, 0x0A, 0x0A, 0x0B,
	0xAB, 0x0C, 0x0A, 0x09, 0x0C, 0x0C, 0x09, 0x0A, 0x0C, 0xAB, 0x0B, 0x0A,
	0x0A, 0x06, 0x05, 0x05, 0x06, 0x0A, 0x0A, 0x01, 0x36, 0x17, 0x14, 0x13,
	0x0C, 0x0B, 0x0B, 0x0C, 0x13, 0x14, 0x2E, 0x14, 0x13, 0x0C, 0x0B, 0x0B,
	0x0C, 0x13, 0x14, 0x01, 0xEC, 0x18, 0x13, 0x14, 0x0B, 0x0C, 0x0C, 0x0B,
	0x14, 0x13, 0x18, 0x17, 0x14, 0x13, 0x0B, 0x0C, 0x0C, 0x0B, 0x13, 0x14,
	0x02, 0xC0, 0x09, 0x08, 0x0E, 0x0A, 0x01, 0x01, 0x2A, 0x0C, 0x09, 0x0A,
	0x18, 0x0A, 0x09, 0x0C, 0x0B, 0x0A, 0x10, 0x31, 0x04, 0x05, 0x08, 0x05,
	0x07, 0x06, 0x07, 0x03, 0x06, 0x03, 0xFE, 0xD5, 0x0D, 0x12, 0x55, 0x06,
	0x05, 0x14, 0x0C, 0x0B, 0x14, 0x06, 0x05, 0x14, 0x10, 0xA5, 0x03, 0x02,
	0x03, 0x03, 0x01, 0x0C, 0x0A, 0x09, 0x0C, 0x56, 0x09, 0x09, 0x0D, 0x0B,
	0x01, 0x01, 0x1F, 0x02, 0x03, 0x03, 0x02, 0x02, 0x0B, 0x0A, 0x0A, 0x06,
	0x05, 0x55, 0xD5, 0xAA, 0x05, 0x06, 0x0A, 0x0A, 0x0B, 0x0C, 0x0A, 0x0A,
	0x05, 0x06, 0x06, 0x05, 0x0A, 0x0A, 0x0C, 0x0B, 0x0A, 0x0A, 0x06, 0x05,
	0x80, 0x05, 0x06, 0x0A, 0x0A, 0x0B, 0x0C, 0x0A, 0x0A, 0x05, 0x06, 0x06,
	0x05, 0x0A, 0x0A, 0x0C, 0x0B, 0x0A, 0x0A, 0x06, 0x05, 0x80, 0x05, 0x06,
	0x14, 0x0B, 0x0C, 0x14, 0x05, 0x06, 0x06, 0x05, 0x0A, 0x0A, 0x0C, 0x0B,
	0x0A, 0x0A, 0x06, 0x05, 0xD5, 0x0C, 0x0B, 0x13, 0x14, 0x17, 0x18, 0x13,
	0x14, 0x0B, 0x0C, 0x0C, 0x0B, 0x14, 0x13, 0x18, 0x17, 0x14, 0x13, 0x0B,
	0x0C, 0x0C, 0x0B, 0x13, 0x14, 0x17, 0x18, 0x13, 0x14, 0x0B, 0x0C, 0x0C,
	0x0B, 0x14, 0x13, 0x18, 0x17, 0x14, 0x13, 0x0B, 0x0C, 0x00, 0x00, 0x00,
	0x00, 0x02, 0x01, 0x55, 0x00, 0xB4, 0x02, 0xA2, 0x02, 0xCD, 0x00, 0x02,
	0x00, 0x4A, 0x00, 0x00, 0x01, 0x27, 0x11, 0x03, 0x34, 0x35, 0x34, 0x35,
	0x34, 0x37, 0x36, 0x37, 0x36, 0x37, 0x36, 0x37, 0x36, 0x37, 0x36, 0x33,
	0x32, 0x17, 0x32, 0x33, 0x32, 0x17, 0x16, 0x17, 0x16, 0x17, 0x16, 0x1F,
	0x01, 0x1E, 0x01, 0x17, 0x16, 0x17, 0x1E, 0x01, 0x14, 0x06, 0x07, 0x06,
	0x07, 0x06, 0x0F, 0x01, 0x06, 0x07, 0x06, 0x07, 0x06, 0x07, 0x06, 0x23,
	0x2A, 0x01, 0x23, 0x22, 0x27, 0x26, 0x27, 0x26, 0x27, 0x26, 0x27, 0x26,
	0x27, 0x26, 0x35, 0x34, 0x35, 0x34, 0x35, 0x02, 0x44, 0x99, 0x56, 0x01,
	0x01, 0x04, 0x01, 0x03, 0x02, 0x04, 0x09, 0x0D, 0x0C, 0x0E, 0x02, 0x01,
	0x01, 0x01, 0x06, 0x05, 0x04, 0x05, 0x0A, 0x0D, 0x05, 0x0E, 0xAE, 0x07,
	0x06, 0x04, 0x05, 0x03, 0x01, 0x02, 0x02, 0x01, 0x03, 0x05, 0x04, 0x06,
	0xB5, 0x0E, 0x05, 0x0D, 0x0A, 0x05, 0x04, 0x05, 0x06, 0x01, 0x02, 0x02,
	0x0E, 0x0C, 0x0D, 0x09, 0x04, 0x02, 0x03, 0x01, 0x04, 0x01, 0x01, 0x01,
	0xC0, 0x99, 0xFE, 0xCE, 0x01, 0x47, 0x01, 0x03, 0x04, 0x02, 0x0E, 0x09,
	0x0D, 0x09, 0x04, 0x04, 0x05, 0x04, 0x0B, 0x06, 0x06, 0x01, 0x02, 0x01,
	0x02, 0x05, 0x0B, 0x04, 0x0F, 0xAE, 0x07, 0x06, 0x06, 0x08, 0x07, 0x05,
	0x0A, 0x0A, 0x0A, 0x05, 0x07, 0x08, 0x06, 0x06, 0xB5, 0x0F, 0x04, 0x0B,
	0x05, 0x02, 0x01, 0x02, 0x05, 0x06, 0x0B, 0x04, 0x05, 0x04, 0x04, 0x09,
	0x0D, 0x09, 0x0E, 0x02, 0x04, 0x03, 0x01, 0x00, 0x00, 0x02, 0x01, 0x5E,
	0x00, 0xB4, 0x02, 0xAB, 0x02, 0xCD, 0x00, 0x02, 0x00, 0x4A, 0x00, 0x00,
	0x01, 0x17, 0x11, 0x13, 0x14, 0x15, 0x14, 0x15, 0x14, 0x07, 0x06, 0x07,
	0x06, 0x07, 0x06, 0x07, 0x06, 0x07, 0x06, 0x23, 0x2A, 0x01, 0x23, 0x22,
	0x27, 0x26, 0x27, 0x26, 0x27, 0x26, 0x2F, 0x01, 0x2E, 0x01, 0x27, 0x26,
	0x27, 0x2E, 0x01, 0x34, 0x36, 0x37, 0x36, 0x37, 0x36, 0x3F, 0x01, 0x36,
	0x37, 0x36, 0x37, 0x36, 0x37, 0x36, 0x33, 0x32, 0x33, 0x36, 0x33, 0x32,
	0x17, 0x16, 0x17, 0x16, 0x17, 0x16, 0x17, 0x16, 0x17, 0x16, 0x15, 0x14,
	0x15, 0x14, 0x15, 0x01, 0xBC, 0x99, 0x56, 0x01, 0x01, 0x04, 0x01, 0x03,
	0x02, 0x04, 0x09, 0x0D, 0x0C, 0x0E, 0x02, 0x02, 0x01, 0x06, 0x05, 0x04,
	0x05, 0x0A, 0x0D, 0x05, 0x0E, 0xAE, 0x07, 0x06, 0x04, 0x05, 0x03, 0x01,
	0x02, 0x02, 0x01, 0x03, 0x05, 0x04, 0x06, 0xB5, 0x0E, 0x05, 0x0D, 0x0A,
	0x05, 0x04, 0x05, 0x06, 0x01, 0x01, 0x01, 0x02, 0x0E, 0x0C, 0x0D, 0x09,
	0x04, 0x02, 0x03, 0x01, 0x04, 0x01, 0x01, 0x01, 0xC0, 0x99, 0x01, 0x32,
	0xFE, 0xB9, 0x01, 0x03, 0x04, 0x02, 0x0E, 0x09, 0x0D, 0x09, 0x04, 0x04,
	0x05, 0x04, 0x0B, 0x06, 0x05, 0x02, 0x01, 0x02, 0x05, 0x0B, 0x04, 0x0F,
	0xAE, 0x07, 0x06, 0x06, 0x08, 0x07, 0x05, 0x0A, 0x0A, 0x0A, 0x05, 0x07,
	0x08, 0x06, 0x06, 0xB5, 0x0F, 0x04, 0x0B, 0x05, 0x02, 0x01, 0x02, 0x01,
	0x06, 0x06, 0x0B, 0x04, 0x05, 0x04, 0x04, 0x09, 0x0D, 0x09, 0x0E, 0x02,
	0x04, 0x03, 0x01, 0x00, 0x00, 0x03, 0x00, 0xAB, 0x00, 0x40, 0x03, 0x55,
	0x03, 0x40, 0x00, 0x19, 0x00, 0x5F, 0x00, 0x78, 0x00, 0x00, 0x25, 0x14,
	0x07, 0x06, 0x07, 0x06, 0x23, 0x22, 0x27, 0x26, 0x27, 0x26, 0x35, 0x11,
	0x34, 0x37, 0x36, 0x37, 0x36, 0x33, 0x32, 0x17, 0x16, 0x17, 0x16, 0x15,
	0x01, 0x26, 0x27, 0x26, 0x35, 0x34, 0x35, 0x34, 0x35, 0x11, 0x34, 0x35,
	0x34, 0x35, 0x34, 0x37, 0x36, 0x37, 0x36, 0x37, 0x36, 0x37, 0x36, 0x37,
	0x36, 0x33, 0x32, 0x17, 0x16, 0x17, 0x16, 0x17, 0x16, 0x1F, 0x01, 0x16,
	0x17, 0x16, 0x17, 0x16, 0x17, 0x16, 0x17, 0x16, 0x14, 0x07, 0x06, 0x07,
	0x06, 0x07, 0x06, 0x07, 0x06, 0x0F, 0x01, 0x06, 0x07, 0x06, 0x07, 0x06,
	0x07, 0x06, 0x23, 0x22, 0x27, 0x26, 0x27, 0x26, 0x27, 0x26, 0x13, 0x11,
	0x14, 0x15, 0x16, 0x15, 0x36, 0x37, 0x36, 0x3F, 0x04, 0x2F, 0x03, 0x26,
	0x27, 0x26, 0x27, 0x14, 0x07, 0x14, 0x03, 0x55, 0x05, 0x06, 0x0A, 0x0A,
	0x0B, 0x0C, 0x0A, 0x0A, 0x05, 0x06, 0x06, 0x05, 0x0A, 0x0A, 0x0C, 0x0B,
	0x0A, 0x0A, 0x06, 0x05, 0xFD, 0x5D, 0x05, 0x01, 0x01, 0x01, 0x01, 0x05,
	0x02, 0x02, 0x03, 0x04, 0x0C, 0x12, 0x12, 0x13, 0x06, 0x07, 0x05, 0x06,
	0x0E, 0x14, 0x0A, 0x1B, 0xF9, 0x11, 0x02, 0x0C, 0x07, 0x09, 0x05, 0x02,
	0x02, 0x01, 0x01, 0x02, 0x02, 0x05, 0x09, 0x07, 0x0C, 0x02, 0x11, 0xF9,
	0x1B, 0x0A, 0x14, 0x0E, 0x06, 0x05, 0x07, 0x06, 0x13, 0x12, 0x12, 0x0C,
	0x04, 0x03, 0x02, 0x4C, 0x01, 0x05, 0x09, 0x0A, 0x11, 0xF9, 0x12, 0x04,
	0x02, 0x02, 0x04, 0x12, 0xF9, 0x11, 0x0A, 0x09, 0x05, 0x01, 0x6B, 0x0C,
	0x0A, 0x0A, 0x05, 0x06, 0x06, 0x05, 0x0A, 0x0A, 0x0C, 0x02, 0xAA, 0x0C,
	0x0A, 0x0A, 0x05, 0x06, 0x06, 0x05, 0x0A, 0x0A, 0x0C, 0xFD, 0x8E, 0x0D,
	0x14, 0x0E, 0x19, 0x02, 0x05, 0x04, 0x03, 0x01, 0x8E, 0x03, 0x04, 0x05,
	0x02, 0x19, 0x0E, 0x14, 0x0D, 0x05, 0x05, 0x06, 0x05, 0x0F, 0x08, 0x09,
	0x01, 0x01, 0x02, 0x05, 0x0F, 0x06, 0x16, 0xC7, 0x0E, 0x02, 0x0A, 0x08,
	0x0C, 0x0B, 0x07, 0x08, 0x07, 0x10, 0x07, 0x08, 0x07, 0x0B, 0x0C, 0x08,
	0x0A, 0x02, 0x0E, 0xC7, 0x16, 0x06, 0x0F, 0x05, 0x02, 0x01, 0x01, 0x09,
	0x08, 0x0F, 0x05, 0x06, 0x05, 0x01, 0xE9, 0xFE, 0x72, 0x16, 0x0C, 0x0C,
	0x05, 0x03, 0x07, 0x07, 0x0E, 0xC7, 0x0F, 0x03, 0x02, 0x02, 0x03, 0x0F,
	0xC7, 0x0E, 0x07, 0x07, 0x03, 0x05, 0x0C, 0x0C, 0x00, 0x03, 0x00, 0xAB,
	0x00, 0x40, 0x03, 0x55, 0x03, 0x40, 0x00, 0x19, 0x00, 0x5F, 0x00, 0x78,
	0x00, 0x00, 0x13, 0x34, 0x37, 0x36, 0x37, 0x36, 0x33, 0x32, 0x17, 0x16,
	0x17, 0x16, 0x15, 0x11, 0x14, 0x07, 0x06, 0x07, 0x06, 0x23, 0x22, 0x27,
	0x26, 0x27, 0x26, 0x35, 0x01, 0x16, 0x17, 0x16, 0x15, 0x14, 0x15, 0x14,
	0x15, 0x11, 0x14, 0x15, 0x14, 0x15, 0x14, 0x07, 0x06, 0x07, 0x06, 0x07,
	0x06, 0x07, 0x06, 0x07, 0x06, 0x23, 0x22, 0x27, 0x26, 0x27, 0x26, 0x27,
	0x26, 0x2F, 0x01, 0x26, 0x27, 0x26, 0x27, 0x26, 0x27, 0x26, 0x27, 0x26,
	0x34, 0x37, 0x36, 0x37, 0x36, 0x37, 0x36, 0x37, 0x36, 0x3F, 0x01, 0x36,
	0x37, 0x36, 0x37, 0x36, 0x37, 0x36, 0x33, 0x32, 0x17, 0x16, 0x17, 0x16,
	0x17, 0x16, 0x03, 0x11, 0x34, 0x35, 0x26, 0x35, 0x06, 0x07, 0x06, 0x0F,
	0x04, 0x1F, 0x03, 0x16, 0x17, 0x16, 0x17, 0x34, 0x37, 0x34, 0xAB, 0x05,
	0x06, 0x0A, 0x0A, 0x0B, 0x0C, 0x0A, 0x0A, 0x05, 0x06, 0x06, 0x05, 0x0A,
	0x0A, 0x0C, 0x0B, 0x0A, 0x0A, 0x06, 0x05, 0x02, 0xA3, 0x05, 0x01, 0x01,
	0x01, 0x01, 0x05, 0x02, 0x02, 0x03, 0x04, 0x0C, 0x12, 0x12, 0x13, 0x06,
	0x07, 0x05, 0x06, 0x0E, 0x14, 0x0A, 0x1B, 0xF9, 0x11, 0x02, 0x0C, 0x07,
	0x09, 0x05, 0x02, 0x02, 0x01, 0x01, 0x02, 0x02, 0x05, 0x09, 0x07, 0x0C,
	0x02, 0x11, 0xF9, 0x1B, 0x0A, 0x14, 0x0E, 0x06, 0x05, 0x07, 0x06, 0x14,
	0x11, 0x12, 0x0C, 0x04, 0x03, 0x02, 0x4C, 0x01, 0x05, 0x09, 0x0A, 0x11,
	0xF9, 0x12, 0x04, 0x02, 0x02, 0x04, 0x12, 0xF9, 0x11, 0x0A, 0x09, 0x05,
	0x01, 0x03, 0x15, 0x0C, 0x0A, 0x0A, 0x05, 0x06, 0x06, 0x05, 0x0A, 0x0A,
	0x0C, 0xFD, 0x56, 0x0C, 0x0A, 0x0A, 0x05, 0x06, 0x06, 0x05, 0x0A, 0x0A,
	0x0C, 0x02, 0x72, 0x0D, 0x14, 0x0E, 0x19, 0x02, 0x05, 0x04, 0x03, 0xFE,
	0x72, 0x03, 0x04, 0x05, 0x02, 0x19, 0x0E, 0x14, 0x0D, 0x05, 0x05, 0x06,
	0x05, 0x0F, 0x08, 0x09, 0x01, 0x01, 0x02, 0x05, 0x0F, 0x06, 0x16, 0xC7,
	0x0E, 0x02, 0x0A, 0x08, 0x0C, 0x0B, 0x07, 0x08, 0x07, 0x10, 0x07, 0x08,
	0x07, 0x0B, 0x0C, 0x08, 0x0A, 0x02, 0x0E, 0xC7, 0x16, 0x06, 0x0F, 0x05,
	0x02, 0x01, 0x01, 0x09, 0x08, 0x0F, 0x05, 0x06, 0x05, 0xFE, 0x17, 0x01,
	0x8E, 0x16, 0x0C, 0x0C, 0x05, 0x03, 0x07, 0x07, 0x0E, 0xC7, 0x0F, 0x03,
	0x02, 0x02, 0x03, 0x0F, 0xC7, 0x0E, 0x07, 0x07, 0x03, 0x05, 0x0C, 0x0C,
	0x00, 0x02, 0x00, 0x55, 0x00, 0x15, 0x03, 0xAB, 0x03, 0x6B, 0x00, 0x53,
	0x00, 0xA7, 0x00, 0x00, 0x25, 0x32, 0x37, 0x36, 0x37, 0x36, 0x37, 0x36,
	0x35, 0x34, 0x37, 0x36, 0x37, 0x36, 0x32, 0x17, 0x16, 0x17, 0x16, 0x15,
	0x14, 0x07, 0x0E, 0x01, 0x07, 0x06, 0x23, 0x22, 0x27, 0x26, 0x2F, 0x01,
	0x15, 0x14, 0x07, 0x06, 0x07, 0x06, 0x22, 0x27, 0x26, 0x27, 0x26, 0x3D,
	0x01, 0x3C, 0x01, 0x35, 0x36, 0x35, 0x3E, 0x01, 0x37, 0x36, 0x37, 0x36,
	0x35, 0x36, 0x33, 0x36, 0x37, 0x36, 0x37, 0x3E, 0x01, 0x3B, 0x01, 0x32,
	0x17, 0x16, 0x17, 0x16, 0x15, 0x14, 0x07, 0x06, 0x07, 0x06, 0x2B, 0x01,
	0x17, 0x16, 0x17, 0x16, 0x13, 0x22, 0x07, 0x06, 0x07, 0x06, 0x07, 0x06,
	0x15, 0x14, 0x07, 0x06, 0x07, 0x06, 0x22, 0x27, 0x26, 0x27, 0x26, 0x35,
	0x34, 0x37, 0x3E, 0x01, 0x37, 0x36, 0x33, 0x32, 0x17, 0x16, 0x1F, 0x01,
	0x35, 0x34, 0x37, 0x36, 0x37, 0x36, 0x32, 0x17, 0x16, 0x17, 0x16, 0x1D,
	0x01, 0x1C, 0x01, 0x15, 0x06, 0x15, 0x0E, 0x01, 0x07, 0x06, 0x07, 0x06,
	0x07, 0x14, 0x23, 0x06, 0x07, 0x06, 0x07, 0x0E, 0x01, 0x2B, 0x01, 0x22,
	0x27, 0x26, 0x27, 0x26, 0x35, 0x34, 0x37, 0x36, 0x37, 0x36, 0x3B, 0x01,
	0x27, 0x26, 0x27, 0x26, 0x02, 0x00, 0x45, 0x40, 0x3D, 0x2F, 0x30, 0x1A,
	0x1A, 0x06, 0x06, 0x09, 0x0A, 0x18, 0x0A, 0x09, 0x06, 0x06, 0x22, 0x20,
	0x76, 0x4D, 0x4F, 0x57, 0x51, 0x4A, 0x48, 0x39, 0x39, 0x06, 0x06, 0x09,
	0x0A, 0x18, 0x0A, 0x09, 0x06, 0x06, 0x01, 0x01, 0x02, 0x02, 0x01, 0x02,
	0x01, 0x01, 0x01, 0x03, 0x03, 0x04, 0x04, 0x04, 0x08, 0x04, 0xD6, 0x0C,
	0x0A, 0x0A, 0x05, 0x06, 0x06, 0x05, 0x0A, 0x0A, 0x0C, 0x66, 0x2D, 0x2F,
	0x39, 0x3C, 0x40, 0x45, 0x40, 0x3D, 0x2F, 0x30, 0x1A, 0x1A, 0x06, 0x06,
	0x09, 0x0A, 0x18, 0x0A, 0x09, 0x06, 0x06, 0x22, 0x20, 0x76, 0x4D, 0x4F,
	0x57, 0x51, 0x4A, 0x48, 0x39, 0x39, 0x06, 0x06, 0x09, 0x0A, 0x18, 0x0A,
	0x09, 0x06, 0x06, 0x01, 0x01, 0x02, 0x02, 0x01, 0x02, 0x01, 0x01, 0x01,
	0x03, 0x03, 0x04, 0x04, 0x04, 0x08, 0x04, 0xD6, 0x0C, 0x0A, 0x0A, 0x05,
	0x06, 0x06, 0x05, 0x0A, 0x0A, 0x0C, 0x66, 0x2D, 0x2F, 0x39, 0x3C, 0x6B,
	0x1A, 0x1A, 0x30, 0x2F, 0x3D, 0x40, 0x45, 0x0C, 0x0A, 0x09, 0x06, 0x06,
	0x06, 0x06, 0x09, 0x0A, 0x0C, 0x57, 0x4F, 0x4D, 0x76, 0x20, 0x22, 0x1D,
	0x1C, 0x34, 0x33, 0x75, 0x0C, 0x0A, 0x09, 0x06, 0x06, 0x06, 0x06, 0x09,
	0x0A, 0x0C, 0xD5, 0x01, 0x02, 0x01, 0x03, 0x03, 0x03, 0x06, 0x02, 0x03,
	0x02, 0x01, 0x01, 0x01, 0x04, 0x02, 0x03, 0x01, 0x02, 0x02, 0x06, 0x05,
	0x0A, 0x0A, 0x0C, 0x0B, 0x0A, 0x0A, 0x06, 0x05, 0x29, 0x2A, 0x16, 0x17,
	0x02, 0xAA, 0x1A, 0x1A, 0x30, 0x2F, 0x3D, 0x40, 0x45, 0x0C, 0x0A, 0x09,
	0x06, 0x06, 0x06, 0x06, 0x09, 0x0A, 0x0C, 0x57, 0x4F, 0x4D, 0x76, 0x20,
	0x22, 0x1D, 0x1C, 0x34, 0x33, 0x75, 0x0C, 0x0A, 0x09, 0x06, 0x06, 0x06,
	0x06, 0x09, 0x0A, 0x0C, 0xD5, 0x01, 0x02, 0x01, 0x03, 0x03, 0x03, 0x06,
	0x02, 0x03, 0x02, 0x01, 0x01, 0x01, 0x04, 0x02, 0x03, 0x01, 0x02, 0x02,
	0x06, 0x05, 0x0A, 0x0A, 0x0C, 0x0B, 0x0A, 0x0A, 0x06, 0x05, 0x29, 0x2A,
	0x16, 0x17, 0x00, 0x00, 0x00, 0x04, 0x00, 0x80, 0x00, 0x40, 0x03, 0x80,
	0x03, 0x40, 0x00, 0x1B, 0x00, 0x50, 0x00, 0x70, 0x00, 0x90, 0x00, 0x00,
	0x01, 0x3E, 0x01, 0x33, 0x32, 0x16, 0x17, 0x16, 0x17, 0x16, 0x17, 0x1E,
	0x01, 0x15, 0x14, 0x06, 0x07, 0x06, 0x07, 0x06, 0x0F, 0x01, 0x35, 0x23,
	0x37, 0x36, 0x37, 0x36, 0x05, 0x35, 0x34, 0x36, 0x37, 0x36, 0x37, 0x36,
	0x37, 0x3E, 0x01, 0x3B, 0x01, 0x32, 0x17, 0x16, 0x17, 0x16, 0x15, 0x14,
	0x07, 0x06, 0x07, 0x06, 0x2B, 0x01, 0x17, 0x16, 0x17, 0x16, 0x15, 0x14,
	0x0E, 0x02, 0x23, 0x22, 0x27, 0x26, 0x2F, 0x01, 0x15, 0x14, 0x07, 0x06,
	0x07, 0x06, 0x23, 0x22, 0x27, 0x26, 0x27, 0x26, 0x01, 0x06, 0x07, 0x06,
	0x07, 0x0E, 0x01, 0x23, 0x22, 0x26, 0x27, 0x2E, 0x01, 0x3D, 0x01, 0x33,
	0x32, 0x16, 0x17, 0x16, 0x17, 0x16, 0x17, 0x1E, 0x01, 0x15, 0x14, 0x06,
	0x07, 0x06, 0x07, 0x06, 0x05, 0x0E, 0x01, 0x23, 0x22, 0x26, 0x27, 0x26,
	0x27, 0x26, 0x27, 0x26, 0x27, 0x26, 0x27, 0x2E, 0x01, 0x35, 0x34, 0x36,
	0x37, 0x36, 0x37, 0x36, 0x3F, 0x01, 0x15, 0x33, 0x07, 0x06, 0x07, 0x06,
	0x03, 0x45, 0x04, 0x08, 0x04, 0x05, 0x08, 0x04, 0x07, 0x07, 0x06, 0x03,
	0x01, 0x02, 0x02, 0x01, 0x02, 0x02, 0x02, 0x03, 0x49, 0x3D, 0x49, 0x03,
	0x04, 0x03, 0xFD, 0x3F, 0x02, 0x01, 0x03, 0x06, 0x07, 0x07, 0x04, 0x08,
	0x05, 0xC0, 0x0B, 0x0A, 0x0A, 0x06, 0x05, 0x05, 0x06, 0x0A, 0x0A, 0x0B,
	0x59, 0xB7, 0x06, 0x03, 0x03, 0x06, 0x0C, 0x10, 0x08, 0x09, 0x07, 0x08,
	0x07, 0xB7, 0x05, 0x06, 0x0A, 0x0A, 0x0B, 0x0C, 0x0A, 0x0A, 0x05, 0x06,
	0x02, 0xF4, 0x04, 0x03, 0x04, 0x03, 0x04, 0x08, 0x05, 0x04, 0x08, 0x04,
	0x0C, 0x0E, 0x2A, 0x09, 0x10, 0x06, 0x03, 0x02, 0x02, 0x02, 0x01, 0x02,
	0x02, 0x01, 0x02, 0x02, 0x02, 0xFD, 0x44, 0x04, 0x08, 0x04, 0x05, 0x08,
	0x04, 0x03, 0x04, 0x03, 0x04, 0x02, 0x03, 0x02, 0x02, 0x01, 0x02, 0x02,
	0x01, 0x02, 0x02, 0x02, 0x03, 0x49, 0x3D, 0x49, 0x03, 0x04, 0x03, 0x03,
	0x3D, 0x01, 0x02, 0x02, 0x01, 0x03, 0x06, 0x07, 0x07, 0x04, 0x08, 0x05,
	0x04, 0x08, 0x04, 0x04, 0x03, 0x04, 0x03, 0x49, 0x3D, 0x49, 0x03, 0x02,
	0x02, 0xE6, 0xC0, 0x05, 0x08, 0x04, 0x07, 0x07, 0x06, 0x03, 0x01, 0x02,
	0x06, 0x05, 0x0A, 0x0A, 0x0C, 0x0B, 0x0A, 0x0A, 0x06, 0x05, 0xB7, 0x07,
	0x08, 0x07, 0x09, 0x08, 0x10, 0x0C, 0x06, 0x03, 0x03, 0x06, 0xB7, 0x59,
	0x0B, 0x0A, 0x0A, 0x06, 0x05, 0x05, 0x06, 0x0A, 0x0A, 0xFE, 0x02, 0x03,
	0x02, 0x02, 0x02, 0x01, 0x02, 0x02, 0x01, 0x05, 0x16, 0x0D, 0x2A, 0x06,
	0x06, 0x03, 0x04, 0x03, 0x04, 0x04, 0x08, 0x04, 0x05, 0x08, 0x04, 0x03,
	0x04, 0x03, 0x0D, 0x01, 0x02, 0x02, 0x01, 0x02, 0x02, 0x02, 0x03, 0x03,
	0x04, 0x03, 0x04, 0x04, 0x08, 0x05, 0x04, 0x08, 0x04, 0x04, 0x03, 0x04,
	0x03, 0x49, 0x3D, 0x49, 0x03, 0x02, 0x02, 0x00, 0x00, 0x02, 0x00, 0x55,
	0x00, 0x40, 0x03, 0xAB, 0x03, 0x40, 0x00, 0x3C, 0x00, 0x99, 0x00, 0x00,
	0x01, 0x16, 0x17, 0x16, 0x17, 0x1E, 0x01, 0x15, 0x14, 0x06, 0x07, 0x06,
	0x07, 0x06, 0x0F, 0x01, 0x0E, 0x01, 0x2E, 0x01, 0x27, 0x26, 0x36, 0x3F,
	0x01, 0x21, 0x22, 0x07, 0x06, 0x07, 0x06, 0x15, 0x14, 0x06, 0x07, 0x06,
	0x22, 0x27, 0x2E, 0x01, 0x35, 0x34, 0x37, 0x36, 0x37, 0x36, 0x37, 0x36,
	0x33, 0x21, 0x27, 0x26, 0x27, 0x26, 0x36, 0x37, 0x3E, 0x01, 0x32, 0x16,
	0x17, 0x01, 0x17, 0x16, 0x17, 0x16, 0x06, 0x07, 0x0E, 0x01, 0x22, 0x26,
	0x2F, 0x01, 0x26, 0x27, 0x26, 0x27, 0x2E, 0x01, 0x35, 0x34, 0x36, 0x37,
	0x36, 0x37, 0x3E, 0x01, 0x37, 0x36, 0x37, 0x36, 0x17, 0x16, 0x1F, 0x01,
	0x07, 0x06, 0x07, 0x06, 0x27, 0x26, 0x27, 0x26, 0x27, 0x35, 0x26, 0x27,
	0x26, 0x27, 0x2E, 0x01, 0x35, 0x34, 0x36, 0x37, 0x36, 0x37, 0x36, 0x3F,
	0x01, 0x3E, 0x01, 0x1E, 0x01, 0x17, 0x16, 0x06, 0x0F, 0x01, 0x21, 0x32,
	0x37, 0x36, 0x37, 0x36, 0x35, 0x34, 0x36, 0x37, 0x36, 0x32, 0x17, 0x1E,
	0x01, 0x15, 0x14, 0x07, 0x06, 0x07, 0x06, 0x07, 0x06, 0x23, 0x03, 0x9E,
	0x03, 0x03, 0x02, 0x01, 0x02, 0x02, 0x02, 0x02, 0x01, 0x03, 0x02, 0x03,
	0x80, 0x08, 0x16, 0x16, 0x10, 0x03, 0x03, 0x06, 0x08, 0x37, 0xFE, 0x12,
	0x23, 0x1E, 0x1D, 0x11, 0x11, 0x0C, 0x09, 0x0A, 0x18, 0x0A, 0x09, 0x0C,
	0x11, 0x10, 0x1E, 0x1D, 0x27, 0x27, 0x2C, 0x01, 0xEE, 0x37, 0x08, 0x03,
	0x03, 0x06, 0x08, 0x06, 0x10, 0x10, 0x10, 0x06, 0xFD, 0xC9, 0x37, 0x08,
	0x03, 0x03, 0x06, 0x08, 0x06, 0x10, 0x10, 0x10, 0x06, 0x80, 0x03, 0x03,
	0x02, 0x01, 0x02, 0x02, 0x02, 0x02, 0x01, 0x02, 0x03, 0x06, 0x03, 0x04,
	0x04, 0x0B, 0x0D, 0x0D, 0x09, 0x1E, 0x1E, 0x09, 0x0D, 0x0D, 0x0B, 0x04,
	0x04, 0x03, 0x03, 0x03, 0x03, 0x02, 0x01, 0x02, 0x02, 0x02, 0x02, 0x01,
	0x03, 0x02, 0x03, 0x80, 0x08, 0x16, 0x16, 0x10, 0x03, 0x03, 0x06, 0x08,
	0x37, 0x01, 0xEE, 0x23, 0x1E, 0x1D, 0x11, 0x11, 0x0C, 0x09, 0x0A, 0x18,
	0x0A, 0x09, 0x0C, 0x11, 0x10, 0x1E, 0x1D, 0x27, 0x27, 0x2C, 0x02, 0xB3,
	0x03, 0x03, 0x04, 0x03, 0x04, 0x08, 0x05, 0x04, 0x08, 0x04, 0x04, 0x03,
	0x04, 0x03, 0x80, 0x08, 0x06, 0x06, 0x10, 0x0C, 0x0A, 0x16, 0x09, 0x37,
	0x12, 0x11, 0x1D, 0x1E, 0x22, 0x0C, 0x14, 0x05, 0x06, 0x06, 0x05, 0x14,
	0x0C, 0x2B, 0x28, 0x26, 0x1E, 0x1D, 0x10, 0x11, 0x37, 0x08, 0x0C, 0x0A,
	0x16, 0x09, 0x06, 0x06, 0x06, 0x06, 0xFD, 0x8C, 0x37, 0x08, 0x0C, 0x0A,
	0x16, 0x09, 0x06, 0x06, 0x06, 0x06, 0x80, 0x04, 0x03, 0x04, 0x03, 0x04,
	0x08, 0x05, 0x04, 0x08, 0x04, 0x04, 0x03, 0x04, 0x06, 0x02, 0x02, 0x02,
	0x05, 0x02, 0x03, 0x09, 0x1E, 0x1F, 0x09, 0x02, 0x03, 0x05, 0x02, 0x02,
	0x03, 0x02, 0x01, 0x03, 0x03, 0x04, 0x03, 0x04, 0x08, 0x05, 0x04, 0x08,
	0x04, 0x04, 0x03, 0x04, 0x03, 0x80, 0x08, 0x06, 0x06, 0x10, 0x0C, 0x0A,
	0x16, 0x09, 0x37, 0x12, 0x11, 0x1D, 0x1E, 0x22, 0x0C, 0x14, 0x05, 0x06,
	0x06, 0x05, 0x14, 0x0C, 0x2B, 0x28, 0x26, 0x1E, 0x1D, 0x10, 0x11, 0x00,
	0x00, 0x10, 0x00, 0x02, 0xFF, 0xC0, 0x04, 0x02, 0x03, 0xC0, 0x00, 0x4F,
	0x00, 0xAF, 0x02, 0x14, 0x02, 0x32, 0x02, 0x40, 0x02, 0x63, 0x02, 0x75,
	0x02, 0x7D, 0x02, 0x80, 0x02, 0x85, 0x04, 0xB2, 0x04, 0xD1, 0x04, 0xE6,
	0x04, 0xF5, 0x05, 0x0E, 0x05, 0x2B, 0x00, 0x00, 0x01, 0x22, 0x07, 0x06,
	0x17, 0x16, 0x33, 0x06, 0x07, 0x06, 0x07, 0x06, 0x07, 0x06, 0x07, 0x06,
	0x07, 0x06, 0x07, 0x06, 0x22, 0x27, 0x26, 0x3D, 0x01, 0x36, 0x34, 0x37,
	0x36, 0x37, 0x36, 0x37, 0x36, 0x23, 0x36, 0x37, 0x36, 0x2B, 0x01, 0x06,
	0x22, 0x37, 0x36, 0x37, 0x36, 0x37, 0x36, 0x37, 0x36, 0x37, 0x36, 0x37,
	0x36, 0x33, 0x36, 0x37, 0x36, 0x3B, 0x01, 0x32, 0x33, 0x36, 0x37, 0x07,
	0x22, 0x07, 0x06, 0x07, 0x06, 0x07, 0x14, 0x07, 0x06, 0x07, 0x06, 0x07,
	0x06, 0x17, 0x2E, 0x01, 0x07, 0x33, 0x32, 0x06, 0x07, 0x06, 0x23, 0x22,
	0x27, 0x22, 0x27, 0x06, 0x07, 0x06, 0x07, 0x06, 0x23, 0x22, 0x35, 0x22,
	0x27, 0x06, 0x07, 0x06, 0x23, 0x22, 0x27, 0x22, 0x27, 0x3E, 0x01, 0x23,
	0x2A, 0x01, 0x07, 0x36, 0x37, 0x36, 0x37, 0x36, 0x27, 0x36, 0x37, 0x36,
	0x23, 0x22, 0x23, 0x22, 0x07, 0x26, 0x36, 0x37, 0x3E, 0x01, 0x37, 0x32,
	0x17, 0x07, 0x23, 0x0E, 0x01, 0x33, 0x37, 0x36, 0x37, 0x06, 0x07, 0x06,
	0x07, 0x36, 0x37, 0x3A, 0x01, 0x07, 0x14, 0x07, 0x06, 0x33, 0x06, 0x33,
	0x06, 0x07, 0x14, 0x23, 0x06, 0x07, 0x35, 0x14, 0x23, 0x07, 0x22, 0x15,
	0x06, 0x07, 0x0E, 0x01, 0x07, 0x32, 0x37, 0x36, 0x37, 0x06, 0x07, 0x0E,
	0x01, 0x07, 0x06, 0x07, 0x22, 0x17, 0x16, 0x15, 0x16, 0x07, 0x06, 0x07,
	0x06, 0x07, 0x26, 0x27, 0x22, 0x23, 0x22, 0x07, 0x06, 0x07, 0x06, 0x07,
	0x06, 0x33, 0x37, 0x32, 0x33, 0x36, 0x37, 0x36, 0x32, 0x15, 0x0E, 0x01,
	0x07, 0x06, 0x14, 0x17, 0x06, 0x07, 0x14, 0x22, 0x35, 0x22, 0x2E, 0x01,
	0x22, 0x07, 0x06, 0x07, 0x06, 0x07, 0x06, 0x07, 0x06, 0x23, 0x06, 0x07,
	0x06, 0x07, 0x06, 0x07, 0x06, 0x07, 0x06, 0x07, 0x06, 0x22, 0x37, 0x36,
	0x15, 0x34, 0x35, 0x26, 0x27, 0x26, 0x23, 0x22, 0x06, 0x07, 0x06, 0x07,
	0x06, 0x17, 0x36, 0x37, 0x36, 0x33, 0x32, 0x14, 0x07, 0x06, 0x07, 0x16,
	0x17, 0x14, 0x07, 0x06, 0x15, 0x14, 0x17, 0x16, 0x17, 0x33, 0x32, 0x37,
	0x36, 0x37, 0x36, 0x35, 0x36, 0x33, 0x32, 0x14, 0x07, 0x36, 0x37, 0x36,
	0x32, 0x17, 0x32, 0x17, 0x16, 0x17, 0x16, 0x33, 0x32, 0x37, 0x32, 0x37,
	0x16, 0x17, 0x1E, 0x01, 0x17, 0x16, 0x15, 0x33, 0x32, 0x17, 0x16, 0x17,
	0x16, 0x07, 0x06, 0x07, 0x3A, 0x01, 0x33, 0x16, 0x33, 0x1E, 0x01, 0x33,
	0x16, 0x33, 0x32, 0x37, 0x32, 0x37, 0x16, 0x17, 0x16, 0x17, 0x16, 0x17,
	0x16, 0x17, 0x16, 0x17, 0x06, 0x07, 0x06, 0x07, 0x06, 0x07, 0x06, 0x07,
	0x06, 0x07, 0x2A, 0x01, 0x23, 0x22, 0x07, 0x06, 0x15, 0x14, 0x15, 0x14,
	0x07, 0x14, 0x2B, 0x01, 0x16, 0x07, 0x06, 0x23, 0x22, 0x27, 0x26, 0x27,
	0x26, 0x17, 0x26, 0x22, 0x17, 0x16, 0x17, 0x16, 0x17, 0x16, 0x07, 0x06,
	0x07, 0x06, 0x07, 0x06, 0x17, 0x22, 0x23, 0x22, 0x17, 0x16, 0x17, 0x16,
	0x17, 0x16, 0x17, 0x16, 0x15, 0x22, 0x27, 0x26, 0x27, 0x26, 0x27, 0x26,
	0x33, 0x26, 0x27, 0x26, 0x27, 0x26, 0x27, 0x26, 0x27, 0x26, 0x27, 0x26,
	0x27, 0x26, 0x27, 0x26, 0x37, 0x36, 0x37, 0x36, 0x37, 0x36, 0x27, 0x26,
	0x27, 0x26, 0x27, 0x26, 0x27, 0x26, 0x27, 0x26, 0x27, 0x36, 0x37, 0x36,
	0x37, 0x36, 0x37, 0x22, 0x15, 0x33, 0x32, 0x37, 0x36, 0x37, 0x36, 0x37,
	0x36, 0x33, 0x32, 0x15, 0x23, 0x14, 0x33, 0x32, 0x37, 0x36, 0x37, 0x36,
	0x37, 0x22, 0x07, 0x06, 0x3B, 0x01, 0x06, 0x07, 0x06, 0x33, 0x32, 0x37,
	0x36, 0x37, 0x06, 0x07, 0x06, 0x07, 0x06, 0x07, 0x06, 0x07, 0x06, 0x07,
	0x06, 0x07, 0x0E, 0x01, 0x07, 0x06, 0x07, 0x33, 0x32, 0x37, 0x36, 0x37,
	0x36, 0x37, 0x36, 0x37, 0x36, 0x33, 0x32, 0x07, 0x14, 0x07, 0x06, 0x07,
	0x06, 0x07, 0x37, 0x36, 0x37, 0x3E, 0x01, 0x32, 0x07, 0x14, 0x07, 0x14,
	0x16, 0x33, 0x32, 0x37, 0x36, 0x35, 0x06, 0x07, 0x06, 0x07, 0x16, 0x15,
	0x14, 0x07, 0x06, 0x07, 0x06, 0x07, 0x06, 0x17, 0x32, 0x37, 0x36, 0x37,
	0x06, 0x23, 0x06, 0x23, 0x06, 0x07, 0x06, 0x14, 0x32, 0x25, 0x36, 0x35,
	0x34, 0x26, 0x35, 0x34, 0x36, 0x37, 0x17, 0x06, 0x17, 0x16, 0x17, 0x16,
	0x17, 0x16, 0x15, 0x14, 0x07, 0x06, 0x23, 0x06, 0x07, 0x2A, 0x01, 0x3E,
	0x01, 0x35, 0x36, 0x35, 0x36, 0x23, 0x2A, 0x01, 0x07, 0x22, 0x27, 0x26,
	0x34, 0x37, 0x36, 0x37, 0x16, 0x17, 0x16, 0x14, 0x07, 0x06, 0x07, 0x06,
	0x07, 0x06, 0x17, 0x33, 0x16, 0x33, 0x2A, 0x01, 0x23, 0x36, 0x37, 0x23,
	0x32, 0x27, 0x23, 0x34, 0x23, 0x16, 0x01, 0x22, 0x27, 0x26, 0x27, 0x16,
	0x17, 0x16, 0x17, 0x16, 0x17, 0x26, 0x27, 0x26, 0x27, 0x26, 0x27, 0x06,
	0x15, 0x2A, 0x01, 0x27, 0x26, 0x27, 0x26, 0x27, 0x32, 0x07, 0x06, 0x23,
	0x22, 0x27, 0x26, 0x27, 0x26, 0x27, 0x26, 0x22, 0x17, 0x16, 0x17, 0x16,
	0x17, 0x16, 0x33, 0x32, 0x37, 0x36, 0x37, 0x16, 0x17, 0x16, 0x07, 0x0E,
	0x01, 0x23, 0x22, 0x23, 0x22, 0x27, 0x26, 0x27, 0x26, 0x27, 0x16, 0x17,
	0x16, 0x17, 0x16, 0x17, 0x16, 0x17, 0x16, 0x17, 0x16, 0x33, 0x32, 0x37,
	0x3E, 0x01, 0x37, 0x36, 0x33, 0x32, 0x16, 0x15, 0x16, 0x07, 0x06, 0x07,
	0x06, 0x07, 0x06, 0x07, 0x06, 0x17, 0x16, 0x07, 0x06, 0x07, 0x06, 0x07,
	0x06, 0x07, 0x06, 0x07, 0x06, 0x17, 0x36, 0x07, 0x06, 0x07, 0x06, 0x07,
	0x06, 0x07, 0x06, 0x23, 0x22, 0x27, 0x22, 0x23, 0x34, 0x27, 0x26, 0x27,
	0x26, 0x27, 0x26, 0x27, 0x26, 0x27, 0x26, 0x37, 0x36, 0x37, 0x36, 0x37,
	0x36, 0x27, 0x26, 0x27, 0x26, 0x27, 0x26, 0x27, 0x34, 0x37, 0x36, 0x35,
	0x34, 0x27, 0x26, 0x23, 0x2A, 0x01, 0x23, 0x26, 0x27, 0x26, 0x23, 0x22,
	0x07, 0x06, 0x07, 0x06, 0x07, 0x06, 0x23, 0x2A, 0x01, 0x23, 0x22, 0x27,
	0x2E, 0x01, 0x35, 0x34, 0x36, 0x37, 0x26, 0x37, 0x36, 0x37, 0x36, 0x37,
	0x36, 0x37, 0x36, 0x35, 0x36, 0x37, 0x36, 0x37, 0x36, 0x37, 0x36, 0x37,
	0x06, 0x17, 0x16, 0x17, 0x16, 0x17, 0x16, 0x17, 0x36, 0x37, 0x36, 0x33,
	0x32, 0x33, 0x16, 0x17, 0x16, 0x17, 0x32, 0x33, 0x32, 0x37, 0x36, 0x37,
	0x36, 0x27, 0x26, 0x27, 0x26, 0x23, 0x22, 0x07, 0x2A, 0x01, 0x23, 0x22,
	0x23, 0x22, 0x27, 0x26, 0x27, 0x26, 0x37, 0x36, 0x37, 0x36, 0x37, 0x36,
	0x37, 0x36, 0x27, 0x22, 0x26, 0x27, 0x26, 0x27, 0x26, 0x27, 0x26, 0x23,
	0x22, 0x07, 0x06, 0x07, 0x16, 0x17, 0x16, 0x07, 0x06, 0x23, 0x22, 0x26,
	0x37, 0x26, 0x23, 0x26, 0x23, 0x22, 0x07, 0x06, 0x17, 0x16, 0x15, 0x14,
	0x07, 0x26, 0x23, 0x26, 0x23, 0x22, 0x07, 0x14, 0x17, 0x14, 0x17, 0x16,
	0x17, 0x06, 0x07, 0x06, 0x22, 0x27, 0x26, 0x27, 0x2E, 0x01, 0x27, 0x26,
	0x2B, 0x01, 0x26, 0x27, 0x26, 0x23, 0x22, 0x1E, 0x01, 0x17, 0x16, 0x17,
	0x06, 0x14, 0x15, 0x34, 0x17, 0x14, 0x22, 0x35, 0x22, 0x35, 0x26, 0x27,
	0x26, 0x23, 0x22, 0x07, 0x06, 0x07, 0x14, 0x06, 0x07, 0x06, 0x23, 0x22,
	0x27, 0x26, 0x37, 0x26, 0x37, 0x36, 0x33, 0x32, 0x33, 0x3A, 0x01, 0x33,
	0x16, 0x33, 0x32, 0x36, 0x27, 0x26, 0x27, 0x26, 0x37, 0x36, 0x37, 0x36,
	0x37, 0x36, 0x37, 0x33, 0x32, 0x37, 0x36, 0x27, 0x34, 0x27, 0x26, 0x35,
	0x34, 0x37, 0x06, 0x17, 0x16, 0x33, 0x32, 0x37, 0x36, 0x37, 0x26, 0x37,
	0x34, 0x37, 0x36, 0x35, 0x34, 0x27, 0x36, 0x37, 0x36, 0x23, 0x22, 0x23,
	0x26, 0x27, 0x26, 0x37, 0x26, 0x23, 0x26, 0x23, 0x22, 0x15, 0x14, 0x17,
	0x16, 0x17, 0x14, 0x07, 0x06, 0x23, 0x22, 0x27, 0x26, 0x27, 0x06, 0x07,
	0x06, 0x23, 0x22, 0x26, 0x27, 0x26, 0x35, 0x2E, 0x01, 0x37, 0x36, 0x37,
	0x36, 0x37, 0x36, 0x35, 0x26, 0x37, 0x36, 0x33, 0x17, 0x16, 0x17, 0x16,
	0x17, 0x16, 0x17, 0x26, 0x27, 0x22, 0x23, 0x22, 0x17, 0x16, 0x17, 0x26,
	0x35, 0x37, 0x32, 0x35, 0x34, 0x27, 0x32, 0x35, 0x26, 0x27, 0x26, 0x35,
	0x26, 0x32, 0x17, 0x16, 0x17, 0x26, 0x37, 0x36, 0x37, 0x36, 0x35, 0x34,
	0x27, 0x1E, 0x01, 0x33, 0x32, 0x27, 0x26, 0x27, 0x26, 0x27, 0x26, 0x32,
	0x17, 0x16, 0x17, 0x16, 0x27, 0x16, 0x33, 0x27, 0x26, 0x27, 0x32, 0x17,
	0x3A, 0x01, 0x27, 0x26, 0x27, 0x26, 0x27, 0x26, 0x17, 0x16, 0x17, 0x26,
	0x27, 0x26, 0x33, 0x32, 0x17, 0x16, 0x17, 0x26, 0x27, 0x26, 0x35, 0x16,
	0x17, 0x16, 0x17, 0x16, 0x17, 0x16, 0x33, 0x22, 0x27, 0x22, 0x27, 0x26,
	0x27, 0x26, 0x33, 0x16, 0x17, 0x16, 0x17, 0x16, 0x17, 0x16, 0x17, 0x27,
	0x34, 0x35, 0x34, 0x35, 0x34, 0x27, 0x26, 0x27, 0x26, 0x27, 0x36, 0x35,
	0x36, 0x27, 0x26, 0x27, 0x14, 0x07, 0x14, 0x07, 0x06, 0x15, 0x16, 0x17,
	0x16, 0x17, 0x16, 0x17, 0x1E, 0x01, 0x25, 0x16, 0x17, 0x16, 0x15, 0x14,
	0x07, 0x06, 0x23, 0x22, 0x23, 0x26, 0x27, 0x26, 0x35, 0x34, 0x35, 0x34,
	0x3F, 0x01, 0x32, 0x01, 0x2E, 0x01, 0x35, 0x34, 0x37, 0x36, 0x37, 0x36,
	0x37, 0x06, 0x07, 0x06, 0x07, 0x06, 0x01, 0x32, 0x17, 0x1E, 0x01, 0x17,
	0x16, 0x14, 0x07, 0x0E, 0x01, 0x07, 0x06, 0x22, 0x27, 0x2E, 0x01, 0x27,
	0x26, 0x34, 0x37, 0x3E, 0x01, 0x37, 0x36, 0x13, 0x32, 0x37, 0x36, 0x37,
	0x36, 0x37, 0x36, 0x34, 0x27, 0x26, 0x27, 0x26, 0x27, 0x26, 0x22, 0x07,
	0x06, 0x07, 0x06, 0x07, 0x06, 0x14, 0x17, 0x16, 0x17, 0x16, 0x17, 0x16,
	0x01, 0xD9, 0x03, 0x01, 0x01, 0x02, 0x01, 0x05, 0x04, 0x08, 0x05, 0x0A,
	0x0C, 0x05, 0x09, 0x07, 0x07, 0x05, 0x04, 0x04, 0x04, 0x06, 0x02, 0x02,
	0x01, 0x04, 0x03, 0x05, 0x02, 0x06, 0x03, 0x01, 0x09, 0x02, 0x02, 0x02,
	0x02, 0x01, 0x02, 0x01, 0x02, 0x06, 0x02, 0x05, 0x02, 0x07, 0x06, 0x05,
	0x07, 0x06, 0x08, 0x08, 0x08, 0x05, 0x04, 0x02, 0x04, 0x02, 0x03, 0x03,
	0x06, 0x04, 0x01, 0x01, 0x01, 0x01, 0x03, 0x06, 0x04, 0x02, 0x06, 0x04,
	0x01, 0x01, 0x04, 0x02, 0x04, 0x5E, 0x01, 0x02, 0x05, 0x04, 0x04, 0x02,
	0x01, 0x01, 0x01, 0x01, 0x01, 0x03, 0x02, 0x01, 0x02, 0x02, 0x01, 0x01,
	0x01, 0x01, 0x03, 0x03, 0x02, 0x01, 0x02, 0x02, 0x01, 0x03, 0x04, 0x02,
	0x01, 0x02, 0x02, 0x02, 0x0C, 0x12, 0x03, 0x0B, 0x01, 0x04, 0x01, 0x01,
	0x02, 0x01, 0x02, 0x01, 0x02, 0x02, 0x04, 0x04, 0x05, 0x0C, 0x07, 0x02,
	0x01, 0x01, 0x02, 0x0A, 0x08, 0x01, 0x06, 0x07, 0x07, 0x03, 0x06, 0x04,
	0x01, 0x03, 0x02, 0x02, 0x02, 0x01, 0x02, 0x04, 0x01, 0x01, 0x01, 0x02,
	0x01, 0x01, 0x01, 0x05, 0x01, 0x01, 0x01, 0x02, 0x01, 0x02, 0x02, 0x39,
	0x01, 0x03, 0x03, 0x05, 0x04, 0x03, 0x02, 0x04, 0x01, 0x02, 0x03, 0x01,
	0x01, 0x02, 0x01, 0x01, 0x01, 0x04, 0x04, 0x09, 0x02, 0x02, 0x02, 0x03,
	0x05, 0x07, 0x05, 0x06, 0x05, 0x04, 0x03, 0x01, 0x01, 0x01, 0x01, 0x07,
	0x04, 0x04, 0x02, 0x01, 0x04, 0x01, 0x02, 0x02, 0x02, 0x01, 0x02, 0x01,
	0x02, 0x02, 0x04, 0x02, 0x03, 0x03, 0x05, 0x0A, 0x03, 0x0F, 0x08, 0x02,
	0x02, 0x06, 0x02, 0x0D, 0x09, 0x05, 0x07, 0x02, 0x03, 0x01, 0x02, 0x01,
	0x01, 0x01, 0x02, 0x03, 0x02, 0x03, 0x01, 0x09, 0x09, 0x09, 0x04, 0x04,
	0x04, 0x04, 0x03, 0x02, 0x02, 0x01, 0x03, 0x02, 0x04, 0x03, 0x01, 0x01,
	0x02, 0x02, 0x03, 0x06, 0x01, 0x03, 0x03, 0x02, 0x04, 0x05, 0x03, 0x01,
	0x02, 0x01, 0x01, 0x02, 0x01, 0x04, 0x03, 0x01, 0x04, 0x03, 0x03, 0x04,
	0x03, 0x01, 0x01, 0x02, 0x01, 0x01, 0x02, 0x01, 0x06, 0x01, 0x03, 0x02,
	0x0B, 0x09, 0x09, 0x05, 0x04, 0x02, 0x04, 0x0C, 0x01, 0x01, 0x01, 0x01,
	0x01, 0x03, 0x03, 0x02, 0x02, 0x03, 0x02, 0x03, 0x02, 0x03, 0x04, 0x08,
	0x04, 0x0B, 0x0F, 0x07, 0x0C, 0x06, 0x08, 0x01, 0x09, 0x05, 0x05, 0x02,
	0x01, 0x01, 0x02, 0x02, 0x04, 0x0B, 0x02, 0x02, 0x01, 0x0A, 0x04, 0x03,
	0x01, 0x03, 0x02, 0x01, 0x02, 0x01, 0x04, 0x03, 0x03, 0x02, 0x03, 0x08,
	0x04, 0x02, 0x02, 0x01, 0x01, 0x03, 0x08, 0x02, 0x02, 0x03, 0x01, 0x05,
	0x04, 0x01, 0x02, 0x04, 0x01, 0x01, 0x05, 0x03, 0x02, 0x08, 0x07, 0x01,
	0x03, 0x02, 0x01, 0x02, 0x05, 0x04, 0x06, 0x05, 0x06, 0x0A, 0x01, 0x01,
	0x0F, 0x0C, 0x06, 0x0A, 0x03, 0x02, 0x08, 0x05, 0x0B, 0x0D, 0x05, 0x09,
	0x03, 0x03, 0x03, 0x01, 0x06, 0x05, 0x01, 0x01, 0x07, 0x04, 0x03, 0x03,
	0x01, 0x01, 0x01, 0x01, 0x01, 0x02, 0x03, 0x0C, 0x1D, 0x1C, 0x29, 0x28,
	0x30, 0x01, 0x01, 0x01, 0x08, 0x02, 0x0D, 0x0C, 0x03, 0x07, 0x02, 0x01,
	0x01, 0x01, 0x02, 0x0B, 0x10, 0x08, 0x0F, 0x0A, 0x04, 0x18, 0x1A, 0x05,
	0x02, 0x07, 0x03, 0x02, 0x01, 0x02, 0x07, 0x07, 0x06, 0x09, 0x0A, 0x07,
	0x0B, 0x0D, 0x05, 0x0A, 0x0A, 0x08, 0x06, 0x05, 0x03, 0x02, 0x08, 0x02,
	0x05, 0x05, 0x01, 0x06, 0x0B, 0x07, 0x0F, 0x0F, 0x06, 0x04, 0x04, 0x03,
	0x01, 0x03, 0x01, 0x04, 0x04, 0x01, 0x01, 0x7C, 0x03, 0x03, 0x02, 0x04,
	0x06, 0x02, 0x01, 0x02, 0x02, 0x01, 0x03, 0x05, 0x04, 0x03, 0x04, 0x03,
	0x04, 0x05, 0x05, 0x02, 0x09, 0x04, 0x02, 0x01, 0x0B, 0x04, 0x06, 0x07,
	0x05, 0x04, 0x01, 0x01, 0x04, 0x07, 0x04, 0x04, 0x02, 0x01, 0x38, 0x05,
	0x06, 0x02, 0x03, 0x03, 0x03, 0x03, 0x02, 0x06, 0x07, 0x01, 0x05, 0x04,
	0x03, 0x08, 0x05, 0x04, 0x03, 0x02, 0x02, 0x04, 0x04, 0x01, 0x04, 0x02,
	0x02, 0x12, 0x02, 0x02, 0x01, 0x03, 0x03, 0x06, 0x03, 0x01, 0x02, 0x01,
	0x01, 0x01, 0x03, 0x03, 0x02, 0x88, 0x01, 0x01, 0x01, 0x01, 0x02, 0x02,
	0x01, 0x16, 0x02, 0x01, 0x1E, 0x01, 0x01, 0x01, 0x01, 0x1D, 0x01, 0x01,
	0x02, 0x02, 0x04, 0x03, 0x01, 0x03, 0x02, 0x02, 0x04, 0x06, 0x03, 0x07,
	0x06, 0x03, 0x01, 0x01, 0x02, 0x03, 0x04, 0x02, 0x05, 0x05, 0x02, 0x0F,
	0x08, 0x05, 0x07, 0x06, 0x07, 0x06, 0x05, 0x04, 0x03, 0x04, 0x01, 0x02,
	0x04, 0x05, 0x05, 0x05, 0x05, 0x03, 0x02, 0x02, 0x02, 0x10, 0x03, 0x03,
	0x07, 0x06, 0x18, 0x0A, 0x01, 0x01, 0x02, 0x01, 0x0F, 0x0E, 0x13, 0x18,
	0x09, 0x0A, 0x04, 0x0C, 0x09, 0x07, 0x09, 0x0A, 0x01, 0x02, 0x03, 0x04,
	0x02, 0x04, 0x03, 0x08, 0x02, 0x03, 0x02, 0x03, 0x02, 0x01, 0x08, 0x05,
	0x0D, 0x09, 0x04, 0x07, 0x02, 0x03, 0x03, 0x06, 0x02, 0x01, 0x06, 0x04,
	0x09, 0x08, 0x03, 0x06, 0x02, 0x03, 0x02, 0x08, 0x18, 0x09, 0x07, 0x09,
	0x09, 0x0A, 0x0A, 0x0C, 0x0C, 0x02, 0x03, 0x02, 0x03, 0x02, 0x01, 0x04,
	0x04, 0x01, 0x02, 0x01, 0x06, 0x02, 0x01, 0x02, 0x02, 0x04, 0x04, 0x01,
	0x02, 0x02, 0x02, 0x08, 0x09, 0x04, 0x03, 0x01, 0x01, 0x01, 0x02, 0x03,
	0x07, 0x01, 0x02, 0x02, 0x06, 0x07, 0x06, 0x08, 0x07, 0x09, 0x05, 0x0B,
	0x0A, 0x06, 0x0A, 0x07, 0x01, 0x02, 0x01, 0x11, 0x10, 0x0F, 0x14, 0x02,
	0x03, 0x05, 0x04, 0x02, 0x09, 0x03, 0x0D, 0x0B, 0x05, 0x07, 0x0B, 0x0E,
	0x0C, 0x10, 0x0A, 0x14, 0x15, 0x09, 0x01, 0x05, 0x04, 0x08, 0x06, 0x0B,
	0x0D, 0x06, 0x03, 0x05, 0x05, 0x07, 0x04, 0x05, 0x03, 0x07, 0x06, 0x04,
	0x06, 0x04, 0x06, 0x05, 0x06, 0x05, 0x02, 0x01, 0x01, 0x05, 0x04, 0x07,
	0x01, 0x02, 0x02, 0x02, 0x02, 0x01, 0x02, 0x06, 0x04, 0x06, 0x04, 0x07,
	0x03, 0x02, 0x0A, 0x05, 0x0D, 0x0C, 0x04, 0x06, 0x02, 0x07, 0x08, 0x03,
	0x01, 0x02, 0x01, 0x01, 0x01, 0x02, 0x01, 0x03, 0x02, 0x03, 0x05, 0x02,
	0x01, 0x02, 0x01, 0x03, 0x02, 0x04, 0x01, 0x03, 0x01, 0x02, 0x01, 0x06,
	0x01, 0x01, 0x01, 0x02, 0x05, 0x03, 0x02, 0x02, 0x02, 0x04, 0x01, 0x01,
	0x02, 0x01, 0x01, 0x02, 0x01, 0x01, 0x04, 0x02, 0x02, 0x04, 0x06, 0x07,
	0x05, 0x08, 0x07, 0x01, 0x05, 0x03, 0x04, 0x01, 0x02, 0x02, 0x08, 0x05,
	0x06, 0x06, 0x01, 0x01, 0x01, 0x01, 0x0A, 0x0D, 0x0E, 0x0D, 0x09, 0x07,
	0x09, 0x06, 0x0C, 0x08, 0x09, 0x08, 0x0B, 0x05, 0x06, 0x03, 0x05, 0x04,
	0x03, 0x09, 0x03, 0x01, 0x02, 0x04, 0x02, 0x02, 0x01, 0x08, 0x08, 0x01,
	0x0C, 0x02, 0x03, 0x04, 0x03, 0x08, 0x0A, 0x04, 0x08, 0x04, 0x01, 0x08,
	0x03, 0x03, 0x01, 0x02, 0x01, 0x04, 0x01, 0x06, 0x05, 0x09, 0x05, 0x07,
	0x05, 0x07, 0x02, 0x02, 0x03, 0x02, 0x03, 0x09, 0x03, 0x03, 0x02, 0x01,
	0x04, 0x0F, 0x07, 0x0B, 0x06, 0x02, 0x01, 0x02, 0x01, 0x05, 0x04, 0x03,
	0x04, 0x02, 0x03, 0x05, 0x04, 0x04, 0x04, 0x04, 0x04, 0x02, 0x03, 0x02,
	0x04, 0x04, 0x01, 0x01, 0x01, 0x01, 0x02, 0x01, 0x05, 0x05, 0x02, 0x03,
	0x01, 0x01, 0x02, 0x06, 0x06, 0x0A, 0x05, 0x09, 0x07, 0x09, 0x05, 0x06,
	0x03, 0x04, 0x02, 0x06, 0x0A, 0x05, 0x10, 0x06, 0x01, 0x03, 0x05, 0x01,
	0x01, 0x01, 0x02, 0x01, 0x01, 0x02, 0x02, 0x05, 0x04, 0x02, 0x02, 0x04,
	0x05, 0x06, 0x06, 0x08, 0x01, 0x02, 0x07, 0x04, 0x0C, 0x06, 0x03, 0x02,
	0x02, 0x08, 0x06, 0x0C, 0x21, 0x0F, 0x08, 0x01, 0x03, 0x03, 0x07, 0x03,
	0x01, 0x02, 0x02, 0x06, 0x05, 0x0B, 0x05, 0x0C, 0x07, 0x04, 0x07, 0x02,
	0x05, 0x02, 0x01, 0x01, 0x02, 0x06, 0x06, 0x07, 0x15, 0x1A, 0x19, 0x08,
	0x08, 0x07, 0x08, 0x04, 0x02, 0x03, 0x01, 0x01, 0x02, 0x02, 0x01, 0x03,
	0x02, 0x01, 0x02, 0x50, 0x45, 0x43, 0x2B, 0x05, 0x0A, 0x08, 0x07, 0x6E,
	0x06, 0x03, 0x09, 0x08, 0x03, 0x02, 0x01, 0x03, 0x04, 0x0A, 0x01, 0x03,
	0x01, 0x04, 0x05, 0x03, 0x06, 0x05, 0x03, 0x05, 0x0A, 0xFE, 0xD0, 0x02,
	0x01, 0x01, 0x05, 0x06, 0x06, 0x03, 0x02, 0x02, 0x01, 0x01, 0x02, 0x07,
	0x06, 0x01, 0x47, 0x02, 0x02, 0x07, 0x04, 0x0C, 0x0B, 0x04, 0x01, 0x02,
	0x03, 0x07, 0x07, 0xFE, 0xCB, 0x68, 0x5F, 0x5C, 0x8E, 0x27, 0x28, 0x28,
	0x27, 0x8E, 0x5C, 0x5F, 0xD0, 0x5F, 0x5C, 0x8E, 0x27, 0x28, 0x28, 0x27,
	0x8E, 0x5C, 0x5F, 0x68, 0x60, 0x58, 0x55, 0x41, 0x42, 0x23, 0x26, 0x26,
	0x23, 0x42, 0x41, 0x55, 0x58, 0xC0, 0x58, 0x55, 0x41, 0x42, 0x23, 0x26,
	0x26, 0x23, 0x42, 0x41, 0x55, 0x58, 0x03, 0x3D, 0x02, 0x01, 0x01, 0x02,
	0x04, 0x03, 0x02, 0x03, 0x04, 0x02, 0x03, 0x04, 0x05, 0x06, 0x05, 0x03,
	0x02, 0x02, 0x03, 0x04, 0x01, 0x01, 0x06, 0x06, 0x05, 0x04, 0x02, 0x04,
	0x03, 0x04, 0x02, 0x01, 0x01, 0x02, 0x01, 0x03, 0x01, 0x03, 0x01, 0x06,
	0x06, 0x04, 0x05, 0x02, 0x04, 0x03, 0x01, 0x01, 0x01, 0x02, 0x03, 0x03,
	0x04, 0x02, 0x04, 0x05, 0x05, 0x03, 0x01, 0x03, 0x02, 0x02, 0x03, 0x06,
	0x03, 0x02, 0x07, 0x05, 0x03, 0x02, 0x01, 0x01, 0x01, 0x04, 0x04, 0x01,
	0x03, 0x01, 0x02, 0x01, 0x04, 0x03, 0x01, 0x02, 0x03, 0x06, 0x01, 0x02,
	0x05, 0x08, 0x02, 0x05, 0x03, 0x02, 0x02, 0x01, 0x01, 0x01, 0x04, 0x03,
	0x03, 0x04, 0x01, 0x01, 0x01, 0x03, 0x02, 0x01, 0x02, 0x02, 0x01, 0x03,
	0x02, 0x01, 0x01, 0x01, 0x01, 0x01, 0x01, 0x03, 0x01, 0x01, 0x01, 0x02,
	0x02, 0x02, 0x01, 0x01, 0x01, 0x01, 0x01, 0x01, 0x02, 0x02, 0x2B, 0x01,
	0x02, 0x03, 0x04, 0x06, 0x04, 0x0E, 0x03, 0x04, 0x02, 0x01, 0x02, 0x01,
	0x02, 0x02, 0x03, 0x02, 0x03, 0x02, 0x02, 0x01, 0x02, 0x01, 0x03, 0x02,
	0x03, 0x02, 0x01, 0x03, 0x02, 0x01, 0x01, 0x01, 0x06, 0x02, 0x04, 0x06,
	0x04, 0x02, 0x01, 0x01, 0x01, 0x04, 0x02, 0x01, 0x02, 0x03, 0x01, 0x07,
	0x02, 0x0A, 0x06, 0x05, 0x07, 0x02, 0x0B, 0x08, 0x06, 0x09, 0x08, 0x08,
	0x03, 0x03, 0x05, 0x0D, 0x01, 0x08, 0x04, 0x03, 0x01, 0x01, 0x01, 0x0E,
	0x0C, 0x10, 0x11, 0x09, 0x07, 0x03, 0x03, 0x08, 0x05, 0x06, 0x04, 0x06,
	0x08, 0x06, 0x09, 0x0C, 0x03, 0x08, 0x05, 0x07, 0x05, 0x02, 0x02, 0x03,
	0x04, 0x01, 0x02, 0x06, 0x07, 0x04, 0x02, 0x02, 0x02, 0x04, 0x03, 0x02,
	0x02, 0x01, 0x01, 0x06, 0x04, 0x01, 0x06, 0x03, 0x04, 0x07, 0x07, 0x08,
	0x0A, 0x0B, 0x08, 0x0A, 0x03, 0x01, 0x01, 0x01, 0x01, 0x01, 0x02, 0x04,
	0x03, 0x02, 0x04, 0x06, 0x04, 0x06, 0x08, 0x09, 0x0D, 0x04, 0x08, 0x06,
	0x09, 0x05, 0x0C, 0x10, 0x07, 0x0B, 0x06, 0x06, 0x05, 0x09, 0x01, 0x09,
	0x05, 0x02, 0x03, 0x09, 0x04, 0x03, 0x01, 0x01, 0x01, 0x04, 0x01, 0x01,
	0x02, 0x01, 0x03, 0x05, 0x04, 0x03, 0x03, 0x01, 0x03, 0x02, 0x02, 0x03,
	0x03, 0x08, 0x05, 0x0D, 0x0C, 0x03, 0x06, 0x03, 0x03, 0x02, 0x04, 0x03,
	0x06, 0x05, 0x07, 0x09, 0x01, 0x1C, 0x16, 0x10, 0x15, 0x11, 0x12, 0x13,
	0x0D, 0x15, 0x19, 0x09, 0x14, 0x11, 0x09, 0x0F, 0x07, 0x14, 0x10, 0x08,
	0x0C, 0x05, 0x04, 0x07, 0x06, 0x0A, 0x06, 0x0D, 0x0C, 0x07, 0x0A, 0x06,
	0x34, 0x31, 0x2E, 0x27, 0x26, 0x1B, 0x01, 0x02, 0x01, 0x04, 0x04, 0x01,
	0x03, 0x01, 0x01, 0x05, 0x07, 0x02, 0x06, 0x01, 0x0A, 0x09, 0x03, 0x02,
	0x02, 0x03, 0x02, 0x03, 0x06, 0x04, 0x03, 0x03, 0x03, 0x02, 0x04, 0x05,
	0x02, 0x05, 0x04, 0x07, 0x03, 0x12, 0x04, 0x06, 0x05, 0x09, 0x05, 0x0E,
	0x0C, 0x04, 0x02, 0x01, 0x01, 0x03, 0x03, 0x05, 0x07, 0x01, 0x03, 0x4C,
	0x03, 0x03, 0x02, 0x04, 0x04, 0x01, 0x02, 0x03, 0x02, 0x02, 0x0D, 0x0C,
	0x08, 0x02, 0x02, 0x02, 0x01, 0x03, 0x04, 0x02, 0x04, 0x02, 0x07, 0x05,
	0x02, 0x02, 0x06, 0x02, 0x03, 0x04, 0x01, 0x01, 0x02, 0x02, 0x01, 0x02,
	0x14, 0x07, 0x06, 0x03, 0x0A, 0x04, 0x02, 0x06, 0x04, 0x01, 0x03, 0x05,
	0x03, 0x07, 0x09, 0x02, 0x07, 0x03, 0x04, 0x02, 0x02, 0x02, 0x01, 0x02,
	0x02, 0x01, 0x02, 0x01, 0x01, 0x01, 0x02, 0x02, 0x08, 0x04, 0x05, 0x01,
	0x01, 0x01, 0x01, 0x02, 0x02, 0x01, 0x02, 0x06, 0x03, 0x03, 0x3F, 0x01,
	0x01, 0xBA, 0x12, 0x01, 0x01, 0xFE, 0xF8, 0x02, 0x03, 0x05, 0x0F, 0x13,
	0x0B, 0x17, 0x17, 0x0B, 0x04, 0x0E, 0x08, 0x14, 0x12, 0x08, 0x01, 0x01,
	0x04, 0x06, 0x02, 0x05, 0x02, 0x01, 0x01, 0x01, 0x02, 0x04, 0x06, 0x03,
	0x02, 0x05, 0x05, 0x06, 0x07, 0x04, 0x05, 0x02, 0x03, 0x04, 0x06, 0x0E,
	0x0D, 0x10, 0x0F, 0x16, 0x01, 0x22, 0x12, 0x1B, 0x0C, 0x0A, 0x0E, 0x05,
	0x13, 0x10, 0x09, 0x0D, 0x09, 0x08, 0x03, 0x03, 0x01, 0x01, 0x04, 0x01,
	0x01, 0x04, 0x05, 0x11, 0x11, 0x0A, 0x14, 0x0E, 0x07, 0x0C, 0x0B, 0x0C,
	0x0D, 0x0B, 0x0B, 0x08, 0x09, 0x05, 0x09, 0x08, 0x04, 0x07, 0x07, 0x08,
	0x09, 0x09, 0x1A, 0x0B, 0x07, 0x09, 0x06, 0x07, 0x04, 0x04, 0x01, 0x09,
	0x09, 0x07, 0x0B, 0x0E, 0x04, 0x0A, 0x09, 0x07, 0x09, 0x07, 0x09, 0x05,
	0x0B, 0x0C, 0x06, 0x0A, 0x08, 0x0A, 0x08, 0x02, 0x06, 0x05, 0x07, 0x05,
	0x09, 0x08, 0x03, 0x06, 0x03, 0x03, 0x06, 0x02, 0x02, 0x01, 0x01, 0x03,
	0x02, 0x01, 0x02, 0x0B, 0x0A, 0x22, 0x11, 0x05, 0x0A, 0x05, 0x0C, 0x0A,
	0x08, 0x09, 0x04, 0x0C, 0x09, 0x07, 0x09, 0x0A, 0x09, 0x05, 0x05, 0x02,
	0x02, 0x02, 0x02, 0x01, 0x0A, 0x07, 0x06, 0x04, 0x02, 0x04, 0x04, 0x02,
	0x07, 0x04, 0x02, 0x01, 0x01, 0x01, 0x01, 0x01, 0x02, 0x03, 0x0C, 0x07,
	0x06, 0x02, 0x02, 0x01, 0x01, 0x01, 0x03, 0x0B, 0x06, 0x05, 0x02, 0x02,
	0x02, 0x01, 0x02, 0x03, 0x05, 0x04, 0x04, 0x03, 0x04, 0x05, 0x01, 0x02,
	0x01, 0x02, 0x03, 0x01, 0x03, 0x02, 0x02, 0x02, 0x04, 0x04, 0x01, 0x01,
	0x06, 0x04, 0x09, 0x0A, 0x03, 0x06, 0x01, 0x01, 0x01, 0x03, 0x02, 0x03,
	0x03, 0x02, 0x02, 0x01, 0x03, 0x01, 0x02, 0x03, 0x02, 0x05, 0x08, 0x08,
	0x04, 0x06, 0x04, 0x02, 0x02, 0x06, 0x0A, 0x04, 0x04, 0x02, 0x01, 0x04,
	0x03, 0x05, 0x0A, 0x03, 0x01, 0x02, 0x0D, 0x08, 0x09, 0x04, 0x05, 0x09,
	0x09, 0x0C, 0x04, 0x03, 0x06, 0x06, 0x0C, 0x0B, 0x05, 0x03, 0x01, 0x06,
	0x08, 0x07, 0x05, 0x04, 0x03, 0x02, 0x03, 0x04, 0x03, 0x04, 0x07, 0x03,
	0x02, 0x04, 0x02, 0x07, 0x05, 0x03, 0x04, 0x02, 0x0B, 0x06, 0x04, 0x01,
	0x01, 0x02, 0x05, 0x04, 0x03, 0x04, 0x03, 0x02, 0x03, 0x05, 0x04, 0x01,
	0x02, 0x01, 0x03, 0x05, 0x0F, 0x02, 0x01, 0x09, 0x07, 0x0A, 0x09, 0x02,
	0x07, 0x05, 0x05, 0x03, 0x04, 0x08, 0x02, 0x01, 0x01, 0x04, 0x04, 0x02,
	0x03, 0x03, 0x04, 0x03, 0x01, 0x05, 0x04, 0x03, 0x05, 0x07, 0x0B, 0x04,
	0x05, 0x01, 0x01, 0x01, 0x02, 0x03, 0x04, 0x05, 0x01, 0x01, 0x06, 0x02,
	0x07, 0x04, 0x02, 0x01, 0x01, 0x02, 0x05, 0x01, 0x02, 0x02, 0x02, 0x01,
	0x01, 0x01, 0x02, 0x05, 0x05, 0x03, 0x02, 0x02, 0x02, 0x01, 0x02, 0x03,
	0x01, 0x02, 0x03, 0x02, 0x05, 0x04, 0x02, 0x01, 0x03, 0x03, 0x06, 0x0F,
	0x07, 0x04, 0x02, 0x02, 0x04, 0x01, 0x03, 0x02, 0x04, 0x01, 0x04, 0x03,
	0x01, 0x02, 0x01, 0x03, 0x01, 0x01, 0x02, 0x01, 0x03, 0x07, 0x0A, 0x0A,
	0x01, 0x01, 0x02, 0x01, 0x02, 0x01, 0x01, 0x01, 0x01, 0x01, 0x01, 0x01,
	0x01, 0x14, 0x34, 0x33, 0x47, 0x05, 0x14, 0x10, 0x12, 0x27, 0x01, 0x02,
	0x01, 0x01, 0x07, 0x08, 0x04, 0x08, 0x08, 0x05, 0x01, 0x02, 0x03, 0x03,
	0x04, 0x03, 0x03, 0x02, 0x01, 0x02, 0x01, 0x02, 0x04, 0x07, 0x03, 0x09,
	0x07, 0x04, 0x06, 0x08, 0x96, 0x01, 0x02, 0x01, 0x02, 0x03, 0x03, 0x02,
	0x01, 0x01, 0x02, 0x01, 0x02, 0x01, 0x02, 0x01, 0x01, 0xFD, 0xDB, 0x04,
	0x08, 0x04, 0x0B, 0x0C, 0x07, 0x10, 0x0D, 0x08, 0x12, 0x0B, 0x10, 0x0C,
	0x0E, 0x02, 0xB9, 0x28, 0x27, 0x8E, 0x5C, 0x5F, 0xD0, 0x5F, 0x5C, 0x8E,
	0x27, 0x28, 0x28, 0x27, 0x8E, 0x5C, 0x5F, 0xD0, 0x5F, 0x5C, 0x8E, 0x27,
	0x28, 0xFC, 0x27, 0x26, 0x23, 0x42, 0x41, 0x55, 0x58, 0xC0, 0x58, 0x55,
	0x41, 0x42, 0x23, 0x26, 0x26, 0x23, 0x42, 0x41, 0x55, 0x58, 0xC0, 0x58,
	0x55, 0x41, 0x42, 0x23, 0x26, 0x00, 0x00, 0x00, 0x00, 0x04, 0x00, 0xA0,
	0x00, 0x60, 0x03, 0x60, 0x03, 0x20, 0x00, 0x0F, 0x00, 0x2B, 0x00, 0x3B,
	0x00, 0x57, 0x00, 0x00, 0x25, 0x14, 0x16, 0x3B, 0x01, 0x32, 0x36, 0x35,
	0x11, 0x34, 0x26, 0x2B, 0x01, 0x22, 0x06, 0x15, 0x03, 0x11, 0x34, 0x37,
	0x36, 0x37, 0x36, 0x3B, 0x01, 0x32, 0x17, 0x16, 0x17, 0x16, 0x15, 0x11,
	0x14, 0x07, 0x06, 0x07, 0x06, 0x2B, 0x01, 0x22, 0x27, 0x26, 0x27, 0x26,
	0x25, 0x14, 0x16, 0x3B, 0x01, 0x32, 0x36, 0x35, 0x11, 0x34, 0x26, 0x2B,
	0x01, 0x22, 0x06, 0x15, 0x03, 0x11, 0x34, 0x37, 0x36, 0x37, 0x36, 0x3B,
	0x01, 0x32, 0x17, 0x16, 0x17, 0x16, 0x15, 0x11, 0x14, 0x07, 0x06, 0x07,
	0x06, 0x2B, 0x01, 0x22, 0x27, 0x26, 0x27, 0x26, 0x01, 0x0B, 0x12, 0x0E,
	0x2A, 0x0E, 0x12, 0x12, 0x0E, 0x2A, 0x0E, 0x12, 0x6B, 0x13, 0x12, 0x20,
	0x20, 0x26, 0x2A, 0x26, 0x20, 0x20, 0x12, 0x13, 0x13, 0x12, 0x20, 0x20,
	0x26, 0x2A, 0x26, 0x20, 0x20, 0x12, 0x13, 0x01, 0xEB, 0x12, 0x0E, 0x2A,
	0x0E, 0x12, 0x12, 0x0E, 0x2A, 0x0E, 0x12, 0x6B, 0x13, 0x12, 0x20, 0x20,
	0x26, 0x2A, 0x26, 0x20, 0x20, 0x12, 0x13, 0x13, 0x12, 0x20, 0x20, 0x26,
	0x2A, 0x26, 0x20, 0x20, 0x12, 0x13, 0xEB, 0x0E, 0x12, 0x12, 0x0E, 0x01,
	0xAA, 0x0E, 0x12, 0x12, 0x0E, 0xFE, 0x56, 0x01, 0xAA, 0x26, 0x20, 0x20,
	0x12, 0x13, 0x13, 0x12, 0x20, 0x20, 0x26, 0xFE, 0x56, 0x26, 0x20, 0x20,
	0x12, 0x13, 0x13, 0x12, 0x20, 0x20, 0x26, 0x0E, 0x12, 0x12, 0x0E, 0x01,
	0xAA, 0x0E, 0x12, 0x12, 0x0E, 0xFE, 0x56, 0x01, 0xAA, 0x26, 0x20, 0x20,
	0x12, 0x13, 0x13, 0x12, 0x20, 0x20, 0x26, 0xFE, 0x56, 0x26, 0x20, 0x20,
	0x12, 0x13, 0x13, 0x12, 0x20, 0x20, 0x00, 0x00, 0x00, 0x02, 0x00, 0x00,
	0xFF, 0xC0, 0x04, 0x00, 0x03, 0xC0, 0x01, 0x0D, 0x01, 0x20, 0x00, 0x00,
	0x01, 0x16, 0x17, 0x16, 0x1F, 0x01, 0x1E, 0x01, 0x17, 0x15, 0x1C, 0x01,
	0x15, 0x14, 0x15, 0x16, 0x1C, 0x02, 0x07, 0x14, 0x15, 0x14, 0x15, 0x14,
	0x15, 0x0E, 0x01, 0x0F, 0x01, 0x0E, 0x01, 0x0F, 0x01, 0x0E, 0x01, 0x15,
	0x14, 0x17, 0x16, 0x1F, 0x01, 0x1E, 0x01, 0x14, 0x07, 0x06, 0x0F, 0x01,
	0x06, 0x07, 0x06, 0x22, 0x26, 0x2F, 0x01, 0x26, 0x27, 0x26, 0x23, 0x22,
	0x06, 0x0F, 0x01, 0x0E, 0x01, 0x0F, 0x01, 0x06, 0x07, 0x06, 0x07, 0x2A,
	0x02, 0x23, 0x22, 0x23, 0x06, 0x2A, 0x02, 0x27, 0x22, 0x23, 0x22, 0x2B,
	0x01, 0x22, 0x2E, 0x01, 0x2F, 0x01, 0x26, 0x27, 0x26, 0x2F, 0x01, 0x26,
	0x27, 0x26, 0x23, 0x22, 0x07, 0x06, 0x0F, 0x01, 0x06, 0x23, 0x26, 0x27,
	0x26, 0x27, 0x26, 0x27, 0x2E, 0x01, 0x27, 0x26, 0x27, 0x26, 0x35, 0x34,
	0x37, 0x36, 0x3F, 0x01, 0x36, 0x37, 0x36, 0x35, 0x34, 0x26, 0x2F, 0x01,
	0x2E, 0x01, 0x2F, 0x01, 0x26, 0x27, 0x26, 0x27, 0x35, 0x3C, 0x02, 0x35,
	0x26, 0x35, 0x34, 0x35, 0x3C, 0x01, 0x37, 0x34, 0x35, 0x34, 0x3D, 0x01,
	0x34, 0x3E, 0x01, 0x3F, 0x01, 0x36, 0x37, 0x36, 0x3F, 0x01, 0x36, 0x37,
	0x36, 0x35, 0x34, 0x27, 0x26, 0x2F, 0x01, 0x26, 0x27, 0x26, 0x35, 0x34,
	0x37, 0x36, 0x3F, 0x01, 0x36, 0x37, 0x36, 0x33, 0x32, 0x16, 0x1F, 0x01,
	0x16, 0x17, 0x16, 0x33, 0x32, 0x37, 0x36, 0x3F, 0x01, 0x36, 0x37, 0x36,
	0x3F, 0x01, 0x36, 0x37, 0x36, 0x37, 0x3A, 0x02, 0x33, 0x32, 0x33, 0x36,
	0x3A, 0x02, 0x33, 0x16, 0x33, 0x32, 0x3B, 0x01, 0x16, 0x17, 0x16, 0x1F,
	0x01, 0x1E, 0x01, 0x1F, 0x01, 0x1E, 0x01, 0x33, 0x32, 0x37, 0x36, 0x3F,
	0x01, 0x3E, 0x01, 0x32, 0x17, 0x16, 0x1F, 0x01, 0x1E, 0x01, 0x15, 0x14,
	0x07, 0x06, 0x0F, 0x01, 0x06, 0x07, 0x06, 0x15, 0x14, 0x17, 0x16, 0x17,
	0x05, 0x14, 0x16, 0x17, 0x16, 0x32, 0x37, 0x3E, 0x01, 0x34, 0x27, 0x26,
	0x27, 0x26, 0x22, 0x07, 0x06, 0x07, 0x06, 0x03, 0x6D, 0x05, 0x0B, 0x0B,
	0x0E, 0x46, 0x0D, 0x14, 0x02, 0x01, 0x01, 0x02, 0x14, 0x0D, 0x46, 0x0E,
	0x16, 0x05, 0x1A, 0x03, 0x02, 0x02, 0x03, 0x04, 0x2A, 0x04, 0x04, 0x03,
	0x02, 0x05, 0x2E, 0x05, 0x07, 0x07, 0x0E, 0x0C, 0x05, 0x38, 0x06, 0x08,
	0x08, 0x09, 0x06, 0x0C, 0x05, 0x3F, 0x0E, 0x12, 0x03, 0x0A, 0x03, 0x09,
	0x0A, 0x0E, 0x01, 0x01, 0x01, 0x02, 0x01, 0x02, 0x05, 0x0C, 0x10, 0x0C,
	0x05, 0x02, 0x01, 0x02, 0x01, 0x01, 0x01, 0x0E, 0x14, 0x02, 0x0A, 0x03,
	0x09, 0x0A, 0x0D, 0x3F, 0x05, 0x06, 0x06, 0x06, 0x09, 0x08, 0x08, 0x06,
	0x38, 0x07, 0x0D, 0x0B, 0x0C, 0x0B, 0x05, 0x05, 0x06, 0x05, 0x18, 0x05,
	0x02, 0x01, 0x01, 0x03, 0x02, 0x05, 0x2A, 0x04, 0x03, 0x02, 0x02, 0x03,
	0x1A, 0x05, 0x16, 0x0E, 0x46, 0x0E, 0x09, 0x0A, 0x02, 0x01, 0x01, 0x02,
	0x14, 0x0D, 0x46, 0x0E, 0x0B, 0x0B, 0x05, 0x1A, 0x03, 0x01, 0x01, 0x02,
	0x03, 0x04, 0x2A, 0x04, 0x02, 0x02, 0x03, 0x02, 0x05, 0x2E, 0x05, 0x07,
	0x07, 0x07, 0x06, 0x0C, 0x05, 0x38, 0x07, 0x08, 0x08, 0x08, 0x07, 0x06,
	0x05, 0x06, 0x3F, 0x0D, 0x0A, 0x09, 0x03, 0x0A, 0x02, 0x0A, 0x0A, 0x0E,
	0x01, 0x01, 0x01, 0x02, 0x01, 0x02, 0x05, 0x0C, 0x10, 0x0C, 0x05, 0x02,
	0x01, 0x02, 0x01, 0x02, 0x0E, 0x0A, 0x0A, 0x02, 0x0A, 0x03, 0x12, 0x0E,
	0x3F, 0x05, 0x0C, 0x06, 0x09, 0x08, 0x08, 0x06, 0x38, 0x05, 0x0C, 0x0E,
	0x07, 0x07, 0x05, 0x2E, 0x05, 0x04, 0x01, 0x02, 0x04, 0x2A, 0x04, 0x03,
	0x02, 0x01, 0x01, 0x03, 0xFE, 0x2D, 0x22, 0x1D, 0x1E, 0x46, 0x1E, 0x1D,
	0x22, 0x12, 0x11, 0x1C, 0x1E, 0x46, 0x1E, 0x1D, 0x11, 0x11, 0x02, 0x32,
	0x0D, 0x0A, 0x09, 0x03, 0x0A, 0x02, 0x14, 0x0E, 0x01, 0x01, 0x01, 0x02,
	0x01, 0x02, 0x05, 0x0C, 0x10, 0x0C, 0x05, 0x01, 0x02, 0x01, 0x02, 0x01,
	0x01, 0x0D, 0x14, 0x03, 0x0A, 0x03, 0x12, 0x0E, 0x3F, 0x05, 0x0C, 0x06,
	0x09, 0x08, 0x07, 0x07, 0x38, 0x05, 0x0C, 0x0E, 0x07, 0x06, 0x06, 0x2E,
	0x05, 0x02, 0x03, 0x04, 0x04, 0x2A, 0x04, 0x03, 0x02, 0x02, 0x03, 0x1A,
	0x05, 0x16, 0x0E, 0x46, 0x0D, 0x0A, 0x0A, 0x02, 0x01, 0x01, 0x02, 0x14,
	0x0D, 0x46, 0x0E, 0x0B, 0x0B, 0x05, 0x1A, 0x02, 0x02, 0x01, 0x02, 0x03,
	0x04, 0x2A, 0x05, 0x01, 0x04, 0x04, 0x04, 0x05, 0x06, 0x04, 0x1A, 0x06,
	0x04, 0x04, 0x05, 0x04, 0x07, 0x07, 0x06, 0x06, 0x38, 0x06, 0x08, 0x08,
	0x09, 0x06, 0x0C, 0x05, 0x3F, 0x0E, 0x12, 0x03, 0x0A, 0x02, 0x0A, 0x0A,
	0x0E, 0x01, 0x01, 0x01, 0x04, 0x01, 0x05, 0x06, 0x07, 0x07, 0x08, 0x0C,
	0x05, 0x02, 0x01, 0x02, 0x01, 0x01, 0x01, 0x0E, 0x14, 0x02, 0x0A, 0x03,
	0x09, 0x0A, 0x0D, 0x3F, 0x06, 0x05, 0x06, 0x06, 0x09, 0x08, 0x08, 0x06,
	0x38, 0x06, 0x05, 0x07, 0x06, 0x07, 0x07, 0x07, 0x05, 0x2E, 0x05, 0x02,
	0x03, 0x04, 0x04, 0x2A, 0x04, 0x03, 0x02, 0x01, 0x02, 0x02, 0x1A, 0x05,
	0x0B, 0x0B, 0x0E, 0x46, 0x0E, 0x09, 0x0A, 0x02, 0x01, 0x01, 0x02, 0x0A,
	0x09, 0x0E, 0x46, 0x0E, 0x16, 0x05, 0x1A, 0x03, 0x02, 0x02, 0x03, 0x04,
	0x2A, 0x04, 0x04, 0x03, 0x02, 0x05, 0x2E, 0x05, 0x0E, 0x07, 0x06, 0x07,
	0x05, 0x05, 0x38, 0x07, 0x08, 0x08, 0x09, 0x06, 0x06, 0x05, 0x06, 0xB1,
	0x23, 0x3A, 0x11, 0x12, 0x12, 0x11, 0x3A, 0x46, 0x1E, 0x1D, 0x11, 0x11,
	0x11, 0x11, 0x1D, 0x1E, 0x00, 0x01, 0x00, 0x65, 0xFF, 0xC0, 0x03, 0x9B,
	0x03, 0xC0, 0x00, 0x92, 0x00, 0x00, 0x25, 0x16, 0x17, 0x16, 0x17, 0x16,
	0x17, 0x16, 0x17, 0x16, 0x17, 0x1C, 0x01, 0x07, 0x06, 0x07, 0x06, 0x07,
	0x06, 0x22, 0x27, 0x26, 0x27, 0x26, 0x27, 0x26, 0x3D, 0x01, 0x36, 0x37,
	0x36, 0x37, 0x36, 0x37, 0x36, 0x37, 0x36, 0x37, 0x36, 0x37, 0x36, 0x37,
	0x36, 0x37, 0x36, 0x37, 0x36, 0x37, 0x36, 0x3D, 0x01, 0x26, 0x27, 0x26,
	0x27, 0x26, 0x27, 0x26, 0x27, 0x26, 0x27, 0x26, 0x27, 0x22, 0x27, 0x26,
	0x27, 0x26, 0x27, 0x26, 0x27, 0x26, 0x37, 0x36, 0x37, 0x36, 0x35, 0x34,
	0x27, 0x26, 0x37, 0x36, 0x37, 0x36, 0x37, 0x27, 0x33, 0x16, 0x32, 0x33,
	0x16, 0x33, 0x16, 0x33, 0x16, 0x37, 0x32, 0x37, 0x36, 0x37, 0x36, 0x33,
	0x32, 0x17, 0x16, 0x17, 0x16, 0x17, 0x16, 0x17, 0x16, 0x17, 0x16, 0x07,
	0x16, 0x17, 0x16, 0x07, 0x06, 0x07, 0x06, 0x07, 0x06, 0x07, 0x06, 0x23,
	0x06, 0x07, 0x06, 0x07, 0x06, 0x07, 0x06, 0x07, 0x06, 0x07, 0x06, 0x07,
	0x15, 0x14, 0x17, 0x1E, 0x01, 0x17, 0x16, 0x17, 0x16, 0x02, 0xAC, 0x12,
	0x28, 0x28, 0x14, 0x20, 0x16, 0x1B, 0x10, 0x12, 0x06, 0x1E, 0x1F, 0x37,
	0x39, 0x49, 0x4E, 0xAE, 0x4E, 0x49, 0x39, 0x37, 0x1F, 0x1E, 0x07, 0x13,
	0x11, 0x1C, 0x17, 0x22, 0x15, 0x2A, 0x10, 0x08, 0x0E, 0x0A, 0x01, 0x14,
	0x0A, 0x06, 0x07, 0x04, 0x04, 0x02, 0x02, 0x02, 0x02, 0x01, 0x03, 0x08,
	0x03, 0x06, 0x04, 0x05, 0x05, 0x05, 0x06, 0x0D, 0x09, 0x07, 0x06, 0x02,
	0x07, 0x05, 0x06, 0x09, 0x04, 0x03, 0x0B, 0x02, 0x01, 0x01, 0x01, 0x02,
	0x07, 0x09, 0x13, 0x07, 0x02, 0x01, 0x02, 0x01, 0x04, 0x03, 0x05, 0x05,
	0x0C, 0x0B, 0x0F, 0x0D, 0x14, 0x0E, 0x16, 0x14, 0x1D, 0x17, 0x1C, 0x15,
	0x37, 0x20, 0x1E, 0x0D, 0x0C, 0x02, 0x01, 0x05, 0x0C, 0x04, 0x05, 0x0A,
	0x06, 0x05, 0x07, 0x02, 0x06, 0x07, 0x09, 0x0D, 0x06, 0x05, 0x05, 0x05,
	0x04, 0x06, 0x03, 0x08, 0x03, 0x01, 0x02, 0x02, 0x01, 0x02, 0x08, 0x07,
	0x05, 0x0B, 0x0F, 0xF7, 0x0B, 0x15, 0x14, 0x0C, 0x14, 0x16, 0x1A, 0x20,
	0x25, 0x2F, 0x01, 0x0B, 0x0B, 0x0B, 0x09, 0x09, 0x05, 0x06, 0x06, 0x05,
	0x09, 0x09, 0x0B, 0x0B, 0x0B, 0x01, 0x31, 0x26, 0x22, 0x1B, 0x16, 0x14,
	0x0C, 0x15, 0x08, 0x04, 0x07, 0x06, 0x01, 0x0A, 0x06, 0x04, 0x05, 0x06,
	0x07, 0x09, 0x0A, 0x0F, 0x51, 0x02, 0x03, 0x01, 0x03, 0x08, 0x05, 0x07,
	0x0A, 0x0C, 0x13, 0x14, 0x1F, 0x09, 0x07, 0x0F, 0x07, 0x18, 0x15, 0x0D,
	0x17, 0x10, 0x0B, 0x06, 0x0B, 0x10, 0x09, 0x15, 0x22, 0x12, 0x1E, 0x18,
	0x1D, 0x16, 0x3F, 0x01, 0x01, 0x01, 0x01, 0x01, 0x03, 0x04, 0x02, 0x03,
	0x07, 0x08, 0x11, 0x0A, 0x17, 0x15, 0x21, 0x1E, 0x2C, 0x20, 0x3C, 0x06,
	0x0B, 0x10, 0x18, 0x0D, 0x15, 0x18, 0x07, 0x0F, 0x07, 0x09, 0x1F, 0x14,
	0x13, 0x0C, 0x0A, 0x07, 0x05, 0x08, 0x03, 0x01, 0x03, 0x02, 0x51, 0x0F,
	0x09, 0x0A, 0x0C, 0x05, 0x03, 0x06, 0x09, 0x00, 0x00, 0x03, 0x00, 0x31,
	0xFF, 0xC0, 0x03, 0xCF, 0x03, 0xC0, 0x00, 0x6A, 0x00, 0x7E, 0x00, 0x8A,
	0x00, 0x00, 0x25, 0x14, 0x17, 0x16, 0x17, 0x21, 0x26, 0x34, 0x35, 0x34,
	0x37, 0x36, 0x37, 0x36, 0x37, 0x36, 0x37, 0x36, 0x37, 0x36, 0x3D, 0x01,
	0x34, 0x27, 0x26, 0x27, 0x26, 0x27, 0x26, 0x27, 0x26, 0x27, 0x26, 0x27,
	0x2E, 0x01, 0x27, 0x26, 0x37, 0x36, 0x37, 0x26, 0x27, 0x26, 0x37, 0x36,
	0x37, 0x16, 0x17, 0x32, 0x37, 0x36, 0x33, 0x36, 0x17, 0x16, 0x17, 0x16,
	0x17, 0x16, 0x17, 0x16, 0x17, 0x16, 0x07, 0x06, 0x07, 0x06, 0x07, 0x14,
	0x07, 0x14, 0x15, 0x14, 0x15, 0x16, 0x17, 0x16, 0x15, 0x14, 0x07, 0x06,
	0x07, 0x06, 0x07, 0x06, 0x07, 0x06, 0x07, 0x06, 0x07, 0x06, 0x07, 0x06,
	0x07, 0x06, 0x07, 0x06, 0x07, 0x15, 0x14, 0x17, 0x16, 0x17, 0x06, 0x07,
	0x06, 0x37, 0x32, 0x17, 0x16, 0x17, 0x16, 0x14, 0x07, 0x06, 0x07, 0x06,
	0x22, 0x27, 0x26, 0x27, 0x26, 0x34, 0x36, 0x37, 0x36, 0x17, 0x35, 0x23,
	0x35, 0x23, 0x15, 0x23, 0x15, 0x33, 0x15, 0x33, 0x35, 0x02, 0x78, 0x12,
	0x12, 0x1F, 0xFD, 0x77, 0x01, 0x1C, 0x17, 0x2B, 0x22, 0x2D, 0x1B, 0x25,
	0x21, 0x15, 0x1C, 0x04, 0x03, 0x07, 0x07, 0x04, 0x07, 0x04, 0x06, 0x03,
	0x0D, 0x08, 0x0A, 0x10, 0x09, 0x09, 0x0A, 0x06, 0x0D, 0x07, 0x02, 0x03,
	0x09, 0x0D, 0x20, 0x17, 0x1A, 0x10, 0x1C, 0x20, 0x0F, 0x27, 0x18, 0x17,
	0x12, 0x0E, 0x15, 0x2B, 0x19, 0x16, 0x08, 0x06, 0x01, 0x01, 0x05, 0x01,
	0x01, 0x01, 0x09, 0x06, 0x08, 0x01, 0x01, 0x03, 0x08, 0x09, 0x07, 0x0A,
	0x08, 0x0E, 0x03, 0x04, 0x04, 0x05, 0x04, 0x06, 0x07, 0x03, 0x06, 0x03,
	0x18, 0x13, 0x21, 0x1D, 0x11, 0x11, 0xC4, 0x28, 0x23, 0x21, 0x13, 0x14,
	0x14, 0x13, 0x21, 0x23, 0x50, 0x22, 0x21, 0x14, 0x14, 0x28, 0x21, 0x22,
	0x7A, 0x3D, 0x29, 0x3D, 0x3D, 0x29, 0x53, 0x2B, 0x27, 0x25, 0x1C, 0x06,
	0x0C, 0x06, 0x3E, 0x33, 0x2B, 0x22, 0x1B, 0x16, 0x0D, 0x0D, 0x0B, 0x0F,
	0x14, 0x13, 0x4C, 0x06, 0x07, 0x05, 0x0A, 0x0B, 0x07, 0x0C, 0x0C, 0x0E,
	0x11, 0x05, 0x07, 0x08, 0x22, 0x1E, 0x1F, 0x11, 0x0B, 0x03, 0x48, 0x2E,
	0x50, 0x36, 0x44, 0x1B, 0x07, 0x01, 0x02, 0x02, 0x02, 0x03, 0x03, 0x0A,
	0x07, 0x10, 0x07, 0x20, 0x1B, 0x2D, 0x23, 0x30, 0x1C, 0x2F, 0x0B, 0x05,
	0x08, 0x06, 0x01, 0x03, 0x01, 0x02, 0x03, 0x06, 0x0A, 0x10, 0x06, 0x06,
	0x07, 0x08, 0x1E, 0x11, 0x11, 0x08, 0x07, 0x05, 0x11, 0x0D, 0x0B, 0x09,
	0x06, 0x0A, 0x0A, 0x06, 0x09, 0x0A, 0x4C, 0x13, 0x12, 0x0D, 0x0D, 0x1C,
	0x24, 0x26, 0x69, 0x14, 0x13, 0x22, 0x22, 0x50, 0x22, 0x21, 0x14, 0x14,
	0x14, 0x14, 0x21, 0x22, 0x50, 0x44, 0x13, 0x14, 0xA7, 0x28, 0x3E, 0x3E,
	0x28, 0x3E, 0x3E, 0x00, 0x00, 0x02, 0x00, 0x00, 0xFF, 0xC0, 0x04, 0x00,
	0x03, 0xC0, 0x00, 0x18, 0x00, 0x95, 0x00, 0x00, 0x01, 0x32, 0x17, 0x1E,
	0x01, 0x17, 0x16, 0x14, 0x07, 0x0E, 0x01, 0x07, 0x06, 0x22, 0x27, 0x2E,
	0x01, 0x27, 0x26, 0x34, 0x37, 0x3E, 0x01, 0x37, 0x36, 0x13, 0x32, 0x37,
	0x36, 0x37, 0x36, 0x35, 0x26, 0x27, 0x26, 0x27, 0x26, 0x27, 0x26, 0x27,
	0x26, 0x27, 0x26, 0x27, 0x26, 0x27, 0x26, 0x27, 0x2E, 0x01, 0x3D, 0x01,
	0x06, 0x37, 0x3E, 0x01, 0x37, 0x36, 0x37, 0x36, 0x37, 0x32, 0x37, 0x36,
	0x37, 0x36, 0x37, 0x36, 0x37, 0x36, 0x27, 0x26, 0x27, 0x36, 0x27, 0x26,
	0x27, 0x26, 0x27, 0x26, 0x27, 0x26, 0x23, 0x22, 0x07, 0x06, 0x07, 0x06,
	0x07, 0x22, 0x23, 0x22, 0x23, 0x22, 0x2B, 0x01, 0x22, 0x17, 0x06, 0x07,
	0x06, 0x07, 0x06, 0x17, 0x06, 0x07, 0x06, 0x17, 0x16, 0x17, 0x16, 0x17,
	0x16, 0x17, 0x16, 0x33, 0x16, 0x17, 0x16, 0x17, 0x1E, 0x01, 0x17, 0x16,
	0x27, 0x15, 0x14, 0x06, 0x07, 0x06, 0x07, 0x06, 0x07, 0x06, 0x07, 0x06,
	0x07, 0x06, 0x07, 0x06, 0x07, 0x06, 0x07, 0x06, 0x07, 0x14, 0x17, 0x16,
	0x17, 0x16, 0x02, 0x00, 0x68, 0x5F, 0x5C, 0x8E, 0x27, 0x28, 0x28, 0x27,
	0x8E, 0x5C, 0x5F, 0xD0, 0x5F, 0x5C, 0x8E, 0x27, 0x28, 0x28, 0x27, 0x8E,
	0x5C, 0x5F, 0x68, 0x42, 0x38, 0x34, 0x1F, 0x1E, 0x03, 0x0A, 0x08, 0x0D,
	0x0C, 0x10, 0x0A, 0x15, 0x0F, 0x08, 0x0C, 0x09, 0x05, 0x09, 0x08, 0x02,
	0x04, 0x04, 0x01, 0x08, 0x04, 0x04, 0x03, 0x02, 0x03, 0x03, 0x03, 0x08,
	0x05, 0x04, 0x03, 0x01, 0x04, 0x03, 0x03, 0x06, 0x03, 0x02, 0x07, 0x08,
	0x05, 0x06, 0x14, 0x15, 0x24, 0x0A, 0x0F, 0x0C, 0x10, 0x0E, 0x11, 0x04,
	0x13, 0x08, 0x07, 0x05, 0x04, 0x02, 0x02, 0x01, 0x01, 0x01, 0x01, 0x05,
	0x0D, 0x08, 0x06, 0x01, 0x01, 0x02, 0x07, 0x01, 0x03, 0x06, 0x03, 0x03,
	0x04, 0x01, 0x03, 0x04, 0x05, 0x08, 0x03, 0x03, 0x03, 0x02, 0x03, 0x04,
	0x04, 0x08, 0x01, 0x04, 0x04, 0x03, 0x07, 0x09, 0x05, 0x09, 0x0C, 0x08,
	0x0F, 0x15, 0x0A, 0x10, 0x0C, 0x0D, 0x09, 0x09, 0x03, 0x1E, 0x1F, 0x34,
	0x38, 0x03, 0xC0, 0x28, 0x27, 0x8E, 0x5C, 0x5F, 0xD0, 0x5F, 0x5C, 0x8E,
	0x27, 0x28, 0x28, 0x27, 0x8E, 0x5C, 0x5F, 0xD0, 0x5F, 0x5C, 0x8E, 0x27,
	0x28, 0xFC, 0xDC, 0x06, 0x05, 0x08, 0x08, 0x09, 0x19, 0x13, 0x11, 0x0E,
	0x0B, 0x0B, 0x07, 0x0B, 0x08, 0x05, 0x07, 0x07, 0x05, 0x05, 0x05, 0x02,
	0x03, 0x0C, 0x0A, 0x2E, 0x01, 0x09, 0x03, 0x08, 0x06, 0x07, 0x0A, 0x0B,
	0x11, 0x05, 0x04, 0x08, 0x04, 0x0E, 0x0C, 0x07, 0x0E, 0x09, 0x07, 0x03,
	0x25, 0x1E, 0x20, 0x13, 0x15, 0x06, 0x08, 0x04, 0x04, 0x03, 0x01, 0x03,
	0x02, 0x01, 0x1F, 0x10, 0x1A, 0x16, 0x18, 0x15, 0x0C, 0x03, 0x07, 0x08,
	0x0E, 0x07, 0x0C, 0x0E, 0x04, 0x08, 0x04, 0x05, 0x11, 0x0B, 0x0A, 0x07,
	0x06, 0x08, 0x03, 0x09, 0x01, 0x2E, 0x0A, 0x0C, 0x03, 0x02, 0x05, 0x05,
	0x05, 0x07, 0x07, 0x05, 0x08, 0x0B, 0x07, 0x0B, 0x0B, 0x0E, 0x11, 0x13,
	0x19, 0x09, 0x08, 0x08, 0x05, 0x06, 0x00, 0x00, 0x00, 0x03, 0x00, 0xAB,
	0x00, 0x40, 0x03, 0x55, 0x03, 0x40, 0x00, 0x13, 0x00, 0x27, 0x00, 0x3F,
	0x00, 0x00, 0x01, 0x35, 0x23, 0x11, 0x33, 0x35, 0x33, 0x35, 0x21, 0x15,
	0x33, 0x15, 0x33, 0x11, 0x23, 0x15, 0x23, 0x15, 0x21, 0x3D, 0x01, 0x15,
	0x33, 0x15, 0x33, 0x15, 0x33, 0x35, 0x33, 0x35, 0x33, 0x35, 0x23, 0x35,
	0x23, 0x35, 0x23, 0x15, 0x23, 0x15, 0x01, 0x33, 0x15, 0x23, 0x35, 0x23,
	0x35, 0x23, 0x35, 0x21, 0x15, 0x23, 0x15, 0x23, 0x15, 0x23, 0x35, 0x33,
	0x35, 0x33, 0x35, 0x21, 0x15, 0x33, 0x01, 0x55, 0x2A, 0x2A, 0x2B, 0x01,
	0x00, 0x2B, 0x2A, 0x2A, 0x2B, 0xFF, 0x00, 0x2B, 0x2A, 0x56, 0x2A, 0x2B,
	0x2B, 0x2A, 0x56, 0x2A, 0x01, 0x80, 0x2A, 0x55, 0x2B, 0x2A, 0xFE, 0xAA,
	0x2A, 0x2B, 0x55, 0x2A, 0x2B, 0x02, 0x00, 0x2B, 0x01, 0xC0, 0x2B, 0x01,
	0x00, 0x2A, 0x2B, 0x2B, 0x2A, 0xFF, 0x00, 0x2B, 0x2B, 0x2B, 0xD5, 0x55,
	0x2B, 0x2A, 0x2A, 0x2B, 0x55, 0x2B, 0x2B, 0x2B, 0x2B, 0xFE, 0x80, 0xD5,
	0x80, 0x2B, 0x2A, 0x2A, 0x2B, 0x80, 0xD5, 0x2B, 0x2B, 0x2B, 0x00, 0x00,
	0x00, 0x03, 0x00, 0xAB, 0x00, 0x40, 0x03, 0x55, 0x03, 0x40, 0x00, 0x13,
	0x00, 0x27, 0x00, 0x3F, 0x00, 0x00, 0x01, 0x35, 0x23, 0x11, 0x33, 0x35,
	0x33, 0x35, 0x21, 0x15, 0x33, 0x15, 0x33, 0x11, 0x23, 0x15, 0x23, 0x15,
	0x21, 0x3D, 0x01, 0x15, 0x33, 0x15, 0x33, 0x15, 0x33, 0x35, 0x33, 0x35,
	0x33, 0x35, 0x23, 0x35, 0x23, 0x35, 0x23, 0x15, 0x23, 0x15, 0x01, 0x33,
	0x15, 0x23, 0x35, 0x23, 0x35, 0x23, 0x35, 0x21, 0x15, 0x23, 0x15, 0x23,
	0x15, 0x23, 0x35, 0x33, 0x35, 0x33, 0x35, 0x21, 0x15, 0x33, 0x01, 0x55,
	0x2A, 0x2A, 0x2B, 0x01, 0x00, 0x2B, 0x2A, 0x2A, 0x2B, 0xFF, 0x00, 0x2B,
	0x2A, 0x56, 0x2A, 0x2B, 0x2B, 0x2A, 0x56, 0x2A, 0x01, 0x80, 0x2A, 0x55,
	0x2B, 0x2A, 0xFE, 0xAA, 0x2A, 0x2B, 0x55, 0x2A, 0x2B, 0x02, 0x00, 0x2B,
	0x01, 0xC0, 0x2B, 0x01, 0x00, 0x2A, 0x2B, 0x2B, 0x2A, 0xFF, 0x00, 0x2B,
	0x2B, 0x2B, 0xD5, 0x55, 0x2B, 0x2A, 0x2A, 0x2B, 0x55, 0x2B, 0x2B, 0x2B,
	0x2B, 0xFE, 0x80, 0xD5, 0x80, 0x2B, 0x2A, 0x2A, 0x2B, 0x80, 0xD5, 0x2B,
	0x2B, 0x2B, 0x00, 0x00, 0x00, 0x02, 0x00, 0x55, 0x00, 0x6B, 0x03, 0xAB,
	0x03, 0x15, 0x00, 0x2C, 0x00, 0x55, 0x00, 0x00, 0x13, 0x14, 0x17, 0x16,
	0x17, 0x16, 0x17, 0x16, 0x33, 0x21, 0x32, 0x36, 0x37, 0x36, 0x35, 0x34,
	0x27, 0x26, 0x27, 0x26, 0x27, 0x26, 0x27, 0x26, 0x27, 0x2E, 0x01, 0x27,
	0x26, 0x23, 0x22, 0x07, 0x06, 0x07, 0x06, 0x07, 0x06, 0x07, 0x06, 0x07,
	0x06, 0x07, 0x06, 0x07, 0x06, 0x07, 0x34, 0x37, 0x36, 0x37, 0x36, 0x37,
	0x3E, 0x01, 0x37, 0x36, 0x32, 0x17, 0x16, 0x17, 0x16, 0x17, 0x16, 0x17,
	0x16, 0x17, 0x16, 0x17, 0x16, 0x15, 0x14, 0x07, 0x06, 0x07, 0x06, 0x07,
	0x06, 0x23, 0x21, 0x22, 0x27, 0x26, 0x27, 0x26, 0x27, 0x26, 0xAB, 0x0E,
	0x0F, 0x1A, 0x19, 0x22, 0x23, 0x26, 0x01, 0x5A, 0x29, 0x44, 0x14, 0x14,
	0x0B, 0x0C, 0x14, 0x15, 0x19, 0x01, 0x07, 0x07, 0x0B, 0x03, 0x36, 0x2B,
	0x2D, 0x34, 0x27, 0x25, 0x24, 0x1B, 0x1C, 0x0F, 0x0B, 0x08, 0x09, 0x04,
	0x2E, 0x25, 0x22, 0x14, 0x13, 0x56, 0x1A, 0x1A, 0x2D, 0x30, 0x3D, 0x17,
	0x4C, 0x30, 0x32, 0x6A, 0x30, 0x2F, 0x26, 0x25, 0x19, 0x18, 0x08, 0x23,
	0x1B, 0x1B, 0x0E, 0x0F, 0x13, 0x12, 0x20, 0x21, 0x2A, 0x2B, 0x30, 0xFE,
	0xA6, 0x37, 0x33, 0x31, 0x26, 0x25, 0x15, 0x16, 0x01, 0x7A, 0x26, 0x22,
	0x22, 0x19, 0x1A, 0x0E, 0x0F, 0x28, 0x22, 0x23, 0x28, 0x1F, 0x1D, 0x1C,
	0x16, 0x15, 0x0C, 0x0C, 0x09, 0x0A, 0x05, 0x33, 0x54, 0x18, 0x19, 0x10,
	0x10, 0x1C, 0x1B, 0x24, 0x02, 0x07, 0x07, 0x0A, 0x07, 0x1B, 0x1A, 0x26,
	0x26, 0x29, 0x3A, 0x36, 0x35, 0x26, 0x27, 0x0F, 0x2D, 0x46, 0x13, 0x14,
	0x12, 0x12, 0x20, 0x21, 0x2B, 0x2D, 0x32, 0x15, 0x20, 0x21, 0x27, 0x29,
	0x2B, 0x2F, 0x2C, 0x2A, 0x21, 0x20, 0x12, 0x12, 0x15, 0x14, 0x26, 0x25,
	0x31, 0x32, 0x00, 0x00, 0x00, 0x02, 0x00, 0x00, 0x00, 0x5A, 0x04, 0x00,
	0x03, 0x26, 0x00, 0x42, 0x00, 0x70, 0x00, 0x00, 0x13, 0x36, 0x37, 0x36,
	0x37, 0x36, 0x37, 0x36, 0x33, 0x32, 0x17, 0x16, 0x17, 0x16, 0x17, 0x16,
	0x17, 0x16, 0x17, 0x16, 0x17, 0x1E, 0x01, 0x17, 0x16, 0x14, 0x33, 0x15,
	0x16, 0x17, 0x16, 0x17, 0x16, 0x14, 0x07, 0x06, 0x07, 0x06, 0x07, 0x06,
	0x23, 0x22, 0x23, 0x06, 0x23, 0x22, 0x27, 0x26, 0x27, 0x26, 0x27, 0x26,
	0x27, 0x26, 0x27, 0x26, 0x35, 0x34, 0x37, 0x36, 0x37, 0x36, 0x37, 0x36,
	0x37, 0x32, 0x36, 0x03, 0x16, 0x17, 0x16, 0x17, 0x16, 0x33, 0x32, 0x37,
	0x36, 0x33, 0x32, 0x37, 0x36, 0x37, 0x36, 0x34, 0x27, 0x26, 0x27, 0x26,
	0x07, 0x26, 0x27, 0x26, 0x27, 0x26, 0x23, 0x22, 0x07, 0x06, 0x07, 0x06,
	0x07, 0x06, 0x17, 0x26, 0x27, 0x26, 0x07, 0x0E, 0x01, 0x15, 0x14, 0x17,
	0x16, 0x9D, 0x09, 0x21, 0x1F, 0x32, 0x31, 0x3C, 0x3D, 0x40, 0x33, 0x31,
	0x33, 0x2E, 0x21, 0x1C, 0x16, 0x12, 0x07, 0x07, 0x05, 0x04, 0x02, 0x02,
	0x01, 0x01, 0x01, 0x38, 0x2B, 0x28, 0x16, 0x15, 0x15, 0x17, 0x2C, 0x25,
	0x2E, 0x2F, 0x32, 0x6C, 0x87, 0x88, 0x22, 0x49, 0x27, 0x2C, 0x1B, 0x1B,
	0x14, 0x11, 0x16, 0x25, 0x13, 0x12, 0x09, 0x0A, 0x12, 0x15, 0x1E, 0x1F,
	0x24, 0x01, 0x01, 0x0E, 0x0F, 0x0E, 0x11, 0x1C, 0x1B, 0x35, 0x17, 0x97,
	0x97, 0x8D, 0x33, 0x25, 0x22, 0x12, 0x11, 0x12, 0x13, 0x22, 0x25, 0x31,
	0x0E, 0x26, 0x23, 0x35, 0x31, 0x38, 0x3B, 0x36, 0x38, 0x25, 0x28, 0x0D,
	0x0D, 0x16, 0x1C, 0x1F, 0x1C, 0x19, 0x18, 0x1E, 0x0A, 0x0A, 0x01, 0xEF,
	0x44, 0x3C, 0x38, 0x2A, 0x29, 0x16, 0x16, 0x0E, 0x10, 0x1E, 0x16, 0x1D,
	0x18, 0x1B, 0x0B, 0x0B, 0x08, 0x09, 0x03, 0x06, 0x02, 0x01, 0x02, 0x01,
	0x11, 0x27, 0x24, 0x32, 0x31, 0x6A, 0x2F, 0x33, 0x25, 0x20, 0x11, 0x12,
	0x01, 0x01, 0x02, 0x06, 0x05, 0x0A, 0x09, 0x12, 0x1E, 0x2A, 0x27, 0x2B,
	0x1F, 0x1E, 0x1E, 0x1A, 0x1E, 0x15, 0x15, 0x09, 0x01, 0xFE, 0xEA, 0x0B,
	0x05, 0x06, 0x02, 0x02, 0x02, 0x01, 0x17, 0x14, 0x24, 0x21, 0x50, 0x24,
	0x25, 0x14, 0x17, 0x02, 0x44, 0x2F, 0x2C, 0x16, 0x16, 0x17, 0x17, 0x2A,
	0x2C, 0x3A, 0x40, 0x49, 0x16, 0x02, 0x01, 0x0F, 0x0F, 0x32, 0x1C, 0x15,
	0x13, 0x15, 0x00, 0x00, 0x00, 0x01, 0x00, 0x00, 0x00, 0x00, 0x03, 0xC0,
	0x03, 0x80, 0x00, 0x33, 0x00, 0x00, 0x01, 0x11, 0x14, 0x07, 0x06, 0x07,
	0x06, 0x07, 0x06, 0x22, 0x27, 0x26, 0x27, 0x26, 0x27, 0x26, 0x34, 0x37,
	0x36, 0x37, 0x36, 0x37, 0x36, 0x3B, 0x01, 0x11, 0x21, 0x11, 0x14, 0x07,
	0x06, 0x07, 0x06, 0x07, 0x06, 0x22, 0x27, 0x26, 0x27, 0x26, 0x27, 0x26,
	0x34, 0x37, 0x36, 0x37, 0x36, 0x37, 0x36, 0x3B, 0x01, 0x11, 0x03, 0xC0,
	0x0F, 0x0F, 0x1A, 0x1B, 0x22, 0x24, 0x4E, 0x24, 0x22, 0x1B, 0x1A, 0x0F,
	0x0F, 0x0F, 0x0F, 0x1A, 0x1B, 0x22, 0x24, 0x27, 0x40, 0xFE, 0x40, 0x0F,
	0x0F, 0x1A, 0x1B, 0x22, 0x24, 0x4E, 0x24, 0x22, 0x1B, 0x1A, 0x0F, 0x0F,
	0x0F, 0x0F, 0x1A, 0x1B, 0x22, 0x24, 0x27, 0x40, 0x03, 0x80, 0xFD, 0x40,
	0x27, 0x24, 0x22, 0x1B, 0x1A, 0x0F, 0x0F, 0x0F, 0x0F, 0x1A, 0x1B, 0x22,
	0x24, 0x4E, 0x24, 0x22, 0x1B, 0x1A, 0x0F, 0x0F, 0x01, 0x00, 0xFE, 0x40,
	0x27, 0x24, 0x22, 0x1B, 0x1A, 0x0F, 0x0F, 0x0F, 0x0F, 0x1A, 0x1B, 0x22,
	0x24, 0x4E, 0x24, 0x22, 0x1B, 0x1A, 0x0F, 0x0F, 0x02, 0x00, 0x00, 0x00,
	0x00, 0x04, 0x00, 0x55, 0x00, 0x15, 0x03, 0xAB, 0x03, 0x6B, 0x00, 0x6C,
	0x00, 0x8A, 0x00, 0x8E, 0x00, 0xAC, 0x00, 0x00, 0x01, 0x32, 0x17, 0x16,
	0x17, 0x13, 0x34, 0x35, 0x26, 0x3D, 0x01, 0x3E, 0x01, 0x3F, 0x01, 0x15,
	0x07, 0x06, 0x2E, 0x01, 0x27, 0x35, 0x34, 0x37, 0x36, 0x37, 0x25, 0x32,
	0x37, 0x32, 0x33, 0x32, 0x16, 0x17, 0x16, 0x17, 0x16, 0x15, 0x07, 0x14,
	0x15, 0x16, 0x1D, 0x01, 0x06, 0x07, 0x06, 0x0F, 0x01, 0x35, 0x37, 0x36,
	0x16, 0x17, 0x16, 0x17, 0x11, 0x14, 0x07, 0x06, 0x07, 0x06, 0x07, 0x06,
	0x22, 0x27, 0x26, 0x27, 0x26, 0x27, 0x26, 0x35, 0x34, 0x37, 0x36, 0x37,
	0x36, 0x37, 0x36, 0x33, 0x32, 0x17, 0x16, 0x17, 0x11, 0x05, 0x11, 0x14,
	0x07, 0x06, 0x07, 0x06, 0x07, 0x06, 0x22, 0x27, 0x26, 0x27, 0x26, 0x27,
	0x26, 0x35, 0x34, 0x37, 0x36, 0x37, 0x36, 0x37, 0x36, 0x17, 0x35, 0x2F,
	0x02, 0x26, 0x27, 0x26, 0x22, 0x07, 0x06, 0x0F, 0x03, 0x15, 0x1F, 0x03,
	0x16, 0x17, 0x16, 0x32, 0x37, 0x36, 0x3F, 0x03, 0x13, 0x15, 0x25, 0x35,
	0x11, 0x35, 0x2F, 0x03, 0x26, 0x27, 0x26, 0x22, 0x07, 0x06, 0x0F, 0x04,
	0x15, 0x1F, 0x02, 0x16, 0x17, 0x16, 0x32, 0x37, 0x36, 0x3F, 0x02, 0x01,
	0x00, 0x17, 0x15, 0x16, 0x13, 0x01, 0x01, 0x01, 0x14, 0x0F, 0x32, 0x24,
	0x0B, 0x16, 0x0E, 0x03, 0x0A, 0x0B, 0x0F, 0x02, 0x00, 0x02, 0x01, 0x02,
	0x02, 0x08, 0x0E, 0x06, 0x07, 0x04, 0x04, 0x01, 0x01, 0x01, 0x0A, 0x0A,
	0x0F, 0x32, 0x24, 0x0B, 0x16, 0x07, 0x07, 0x03, 0x0A, 0x09, 0x0F, 0x18,
	0x25, 0x24, 0x50, 0x24, 0x25, 0x18, 0x0F, 0x09, 0x0A, 0x0A, 0x09, 0x0F,
	0x18, 0x25, 0x24, 0x28, 0x17, 0x15, 0x16, 0x13, 0xFE, 0x56, 0x0A, 0x09,
	0x0F, 0x18, 0x25, 0x24, 0x50, 0x24, 0x25, 0x18, 0x0F, 0x09, 0x0A, 0x0A,
	0x09, 0x0F, 0x18, 0x25, 0x24, 0x7D, 0x01, 0x02, 0x06, 0x0A, 0x13, 0x16,
	0x32, 0x16, 0x13, 0x0A, 0x06, 0x02, 0x01, 0x01, 0x02, 0x03, 0x03, 0x0A,
	0x13, 0x16, 0x32, 0x16, 0x13, 0x0A, 0x03, 0x03, 0x02, 0x57, 0x01, 0xAA,
	0x01, 0x02, 0x03, 0x03, 0x0A, 0x13, 0x16, 0x32, 0x16, 0x13, 0x0A, 0x03,
	0x03, 0x02, 0x01, 0x01, 0x02, 0x06, 0x0A, 0x13, 0x16, 0x32, 0x16, 0x13,
	0x0A, 0x06, 0x02, 0x01, 0x15, 0x04, 0x04, 0x08, 0x01, 0x34, 0x02, 0x01,
	0x02, 0x01, 0x02, 0x0F, 0x18, 0x02, 0x08, 0x56, 0x06, 0x02, 0x08, 0x12,
	0x0B, 0xB2, 0x0F, 0x0C, 0x0C, 0x03, 0x55, 0x01, 0x06, 0x04, 0x07, 0x08,
	0x09, 0x09, 0xA4, 0x01, 0x02, 0x01, 0x02, 0x01, 0x10, 0x0B, 0x0C, 0x03,
	0x08, 0x56, 0x06, 0x02, 0x08, 0x08, 0x09, 0x0C, 0xFE, 0x4F, 0x17, 0x14,
	0x13, 0x10, 0x18, 0x0D, 0x0D, 0x0D, 0x0D, 0x18, 0x10, 0x13, 0x14, 0x17,
	0x16, 0x15, 0x12, 0x10, 0x18, 0x0E, 0x0D, 0x05, 0x04, 0x08, 0x01, 0x09,
	0x47, 0xFE, 0x79, 0x16, 0x15, 0x12, 0x10, 0x18, 0x0E, 0x0D, 0x0D, 0x0E,
	0x18, 0x10, 0x12, 0x15, 0x16, 0x17, 0x14, 0x13, 0x10, 0x18, 0x0D, 0x0D,
	0x83, 0x06, 0x04, 0x04, 0x06, 0x0B, 0x07, 0x08, 0x08, 0x07, 0x0B, 0x06,
	0x04, 0x04, 0x06, 0x03, 0x05, 0x02, 0x04, 0x0B, 0x06, 0x08, 0x08, 0x06,
	0x0B, 0x04, 0x02, 0x05, 0x02, 0x38, 0x55, 0x47, 0x55, 0xFD, 0xDA, 0x06,
	0x03, 0x05, 0x02, 0x04, 0x0B, 0x06, 0x08, 0x08, 0x06, 0x0B, 0x04, 0x02,
	0x05, 0x03, 0x06, 0x04, 0x04, 0x06, 0x0B, 0x07, 0x08, 0x08, 0x07, 0x0B,
	0x06, 0x04, 0x00, 0x00, 0x00, 0x01, 0x00, 0x00, 0xFF, 0xE0, 0x04, 0x00,
	0x03, 0xA1, 0x00, 0x6E, 0x00, 0x00, 0x01, 0x36, 0x33, 0x32, 0x33, 0x32,
	0x16, 0x17, 0x16, 0x15, 0x11, 0x0E, 0x01, 0x07, 0x06, 0x07, 0x06, 0x07,
	0x06, 0x27, 0x26, 0x27, 0x26, 0x27, 0x26, 0x35, 0x26, 0x37, 0x36, 0x37,
	0x36, 0x37, 0x36, 0x37, 0x36, 0x16, 0x17, 0x11, 0x05, 0x15, 0x1C, 0x01,
	0x15, 0x14, 0x15, 0x14, 0x15, 0x14, 0x15, 0x14, 0x15, 0x14, 0x17, 0x14,
	0x15, 0x14, 0x15, 0x14, 0x07, 0x0E, 0x01, 0x07, 0x06, 0x07, 0x06, 0x07,
	0x06, 0x23, 0x22, 0x27, 0x26, 0x27, 0x26, 0x27, 0x26, 0x35, 0x34, 0x36,
	0x37, 0x36, 0x37, 0x36, 0x37, 0x36, 0x16, 0x17, 0x11, 0x34, 0x37, 0x36,
	0x37, 0x33, 0x34, 0x33, 0x32, 0x33, 0x36, 0x37, 0x36, 0x37, 0x36, 0x37,
	0x36, 0x37, 0x36, 0x37, 0x36, 0x37, 0x36, 0x37, 0x36, 0x03, 0xE0, 0x02,
	0x01, 0x02, 0x01, 0x07, 0x0C, 0x04, 0x03, 0x06, 0x28, 0x1D, 0x20, 0x26,
	0x2D, 0x30, 0x2F, 0x2C, 0x2B, 0x22, 0x23, 0x14, 0x13, 0x01, 0x11, 0x12,
	0x20, 0x21, 0x2D, 0x30, 0x33, 0x31, 0x5A, 0x22, 0xFE, 0x20, 0x01, 0x01,
	0x06, 0x28, 0x1D, 0x20, 0x26, 0x25, 0x28, 0x27, 0x26, 0x35, 0x2A, 0x2C,
	0x17, 0x0A, 0x05, 0x04, 0x22, 0x21, 0x21, 0x2C, 0x30, 0x33, 0x31, 0x5A,
	0x22, 0x09, 0x09, 0x0E, 0x02, 0x01, 0x02, 0x01, 0x04, 0x03, 0x05, 0x05,
	0x0D, 0x0E, 0x11, 0x11, 0x2D, 0x2A, 0x35, 0x2E, 0x77, 0x44, 0x55, 0x03,
	0xA0, 0x01, 0x0A, 0x08, 0x07, 0x08, 0xFD, 0xC0, 0x20, 0x46, 0x1E, 0x20,
	0x14, 0x18, 0x0A, 0x09, 0x05, 0x04, 0x13, 0x13, 0x1F, 0x1F, 0x25, 0x25,
	0x25, 0x25, 0x21, 0x21, 0x18, 0x19, 0x0A, 0x09, 0x0E, 0x16, 0x01, 0x98,
	0x70, 0x02, 0x01, 0x02, 0x02, 0x03, 0x04, 0x05, 0x05, 0x0D, 0x0E, 0x11,
	0x12, 0x2D, 0x2B, 0x35, 0x30, 0x78, 0x45, 0x57, 0x01, 0x20, 0x46, 0x1E,
	0x20, 0x14, 0x14, 0x0A, 0x0A, 0x13, 0x14, 0x24, 0x10, 0x12, 0x11, 0x13,
	0x24, 0x4A, 0x20, 0x22, 0x17, 0x19, 0x0A, 0x09, 0x0E, 0x16, 0x01, 0xC0,
	0x0D, 0x08, 0x07, 0x04, 0x01, 0x01, 0x01, 0x01, 0x01, 0x03, 0x04, 0x04,
	0x04, 0x0A, 0x0A, 0x0C, 0x0B, 0x1C, 0x10, 0x14, 0x00, 0x06, 0x00, 0x00,
	0x00, 0x2B, 0x04, 0x00, 0x03, 0x55, 0x00, 0x16, 0x00, 0x2B, 0x00, 0x41,
	0x00, 0x56, 0x00, 0xDC, 0x01, 0x42, 0x00, 0x00, 0x01, 0x32, 0x37, 0x36,
	0x37, 0x36, 0x35, 0x34, 0x27, 0x26, 0x27, 0x26, 0x22, 0x07, 0x06, 0x07,
	0x06, 0x15, 0x14, 0x17, 0x16, 0x17, 0x16, 0x17, 0x22, 0x27, 0x26, 0x27,
	0x26, 0x34, 0x37, 0x36, 0x37, 0x36, 0x32, 0x17, 0x16, 0x17, 0x16, 0x14,
	0x07, 0x06, 0x07, 0x06, 0x25, 0x34, 0x27, 0x26, 0x27, 0x26, 0x22, 0x07,
	0x06, 0x07, 0x06, 0x15, 0x14, 0x17, 0x16, 0x17, 0x16, 0x32, 0x37, 0x36,
	0x37, 0x36, 0x27, 0x34, 0x37, 0x36, 0x37, 0x36, 0x32, 0x17, 0x16, 0x17,
	0x16, 0x14, 0x07, 0x06, 0x07, 0x06, 0x22, 0x27, 0x26, 0x27, 0x26, 0x05,
	0x36, 0x37, 0x36, 0x37, 0x26, 0x27, 0x26, 0x27, 0x26, 0x27, 0x26, 0x27,
	0x26, 0x27, 0x26, 0x27, 0x07, 0x16, 0x17, 0x16, 0x17, 0x16, 0x17, 0x16,
	0x07, 0x0E, 0x01, 0x07, 0x06, 0x27, 0x26, 0x27, 0x26, 0x27, 0x26, 0x27,
	0x26, 0x27, 0x26, 0x22, 0x07, 0x06, 0x07, 0x06, 0x07, 0x06, 0x07, 0x06,
	0x07, 0x06, 0x27, 0x2E, 0x01, 0x27, 0x26, 0x37, 0x36, 0x37, 0x36, 0x37,
	0x36, 0x37, 0x27, 0x06, 0x07, 0x06, 0x07, 0x06, 0x07, 0x06, 0x07, 0x06,
	0x07, 0x06, 0x07, 0x16, 0x17, 0x16, 0x17, 0x1E, 0x01, 0x17, 0x37, 0x26,
	0x27, 0x26, 0x27, 0x26, 0x27, 0x26, 0x27, 0x26, 0x37, 0x36, 0x37, 0x36,
	0x37, 0x36, 0x17, 0x16, 0x17, 0x16, 0x17, 0x16, 0x17, 0x16, 0x32, 0x37,
	0x36, 0x37, 0x36, 0x37, 0x36, 0x37, 0x36, 0x33, 0x16, 0x17, 0x16, 0x17,
	0x16, 0x07, 0x06, 0x07, 0x06, 0x07, 0x06, 0x07, 0x06, 0x07, 0x17, 0x3E,
	0x01, 0x03, 0x36, 0x37, 0x36, 0x33, 0x32, 0x33, 0x32, 0x17, 0x16, 0x17,
	0x16, 0x17, 0x16, 0x17, 0x1E, 0x01, 0x17, 0x16, 0x17, 0x16, 0x17, 0x16,
	0x17, 0x16, 0x15, 0x14, 0x06, 0x07, 0x06, 0x07, 0x0E, 0x01, 0x07, 0x06,
	0x23, 0x22, 0x26, 0x2F, 0x01, 0x06, 0x07, 0x06, 0x22, 0x27, 0x26, 0x27,
	0x07, 0x0E, 0x01, 0x23, 0x22, 0x27, 0x2E, 0x01, 0x27, 0x26, 0x27, 0x2E,
	0x01, 0x35, 0x34, 0x37, 0x36, 0x37, 0x36, 0x37, 0x36, 0x37, 0x3E, 0x01,
	0x37, 0x36, 0x37, 0x36, 0x37, 0x36, 0x37, 0x36, 0x33, 0x32, 0x33, 0x32,
	0x17, 0x16, 0x17, 0x16, 0x17, 0x16, 0x1F, 0x01, 0x36, 0x37, 0x36, 0x32,
	0x17, 0x16, 0x17, 0x37, 0x36, 0x37, 0x36, 0x01, 0x80, 0x09, 0x08, 0x07,
	0x05, 0x04, 0x04, 0x05, 0x07, 0x08, 0x12, 0x08, 0x07, 0x05, 0x04, 0x04,
	0x05, 0x07, 0x08, 0x09, 0x17, 0x14, 0x13, 0x0C, 0x0B, 0x0B, 0x0C, 0x13,
	0x14, 0x2E, 0x14, 0x13, 0x0C, 0x0B, 0x0B, 0x0C, 0x13, 0x14, 0x01, 0x0A,
	0x04, 0x05, 0x07, 0x08, 0x12, 0x08, 0x07, 0x05, 0x04, 0x04, 0x05, 0x07,
	0x08, 0x12, 0x08, 0x07, 0x05, 0x04, 0x76, 0x0B, 0x0C, 0x13, 0x14, 0x2E,
	0x14, 0x13, 0x0C, 0x0B, 0x0B, 0x0C, 0x13, 0x14, 0x2E, 0x14, 0x13, 0x0C,
	0x0B, 0x01, 0x14, 0x1C, 0x1A, 0x1B, 0x1B, 0x01, 0x06, 0x06, 0x0D, 0x0D,
	0x16, 0x16, 0x22, 0x28, 0x21, 0x21, 0x2A, 0x09, 0x1F, 0x19, 0x1D, 0x16,
	0x09, 0x05, 0x04, 0x01, 0x01, 0x0E, 0x0B, 0x0A, 0x0B, 0x0B, 0x0A, 0x0B,
	0x0E, 0x0B, 0x10, 0x1F, 0x23, 0x2C, 0x5E, 0x2C, 0x23, 0x1F, 0x10, 0x0B,
	0x0E, 0x0B, 0x0A, 0x0B, 0x0B, 0x0A, 0x0B, 0x0E, 0x01, 0x01, 0x04, 0x05,
	0x09, 0x16, 0x1D, 0x18, 0x20, 0x09, 0x2A, 0x21, 0x21, 0x28, 0x22, 0x16,
	0x16, 0x0D, 0x0D, 0x06, 0x06, 0x01, 0x1B, 0x1B, 0x1A, 0x1C, 0x1A, 0x3A,
	0x22, 0x10, 0x1F, 0x19, 0x1D, 0x1A, 0x0A, 0x06, 0x07, 0x01, 0x01, 0x05,
	0x05, 0x0A, 0x09, 0x0B, 0x0C, 0x0A, 0x12, 0x15, 0x12, 0x16, 0x2A, 0x2A,
	0x32, 0x5C, 0x32, 0x2A, 0x2A, 0x16, 0x12, 0x15, 0x12, 0x0A, 0x0C, 0x0B,
	0x09, 0x0A, 0x05, 0x05, 0x01, 0x01, 0x06, 0x07, 0x0A, 0x19, 0x1E, 0x19,
	0x1F, 0x10, 0x22, 0x3A, 0xBD, 0x06, 0x06, 0x06, 0x06, 0x02, 0x03, 0x02,
	0x03, 0x31, 0x20, 0x25, 0x21, 0x22, 0x29, 0x04, 0x08, 0x03, 0x27, 0x19,
	0x1A, 0x0F, 0x0F, 0x07, 0x06, 0x06, 0x06, 0x24, 0x22, 0x25, 0x50, 0x2D,
	0x2E, 0x33, 0x0E, 0x16, 0x05, 0x1D, 0x19, 0x18, 0x1B, 0x32, 0x1B, 0x18,
	0x19, 0x1D, 0x05, 0x16, 0x0E, 0x33, 0x2E, 0x2D, 0x50, 0x25, 0x22, 0x24,
	0x06, 0x06, 0x06, 0x07, 0x0F, 0x0F, 0x1A, 0x19, 0x27, 0x03, 0x08, 0x04,
	0x29, 0x22, 0x21, 0x25, 0x20, 0x31, 0x03, 0x02, 0x03, 0x02, 0x06, 0x06,
	0x06, 0x06, 0x07, 0x05, 0x05, 0x01, 0x10, 0x11, 0x11, 0x12, 0x24, 0x12,
	0x11, 0x11, 0x10, 0x01, 0x05, 0x05, 0x01, 0x81, 0x06, 0x05, 0x0A, 0x09,
	0x0C, 0x0B, 0x0A, 0x09, 0x05, 0x06, 0x06, 0x05, 0x09, 0x0A, 0x0B, 0x0C,
	0x09, 0x0A, 0x05, 0x06, 0x41, 0x0F, 0x0E, 0x18, 0x19, 0x3A, 0x19, 0x18,
	0x0E, 0x0E, 0x0E, 0x0E, 0x18, 0x19, 0x3A, 0x19, 0x18, 0x0E, 0x0F, 0x6B,
	0x0B, 0x0A, 0x09, 0x05, 0x06, 0x06, 0x05, 0x09, 0x0A, 0x0B, 0x0C, 0x09,
	0x0A, 0x05, 0x06, 0x06, 0x05, 0x0A, 0x09, 0x0C, 0x1D, 0x19, 0x18, 0x0E,
	0x0E, 0x0E, 0x0E, 0x18, 0x19, 0x3A, 0x19, 0x18, 0x0E, 0x0F, 0x0F, 0x0E,
	0x18, 0x19, 0xF2, 0x0D, 0x12, 0x13, 0x19, 0x4A, 0x39, 0x3B, 0x34, 0x35,
	0x36, 0x35, 0x3E, 0x17, 0x0F, 0x0D, 0x0C, 0x37, 0x0A, 0x0B, 0x0D, 0x10,
	0x07, 0x0B, 0x0A, 0x0B, 0x0C, 0x12, 0x05, 0x04, 0x01, 0x02, 0x06, 0x08,
	0x07, 0x06, 0x06, 0x0D, 0x07, 0x09, 0x09, 0x07, 0x0D, 0x06, 0x06, 0x07,
	0x08, 0x06, 0x02, 0x01, 0x04, 0x05, 0x12, 0x0C, 0x0B, 0x0A, 0x0B, 0x07,
	0x10, 0x0D, 0x0B, 0x0A, 0x37, 0x0C, 0x0D, 0x0F, 0x17, 0x3E, 0x35, 0x36,
	0x35, 0x34, 0x3B, 0x39, 0x4A, 0x19, 0x13, 0x12, 0x0D, 0x0B, 0x0E, 0x02,
	0x30, 0x09, 0x09, 0x0B, 0x0B, 0x05, 0x0A, 0x09, 0x0C, 0x0B, 0x0A, 0x0B,
	0x06, 0x06, 0x01, 0x01, 0x05, 0x08, 0x08, 0x06, 0x07, 0x0D, 0x08, 0x09,
	0x09, 0x08, 0x0D, 0x07, 0x06, 0x08, 0x08, 0x05, 0x01, 0x07, 0x06, 0x0B,
	0x0A, 0x0B, 0x0C, 0x09, 0x09, 0x05, 0x0C, 0x0B, 0x09, 0x09, 0x30, 0x02,
	0x0E, 0x02, 0xBD, 0x04, 0x02, 0x01, 0x01, 0x0B, 0x0B, 0x0C, 0x0F, 0x10,
	0x19, 0x03, 0x08, 0x05, 0x46, 0x3B, 0x3E, 0x3E, 0x3D, 0x45, 0x41, 0x55,
	0x08, 0x10, 0x06, 0x23, 0x19, 0x1B, 0x24, 0x09, 0x08, 0x10, 0x0D, 0x56,
	0x04, 0x02, 0x03, 0x03, 0x02, 0x04, 0x56, 0x0D, 0x10, 0x08, 0x09, 0x24,
	0x1B, 0x19, 0x23, 0x06, 0x10, 0x08, 0x55, 0x41, 0x45, 0x3D, 0x3E, 0x3E,
	0x3B, 0x46, 0x05, 0x08, 0x03, 0x19, 0x10, 0x0F, 0x0C, 0x0B, 0x0B, 0x01,
	0x01, 0x02, 0x04, 0x05, 0x07, 0x08, 0x08, 0x61, 0x02, 0x01, 0x01, 0x01,
	0x01, 0x02, 0x61, 0x08, 0x08, 0x07, 0x00, 0x00, 0x00, 0x03, 0x00, 0x2D,
	0x00, 0x0A, 0x03, 0xDC, 0x03, 0x67, 0x00, 0x11, 0x00, 0x19, 0x00, 0x45,
	0x00, 0x00, 0x01, 0x25, 0x36, 0x17, 0x16, 0x17, 0x16, 0x06, 0x07, 0x01,
	0x07, 0x37, 0x3E, 0x01, 0x1F, 0x01, 0x13, 0x01, 0x17, 0x36, 0x37, 0x36,
	0x3F, 0x01, 0x07, 0x17, 0x05, 0x27, 0x07, 0x0E, 0x01, 0x26, 0x27, 0x26,
	0x27, 0x03, 0x27, 0x26, 0x27, 0x26, 0x35, 0x34, 0x37, 0x36, 0x37, 0x01,
	0x36, 0x37, 0x36, 0x33, 0x32, 0x17, 0x16, 0x17, 0x16, 0x15, 0x14, 0x07,
	0x14, 0x07, 0x03, 0x06, 0x07, 0x06, 0x07, 0x06, 0x23, 0x22, 0x27, 0x26,
	0x01, 0x29, 0x01, 0xAC, 0x0E, 0x10, 0x10, 0x0A, 0x09, 0x02, 0x0B, 0xFE,
	0xC9, 0x10, 0x35, 0x0B, 0x20, 0x0D, 0xCA, 0x8E, 0xFC, 0xFC, 0xFE, 0x01,
	0x03, 0x03, 0x04, 0x5F, 0x8E, 0x1A, 0x01, 0x4F, 0xAD, 0x7B, 0x08, 0x16,
	0x16, 0x08, 0x08, 0x03, 0x50, 0xA8, 0x18, 0x0D, 0x0D, 0x0E, 0x0F, 0x1A,
	0x03, 0x04, 0x07, 0x08, 0x08, 0x08, 0x16, 0x14, 0x14, 0x0B, 0x0C, 0x01,
	0x01, 0x8D, 0x05, 0x0C, 0x0D, 0x11, 0x12, 0x13, 0x0E, 0x0C, 0x0E, 0x01,
	0x9B, 0xF5, 0x08, 0x04, 0x03, 0x0C, 0x0D, 0x20, 0x0B, 0xFE, 0xC9, 0x57,
	0x35, 0x0B, 0x02, 0x0A, 0x97, 0x02, 0xB1, 0xFE, 0xD6, 0xB5, 0x07, 0x05,
	0x06, 0x05, 0x5F, 0x52, 0x5A, 0xE0, 0x81, 0x7B, 0x08, 0x06, 0x06, 0x07,
	0x08, 0x0B, 0x01, 0x18, 0x4E, 0x0B, 0x16, 0x14, 0x18, 0x1A, 0x15, 0x17,
	0x0A, 0x01, 0x2A, 0x03, 0x01, 0x02, 0x0C, 0x0B, 0x13, 0x14, 0x17, 0x04,
	0x05, 0x04, 0x05, 0xFD, 0x4F, 0x15, 0x10, 0x0F, 0x08, 0x09, 0x05, 0x04,
	0x00, 0x02, 0x00, 0x40, 0xFF, 0xEB, 0x03, 0xA1, 0x03, 0x98, 0x00, 0xCC,
	0x01, 0x24, 0x00, 0x00, 0x13, 0x36, 0x37, 0x3E, 0x01, 0x37, 0x3E, 0x01,
	0x33, 0x32, 0x17, 0x16, 0x17, 0x16, 0x17, 0x16, 0x37, 0x32, 0x37, 0x36,
	0x32, 0x17, 0x16, 0x33, 0x16, 0x37, 0x36, 0x37, 0x3E, 0x01, 0x33, 0x32,
	0x16, 0x17, 0x1E, 0x01, 0x07, 0x06, 0x07, 0x06, 0x15, 0x14, 0x17, 0x16,
	0x17, 0x16, 0x17, 0x16, 0x15, 0x14, 0x06, 0x07, 0x06, 0x07, 0x06, 0x07,
	0x06, 0x07, 0x06, 0x07, 0x06, 0x07, 0x06, 0x17, 0x14, 0x17, 0x1E, 0x01,
	0x17, 0x16, 0x15, 0x14, 0x07, 0x14, 0x07, 0x06, 0x07, 0x0E, 0x01, 0x23,
	0x22, 0x2E, 0x01, 0x27, 0x26, 0x27, 0x26, 0x35, 0x34, 0x27, 0x26, 0x27,
	0x26, 0x37, 0x36, 0x37, 0x36, 0x37, 0x3E, 0x01, 0x37, 0x36, 0x37, 0x36,
	0x27, 0x26, 0x27, 0x26, 0x27, 0x26, 0x37, 0x36, 0x37, 0x36, 0x37, 0x36,
	0x34, 0x26, 0x27, 0x26, 0x23, 0x22, 0x07, 0x06, 0x0F, 0x01, 0x06, 0x07,
	0x22, 0x23, 0x26, 0x23, 0x22, 0x07, 0x22, 0x23, 0x26, 0x2F, 0x01, 0x26,
	0x27, 0x26, 0x23, 0x22, 0x06, 0x15, 0x14, 0x17, 0x16, 0x17, 0x14, 0x17,
	0x14, 0x17, 0x16, 0x17, 0x16, 0x06, 0x07, 0x0E, 0x01, 0x17, 0x1E, 0x01,
	0x17, 0x16, 0x17, 0x16, 0x17, 0x16, 0x07, 0x06, 0x07, 0x0E, 0x01, 0x23,
	0x22, 0x2E, 0x01, 0x37, 0x36, 0x26, 0x27, 0x26, 0x27, 0x26, 0x27, 0x26,
	0x27, 0x26, 0x27, 0x26, 0x35, 0x34, 0x37, 0x36, 0x37, 0x36, 0x37, 0x36,
	0x27, 0x34, 0x27, 0x2E, 0x01, 0x03, 0x16, 0x17, 0x16, 0x1F, 0x01, 0x16,
	0x17, 0x16, 0x17, 0x16, 0x17, 0x16, 0x17, 0x16, 0x17, 0x16, 0x17, 0x16,
	0x17, 0x16, 0x33, 0x32, 0x33, 0x3A, 0x01, 0x33, 0x32, 0x17, 0x16, 0x17,
	0x16, 0x1D, 0x01, 0x14, 0x06, 0x07, 0x06, 0x22, 0x27, 0x2E, 0x01, 0x35,
	0x22, 0x27, 0x22, 0x27, 0x26, 0x27, 0x26, 0x27, 0x26, 0x27, 0x26, 0x27,
	0x26, 0x27, 0x26, 0x27, 0x26, 0x27, 0x26, 0x27, 0x26, 0x27, 0x26, 0x27,
	0x26, 0x27, 0x26, 0x27, 0x26, 0x27, 0x26, 0x27, 0x2E, 0x01, 0x35, 0x34,
	0x37, 0x36, 0x37, 0x3E, 0x01, 0x33, 0x32, 0x17, 0x16, 0xAE, 0x01, 0x04,
	0x05, 0x12, 0x0F, 0x08, 0x14, 0x0C, 0x15, 0x1B, 0x1A, 0x1E, 0x0E, 0x06,
	0x08, 0x0C, 0x09, 0x18, 0x2E, 0x6A, 0x2A, 0x17, 0x08, 0x0B, 0x08, 0x07,
	0x0E, 0x1E, 0x36, 0x16, 0x19, 0x24, 0x0A, 0x06, 0x06, 0x01, 0x01, 0x05,
	0x03, 0x02, 0x02, 0x07, 0x14, 0x0B, 0x09, 0x28, 0x25, 0x27, 0x33, 0x08,
	0x08, 0x05, 0x09, 0x0B, 0x04, 0x06, 0x03, 0x03, 0x01, 0x03, 0x04, 0x06,
	0x02, 0x02, 0x01, 0x03, 0x02, 0x06, 0x07, 0x10, 0x09, 0x08, 0x10, 0x0C,
	0x03, 0x02, 0x01, 0x01, 0x07, 0x06, 0x0F, 0x0C, 0x02, 0x01, 0x0F, 0x0E,
	0x1C, 0x38, 0x56, 0x19, 0x10, 0x05, 0x05, 0x09, 0x0B, 0x1B, 0x08, 0x03,
	0x03, 0x02, 0x01, 0x06, 0x03, 0x02, 0x03, 0x02, 0x03, 0x02, 0x06, 0x05,
	0x11, 0x11, 0x13, 0x29, 0x02, 0x03, 0x03, 0x03, 0x4E, 0x4A, 0x4B, 0x4D,
	0x03, 0x03, 0x03, 0x03, 0x28, 0x13, 0x11, 0x12, 0x05, 0x06, 0x06, 0x02,
	0x03, 0x06, 0x01, 0x01, 0x04, 0x01, 0x01, 0x08, 0x0B, 0x1D, 0x0E, 0x0F,
	0x14, 0x5C, 0x44, 0x1C, 0x0C, 0x0E, 0x02, 0x01, 0x0A, 0x08, 0x07, 0x07,
	0x10, 0x0C, 0x10, 0x16, 0x08, 0x05, 0x03, 0x02, 0x06, 0x05, 0x10, 0x44,
	0x32, 0x32, 0x18, 0x06, 0x04, 0x03, 0x0A, 0x0A, 0x13, 0x07, 0x02, 0x03,
	0x01, 0x04, 0x03, 0x02, 0x1F, 0x03, 0x05, 0x05, 0x08, 0x02, 0x01, 0x01,
	0x09, 0x04, 0x09, 0x06, 0x13, 0x0D, 0x0F, 0x09, 0x06, 0x09, 0x08, 0x0B,
	0x13, 0x19, 0x0F, 0x1B, 0x04, 0x06, 0x03, 0x0C, 0x0A, 0x09, 0x06, 0x06,
	0x0C, 0x09, 0x0A, 0x18, 0x0A, 0x09, 0x0C, 0x11, 0x0E, 0x11, 0x0E, 0x10,
	0x0C, 0x0F, 0x0B, 0x07, 0x06, 0x08, 0x06, 0x08, 0x07, 0x09, 0x03, 0x06,
	0x0C, 0x09, 0x0E, 0x05, 0x06, 0x04, 0x08, 0x01, 0x01, 0x02, 0x01, 0x09,
	0x06, 0x09, 0x07, 0x03, 0x04, 0x05, 0x05, 0x09, 0x05, 0x0C, 0x07, 0x0A,
	0x09, 0x0A, 0x03, 0x40, 0x17, 0x0E, 0x0E, 0x14, 0x08, 0x04, 0x04, 0x07,
	0x08, 0x0F, 0x07, 0x02, 0x03, 0x01, 0x03, 0x06, 0x06, 0x03, 0x01, 0x03,
	0x02, 0x07, 0x0F, 0x10, 0x14, 0x12, 0x0C, 0x2E, 0x1A, 0x1C, 0x19, 0x10,
	0x06, 0x08, 0x06, 0x05, 0x0A, 0x1E, 0x24, 0x23, 0x26, 0x37, 0x6E, 0x2D,
	0x2E, 0x1B, 0x04, 0x03, 0x02, 0x03, 0x05, 0x02, 0x04, 0x04, 0x06, 0x09,
	0x0A, 0x10, 0x0F, 0x44, 0x1F, 0x22, 0x0B, 0x11, 0x08, 0x08, 0x05, 0x03,
	0x07, 0x08, 0x08, 0x08, 0x0E, 0x06, 0x07, 0x0D, 0x0B, 0x1C, 0x3A, 0x29,
	0x28, 0x21, 0x1A, 0x11, 0x10, 0x0A, 0x09, 0x06, 0x0C, 0x44, 0x34, 0x22,
	0x26, 0x28, 0x23, 0x27, 0x1A, 0x0A, 0x0A, 0x0B, 0x10, 0x0F, 0x1B, 0x0E,
	0x11, 0x10, 0x12, 0x08, 0x02, 0x01, 0x07, 0x06, 0x09, 0x14, 0x01, 0x01,
	0x09, 0x09, 0x01, 0x01, 0x14, 0x09, 0x06, 0x07, 0x06, 0x09, 0x08, 0x10,
	0x0F, 0x1C, 0x03, 0x03, 0x02, 0x04, 0x13, 0x08, 0x0C, 0x14, 0x0F, 0x26,
	0x5E, 0x32, 0x3F, 0x52, 0x0F, 0x06, 0x08, 0x09, 0x11, 0x11, 0x1F, 0x19,
	0x0C, 0x0E, 0x0A, 0x10, 0x1A, 0x0E, 0x07, 0x06, 0x03, 0x03, 0x06, 0x19,
	0x35, 0x36, 0x49, 0x14, 0x16, 0x16, 0x17, 0x29, 0x26, 0x27, 0x1C, 0x0B,
	0x05, 0x07, 0x09, 0x08, 0x15, 0x10, 0x2E, 0xFD, 0xE8, 0x05, 0x06, 0x05,
	0x08, 0x02, 0x01, 0x01, 0x09, 0x05, 0x08, 0x08, 0x15, 0x19, 0x1D, 0x23,
	0x01, 0x01, 0x01, 0x01, 0x01, 0x06, 0x06, 0x09, 0x0A, 0x0C, 0x2B, 0x0B,
	0x14, 0x06, 0x05, 0x05, 0x06, 0x14, 0x0B, 0x01, 0x01, 0x01, 0x02, 0x02,
	0x03, 0x01, 0x03, 0x02, 0x04, 0x05, 0x07, 0x0B, 0x0D, 0x1F, 0x18, 0x12,
	0x11, 0x06, 0x06, 0x04, 0x08, 0x01, 0x01, 0x02, 0x01, 0x0A, 0x06, 0x0B,
	0x09, 0x06, 0x0C, 0x06, 0x0A, 0x0A, 0x09, 0x06, 0x04, 0x04, 0x05, 0x05,
	0x00, 0x01, 0x00, 0xAB, 0x00, 0x6A, 0x03, 0x55, 0x03, 0x15, 0x00, 0xED,
	0x00, 0x00, 0x01, 0x3A, 0x01, 0x33, 0x32, 0x17, 0x16, 0x17, 0x16, 0x17,
	0x1E, 0x01, 0x17, 0x16, 0x17, 0x16, 0x17, 0x16, 0x15, 0x1C, 0x01, 0x15,
	0x1C, 0x01, 0x15, 0x14, 0x07, 0x06, 0x07, 0x06, 0x07, 0x06, 0x07, 0x06,
	0x23, 0x06, 0x23, 0x27, 0x2A, 0x01, 0x2E, 0x01, 0x27, 0x2E, 0x01, 0x35,
	0x26, 0x3D, 0x01, 0x36, 0x26, 0x27, 0x26, 0x27, 0x26, 0x27, 0x36, 0x37,
	0x36, 0x37, 0x36, 0x37, 0x36, 0x35, 0x34, 0x27, 0x26, 0x27, 0x26, 0x27,
	0x26, 0x27, 0x36, 0x35, 0x26, 0x27, 0x26, 0x07, 0x06, 0x07, 0x06, 0x07,
	0x06, 0x07, 0x06, 0x07, 0x0E, 0x01, 0x07, 0x22, 0x26, 0x23, 0x22, 0x07,
	0x23, 0x34, 0x23, 0x27, 0x26, 0x27, 0x26, 0x27, 0x26, 0x27, 0x26, 0x27,
	0x26, 0x27, 0x26, 0x07, 0x06, 0x07, 0x06, 0x17, 0x06, 0x07, 0x06, 0x07,
	0x06, 0x07, 0x06, 0x17, 0x14, 0x17, 0x16, 0x17, 0x16, 0x17, 0x16, 0x17,
	0x06, 0x07, 0x06, 0x07, 0x06, 0x07, 0x0E, 0x01, 0x27, 0x22, 0x26, 0x27,
	0x26, 0x27, 0x26, 0x27, 0x26, 0x27, 0x26, 0x27, 0x26, 0x27, 0x2E, 0x01,
	0x27, 0x22, 0x06, 0x17, 0x16, 0x17, 0x16, 0x17, 0x14, 0x17, 0x32, 0x17,
	0x32, 0x14, 0x16, 0x17, 0x16, 0x17, 0x1E, 0x01, 0x17, 0x16, 0x15, 0x16,
	0x14, 0x33, 0x14, 0x16, 0x17, 0x16, 0x17, 0x16, 0x37, 0x32, 0x37, 0x32,
	0x37, 0x32, 0x33, 0x32, 0x37, 0x33, 0x32, 0x15, 0x14, 0x07, 0x06, 0x23,
	0x2A, 0x01, 0x27, 0x26, 0x27, 0x26, 0x27, 0x26, 0x27, 0x26, 0x35, 0x34,
	0x35, 0x34, 0x35, 0x34, 0x35, 0x34, 0x35, 0x34, 0x37, 0x36, 0x37, 0x36,
	0x37, 0x36, 0x37, 0x3E, 0x01, 0x37, 0x36, 0x37, 0x36, 0x3B, 0x01, 0x32,
	0x01, 0xFC, 0x01, 0x02, 0x01, 0x21, 0x20, 0x21, 0x1E, 0x20, 0x1C, 0x1D,
	0x30, 0x13, 0x13, 0x0D, 0x0C, 0x07, 0x06, 0x0F, 0x10, 0x1E, 0x20, 0x2B,
	0x2C, 0x34, 0x01, 0x02, 0x01, 0x02, 0x01, 0x01, 0x02, 0x04, 0x04, 0x01,
	0x02, 0x02, 0x01, 0x01, 0x02, 0x03, 0x02, 0x05, 0x04, 0x06, 0x26, 0x13,
	0x1F, 0x14, 0x18, 0x0C, 0x0E, 0x02, 0x02, 0x05, 0x05, 0x06, 0x07, 0x09,
	0x08, 0x01, 0x0A, 0x0A, 0x11, 0x0E, 0x11, 0x07, 0x08, 0x05, 0x06, 0x03,
	0x02, 0x02, 0x02, 0x01, 0x01, 0x2A, 0x2D, 0x2C, 0x2A, 0x01, 0x01, 0x01,
	0x01, 0x02, 0x02, 0x03, 0x06, 0x05, 0x08, 0x07, 0x11, 0x0E, 0x11, 0x0A,
	0x09, 0x01, 0x01, 0x08, 0x09, 0x06, 0x06, 0x05, 0x04, 0x02, 0x02, 0x01,
	0x0D, 0x0C, 0x18, 0x13, 0x1E, 0x13, 0x26, 0x0A, 0x05, 0x06, 0x01, 0x07,
	0x07, 0x07, 0x0E, 0x07, 0x08, 0x0E, 0x06, 0x07, 0x06, 0x05, 0x05, 0x05,
	0x03, 0x04, 0x06, 0x05, 0x07, 0x07, 0x10, 0x08, 0x0B, 0x06, 0x03, 0x02,
	0x02, 0x02, 0x02, 0x01, 0x01, 0x01, 0x01, 0x08, 0x08, 0x06, 0x06, 0x02,
	0x04, 0x01, 0x01, 0x01, 0x01, 0x07, 0x14, 0x10, 0x17, 0x09, 0x0A, 0x08,
	0x09, 0x03, 0x03, 0x02, 0x03, 0x01, 0x01, 0x01, 0x01, 0x04, 0x05, 0x09,
	0x02, 0x02, 0x02, 0x34, 0x2C, 0x2B, 0x20, 0x1E, 0x10, 0x10, 0x05, 0x06,
	0x0B, 0x0D, 0x12, 0x12, 0x18, 0x17, 0x38, 0x20, 0x1E, 0x20, 0x21, 0x21,
	0x01, 0x01, 0x03, 0x15, 0x06, 0x06, 0x0D, 0x0D, 0x12, 0x13, 0x30, 0x1D,
	0x1C, 0x1F, 0x1F, 0x21, 0x21, 0x21, 0x01, 0x01, 0x01, 0x02, 0x04, 0x01,
	0x36, 0x32, 0x33, 0x2C, 0x2E, 0x21, 0x22, 0x12, 0x01, 0x01, 0x01, 0x02,
	0x02, 0x02, 0x01, 0x04, 0x02, 0x02, 0x03, 0x76, 0x08, 0x12, 0x08, 0x08,
	0x08, 0x07, 0x07, 0x04, 0x05, 0x07, 0x0E, 0x11, 0x1C, 0x20, 0x31, 0x0C,
	0x0B, 0x0C, 0x0A, 0x0B, 0x0A, 0x09, 0x08, 0x18, 0x18, 0x19, 0x17, 0x03,
	0x05, 0x04, 0x0A, 0x03, 0x05, 0x03, 0x04, 0x01, 0x02, 0x01, 0x02, 0x01,
	0x0C, 0x0C, 0x01, 0x01, 0x01, 0x01, 0x02, 0x01, 0x04, 0x03, 0x05, 0x03,
	0x0A, 0x04, 0x05, 0x03, 0x17, 0x19, 0x18, 0x18, 0x08, 0x0A, 0x09, 0x0B,
	0x0B, 0x0B, 0x0C, 0x0B, 0x31, 0x20, 0x1C, 0x11, 0x0E, 0x07, 0x05, 0x04,
	0x0A, 0x0C, 0x0C, 0x0E, 0x03, 0x03, 0x02, 0x02, 0x01, 0x04, 0x04, 0x03,
	0x05, 0x05, 0x06, 0x05, 0x07, 0x07, 0x06, 0x07, 0x04, 0x05, 0x06, 0x01,
	0x06, 0x05, 0x01, 0x03, 0x01, 0x02, 0x01, 0x01, 0x01, 0x01, 0x03, 0x08,
	0x08, 0x0A, 0x04, 0x08, 0x03, 0x02, 0x01, 0x01, 0x02, 0x01, 0x16, 0x0C,
	0x09, 0x03, 0x01, 0x01, 0x01, 0x01, 0x01, 0x55, 0x07, 0x05, 0x06, 0x01,
	0x12, 0x22, 0x22, 0x2D, 0x2D, 0x33, 0x34, 0x35, 0x02, 0x01, 0x02, 0x01,
	0x03, 0x02, 0x03, 0x02, 0x1F, 0x1F, 0x1F, 0x1D, 0x1F, 0x1D, 0x1C, 0x18,
	0x18, 0x26, 0x0D, 0x0C, 0x07, 0x06, 0x00, 0x00, 0x00, 0x02, 0x00, 0x46,
	0x00, 0x7E, 0x03, 0xBA, 0x03, 0x02, 0x00, 0x81, 0x01, 0x01, 0x00, 0x00,
	0x25, 0x37, 0x36, 0x37, 0x36, 0x17, 0x1E, 0x01, 0x17, 0x16, 0x07, 0x06,
	0x07, 0x06, 0x07, 0x06, 0x07, 0x06, 0x07, 0x06, 0x22, 0x26, 0x27, 0x26,
	0x27, 0x26, 0x27, 0x26, 0x27, 0x26, 0x27, 0x26, 0x27, 0x26, 0x35, 0x34,
	0x37, 0x36, 0x37, 0x36, 0x37, 0x36, 0x3F, 0x01, 0x36, 0x37, 0x36, 0x37,
	0x36, 0x37, 0x36, 0x33, 0x32, 0x17, 0x16, 0x17, 0x16, 0x17, 0x16, 0x17,
	0x16, 0x17, 0x16, 0x17, 0x16, 0x17, 0x16, 0x14, 0x07, 0x06, 0x07, 0x06,
	0x07, 0x06, 0x07, 0x06, 0x07, 0x06, 0x27, 0x26, 0x27, 0x26, 0x27, 0x26,
	0x37, 0x36, 0x3F, 0x03, 0x36, 0x34, 0x27, 0x26, 0x27, 0x26, 0x27, 0x26,
	0x27, 0x26, 0x27, 0x26, 0x23, 0x22, 0x07, 0x06, 0x07, 0x06, 0x0F, 0x01,
	0x06, 0x07, 0x06, 0x07, 0x06, 0x15, 0x14, 0x17, 0x16, 0x17, 0x16, 0x17,
	0x16, 0x17, 0x16, 0x17, 0x16, 0x32, 0x3F, 0x01, 0x13, 0x36, 0x37, 0x36,
	0x17, 0x16, 0x17, 0x16, 0x17, 0x16, 0x07, 0x06, 0x0F, 0x03, 0x06, 0x14,
	0x17, 0x16, 0x17, 0x16, 0x17, 0x16, 0x17, 0x16, 0x17, 0x16, 0x33, 0x32,
	0x37, 0x36, 0x37, 0x36, 0x3F, 0x01, 0x36, 0x37, 0x36, 0x37, 0x36, 0x35,
	0x34, 0x27, 0x26, 0x27, 0x26, 0x27, 0x26, 0x27, 0x26, 0x27, 0x26, 0x22,
	0x0F, 0x03, 0x06, 0x07, 0x06, 0x27, 0x26, 0x27, 0x26, 0x27, 0x26, 0x37,
	0x36, 0x37, 0x36, 0x37, 0x36, 0x37, 0x3E, 0x01, 0x32, 0x16, 0x17, 0x16,
	0x17, 0x16, 0x17, 0x16, 0x17, 0x16, 0x17, 0x16, 0x17, 0x16, 0x15, 0x14,
	0x07, 0x06, 0x07, 0x06, 0x07, 0x06, 0x0F, 0x01, 0x06, 0x07, 0x06, 0x07,
	0x06, 0x07, 0x06, 0x23, 0x22, 0x27, 0x26, 0x27, 0x26, 0x27, 0x26, 0x27,
	0x26, 0x27, 0x26, 0x27, 0x2E, 0x01, 0x34, 0x36, 0x37, 0x36, 0x37, 0x36,
	0x01, 0x61, 0x09, 0x08, 0x0C, 0x0B, 0x0A, 0x0B, 0x10, 0x03, 0x02, 0x03,
	0x03, 0x09, 0x09, 0x07, 0x09, 0x09, 0x14, 0x15, 0x16, 0x2C, 0x2C, 0x14,
	0x0D, 0x11, 0x09, 0x1A, 0x1A, 0x08, 0x0F, 0x08, 0x0C, 0x05, 0x06, 0x06,
	0x05, 0x0C, 0x08, 0x0F, 0x08, 0x1A, 0x79, 0x19, 0x09, 0x12, 0x0E, 0x13,
	0x16, 0x15, 0x16, 0x17, 0x15, 0x16, 0x14, 0x0E, 0x11, 0x09, 0x19, 0x1A,
	0x08, 0x10, 0x08, 0x0B, 0x06, 0x05, 0x05, 0x06, 0x0B, 0x05, 0x07, 0x06,
	0x09, 0x08, 0x0B, 0x0A, 0x0B, 0x0C, 0x08, 0x09, 0x03, 0x03, 0x02, 0x03,
	0x08, 0x08, 0x03, 0x04, 0x0B, 0x0B, 0x04, 0x09, 0x08, 0x17, 0x17, 0x09,
	0x0A, 0x06, 0x14, 0x17, 0x16, 0x14, 0x06, 0x0A, 0x09, 0x17, 0x79, 0x17,
	0x08, 0x09, 0x03, 0x0C, 0x0C, 0x03, 0x09, 0x08, 0x17, 0x18, 0x08, 0x0A,
	0x06, 0x14, 0x2E, 0x13, 0x05, 0x49, 0x08, 0x0B, 0x0A, 0x0B, 0x0C, 0x08,
	0x09, 0x03, 0x03, 0x02, 0x03, 0x08, 0x08, 0x03, 0x04, 0x0B, 0x0B, 0x04,
	0x09, 0x08, 0x17, 0x17, 0x09, 0x0A, 0x06, 0x14, 0x16, 0x17, 0x14, 0x06,
	0x0A, 0x09, 0x17, 0x79, 0x17, 0x08, 0x09, 0x03, 0x0C, 0x0C, 0x03, 0x09,
	0x08, 0x17, 0x18, 0x08, 0x0A, 0x06, 0x14, 0x2E, 0x13, 0x06, 0x04, 0x09,
	0x08, 0x0C, 0x0B, 0x0A, 0x0B, 0x08, 0x08, 0x03, 0x02, 0x03, 0x03, 0x09,
	0x09, 0x07, 0x09, 0x09, 0x13, 0x2C, 0x2C, 0x2C, 0x14, 0x0D, 0x11, 0x09,
	0x1A, 0x1A, 0x08, 0x0F, 0x08, 0x0C, 0x05, 0x06, 0x06, 0x05, 0x0C, 0x08,
	0x0F, 0x08, 0x1A, 0x79, 0x19, 0x09, 0x11, 0x0E, 0x14, 0x16, 0x15, 0x17,
	0x16, 0x15, 0x16, 0x14, 0x0E, 0x11, 0x09, 0x19, 0x1A, 0x08, 0x10, 0x08,
	0x0B, 0x0C, 0x0C, 0x0B, 0x05, 0x07, 0x06, 0xE6, 0x08, 0x08, 0x03, 0x02,
	0x03, 0x04, 0x10, 0x0C, 0x0B, 0x0A, 0x0B, 0x08, 0x09, 0x06, 0x07, 0x05,
	0x0B, 0x06, 0x06, 0x0C, 0x0B, 0x08, 0x10, 0x08, 0x1A, 0x19, 0x09, 0x11,
	0x0E, 0x14, 0x16, 0x15, 0x16, 0x17, 0x15, 0x16, 0x14, 0x0E, 0x11, 0x09,
	0x19, 0x79, 0x1A, 0x08, 0x0F, 0x09, 0x0B, 0x06, 0x05, 0x06, 0x05, 0x0C,
	0x08, 0x0F, 0x08, 0x1A, 0x1A, 0x09, 0x11, 0x0D, 0x14, 0x16, 0x16, 0x2C,
	0x16, 0x16, 0x13, 0x09, 0x09, 0x07, 0x09, 0x09, 0x03, 0x03, 0x02, 0x03,
	0x08, 0x08, 0x0B, 0x0A, 0x0B, 0x0C, 0x08, 0x09, 0x04, 0x06, 0x13, 0x2E,
	0x14, 0x06, 0x0A, 0x08, 0x18, 0x17, 0x08, 0x09, 0x03, 0x0C, 0x0C, 0x03,
	0x09, 0x08, 0x17, 0x79, 0x17, 0x09, 0x0A, 0x06, 0x14, 0x17, 0x16, 0x14,
	0x06, 0x0A, 0x09, 0x17, 0x17, 0x08, 0x09, 0x04, 0x0B, 0x0B, 0x04, 0x01,
	0x36, 0x09, 0x03, 0x03, 0x02, 0x03, 0x08, 0x08, 0x0B, 0x0A, 0x0B, 0x0C,
	0x08, 0x09, 0x04, 0x06, 0x13, 0x2E, 0x14, 0x06, 0x0A, 0x08, 0x18, 0x17,
	0x08, 0x09, 0x03, 0x0C, 0x0C, 0x03, 0x09, 0x08, 0x17, 0x79, 0x17, 0x09,
	0x0A, 0x06, 0x14, 0x17, 0x16, 0x14, 0x06, 0x0A, 0x09, 0x17, 0x17, 0x08,
	0x09, 0x04, 0x0B, 0x0B, 0x04, 0x03, 0x08, 0x08, 0x03, 0x02, 0x03, 0x03,
	0x09, 0x08, 0x0C, 0x0B, 0x0A, 0x0B, 0x08, 0x09, 0x06, 0x07, 0x05, 0x0B,
	0x0C, 0x0C, 0x0B, 0x08, 0x10, 0x08, 0x1A, 0x19, 0x09, 0x11, 0x0E, 0x14,
	0x16, 0x15, 0x16, 0x17, 0x15, 0x16, 0x14, 0x0E, 0x11, 0x09, 0x19, 0x79,
	0x1A, 0x08, 0x0F, 0x08, 0x0C, 0x05, 0x06, 0x06, 0x05, 0x0C, 0x08, 0x0F,
	0x08, 0x1A, 0x1A, 0x09, 0x11, 0x0D, 0x14, 0x2C, 0x2C, 0x2C, 0x13, 0x09,
	0x09, 0x07, 0x00, 0x00, 0x00, 0x05, 0x00, 0xC3, 0x00, 0x83, 0x03, 0x3D,
	0x02, 0xFD, 0x00, 0x1A, 0x00, 0x39, 0x00, 0x64, 0x00, 0x8B, 0x00, 0xB7,
	0x00, 0x00, 0x01, 0x26, 0x27, 0x26, 0x23, 0x22, 0x07, 0x0E, 0x01, 0x07,
	0x06, 0x14, 0x17, 0x1E, 0x01, 0x17, 0x16, 0x32, 0x37, 0x3E, 0x01, 0x37,
	0x36, 0x35, 0x34, 0x27, 0x26, 0x03, 0x22, 0x27, 0x26, 0x27, 0x26, 0x27,
	0x26, 0x34, 0x37, 0x36, 0x37, 0x36, 0x37, 0x36, 0x33, 0x32, 0x17, 0x16,
	0x17, 0x16, 0x17, 0x16, 0x15, 0x14, 0x07, 0x06, 0x07, 0x06, 0x07, 0x06,
	0x01, 0x26, 0x27, 0x26, 0x35, 0x34, 0x36, 0x37, 0x36, 0x37, 0x36, 0x37,
	0x36, 0x33, 0x32, 0x17, 0x16, 0x17, 0x16, 0x17, 0x16, 0x15, 0x14, 0x15,
	0x06, 0x07, 0x06, 0x07, 0x06, 0x27, 0x26, 0x27, 0x26, 0x07, 0x06, 0x07,
	0x06, 0x07, 0x0E, 0x01, 0x22, 0x27, 0x26, 0x17, 0x26, 0x27, 0x26, 0x35,
	0x34, 0x36, 0x37, 0x36, 0x37, 0x36, 0x33, 0x32, 0x17, 0x16, 0x17, 0x16,
	0x17, 0x16, 0x15, 0x14, 0x07, 0x14, 0x15, 0x06, 0x07, 0x06, 0x27, 0x26,
	0x07, 0x06, 0x07, 0x06, 0x07, 0x0E, 0x01, 0x22, 0x27, 0x26, 0x17, 0x26,
	0x27, 0x26, 0x35, 0x34, 0x36, 0x37, 0x36, 0x37, 0x36, 0x37, 0x3E, 0x01,
	0x33, 0x32, 0x17, 0x16, 0x17, 0x16, 0x17, 0x16, 0x15, 0x14, 0x07, 0x14,
	0x15, 0x06, 0x07, 0x06, 0x27, 0x26, 0x27, 0x26, 0x07, 0x06, 0x07, 0x06,
	0x07, 0x0E, 0x01, 0x22, 0x27, 0x26, 0x02, 0xB5, 0x24, 0x2F, 0x2F, 0x33,
	0x34, 0x30, 0x2E, 0x46, 0x14, 0x14, 0x14, 0x14, 0x46, 0x2E, 0x30, 0x68,
	0x30, 0x2E, 0x46, 0x14, 0x14, 0x13, 0x14, 0xD9, 0x41, 0x3B, 0x39, 0x2B,
	0x2C, 0x18, 0x19, 0x19, 0x18, 0x2C, 0x2B, 0x39, 0x3B, 0x41, 0x3F, 0x3A,
	0x3B, 0x2C, 0x2D, 0x18, 0x18, 0x19, 0x18, 0x2C, 0x2B, 0x39, 0x3B, 0xFE,
	0xDB, 0x04, 0x02, 0x02, 0x06, 0x05, 0x16, 0x20, 0x27, 0x2C, 0x34, 0x38,
	0x29, 0x2A, 0x2D, 0x2E, 0x0A, 0x05, 0x06, 0x01, 0x01, 0x04, 0x0B, 0x0B,
	0x0C, 0x42, 0x40, 0x36, 0x33, 0x2A, 0x24, 0x1D, 0x12, 0x04, 0x0A, 0x0C,
	0x06, 0x07, 0x25, 0x04, 0x02, 0x02, 0x06, 0x05, 0x21, 0x35, 0x3B, 0x48,
	0x20, 0x22, 0x24, 0x24, 0x0B, 0x06, 0x07, 0x01, 0x03, 0x0B, 0x0B, 0x0D,
	0x48, 0x42, 0x38, 0x2E, 0x26, 0x16, 0x04, 0x0A, 0x0C, 0x06, 0x07, 0x25,
	0x04, 0x02, 0x02, 0x06, 0x05, 0x17, 0x18, 0x1F, 0x23, 0x10, 0x24, 0x13,
	0x1D, 0x1F, 0x22, 0x24, 0x0B, 0x06, 0x07, 0x01, 0x03, 0x0B, 0x0B, 0x0D,
	0x37, 0x2E, 0x27, 0x20, 0x1B, 0x17, 0x12, 0x13, 0x04, 0x0A, 0x0C, 0x07,
	0x06, 0x02, 0x75, 0x24, 0x14, 0x13, 0x14, 0x14, 0x46, 0x2E, 0x30, 0x68,
	0x30, 0x2E, 0x46, 0x14, 0x14, 0x14, 0x14, 0x46, 0x2E, 0x30, 0x34, 0x33,
	0x2F, 0x2F, 0xFE, 0x32, 0x19, 0x18, 0x2C, 0x2B, 0x39, 0x3B, 0x82, 0x3B,
	0x39, 0x2B, 0x2C, 0x18, 0x19, 0x18, 0x18, 0x2D, 0x2C, 0x3B, 0x3A, 0x3F,
	0x41, 0x3B, 0x39, 0x2B, 0x2C, 0x18, 0x19, 0x01, 0x52, 0x04, 0x05, 0x06,
	0x05, 0x07, 0x0C, 0x04, 0x13, 0x10, 0x12, 0x0B, 0x0C, 0x06, 0x08, 0x0F,
	0x03, 0x08, 0x08, 0x0A, 0x03, 0x02, 0x02, 0x03, 0x0C, 0x06, 0x05, 0x04,
	0x16, 0x03, 0x03, 0x0A, 0x08, 0x11, 0x0D, 0x0F, 0x04, 0x04, 0x03, 0x03,
	0x4D, 0x04, 0x06, 0x05, 0x05, 0x07, 0x0C, 0x04, 0x1D, 0x11, 0x14, 0x05,
	0x04, 0x09, 0x03, 0x08, 0x09, 0x0A, 0x02, 0x02, 0x02, 0x01, 0x0D, 0x06,
	0x07, 0x03, 0x12, 0x02, 0x02, 0x10, 0x0D, 0x13, 0x04, 0x04, 0x03, 0x03,
	0x4D, 0x04, 0x06, 0x05, 0x05, 0x07, 0x0C, 0x04, 0x14, 0x0D, 0x11, 0x08,
	0x04, 0x04, 0x04, 0x05, 0x09, 0x03, 0x08, 0x08, 0x0B, 0x02, 0x02, 0x02,
	0x01, 0x0D, 0x06, 0x07, 0x03, 0x0E, 0x02, 0x02, 0x08, 0x06, 0x0C, 0x0A,
	0x10, 0x04, 0x04, 0x03, 0x03, 0x00, 0x00, 0x00, 0x00, 0x08, 0x00, 0x40,
	0x00, 0x03, 0x03, 0xC0, 0x03, 0x80, 0x00, 0x1B, 0x00, 0x3A, 0x00, 0x70,
	0x00, 0x8D, 0x00, 0xC6, 0x00, 0xF0, 0x01, 0x29, 0x01, 0x5D, 0x00, 0x00,
	0x13, 0x14, 0x17, 0x16, 0x17, 0x16, 0x17, 0x16, 0x32, 0x37, 0x36, 0x37,
	0x36, 0x37, 0x36, 0x35, 0x34, 0x27, 0x2E, 0x01, 0x27, 0x26, 0x22, 0x07,
	0x0E, 0x01, 0x07, 0x06, 0x07, 0x34, 0x37, 0x36, 0x37, 0x36, 0x37, 0x36,
	0x33, 0x32, 0x17, 0x16, 0x17, 0x16, 0x17, 0x16, 0x15, 0x14, 0x07, 0x06,
	0x07, 0x06, 0x07, 0x06, 0x22, 0x27, 0x26, 0x27, 0x26, 0x27, 0x26, 0x05,
	0x26, 0x27, 0x26, 0x07, 0x06, 0x27, 0x26, 0x27, 0x2E, 0x01, 0x27, 0x34,
	0x35, 0x26, 0x35, 0x34, 0x37, 0x36, 0x37, 0x36, 0x37, 0x36, 0x37, 0x36,
	0x37, 0x36, 0x33, 0x32, 0x16, 0x17, 0x1E, 0x01, 0x17, 0x16, 0x15, 0x14,
	0x15, 0x14, 0x07, 0x06, 0x07, 0x06, 0x07, 0x06, 0x07, 0x06, 0x07, 0x22,
	0x23, 0x22, 0x27, 0x26, 0x27, 0x25, 0x36, 0x17, 0x16, 0x17, 0x33, 0x32,
	0x3F, 0x01, 0x36, 0x35, 0x37, 0x27, 0x26, 0x27, 0x26, 0x23, 0x22, 0x06,
	0x07, 0x22, 0x14, 0x23, 0x1C, 0x01, 0x15, 0x17, 0x32, 0x15, 0x25, 0x26,
	0x27, 0x26, 0x23, 0x06, 0x07, 0x06, 0x27, 0x26, 0x27, 0x26, 0x27, 0x26,
	0x27, 0x26, 0x27, 0x34, 0x35, 0x34, 0x37, 0x36, 0x37, 0x36, 0x37, 0x36,
	0x37, 0x36, 0x37, 0x36, 0x33, 0x32, 0x17, 0x16, 0x17, 0x16, 0x17, 0x16,
	0x17, 0x16, 0x15, 0x14, 0x15, 0x14, 0x07, 0x06, 0x07, 0x06, 0x07, 0x06,
	0x07, 0x22, 0x07, 0x22, 0x23, 0x22, 0x26, 0x37, 0x16, 0x17, 0x32, 0x33,
	0x3F, 0x03, 0x35, 0x34, 0x22, 0x34, 0x26, 0x23, 0x26, 0x27, 0x26, 0x23,
	0x22, 0x07, 0x06, 0x0F, 0x02, 0x06, 0x15, 0x06, 0x15, 0x1C, 0x01, 0x1F,
	0x03, 0x33, 0x37, 0x36, 0x37, 0x32, 0x17, 0x16, 0x25, 0x06, 0x27, 0x22,
	0x27, 0x26, 0x27, 0x26, 0x27, 0x2E, 0x01, 0x34, 0x37, 0x36, 0x37, 0x36,
	0x37, 0x36, 0x37, 0x36, 0x37, 0x36, 0x33, 0x32, 0x17, 0x16, 0x17, 0x16,
	0x17, 0x16, 0x17, 0x16, 0x17, 0x14, 0x15, 0x14, 0x07, 0x06, 0x07, 0x06,
	0x07, 0x06, 0x07, 0x06, 0x23, 0x06, 0x23, 0x22, 0x27, 0x26, 0x27, 0x26,
	0x27, 0x26, 0x27, 0x26, 0x06, 0x27, 0x36, 0x37, 0x36, 0x17, 0x16, 0x17,
	0x16, 0x17, 0x16, 0x17, 0x32, 0x33, 0x3A, 0x01, 0x33, 0x36, 0x37, 0x36,
	0x37, 0x36, 0x37, 0x34, 0x35, 0x3C, 0x01, 0x2F, 0x02, 0x26, 0x27, 0x26,
	0x23, 0x22, 0x07, 0x06, 0x0F, 0x03, 0x06, 0x15, 0x06, 0x14, 0x17, 0x14,
	0x17, 0x16, 0x17, 0x16, 0x1F, 0x01, 0x6B, 0x20, 0x1F, 0x38, 0x38, 0x49,
	0x4B, 0xA4, 0x4B, 0x48, 0x39, 0x38, 0x1F, 0x20, 0x20, 0x1F, 0x70, 0x49,
	0x4B, 0xA4, 0x4B, 0x49, 0x70, 0x1F, 0x20, 0x2B, 0x23, 0x23, 0x3E, 0x3E,
	0x50, 0x53, 0x5B, 0x5A, 0x53, 0x51, 0x3E, 0x3E, 0x22, 0x24, 0x24, 0x22,
	0x3E, 0x3E, 0x51, 0x53, 0xB4, 0x54, 0x50, 0x3E, 0x3E, 0x23, 0x23, 0x02,
	0x52, 0x46, 0x5A, 0x5B, 0x6A, 0x0B, 0x0A, 0x09, 0x08, 0x07, 0x0A, 0x01,
	0x01, 0x03, 0x02, 0x04, 0x05, 0x08, 0x07, 0x09, 0x2B, 0x29, 0x29, 0x27,
	0x49, 0x84, 0x39, 0x09, 0x0A, 0x02, 0x01, 0x02, 0x02, 0x03, 0x05, 0x07,
	0x08, 0x0A, 0x03, 0x03, 0x03, 0x03, 0x05, 0x06, 0x06, 0x05, 0xFE, 0x90,
	0x72, 0x62, 0x62, 0x4F, 0x02, 0x01, 0x01, 0x01, 0x01, 0x01, 0x01, 0x34,
	0x3C, 0x3C, 0x44, 0x25, 0x4E, 0x2A, 0x01, 0x01, 0x02, 0x01, 0x01, 0x9B,
	0x35, 0x48, 0x46, 0x49, 0x4B, 0x3F, 0x0C, 0x0A, 0x0B, 0x09, 0x0A, 0x06,
	0x07, 0x02, 0x01, 0x01, 0x01, 0x02, 0x04, 0x05, 0x08, 0x09, 0x0A, 0x29,
	0x2C, 0x2B, 0x2D, 0x57, 0x53, 0x54, 0x43, 0x0A, 0x06, 0x06, 0x02, 0x01,
	0x02, 0x03, 0x04, 0x06, 0x09, 0x09, 0x0B, 0x02, 0x03, 0x03, 0x02, 0x08,
	0x0E, 0x10, 0x02, 0x02, 0x01, 0x02, 0x04, 0x02, 0x02, 0x02, 0x01, 0x02,
	0x01, 0x3E, 0x4E, 0x4D, 0x52, 0x2A, 0x29, 0x29, 0x26, 0x04, 0x02, 0x01,
	0x01, 0x01, 0x02, 0x03, 0x03, 0x02, 0x03, 0x46, 0x50, 0x50, 0x4B, 0x4E,
	0xFE, 0x7A, 0x0B, 0x0A, 0x0B, 0x09, 0x0B, 0x09, 0x07, 0x04, 0x02, 0x02,
	0x01, 0x01, 0x03, 0x05, 0x08, 0x09, 0x0C, 0x2D, 0x37, 0x37, 0x3C, 0x64,
	0x5C, 0x64, 0x48, 0x0A, 0x07, 0x07, 0x03, 0x01, 0x01, 0x02, 0x02, 0x04,
	0x06, 0x0A, 0x0A, 0x0D, 0x04, 0x04, 0x04, 0x04, 0x08, 0x07, 0x08, 0x07,
	0x30, 0x41, 0x3C, 0x45, 0x41, 0x7C, 0x3D, 0x33, 0x42, 0x43, 0x45, 0x4A,
	0x40, 0x46, 0x34, 0x02, 0x03, 0x02, 0x02, 0x01, 0x02, 0x01, 0x04, 0x03,
	0x04, 0x03, 0x01, 0x01, 0x02, 0x02, 0x03, 0x44, 0x5F, 0x56, 0x60, 0x37,
	0x33, 0x33, 0x29, 0x05, 0x04, 0x01, 0x01, 0x01, 0x01, 0x01, 0x01, 0x03,
	0x03, 0x02, 0x04, 0x01, 0xC3, 0x52, 0x4B, 0x49, 0x38, 0x39, 0x1F, 0x20,
	0x20, 0x1F, 0x39, 0x38, 0x49, 0x4B, 0x52, 0x51, 0x4B, 0x48, 0x70, 0x1F,
	0x1F, 0x1F, 0x1F, 0x70, 0x48, 0x4B, 0x51, 0x5A, 0x53, 0x50, 0x3D, 0x3E,
	0x22, 0x23, 0x23, 0x22, 0x3E, 0x3D, 0x50, 0x53, 0x5A, 0x5B, 0x53, 0x50,
	0x3E, 0x3F, 0x22, 0x23, 0x23, 0x22, 0x3F, 0x3E, 0x50, 0x53, 0x7E, 0x2C,
	0x0A, 0x0B, 0x18, 0x02, 0x02, 0x02, 0x06, 0x06, 0x10, 0x09, 0x02, 0x02,
	0x02, 0x02, 0x07, 0x07, 0x08, 0x06, 0x07, 0x04, 0x05, 0x01, 0x0A, 0x06,
	0x05, 0x24, 0x24, 0x05, 0x0E, 0x08, 0x03, 0x03, 0x02, 0x03, 0x07, 0x06,
	0x07, 0x05, 0x08, 0x06, 0x07, 0x02, 0x01, 0x01, 0x01, 0x02, 0x03, 0x52,
	0x1A, 0x0B, 0x0C, 0x30, 0x01, 0x01, 0x01, 0x01, 0x04, 0x01, 0x20, 0x10,
	0x11, 0x0A, 0x0A, 0x01, 0x01, 0x02, 0x01, 0x03, 0x01, 0x21, 0x21, 0x12,
	0x11, 0x01, 0x13, 0x03, 0x01, 0x01, 0x05, 0x05, 0x0A, 0x08, 0x0B, 0x03,
	0x04, 0x04, 0x04, 0x07, 0x07, 0x08, 0x06, 0x09, 0x06, 0x06, 0x03, 0x0C,
	0x06, 0x06, 0x16, 0x16, 0x29, 0x06, 0x09, 0x08, 0x0A, 0x03, 0x03, 0x02,
	0x03, 0x08, 0x09, 0x07, 0x07, 0x09, 0x07, 0x06, 0x03, 0x01, 0x04, 0x29,
	0x01, 0x01, 0x01, 0x02, 0x03, 0x06, 0x04, 0x01, 0x02, 0x02, 0x26, 0x15,
	0x14, 0x06, 0x05, 0x0C, 0x02, 0x02, 0x01, 0x01, 0x02, 0x02, 0x01, 0x02,
	0x01, 0x06, 0x02, 0x01, 0x01, 0x15, 0x01, 0x13, 0x13, 0x69, 0x04, 0x01,
	0x05, 0x05, 0x0A, 0x09, 0x0C, 0x05, 0x0C, 0x0C, 0x06, 0x07, 0x06, 0x0A,
	0x08, 0x08, 0x04, 0x0E, 0x07, 0x08, 0x15, 0x16, 0x2B, 0x05, 0x09, 0x08,
	0x0A, 0x04, 0x04, 0x04, 0x04, 0x08, 0x09, 0x07, 0x07, 0x0C, 0x08, 0x09,
	0x04, 0x01, 0x01, 0x02, 0x02, 0x04, 0x1C, 0x12, 0x10, 0x05, 0x05, 0x0A,
	0x19, 0x10, 0x06, 0x06, 0x05, 0x06, 0x11, 0x13, 0x1F, 0x01, 0x01, 0x01,
	0x03, 0x04, 0x04, 0x03, 0x03, 0x02, 0x03, 0x01, 0x02, 0x04, 0x02, 0x02,
	0x28, 0x15, 0x13, 0x07, 0x06, 0x0D, 0x02, 0x04, 0x02, 0x02, 0x01, 0x02,
	0x04, 0x03, 0x02, 0x02, 0x04, 0x04, 0x02, 0x02, 0x01, 0x00, 0x00, 0x00,
	0x00, 0x04, 0x00, 0x7F, 0x00, 0x43, 0x03, 0x7E, 0x03, 0x42, 0x00, 0x24,
	0x00, 0x28, 0x00, 0x4F, 0x00, 0x53, 0x00, 0x00, 0x13, 0x25, 0x32, 0x33,
	0x36, 0x33, 0x32, 0x17, 0x16, 0x17, 0x1E, 0x01, 0x17, 0x13, 0x16, 0x14,
	0x15, 0x14, 0x07, 0x06, 0x07, 0x05, 0x06, 0x22, 0x23, 0x22, 0x27, 0x26,
	0x27, 0x03, 0x34, 0x35, 0x26, 0x35, 0x34, 0x37, 0x36, 0x17, 0x13, 0x25,
	0x03, 0x05, 0x37, 0x32, 0x37, 0x32, 0x33, 0x32, 0x16, 0x17, 0x1E, 0x01,
	0x1F, 0x01, 0x16, 0x15, 0x16, 0x15, 0x14, 0x07, 0x06, 0x0F, 0x01, 0x22,
	0x07, 0x22, 0x23, 0x22, 0x26, 0x27, 0x2E, 0x01, 0x2F, 0x01, 0x26, 0x34,
	0x35, 0x34, 0x37, 0x36, 0x1F, 0x01, 0x37, 0x27, 0x97, 0x02, 0x2B, 0x02,
	0x02, 0x02, 0x02, 0x04, 0x04, 0x04, 0x04, 0x05, 0x08, 0x02, 0x94, 0x01,
	0x06, 0x07, 0x0A, 0xFD, 0xD5, 0x02, 0x04, 0x02, 0x0B, 0x08, 0x09, 0x03,
	0x95, 0x01, 0x07, 0x06, 0x3B, 0x84, 0x01, 0xEC, 0x84, 0xFE, 0xEF, 0x86,
	0x02, 0x02, 0x03, 0x02, 0x04, 0x08, 0x04, 0x05, 0x08, 0x02, 0x23, 0x01,
	0x01, 0x07, 0x07, 0x0A, 0x86, 0x02, 0x02, 0x02, 0x02, 0x05, 0x08, 0x03,
	0x06, 0x08, 0x01, 0x24, 0x01, 0x06, 0x07, 0x3A, 0x13, 0x48, 0x13, 0x02,
	0xAC, 0x95, 0x01, 0x01, 0x02, 0x02, 0x03, 0x0A, 0x06, 0xFD, 0xD5, 0x02,
	0x04, 0x02, 0x0B, 0x08, 0x09, 0x03, 0x94, 0x01, 0x06, 0x07, 0x0A, 0x02,
	0x2B, 0x02, 0x02, 0x02, 0x02, 0x0B, 0x08, 0x09, 0x33, 0xFE, 0x14, 0x84,
	0x01, 0xEC, 0xEB, 0x24, 0x01, 0x02, 0x02, 0x04, 0x0A, 0x06, 0x86, 0x02,
	0x02, 0x02, 0x02, 0x0B, 0x08, 0x09, 0x03, 0x24, 0x01, 0x02, 0x02, 0x04,
	0x0A, 0x06, 0x86, 0x02, 0x04, 0x02, 0x0B, 0x08, 0x09, 0x33, 0x48, 0x14,
	0x48, 0x00, 0x00, 0x00, 0x00, 0x01, 0x00, 0xE7, 0x00, 0xFC, 0x03, 0x1A,
	0x02, 0x2E, 0x00, 0x2B, 0x00, 0x00, 0x13, 0x36, 0x37, 0x36, 0x33, 0x32,
	0x16, 0x1F, 0x01, 0x16, 0x17, 0x16, 0x36, 0x3F, 0x01, 0x3E, 0x01, 0x33,
	0x32, 0x17, 0x16, 0x17, 0x1E, 0x01, 0x15, 0x14, 0x07, 0x06, 0x0F, 0x01,
	0x06, 0x07, 0x06, 0x23, 0x22, 0x27, 0x26, 0x2F, 0x01, 0x2E, 0x01, 0x35,
	0x34, 0x36, 0xF4, 0x06, 0x08, 0x07, 0x09, 0x08, 0x10, 0x06, 0xB2, 0x08,
	0x0C, 0x0A, 0x16, 0x09, 0xB2, 0x06, 0x10, 0x08, 0x09, 0x07, 0x08, 0x07,
	0x06, 0x06, 0x03, 0x03, 0x06, 0xD1, 0x0C, 0x10, 0x10, 0x10, 0x11, 0x10,
	0x0F, 0x0D, 0xD0, 0x07, 0x06, 0x06, 0x02, 0x22, 0x06, 0x03, 0x03, 0x06,
	0x06, 0xB3, 0x08, 0x03, 0x03, 0x06, 0x08, 0xB3, 0x06, 0x06, 0x03, 0x03,
	0x06, 0x06, 0x10, 0x08, 0x09, 0x07, 0x08, 0x07, 0xD0, 0x0C, 0x07, 0x06,
	0x06, 0x07, 0x0C, 0xD0, 0x06, 0x10, 0x09, 0x08, 0x10, 0x00, 0x00, 0x00,
	0x00, 0x01, 0x00, 0xED, 0xFF, 0xC1, 0x03, 0x12, 0x03, 0xC0, 0x00, 0x23,
	0x00, 0x00, 0x05, 0x22, 0x27, 0x26, 0x27, 0x2E, 0x01, 0x34, 0x36, 0x37,
	0x09, 0x01, 0x26, 0x35, 0x34, 0x37, 0x36, 0x37, 0x36, 0x33, 0x32, 0x17,
	0x16, 0x17, 0x01, 0x16, 0x17, 0x16, 0x14, 0x07, 0x06, 0x07, 0x01, 0x06,
	0x07, 0x06, 0x01, 0x10, 0x07, 0x06, 0x07, 0x05, 0x04, 0x06, 0x06, 0x04,
	0x01, 0xC9, 0xFE, 0x3E, 0x0A, 0x0A, 0x05, 0x06, 0x07, 0x06, 0x07, 0x06,
	0x07, 0x05, 0x01, 0xD9, 0x05, 0x03, 0x02, 0x02, 0x03, 0x05, 0xFE, 0x20,
	0x05, 0x06, 0x07, 0x3F, 0x02, 0x03, 0x05, 0x05, 0x0C, 0x0E, 0x0C, 0x05,
	0x01, 0xC9, 0x01, 0xC1, 0x0A, 0x0F, 0x0E, 0x0A, 0x05, 0x02, 0x03, 0x03,
	0x02, 0x05, 0xFE, 0x26, 0x05, 0x06, 0x06, 0x0E, 0x06, 0x06, 0x05, 0xFE,
	0x1F, 0x05, 0x03, 0x02, 0x00, 0x01, 0x01, 0x66, 0x00, 0xC9, 0x02, 0x9B,
	0x02, 0xB7, 0x00, 0x05, 0x00, 0x00, 0x01, 0x17, 0x07, 0x27, 0x37, 0x27,
	0x01, 0xA3, 0xF8, 0xF8, 0x3D, 0xB9, 0xB9, 0x02, 0xB7, 0xF7, 0xF7, 0x3E,
	0xB9, 0xB9, 0x00, 0x00, 0x00, 0x03, 0x00, 0x55, 0xFF, 0xC0, 0x03, 0xD5,
	0x03, 0xC0, 0x00, 0x52, 0x00, 0x7B, 0x00, 0x95, 0x00, 0x00, 0x01, 0x14,
	0x07, 0x06, 0x07, 0x06, 0x2B, 0x01, 0x22, 0x27, 0x26, 0x2F, 0x01, 0x07,
	0x17, 0x16, 0x17, 0x16, 0x1D, 0x01, 0x14, 0x07, 0x06, 0x07, 0x06, 0x23,
	0x22, 0x27, 0x2E, 0x01, 0x3D, 0x01, 0x34, 0x27, 0x26, 0x2F, 0x01, 0x26,
	0x27, 0x26, 0x27, 0x26, 0x3F, 0x01, 0x23, 0x22, 0x06, 0x0F, 0x01, 0x0E,
	0x01, 0x07, 0x06, 0x26, 0x27, 0x26, 0x35, 0x34, 0x37, 0x36, 0x3F, 0x01,
	0x36, 0x37, 0x3E, 0x01, 0x3B, 0x01, 0x32, 0x17, 0x16, 0x1F, 0x01, 0x16,
	0x17, 0x16, 0x3B, 0x01, 0x32, 0x17, 0x16, 0x17, 0x16, 0x05, 0x16, 0x17,
	0x16, 0x17, 0x16, 0x17, 0x16, 0x14, 0x06, 0x07, 0x06, 0x07, 0x06, 0x07,
	0x06, 0x2B, 0x01, 0x22, 0x27, 0x2E, 0x01, 0x34, 0x36, 0x37, 0x36, 0x3B,
	0x01, 0x32, 0x37, 0x36, 0x37, 0x3E, 0x01, 0x37, 0x36, 0x37, 0x36, 0x32,
	0x17, 0x16, 0x01, 0x22, 0x27, 0x26, 0x27, 0x26, 0x35, 0x34, 0x37, 0x36,
	0x37, 0x3E, 0x01, 0x33, 0x32, 0x17, 0x1E, 0x02, 0x15, 0x14, 0x07, 0x06,
	0x07, 0x0E, 0x01, 0x03, 0xD5, 0x08, 0x09, 0x0E, 0x0F, 0x12, 0x7A, 0x27,
	0x23, 0x22, 0x14, 0x34, 0x4D, 0x70, 0x23, 0x14, 0x14, 0x08, 0x09, 0x0E,
	0x0F, 0x12, 0x11, 0x0F, 0x0E, 0x12, 0x03, 0x02, 0x05, 0xAF, 0x1F, 0x12,
	0x13, 0x03, 0x03, 0x0E, 0x35, 0x4B, 0x06, 0x0A, 0x03, 0x3E, 0x08, 0x1C,
	0x11, 0x11, 0x20, 0x0A, 0x09, 0x02, 0x01, 0x04, 0x3D, 0x0D, 0x15, 0x14,
	0x34, 0x1C, 0xF0, 0x27, 0x23, 0x22, 0x14, 0x4F, 0x02, 0x05, 0x05, 0x06,
	0x7A, 0x12, 0x0F, 0x0E, 0x09, 0x08, 0xFD, 0x83, 0x0C, 0x09, 0x09, 0x05,
	0x02, 0x02, 0x01, 0x02, 0x03, 0x0B, 0x15, 0x15, 0x1B, 0x1C, 0x1E, 0x5C,
	0x11, 0x0F, 0x0E, 0x12, 0x12, 0x0E, 0x0F, 0x11, 0x5C, 0x06, 0x06, 0x05,
	0x03, 0x04, 0x12, 0x0C, 0x06, 0x06, 0x07, 0x0C, 0x06, 0x06, 0x01, 0x19,
	0x1D, 0x19, 0x18, 0x0E, 0x0F, 0x12, 0x12, 0x1E, 0x0A, 0x14, 0x0B, 0x15,
	0x13, 0x14, 0x1E, 0x10, 0x02, 0x02, 0x04, 0x0C, 0x36, 0x01, 0xAB, 0x12,
	0x0F, 0x0E, 0x09, 0x08, 0x13, 0x14, 0x21, 0x57, 0xBA, 0x40, 0x14, 0x22,
	0x23, 0x29, 0x8E, 0x11, 0x0F, 0x0F, 0x08, 0x09, 0x09, 0x08, 0x1E, 0x11,
	0x8E, 0x06, 0x05, 0x05, 0x03, 0x63, 0x13, 0x1F, 0x1E, 0x23, 0x24, 0x21,
	0x84, 0x06, 0x06, 0x7B, 0x10, 0x12, 0x02, 0x01, 0x10, 0x10, 0x0F, 0x12,
	0x08, 0x07, 0x07, 0x07, 0x7B, 0x1A, 0x12, 0x13, 0x14, 0x13, 0x14, 0x22,
	0x82, 0x05, 0x03, 0x02, 0x09, 0x09, 0x0E, 0x0F, 0xCB, 0x05, 0x09, 0x08,
	0x0C, 0x06, 0x07, 0x06, 0x0C, 0x0C, 0x06, 0x1C, 0x16, 0x15, 0x0B, 0x0C,
	0x09, 0x08, 0x1E, 0x22, 0x1E, 0x08, 0x09, 0x04, 0x03, 0x06, 0x0C, 0x12,
	0x05, 0x03, 0x01, 0x02, 0x01, 0x02, 0x01, 0xF8, 0x0E, 0x0E, 0x18, 0x19,
	0x1D, 0x21, 0x1B, 0x1A, 0x0D, 0x04, 0x04, 0x08, 0x08, 0x1E, 0x28, 0x15,
	0x0A, 0x0A, 0x0B, 0x09, 0x1E, 0x24, 0x00, 0x00, 0x00, 0x03, 0x00, 0x55,
	0xFF, 0xC5, 0x03, 0xAB, 0x03, 0xC0, 0x00, 0x1B, 0x00, 0x3C, 0x00, 0x53,
	0x00, 0x00, 0x01, 0x32, 0x17, 0x1E, 0x01, 0x17, 0x16, 0x15, 0x14, 0x07,
	0x06, 0x07, 0x06, 0x0F, 0x01, 0x27, 0x26, 0x27, 0x26, 0x27, 0x26, 0x35,
	0x34, 0x37, 0x3E, 0x01, 0x37, 0x36, 0x13, 0x32, 0x37, 0x36, 0x37, 0x36,
	0x37, 0x36, 0x34, 0x2E, 0x01, 0x27, 0x26, 0x27, 0x26, 0x23, 0x22, 0x07,
	0x06, 0x07, 0x06, 0x07, 0x06, 0x15, 0x14, 0x17, 0x16, 0x17, 0x16, 0x17,
	0x16, 0x17, 0x16, 0x37, 0x22, 0x27, 0x26, 0x27, 0x26, 0x35, 0x34, 0x37,
	0x36, 0x37, 0x36, 0x32, 0x17, 0x16, 0x17, 0x16, 0x15, 0x14, 0x07, 0x06,
	0x07, 0x06, 0x02, 0x00, 0x57, 0x4F, 0x4D, 0x76, 0x20, 0x22, 0x5F, 0x45,
	0x72, 0x3F, 0x3A, 0x1C, 0x1C, 0x3A, 0x3F, 0x72, 0x45, 0x5F, 0x22, 0x20,
	0x76, 0x4D, 0x4F, 0x57, 0x2B, 0x28, 0x26, 0x1E, 0x1D, 0x11, 0x10, 0x20,
	0x3C, 0x27, 0x14, 0x15, 0x14, 0x15, 0x2A, 0x27, 0x28, 0x1E, 0x1E, 0x10,
	0x10, 0x04, 0x04, 0x08, 0x10, 0x1F, 0x1D, 0x27, 0x27, 0x2B, 0x23, 0x1E,
	0x1D, 0x11, 0x11, 0x11, 0x11, 0x1D, 0x1E, 0x46, 0x1E, 0x1D, 0x11, 0x11,
	0x11, 0x11, 0x1D, 0x1E, 0x03, 0xC0, 0x22, 0x20, 0x76, 0x4D, 0x4F, 0x57,
	0x65, 0x8B, 0x66, 0x72, 0x3F, 0x32, 0x17, 0x17, 0x32, 0x3F, 0x72, 0x66,
	0x8B, 0x65, 0x57, 0x4F, 0x4D, 0x76, 0x20, 0x22, 0xFD, 0x80, 0x11, 0x10,
	0x1E, 0x1D, 0x26, 0x28, 0x56, 0x4E, 0x3C, 0x10, 0x09, 0x04, 0x04, 0x10,
	0x10, 0x1F, 0x1E, 0x28, 0x27, 0x2A, 0x15, 0x14, 0x15, 0x13, 0x28, 0x1E,
	0x1D, 0x11, 0x10, 0x55, 0x12, 0x11, 0x1D, 0x1E, 0x22, 0x23, 0x1E, 0x1D,
	0x11, 0x11, 0x11, 0x11, 0x1D, 0x1E, 0x23, 0x22, 0x1E, 0x1D, 0x11, 0x12,
	0x00, 0x02, 0x00, 0x01, 0xFF, 0xC1, 0x04, 0x00, 0x03, 0xBF, 0x00, 0x3A,
	0x00, 0x64, 0x00, 0x00, 0x01, 0x14, 0x06, 0x07, 0x16, 0x07, 0x0E, 0x01,
	0x07, 0x06, 0x27, 0x06, 0x07, 0x06, 0x23, 0x22, 0x27, 0x26, 0x27, 0x06,
	0x27, 0x2E, 0x01, 0x27, 0x26, 0x37, 0x26, 0x27, 0x26, 0x35, 0x34, 0x37,
	0x36, 0x37, 0x26, 0x37, 0x3E, 0x01, 0x37, 0x36, 0x17, 0x36, 0x37, 0x36,
	0x33, 0x32, 0x17, 0x16, 0x17, 0x36, 0x17, 0x1E, 0x01, 0x17, 0x16, 0x07,
	0x16, 0x17, 0x16, 0x25, 0x36, 0x37, 0x36, 0x35, 0x34, 0x27, 0x26, 0x27,
	0x26, 0x27, 0x26, 0x22, 0x06, 0x0F, 0x01, 0x0E, 0x01, 0x27, 0x26, 0x2F,
	0x01, 0x26, 0x27, 0x26, 0x06, 0x07, 0x06, 0x07, 0x06, 0x14, 0x17, 0x16,
	0x1F, 0x01, 0x16, 0x17, 0x16, 0x32, 0x37, 0x36, 0x37, 0x04, 0x00, 0x2C,
	0x28, 0x06, 0x12, 0x11, 0x4A, 0x31, 0x30, 0x34, 0x1E, 0x30, 0x2D, 0x34,
	0x35, 0x2F, 0x31, 0x20, 0x31, 0x30, 0x30, 0x4A, 0x12, 0x11, 0x04, 0x28,
	0x15, 0x14, 0x15, 0x15, 0x29, 0x06, 0x12, 0x11, 0x4A, 0x30, 0x31, 0x34,
	0x1E, 0x30, 0x2D, 0x34, 0x35, 0x2F, 0x31, 0x20, 0x31, 0x30, 0x30, 0x4A,
	0x12, 0x11, 0x04, 0x27, 0x15, 0x16, 0xFE, 0xEC, 0x07, 0x03, 0x03, 0x03,
	0x03, 0x06, 0x06, 0x08, 0x08, 0x10, 0x10, 0x06, 0xCB, 0x08, 0x16, 0x0B,
	0x0B, 0x09, 0x61, 0x09, 0x0B, 0x0B, 0x16, 0x08, 0x05, 0x03, 0x03, 0x03,
	0x04, 0x07, 0x60, 0x12, 0x18, 0x17, 0x32, 0x17, 0x18, 0x12, 0x01, 0xC0,
	0x34, 0x5E, 0x22, 0x31, 0x30, 0x30, 0x4A, 0x12, 0x11, 0x04, 0x28, 0x15,
	0x14, 0x15, 0x15, 0x29, 0x06, 0x12, 0x11, 0x4A, 0x30, 0x31, 0x34, 0x1E,
	0x30, 0x2D, 0x34, 0x35, 0x2F, 0x31, 0x20, 0x31, 0x30, 0x30, 0x4A, 0x12,
	0x12, 0x05, 0x28, 0x15, 0x14, 0x15, 0x15, 0x29, 0x06, 0x12, 0x11, 0x4A,
	0x30, 0x31, 0x34, 0x1F, 0x2E, 0x2F, 0x09, 0x06, 0x09, 0x07, 0x09, 0x08,
	0x08, 0x07, 0x07, 0x06, 0x03, 0x04, 0x06, 0x06, 0xC4, 0x08, 0x06, 0x03,
	0x04, 0x08, 0x5B, 0x07, 0x03, 0x02, 0x06, 0x09, 0x06, 0x07, 0x08, 0x10,
	0x08, 0x09, 0x06, 0x59, 0x13, 0x09, 0x0A, 0x0A, 0x09, 0x12, 0x00, 0x00,
	0x00, 0x03, 0x00, 0x00, 0xFF, 0xC0, 0x04, 0x00, 0x03, 0xC0, 0x00, 0x21,
	0x00, 0x3C, 0x00, 0x5C, 0x00, 0x00, 0x05, 0x22, 0x27, 0x2E, 0x01, 0x27,
	0x26, 0x35, 0x34, 0x37, 0x36, 0x37, 0x36, 0x37, 0x36, 0x37, 0x36, 0x33,
	0x32, 0x17, 0x1E, 0x01, 0x17, 0x16, 0x15, 0x14, 0x07, 0x06, 0x07, 0x06,
	0x07, 0x06, 0x07, 0x06, 0x03, 0x22, 0x06, 0x07, 0x06, 0x15, 0x14, 0x16,
	0x17, 0x16, 0x17, 0x16, 0x33, 0x32, 0x37, 0x36, 0x37, 0x36, 0x37, 0x36,
	0x35, 0x34, 0x26, 0x27, 0x26, 0x27, 0x26, 0x07, 0x22, 0x07, 0x06, 0x07,
	0x06, 0x15, 0x14, 0x17, 0x16, 0x17, 0x16, 0x3B, 0x01, 0x11, 0x14, 0x17,
	0x1E, 0x01, 0x33, 0x32, 0x36, 0x37, 0x36, 0x35, 0x11, 0x34, 0x27, 0x26,
	0x27, 0x26, 0x23, 0x02, 0x00, 0x68, 0x5F, 0x5C, 0x8E, 0x27, 0x28, 0x27,
	0x27, 0x47, 0x48, 0x5F, 0x2F, 0x32, 0x31, 0x32, 0x65, 0x5D, 0x5F, 0x92,
	0x27, 0x26, 0x0A, 0x09, 0x14, 0x27, 0x49, 0x47, 0x5D, 0x5E, 0x67, 0x11,
	0x1E, 0x08, 0x09, 0x16, 0x12, 0x05, 0x07, 0x06, 0x06, 0x0D, 0x0B, 0x0C,
	0x09, 0x09, 0x05, 0x05, 0x02, 0x03, 0x07, 0x10, 0x11, 0x3E, 0x0B, 0x0A,
	0x0A, 0x06, 0x05, 0x05, 0x06, 0x0A, 0x0A, 0x0B, 0x2B, 0x06, 0x05, 0x14,
	0x0C, 0x0B, 0x14, 0x06, 0x05, 0x0B, 0x0C, 0x13, 0x14, 0x17, 0x40, 0x28,
	0x27, 0x8E, 0x5C, 0x5F, 0x68, 0x67, 0x5E, 0x5D, 0x47, 0x49, 0x27, 0x14,
	0x09, 0x0A, 0x26, 0x27, 0x92, 0x5F, 0x5D, 0x65, 0x32, 0x31, 0x32, 0x2F,
	0x5F, 0x48, 0x47, 0x27, 0x27, 0x03, 0x2B, 0x12, 0x0E, 0x0F, 0x11, 0x14,
	0x20, 0x07, 0x03, 0x01, 0x01, 0x04, 0x05, 0x09, 0x0A, 0x0B, 0x0C, 0x0D,
	0x06, 0x0C, 0x06, 0x12, 0x0B, 0x0B, 0xD6, 0x05, 0x06, 0x0A, 0x0A, 0x0B,
	0x0C, 0x0A, 0x0A, 0x05, 0x06, 0xFF, 0x00, 0x0C, 0x0A, 0x09, 0x0C, 0x0C,
	0x09, 0x0A, 0x0C, 0x01, 0x00, 0x17, 0x14, 0x13, 0x0C, 0x0B, 0x00, 0x00,
	0x00, 0x03, 0x00, 0x00, 0xFF, 0xC0, 0x04, 0x00, 0x03, 0xC0, 0x00, 0x18,
	0x00, 0x2E, 0x00, 0x41, 0x00, 0x00, 0x05, 0x22, 0x27, 0x2E, 0x01, 0x27,
	0x26, 0x34, 0x37, 0x3E, 0x01, 0x37, 0x36, 0x32, 0x17, 0x1E, 0x01, 0x17,
	0x16, 0x14, 0x07, 0x0E, 0x01, 0x07, 0x06, 0x03, 0x11, 0x14, 0x16, 0x17,
	0x16, 0x32, 0x37, 0x3E, 0x01, 0x35, 0x11, 0x34, 0x27, 0x26, 0x27, 0x26,
	0x22, 0x07, 0x06, 0x07, 0x06, 0x13, 0x22, 0x07, 0x0E, 0x01, 0x15, 0x14,
	0x16, 0x17, 0x16, 0x32, 0x37, 0x3E, 0x01, 0x35, 0x34, 0x26, 0x27, 0x26,
	0x02, 0x00, 0x68, 0x5F, 0x5C, 0x8E, 0x27, 0x28, 0x28, 0x27, 0x8E, 0x5C,
	0x5F, 0xD0, 0x5F, 0x5C, 0x8E, 0x27, 0x28, 0x28, 0x27, 0x8E, 0x5C, 0x5F,
	0x93, 0x0C, 0x09, 0x0A, 0x18, 0x0A, 0x09, 0x0C, 0x06, 0x06, 0x09, 0x0A,
	0x18, 0x0A, 0x09, 0x06, 0x06, 0x2B, 0x0C, 0x0A, 0x09, 0x0C, 0x0C, 0x09,
	0x0A, 0x18, 0x0A, 0x09, 0x0C, 0x0C, 0x09, 0x0A, 0x40, 0x28, 0x27, 0x8E,
	0x5C, 0x5F, 0xD0, 0x5F, 0x5C, 0x8E, 0x27, 0x28, 0x28, 0x27, 0x8E, 0x5C,
	0x5F, 0xD0, 0x5F, 0x5C, 0x8E, 0x27, 0x28, 0x03, 0x00, 0xFE, 0xAB, 0x0C,
	0x14, 0x05, 0x06, 0x06, 0x05, 0x14, 0x0C, 0x01, 0x55, 0x0C, 0x0A, 0x09,
	0x06, 0x06, 0x06, 0x06, 0x09, 0x0A, 0xFD, 0xF4, 0x06, 0x05, 0x14, 0x0C,
	0x0B, 0x14, 0x06, 0x05, 0x05, 0x06, 0x14, 0x0B, 0x0C, 0x14, 0x05, 0x06,
	0x00, 0x01, 0x00, 0x00, 0x00, 0x4F, 0x04, 0x00, 0x03, 0x31, 0x00, 0x3B,
	0x00, 0x00, 0x25, 0x22, 0x27, 0x26, 0x27, 0x25, 0x26, 0x27, 0x26, 0x34,
	0x37, 0x36, 0x37, 0x25, 0x36, 0x37, 0x36, 0x33, 0x32, 0x17, 0x16, 0x17,
	0x16, 0x17, 0x16, 0x17, 0x37, 0x36, 0x37, 0x36, 0x33, 0x32, 0x17, 0x16,
	0x17, 0x16, 0x17, 0x1E, 0x01, 0x15, 0x11, 0x14, 0x06, 0x07, 0x06, 0x07,
	0x06, 0x07, 0x06, 0x23, 0x22, 0x27, 0x26, 0x2F, 0x01, 0x06, 0x07, 0x06,
	0x07, 0x06, 0x01, 0xBD, 0x1A, 0x19, 0x18, 0x15, 0xFE, 0xE5, 0x1F, 0x12,
	0x11, 0x11, 0x12, 0x1F, 0x01, 0x1B, 0x15, 0x19, 0x18, 0x1A, 0x11, 0x11,
	0x11, 0x10, 0x28, 0x1A, 0x19, 0x03, 0xA1, 0x15, 0x19, 0x18, 0x1A, 0x12,
	0x13, 0x12, 0x12, 0x1A, 0x15, 0x13, 0x16, 0x16, 0x13, 0x15, 0x1A, 0x12,
	0x12, 0x13, 0x12, 0x1A, 0x18, 0x19, 0x15, 0xA1, 0x03, 0x17, 0x16, 0x23,
	0x25, 0x4F, 0x08, 0x08, 0x0F, 0xD0, 0x17, 0x22, 0x22, 0x4E, 0x22, 0x22,
	0x17, 0xD0, 0x0F, 0x08, 0x08, 0x03, 0x04, 0x08, 0x12, 0x24, 0x24, 0x2C,
	0x76, 0x0F, 0x08, 0x08, 0x04, 0x05, 0x08, 0x0E, 0x16, 0x16, 0x38, 0x1E,
	0xFE, 0x60, 0x1E, 0x38, 0x16, 0x16, 0x0E, 0x08, 0x05, 0x04, 0x08, 0x08,
	0x0F, 0x76, 0x29, 0x23, 0x22, 0x13, 0x14, 0x00, 0x00, 0x01, 0x00, 0x00,
	0xFF, 0xC2, 0x04, 0x00, 0x03, 0xBE, 0x00, 0x0D, 0x00, 0x00, 0x01, 0x16,
	0x17, 0x16, 0x14, 0x07, 0x06, 0x07, 0x01, 0x11, 0x01, 0x11, 0x01, 0x11,
	0x03, 0xCA, 0x19, 0x0F, 0x0E, 0x0E, 0x0F, 0x19, 0xFD, 0xB6, 0xFE, 0x80,
	0x01, 0x80, 0x02, 0x35, 0x12, 0x1B, 0x1C, 0x3E, 0x1B, 0x1C, 0x12, 0xFE,
	0x5D, 0x01, 0x13, 0xFE, 0xED, 0x03, 0xFC, 0xFE, 0xED, 0x01, 0x0F, 0x00,
	0x00, 0x01, 0x00, 0x00, 0xFF, 0xC2, 0x04, 0x00, 0x03, 0xBE, 0x00, 0x0E,
	0x00, 0x00, 0x09, 0x01, 0x11, 0x01, 0x11, 0x01, 0x26, 0x27, 0x26, 0x34,
	0x37, 0x36, 0x3F, 0x01, 0x01, 0x02, 0x80, 0x01, 0x80, 0xFE, 0x80, 0xFD,
	0xB6, 0x1A, 0x0E, 0x0E, 0x0E, 0x0E, 0x1A, 0x01, 0x02, 0x49, 0x02, 0xAB,
	0x01, 0x13, 0xFC, 0x04, 0x01, 0x13, 0xFE, 0xED, 0x01, 0xA3, 0x12, 0x1C,
	0x1B, 0x3E, 0x1C, 0x1B, 0x12, 0x01, 0x01, 0x84, 0x00, 0x01, 0x00, 0x80,
	0xFF, 0xC0, 0x03, 0xC2, 0x03, 0xC0, 0x00, 0x24, 0x00, 0x00, 0x01, 0x16,
	0x17, 0x16, 0x14, 0x07, 0x06, 0x07, 0x01, 0x06, 0x07, 0x06, 0x23, 0x22,
	0x27, 0x26, 0x27, 0x26, 0x27, 0x26, 0x27, 0x26, 0x35, 0x11, 0x34, 0x37,
	0x36, 0x37, 0x36, 0x37, 0x3E, 0x01, 0x33, 0x32, 0x17, 0x16, 0x17, 0x03,
	0x6A, 0x29, 0x18, 0x17, 0x17, 0x18, 0x29, 0xFE, 0x69, 0x1B, 0x21, 0x20,
	0x22, 0x19, 0x18, 0x19, 0x16, 0x24, 0x1A, 0x1B, 0x0E, 0x0E, 0x0E, 0x0F,
	0x1A, 0x1A, 0x24, 0x17, 0x30, 0x19, 0x22, 0x20, 0x21, 0x1B, 0x02, 0x6C,
	0x1E, 0x2E, 0x2D, 0x66, 0x2E, 0x2D, 0x1E, 0xFE, 0xD5, 0x14, 0x0B, 0x0A,
	0x06, 0x05, 0x0C, 0x12, 0x1D, 0x1E, 0x24, 0x25, 0x28, 0x02, 0x55, 0x28,
	0x25, 0x25, 0x1D, 0x1E, 0x12, 0x0B, 0x0C, 0x0B, 0x0A, 0x15, 0x00, 0x00,
	0x00, 0x02, 0x00, 0x80, 0xFF, 0xC0, 0x03, 0x80, 0x03, 0xC0, 0x00, 0x19,
	0x00, 0x33, 0x00, 0x00, 0x01, 0x32, 0x17, 0x16, 0x17, 0x16, 0x15, 0x11,
	0x14, 0x07, 0x06, 0x07, 0x06, 0x23, 0x22, 0x27, 0x26, 0x27, 0x26, 0x35,
	0x11, 0x34, 0x37, 0x36, 0x37, 0x36, 0x21, 0x32, 0x17, 0x16, 0x17, 0x16,
	0x15, 0x11, 0x14, 0x07, 0x06, 0x07, 0x06, 0x23, 0x22, 0x27, 0x26, 0x27,
	0x26, 0x35, 0x11, 0x34, 0x37, 0x36, 0x37, 0x36, 0x01, 0x15, 0x29, 0x23,
	0x21, 0x14, 0x15, 0x15, 0x14, 0x21, 0x23, 0x29, 0x28, 0x23, 0x22, 0x14,
	0x14, 0x14, 0x14, 0x22, 0x23, 0x01, 0xFE, 0x28, 0x23, 0x22, 0x14, 0x14,
	0x14, 0x14, 0x22, 0x23, 0x28, 0x29, 0x23, 0x21, 0x14, 0x15, 0x15, 0x14,
	0x21, 0x23, 0x03, 0xC0, 0x14, 0x14, 0x22, 0x23, 0x28, 0xFD, 0x2A, 0x28,
	0x23, 0x22, 0x14, 0x14, 0x14, 0x14, 0x22, 0x23, 0x28, 0x02, 0xD6, 0x28,
	0x23, 0x22, 0x14, 0x14, 0x14, 0x14, 0x22, 0x23, 0x28, 0xFD, 0x2A, 0x28,
	0x23, 0x22, 0x14, 0x14, 0x14, 0x14, 0x22, 0x23, 0x28, 0x02, 0xD6, 0x28,
	0x23, 0x22, 0x14, 0x14, 0x00, 0x02, 0x00, 0x00, 0xFF, 0xE8, 0x04, 0x00,
	0x03, 0x96, 0x00, 0x40, 0x00, 0xCC, 0x00, 0x00, 0x25, 0x16, 0x17, 0x16,
	0x14, 0x07, 0x06, 0x0F, 0x01, 0x06, 0x07, 0x06, 0x23, 0x22, 0x27, 0x22,
	0x27, 0x26, 0x27, 0x2E, 0x01, 0x37, 0x36, 0x3F, 0x01, 0x22, 0x27, 0x26,
	0x27, 0x26, 0x27, 0x26, 0x35, 0x34, 0x37, 0x36, 0x3F, 0x01, 0x36, 0x37,
	0x36, 0x33, 0x36, 0x16, 0x17, 0x16, 0x17, 0x16, 0x37, 0x27, 0x2E, 0x01,
	0x37, 0x36, 0x37, 0x36, 0x37, 0x36, 0x33, 0x32, 0x33, 0x32, 0x17, 0x16,
	0x17, 0x13, 0x22, 0x07, 0x06, 0x07, 0x06, 0x07, 0x06, 0x07, 0x06, 0x07,
	0x06, 0x07, 0x06, 0x07, 0x06, 0x07, 0x06, 0x07, 0x06, 0x07, 0x22, 0x07,
	0x2A, 0x02, 0x23, 0x22, 0x27, 0x26, 0x27, 0x26, 0x27, 0x3C, 0x02, 0x37,
	0x36, 0x37, 0x36, 0x33, 0x37, 0x36, 0x37, 0x36, 0x37, 0x36, 0x37, 0x36,
	0x37, 0x26, 0x27, 0x26, 0x27, 0x26, 0x27, 0x26, 0x27, 0x23, 0x22, 0x23,
	0x26, 0x23, 0x2A, 0x01, 0x23, 0x26, 0x27, 0x26, 0x27, 0x26, 0x34, 0x37,
	0x36, 0x37, 0x36, 0x33, 0x17, 0x16, 0x17, 0x16, 0x17, 0x16, 0x17, 0x16,
	0x17, 0x36, 0x37, 0x36, 0x37, 0x36, 0x37, 0x36, 0x33, 0x27, 0x26, 0x27,
	0x26, 0x37, 0x36, 0x37, 0x36, 0x37, 0x36, 0x33, 0x32, 0x33, 0x32, 0x17,
	0x16, 0x1F, 0x01, 0x1E, 0x01, 0x17, 0x16, 0x17, 0x16, 0x15, 0x14, 0x07,
	0x06, 0x0F, 0x02, 0x06, 0x07, 0x06, 0x27, 0x26, 0x27, 0x26, 0x27, 0x26,
	0x36, 0x37, 0x36, 0x35, 0x36, 0x37, 0x03, 0xE7, 0x0D, 0x06, 0x06, 0x06,
	0x06, 0x0D, 0x8C, 0x06, 0x09, 0x08, 0x0A, 0x02, 0x03, 0x02, 0x02, 0x0C,
	0x09, 0x08, 0x06, 0x04, 0x03, 0x0A, 0x61, 0x60, 0x59, 0x5A, 0x43, 0x07,
	0x04, 0x03, 0x03, 0x02, 0x05, 0x01, 0x06, 0x07, 0x08, 0x08, 0x09, 0x10,
	0x06, 0x38, 0x4B, 0x4A, 0x50, 0x61, 0x09, 0x06, 0x02, 0x03, 0x09, 0x08,
	0x0B, 0x03, 0x02, 0x03, 0x03, 0x09, 0x08, 0x08, 0x06, 0x25, 0x37, 0x31,
	0x2D, 0x29, 0x25, 0x25, 0x1F, 0x23, 0x16, 0x29, 0x2C, 0x15, 0x25, 0x22,
	0x29, 0x2A, 0x2F, 0x33, 0x38, 0x3D, 0x03, 0x08, 0x0B, 0x02, 0x01, 0x01,
	0x0B, 0x09, 0x0A, 0x05, 0x06, 0x01, 0x05, 0x05, 0x09, 0x0A, 0x0B, 0x11,
	0x3B, 0x34, 0x30, 0x2C, 0x26, 0x28, 0x1D, 0x2A, 0x29, 0x1F, 0x28, 0x26,
	0x2D, 0x2F, 0x35, 0x3C, 0x01, 0x01, 0x01, 0x01, 0x01, 0x02, 0x04, 0x01,
	0x0C, 0x09, 0x0A, 0x06, 0x06, 0x06, 0x06, 0x09, 0x0A, 0x0C, 0x14, 0x45,
	0x3E, 0x38, 0x33, 0x2C, 0x2D, 0x22, 0x2A, 0x2F, 0x23, 0x2F, 0x2E, 0x37,
	0x3B, 0x42, 0x4B, 0x61, 0x09, 0x03, 0x04, 0x03, 0x03, 0x08, 0x09, 0x0B,
	0x03, 0x02, 0x03, 0x02, 0x09, 0x09, 0x08, 0x06, 0x8C, 0x07, 0x0A, 0x03,
	0x02, 0x02, 0x01, 0x06, 0x07, 0x0C, 0x43, 0x49, 0x08, 0x0B, 0x0A, 0x0A,
	0x0B, 0x08, 0x09, 0x03, 0x04, 0x04, 0x07, 0x01, 0x01, 0x01, 0xFC, 0x0C,
	0x10, 0x0F, 0x22, 0x0F, 0x10, 0x0C, 0x8D, 0x07, 0x04, 0x04, 0x01, 0x01,
	0x02, 0x09, 0x08, 0x18, 0x0B, 0x0C, 0x07, 0x62, 0x24, 0x25, 0x45, 0x06,
	0x08, 0x08, 0x09, 0x08, 0x07, 0x07, 0x06, 0x01, 0x06, 0x04, 0x04, 0x01,
	0x06, 0x06, 0x39, 0x1F, 0x20, 0x01, 0x62, 0x08, 0x16, 0x0B, 0x0C, 0x08,
	0x08, 0x03, 0x01, 0x03, 0x04, 0x06, 0x01, 0x0C, 0x0D, 0x0C, 0x17, 0x15,
	0x20, 0x1A, 0x26, 0x17, 0x30, 0x32, 0x17, 0x29, 0x1D, 0x24, 0x19, 0x1D,
	0x11, 0x12, 0x05, 0x01, 0x05, 0x05, 0x09, 0x09, 0x0B, 0x01, 0x02, 0x0B,
	0x0A, 0x09, 0x06, 0x06, 0x01, 0x04, 0x13, 0x11, 0x1F, 0x1A, 0x27, 0x1D,
	0x2F, 0x2F, 0x1D, 0x27, 0x1A, 0x1E, 0x11, 0x13, 0x05, 0x01, 0x01, 0x05,
	0x06, 0x0A, 0x09, 0x18, 0x0A, 0x09, 0x06, 0x06, 0x02, 0x06, 0x16, 0x13,
	0x22, 0x1D, 0x2A, 0x20, 0x30, 0x36, 0x21, 0x2D, 0x1D, 0x23, 0x12, 0x13,
	0x62, 0x08, 0x0B, 0x0C, 0x0B, 0x0C, 0x08, 0x08, 0x03, 0x01, 0x03, 0x04,
	0x06, 0x8D, 0x06, 0x10, 0x09, 0x07, 0x07, 0x08, 0x07, 0x11, 0x10, 0x0F,
	0x0C, 0x44, 0x49, 0x08, 0x02, 0x03, 0x02, 0x02, 0x08, 0x07, 0x0B, 0x0A,
	0x16, 0x08, 0x01, 0x01, 0x01, 0x01, 0x00, 0x00, 0x00, 0x02, 0x00, 0x00,
	0xFF, 0xC0, 0x04, 0x00, 0x03, 0xC0, 0x00, 0x18, 0x00, 0x36, 0x00, 0x00,
	0x01, 0x32, 0x17, 0x1E, 0x01, 0x17, 0x16, 0x14, 0x07, 0x0E, 0x01, 0x07,
	0x06, 0x22, 0x27, 0x2E, 0x01, 0x27, 0x26, 0x34, 0x37, 0x3E, 0x01, 0x37,
	0x36, 0x13, 0x11, 0x34, 0x27, 0x26, 0x27, 0x26, 0x22, 0x07, 0x06, 0x07,
	0x06, 0x1D, 0x01, 0x23, 0x22, 0x06, 0x07, 0x06, 0x14, 0x17, 0x1E, 0x01,
	0x3B, 0x01, 0x32, 0x37, 0x36, 0x37, 0x36, 0x02, 0x00, 0x68, 0x5F, 0x5C,
	0x8E, 0x27, 0x28, 0x28, 0x27, 0x8E, 0x5C, 0x5F, 0xD0, 0x5F, 0x5C, 0x8E,
	0x27, 0x28, 0x28, 0x27, 0x8E, 0x5C, 0x5F, 0x93, 0x06, 0x06, 0x09, 0x0A,
	0x18, 0x0A, 0x09, 0x06, 0x06, 0x80, 0x0B, 0x14, 0x06, 0x05, 0x05, 0x06,
	0x14, 0x0B, 0xAB, 0x0C, 0x0A, 0x09, 0x06, 0x06, 0x03, 0xC0, 0x28, 0x27,
	0x8E, 0x5C, 0x5F, 0xD0, 0x5F, 0x5C, 0x8E, 0x27, 0x28, 0x28, 0x27, 0x8E,
	0x5C, 0x5F, 0xD0, 0x5F, 0x5C, 0x8E, 0x27, 0x28, 0xFE, 0x00, 0x01, 0x00,
	0x0C, 0x0A, 0x09, 0x06, 0x06, 0x06, 0x06, 0x09, 0x0A, 0x0C, 0xD5, 0x0C,
	0x09, 0x0A, 0x18, 0x0A, 0x09, 0x0C, 0x06, 0x06, 0x09, 0x0A, 0x00, 0x00,
	0x00, 0x05, 0x00, 0x00, 0xFF, 0xC0, 0x04, 0x00, 0x03, 0xC0, 0x00, 0x25,
	0x00, 0x4B, 0x00, 0x71, 0x00, 0x97, 0x00, 0xB7, 0x00, 0x00, 0x05, 0x23,
	0x22, 0x27, 0x2E, 0x01, 0x35, 0x34, 0x36, 0x37, 0x36, 0x3B, 0x01, 0x32,
	0x37, 0x36, 0x37, 0x36, 0x3D, 0x01, 0x34, 0x37, 0x3E, 0x01, 0x33, 0x32,
	0x16, 0x17, 0x16, 0x1D, 0x01, 0x14, 0x07, 0x06, 0x07, 0x06, 0x07, 0x06,
	0x13, 0x14, 0x07, 0x0E, 0x01, 0x23, 0x22, 0x26, 0x27, 0x26, 0x3D, 0x01,
	0x34, 0x27, 0x26, 0x27, 0x26, 0x2B, 0x01, 0x22, 0x27, 0x2E, 0x01, 0x35,
	0x34, 0x36, 0x37, 0x36, 0x3B, 0x01, 0x32, 0x17, 0x16, 0x17, 0x16, 0x17,
	0x16, 0x15, 0x01, 0x14, 0x06, 0x07, 0x06, 0x2B, 0x01, 0x22, 0x27, 0x26,
	0x27, 0x26, 0x27, 0x26, 0x3D, 0x01, 0x34, 0x37, 0x3E, 0x01, 0x33, 0x32,
	0x16, 0x17, 0x16, 0x1D, 0x01, 0x14, 0x17, 0x16, 0x17, 0x16, 0x3B, 0x01,
	0x32, 0x17, 0x1E, 0x01, 0x03, 0x14, 0x07, 0x0E, 0x01, 0x23, 0x22, 0x26,
	0x27, 0x26, 0x3D, 0x01, 0x34, 0x37, 0x36, 0x37, 0x36, 0x37, 0x36, 0x3B,
	0x01, 0x32, 0x17, 0x1E, 0x01, 0x15, 0x14, 0x06, 0x07, 0x06, 0x2B, 0x01,
	0x22, 0x07, 0x06, 0x07, 0x06, 0x15, 0x01, 0x14, 0x07, 0x06, 0x07, 0x06,
	0x23, 0x22, 0x27, 0x26, 0x27, 0x26, 0x27, 0x26, 0x27, 0x26, 0x35, 0x34,
	0x36, 0x37, 0x3E, 0x01, 0x33, 0x32, 0x17, 0x16, 0x17, 0x16, 0x17, 0x16,
	0x17, 0x16, 0x03, 0x2B, 0x2B, 0x0C, 0x0A, 0x09, 0x0C, 0x0C, 0x09, 0x0A,
	0x0C, 0x2B, 0x22, 0x1E, 0x1D, 0x11, 0x12, 0x05, 0x06, 0x14, 0x0B, 0x0C,
	0x14, 0x05, 0x06, 0x11, 0x10, 0x1E, 0x1D, 0x26, 0x28, 0xAA, 0x06, 0x05,
	0x14, 0x0C, 0x0B, 0x14, 0x06, 0x05, 0x12, 0x11, 0x1D, 0x1E, 0x22, 0x2B,
	0x0C, 0x0A, 0x09, 0x0C, 0x0C, 0x09, 0x0A, 0x0C, 0x2B, 0x2B, 0x28, 0x26,
	0x1D, 0x1E, 0x10, 0x11, 0xFD, 0x2B, 0x0C, 0x09, 0x0A, 0x0C, 0x2B, 0x2B,
	0x28, 0x26, 0x1D, 0x1E, 0x10, 0x11, 0x06, 0x05, 0x14, 0x0C, 0x0B, 0x14,
	0x06, 0x05, 0x12, 0x11, 0x1D, 0x1E, 0x22, 0x2B, 0x0C, 0x0A, 0x09, 0x0C,
	0xD6, 0x05, 0x06, 0x14, 0x0B, 0x0C, 0x14, 0x05, 0x06, 0x11, 0x10, 0x1E,
	0x1D, 0x26, 0x28, 0x2B, 0x2B, 0x0C, 0x0A, 0x09, 0x0C, 0x0C, 0x09, 0x0A,
	0x0C, 0x2B, 0x22, 0x1E, 0x1D, 0x11, 0x12, 0x02, 0x56, 0x18, 0x16, 0x27,
	0x28, 0x2E, 0x22, 0x20, 0x1F, 0x17, 0x19, 0x0D, 0x06, 0x03, 0x04, 0x1A,
	0x18, 0x19, 0x3E, 0x22, 0x11, 0x10, 0x11, 0x0F, 0x20, 0x18, 0x18, 0x0D,
	0x0D, 0x40, 0x06, 0x05, 0x14, 0x0C, 0x0B, 0x14, 0x06, 0x05, 0x12, 0x11,
	0x1D, 0x1E, 0x22, 0x2B, 0x0C, 0x0A, 0x09, 0x0C, 0x0C, 0x09, 0x0A, 0x0C,
	0x2B, 0x2B, 0x28, 0x26, 0x1D, 0x1E, 0x10, 0x11, 0x03, 0x00, 0x0C, 0x0A,
	0x09, 0x0C, 0x0C, 0x09, 0x0A, 0x0C, 0x2B, 0x22, 0x1E, 0x1D, 0x11, 0x12,
	0x05, 0x06, 0x14, 0x0B, 0x0C, 0x14, 0x05, 0x06, 0x11, 0x10, 0x1E, 0x1D,
	0x26, 0x28, 0x2B, 0xFD, 0x00, 0x0C, 0x14, 0x05, 0x06, 0x11, 0x10, 0x1E,
	0x1D, 0x26, 0x28, 0x2B, 0x2B, 0x0C, 0x0A, 0x09, 0x0C, 0x0C, 0x09, 0x0A,
	0x0C, 0x2B, 0x22, 0x1E, 0x1D, 0x11, 0x12, 0x05, 0x06, 0x14, 0x02, 0xCA,
	0x0C, 0x0A, 0x09, 0x0C, 0x0C, 0x09, 0x0A, 0x0C, 0x2B, 0x2B, 0x28, 0x26,
	0x1D, 0x1E, 0x10, 0x11, 0x06, 0x05, 0x14, 0x0C, 0x0B, 0x14, 0x06, 0x05,
	0x12, 0x11, 0x1D, 0x1E, 0x22, 0xFE, 0xD5, 0x2E, 0x28, 0x27, 0x16, 0x18,
	0x0D, 0x0D, 0x18, 0x18, 0x20, 0x0F, 0x11, 0x10, 0x11, 0x22, 0x3E, 0x19,
	0x18, 0x1A, 0x04, 0x03, 0x06, 0x0D, 0x19, 0x17, 0x1F, 0x20, 0x00, 0x00,
	0x00, 0x03, 0x00, 0x00, 0xFF, 0xC0, 0x04, 0x00, 0x03, 0xC0, 0x00, 0x14,
	0x00, 0x61, 0x00, 0x7E, 0x00, 0x00, 0x01, 0x14, 0x07, 0x06, 0x07, 0x06,
	0x22, 0x27, 0x26, 0x27, 0x26, 0x34, 0x37, 0x36, 0x37, 0x36, 0x32, 0x17,
	0x16, 0x17, 0x16, 0x05, 0x14, 0x07, 0x0E, 0x01, 0x2B, 0x01, 0x06, 0x07,
	0x06, 0x07, 0x06, 0x07, 0x06, 0x07, 0x15, 0x14, 0x06, 0x07, 0x06, 0x22,
	0x27, 0x2E, 0x01, 0x3D, 0x01, 0x26, 0x27, 0x26, 0x27, 0x26, 0x27, 0x26,
	0x27, 0x23, 0x22, 0x26, 0x27, 0x26, 0x34, 0x37, 0x3E, 0x01, 0x3B, 0x01,
	0x36, 0x37, 0x36, 0x37, 0x36, 0x37, 0x36, 0x37, 0x35, 0x34, 0x36, 0x37,
	0x36, 0x32, 0x17, 0x1E, 0x01, 0x1D, 0x01, 0x16, 0x17, 0x16, 0x17, 0x16,
	0x17, 0x16, 0x17, 0x33, 0x32, 0x16, 0x17, 0x16, 0x05, 0x34, 0x27, 0x26,
	0x27, 0x26, 0x27, 0x26, 0x22, 0x07, 0x06, 0x07, 0x06, 0x07, 0x06, 0x14,
	0x17, 0x16, 0x17, 0x16, 0x17, 0x16, 0x32, 0x37, 0x36, 0x37, 0x36, 0x37,
	0x36, 0x02, 0x80, 0x12, 0x10, 0x1D, 0x1E, 0x46, 0x1E, 0x1D, 0x10, 0x12,
	0x12, 0x10, 0x1D, 0x1E, 0x46, 0x1E, 0x1D, 0x10, 0x12, 0x01, 0x80, 0x06,
	0x05, 0x14, 0x0C, 0x2C, 0x08, 0x20, 0x20, 0x33, 0x34, 0x42, 0x43, 0x4A,
	0x0C, 0x09, 0x0A, 0x18, 0x0A, 0x09, 0x0C, 0x4A, 0x43, 0x42, 0x34, 0x33,
	0x20, 0x20, 0x08, 0x2C, 0x0C, 0x14, 0x05, 0x06, 0x06, 0x05, 0x14, 0x0C,
	0x2C, 0x08, 0x20, 0x20, 0x33, 0x34, 0x42, 0x43, 0x4A, 0x0C, 0x09, 0x0A,
	0x18, 0x0A, 0x09, 0x0C, 0x4A, 0x43, 0x42, 0x34, 0x33, 0x20, 0x20, 0x08,
	0x2C, 0x0C, 0x14, 0x05, 0x06, 0xFE, 0xD5, 0x10, 0x11, 0x1D, 0x1E, 0x26,
	0x28, 0x56, 0x28, 0x26, 0x1E, 0x1D, 0x11, 0x10, 0x10, 0x11, 0x1D, 0x1E,
	0x26, 0x28, 0x56, 0x28, 0x26, 0x1E, 0x1D, 0x11, 0x10, 0x01, 0xC0, 0x23,
	0x1E, 0x1D, 0x10, 0x12, 0x12, 0x10, 0x1D, 0x1E, 0x46, 0x1E, 0x1D, 0x10,
	0x12, 0x12, 0x10, 0x1D, 0x1E, 0x23, 0x0C, 0x0A, 0x09, 0x0C, 0x4A, 0x43,
	0x42, 0x34, 0x33, 0x20, 0x20, 0x08, 0x2C, 0x0C, 0x14, 0x05, 0x06, 0x06,
	0x05, 0x14, 0x0C, 0x2C, 0x08, 0x20, 0x20, 0x33, 0x34, 0x42, 0x43, 0x4A,
	0x0C, 0x09, 0x0A, 0x18, 0x0A, 0x09, 0x0C, 0x4A, 0x43, 0x42, 0x34, 0x33,
	0x20, 0x20, 0x08, 0x2C, 0x0C, 0x14, 0x05, 0x06, 0x06, 0x05, 0x14, 0x0C,
	0x2C, 0x08, 0x20, 0x20, 0x33, 0x34, 0x42, 0x43, 0x4A, 0x0C, 0x09, 0x0A,
	0x0C, 0x2B, 0x28, 0x26, 0x1E, 0x1D, 0x11, 0x10, 0x10, 0x11, 0x1D, 0x1E,
	0x26, 0x28, 0x56, 0x28, 0x26, 0x1E, 0x1D, 0x11, 0x10, 0x10, 0x11, 0x1D,
	0x1E, 0x26, 0x28, 0x00, 0x00, 0x03, 0x00, 0x00, 0xFF, 0xC0, 0x04, 0x00,
	0x03, 0xC0, 0x00, 0x45, 0x00, 0x62, 0x00, 0xB2, 0x00, 0x00, 0x25, 0x17,
	0x1E, 0x01, 0x15, 0x14, 0x07, 0x06, 0x07, 0x06, 0x07, 0x06, 0x23, 0x22,
	0x26, 0x27, 0x01, 0x2E, 0x01, 0x35, 0x34, 0x37, 0x36, 0x37, 0x36, 0x37,
	0x36, 0x33, 0x32, 0x16, 0x1F, 0x01, 0x36, 0x37, 0x36, 0x37, 0x35, 0x34,
	0x36, 0x37, 0x36, 0x32, 0x17, 0x1E, 0x01, 0x1D, 0x01, 0x16, 0x17, 0x16,
	0x17, 0x16, 0x17, 0x16, 0x17, 0x33, 0x32, 0x17, 0x16, 0x17, 0x16, 0x14,
	0x07, 0x06, 0x07, 0x06, 0x2B, 0x01, 0x0E, 0x01, 0x03, 0x26, 0x27, 0x26,
	0x23, 0x22, 0x06, 0x07, 0x17, 0x36, 0x37, 0x36, 0x17, 0x16, 0x17, 0x16,
	0x17, 0x16, 0x15, 0x14, 0x07, 0x06, 0x07, 0x17, 0x3E, 0x01, 0x35, 0x34,
	0x26, 0x03, 0x16, 0x17, 0x16, 0x15, 0x14, 0x07, 0x14, 0x15, 0x06, 0x07,
	0x06, 0x07, 0x06, 0x07, 0x06, 0x07, 0x15, 0x14, 0x06, 0x07, 0x06, 0x22,
	0x27, 0x2E, 0x01, 0x3D, 0x01, 0x26, 0x27, 0x26, 0x27, 0x26, 0x27, 0x26,
	0x27, 0x23, 0x22, 0x26, 0x27, 0x26, 0x34, 0x37, 0x3E, 0x01, 0x3B, 0x01,
	0x36, 0x37, 0x36, 0x37, 0x36, 0x37, 0x36, 0x37, 0x32, 0x33, 0x36, 0x33,
	0x32, 0x17, 0x16, 0x1F, 0x01, 0x06, 0x07, 0x06, 0x15, 0x14, 0x17, 0x16,
	0x17, 0x16, 0x17, 0x16, 0x33, 0x32, 0x37, 0x36, 0x37, 0x03, 0x4A, 0xA9,
	0x07, 0x06, 0x03, 0x03, 0x07, 0x06, 0x08, 0x07, 0x09, 0x08, 0x10, 0x06,
	0xFC, 0x56, 0x07, 0x06, 0x03, 0x03, 0x07, 0x06, 0x08, 0x07, 0x09, 0x08,
	0x10, 0x06, 0xA9, 0x31, 0x3A, 0x39, 0x3F, 0x0C, 0x09, 0x0A, 0x18, 0x09,
	0x0A, 0x0C, 0x49, 0x42, 0x43, 0x35, 0x34, 0x20, 0x1F, 0x08, 0x2C, 0x0C,
	0x0A, 0x09, 0x06, 0x06, 0x06, 0x06, 0x09, 0x0A, 0x0C, 0x2C, 0x07, 0x30,
	0xDB, 0x1F, 0x28, 0x26, 0x2A, 0x1F, 0x3C, 0x1B, 0x3F, 0x18, 0x1A, 0x1B,
	0x18, 0x19, 0x13, 0x13, 0x09, 0x0A, 0x03, 0x04, 0x06, 0x3F, 0x11, 0x12,
	0x20, 0x17, 0x06, 0x03, 0x04, 0x01, 0x03, 0x07, 0x07, 0x0B, 0x18, 0x19,
	0x19, 0x19, 0x0C, 0x0A, 0x09, 0x18, 0x0A, 0x09, 0x0C, 0x49, 0x42, 0x43,
	0x35, 0x34, 0x20, 0x1E, 0x08, 0x2D, 0x0C, 0x14, 0x05, 0x06, 0x06, 0x05,
	0x14, 0x0C, 0x2E, 0x02, 0x05, 0x05, 0x09, 0x03, 0x09, 0x08, 0x0A, 0x03,
	0x02, 0x02, 0x03, 0x08, 0x08, 0x08, 0x06, 0x7A, 0x01, 0x01, 0x01, 0x10,
	0x11, 0x1D, 0x1E, 0x26, 0x28, 0x2B, 0x08, 0x0A, 0x08, 0x0A, 0xB2, 0xA9,
	0x06, 0x10, 0x08, 0x09, 0x07, 0x08, 0x06, 0x07, 0x03, 0x03, 0x06, 0x07,
	0x03, 0xAA, 0x06, 0x10, 0x08, 0x09, 0x07, 0x08, 0x06, 0x07, 0x03, 0x03,
	0x06, 0x07, 0xA9, 0x28, 0x18, 0x18, 0x07, 0x2C, 0x0C, 0x14, 0x05, 0x06,
	0x06, 0x05, 0x14, 0x0C, 0x2C, 0x08, 0x1F, 0x20, 0x34, 0x35, 0x43, 0x42,
	0x49, 0x06, 0x06, 0x09, 0x0A, 0x18, 0x0A, 0x09, 0x06, 0x06, 0x3E, 0x74,
	0x01, 0x74, 0x1E, 0x11, 0x0F, 0x12, 0x11, 0x3F, 0x0B, 0x01, 0x02, 0x0A,
	0x09, 0x14, 0x12, 0x17, 0x17, 0x1A, 0x0E, 0x0E, 0x0E, 0x0D, 0x3F, 0x1A,
	0x3C, 0x20, 0x2B, 0x4E, 0xFE, 0x3B, 0x06, 0x08, 0x08, 0x08, 0x03, 0x02,
	0x02, 0x03, 0x0A, 0x09, 0x08, 0x03, 0x09, 0x05, 0x06, 0x02, 0x2D, 0x0C,
	0x14, 0x05, 0x06, 0x06, 0x05, 0x14, 0x0C, 0x2D, 0x07, 0x1F, 0x20, 0x34,
	0x35, 0x43, 0x42, 0x49, 0x0C, 0x09, 0x0A, 0x18, 0x0A, 0x09, 0x0C, 0x1A,
	0x18, 0x1A, 0x17, 0x0B, 0x07, 0x07, 0x03, 0x01, 0x04, 0x03, 0x06, 0x7A,
	0x0A, 0x08, 0x09, 0x09, 0x2B, 0x28, 0x26, 0x1E, 0x1D, 0x11, 0x10, 0x01,
	0x01, 0x01, 0x00, 0x00, 0x00, 0x02, 0x01, 0x75, 0x01, 0x35, 0x02, 0x8B,
	0x02, 0x4B, 0x00, 0x0C, 0x00, 0x21, 0x00, 0x00, 0x01, 0x34, 0x27, 0x26,
	0x22, 0x07, 0x06, 0x14, 0x17, 0x16, 0x32, 0x37, 0x36, 0x37, 0x14, 0x07,
	0x06, 0x07, 0x06, 0x22, 0x27, 0x26, 0x27, 0x26, 0x34, 0x37, 0x36, 0x37,
	0x36, 0x32, 0x17, 0x16, 0x17, 0x16, 0x02, 0x20, 0x09, 0x0A, 0x1A, 0x0A,
	0x09, 0x09, 0x0A, 0x1A, 0x0A, 0x09, 0x6B, 0x13, 0x13, 0x1F, 0x20, 0x4C,
	0x20, 0x1F, 0x13, 0x13, 0x13, 0x13, 0x1F, 0x20, 0x4C, 0x20, 0x1F, 0x13,
	0x13, 0x01, 0xC0, 0x0D, 0x0A, 0x09, 0x09, 0x0A, 0x1A, 0x0A, 0x09, 0x09,
	0x0A, 0x0D, 0x26, 0x20, 0x1F, 0x13, 0x13, 0x13, 0x13, 0x1F, 0x20, 0x4C,
	0x20, 0x1F, 0x13, 0x13, 0x13, 0x13, 0x1F, 0x20, 0x00, 0x02, 0x00, 0x5C,
	0x00, 0x0B, 0x03, 0xA4, 0x03, 0x75, 0x00, 0x57, 0x00, 0xF5, 0x00, 0x00,
	0x13, 0x17, 0x16, 0x17, 0x16, 0x14, 0x07, 0x06, 0x0F, 0x01, 0x1E, 0x03,
	0x17, 0x37, 0x36, 0x17, 0x32, 0x17, 0x16, 0x17, 0x16, 0x1D, 0x01, 0x16,
	0x33, 0x16, 0x32, 0x37, 0x32, 0x37, 0x35, 0x34, 0x37, 0x36, 0x37, 0x36,
	0x33, 0x36, 0x1F, 0x01, 0x3E, 0x01, 0x37, 0x27, 0x26, 0x27, 0x26, 0x34,
	0x37, 0x36, 0x3F, 0x01, 0x2E, 0x03, 0x27, 0x07, 0x06, 0x27, 0x22, 0x27,
	0x26, 0x27, 0x26, 0x3D, 0x01, 0x26, 0x23, 0x26, 0x22, 0x07, 0x22, 0x07,
	0x15, 0x14, 0x07, 0x06, 0x07, 0x06, 0x23, 0x06, 0x2F, 0x01, 0x0E, 0x01,
	0x07, 0x26, 0x27, 0x26, 0x35, 0x34, 0x35, 0x36, 0x37, 0x36, 0x37, 0x36,
	0x37, 0x36, 0x37, 0x36, 0x1F, 0x01, 0x16, 0x33, 0x36, 0x37, 0x36, 0x37,
	0x36, 0x3D, 0x01, 0x34, 0x37, 0x36, 0x37, 0x36, 0x37, 0x36, 0x33, 0x32,
	0x17, 0x16, 0x17, 0x16, 0x17, 0x16, 0x1D, 0x01, 0x14, 0x17, 0x16, 0x17,
	0x16, 0x17, 0x32, 0x3F, 0x01, 0x36, 0x17, 0x16, 0x17, 0x16, 0x17, 0x16,
	0x17, 0x16, 0x17, 0x16, 0x17, 0x16, 0x17, 0x14, 0x15, 0x14, 0x07, 0x06,
	0x0F, 0x01, 0x0E, 0x01, 0x14, 0x16, 0x1F, 0x01, 0x16, 0x17, 0x16, 0x15,
	0x14, 0x15, 0x06, 0x07, 0x06, 0x07, 0x06, 0x07, 0x06, 0x07, 0x06, 0x2F,
	0x01, 0x26, 0x23, 0x06, 0x07, 0x06, 0x07, 0x06, 0x1D, 0x01, 0x14, 0x07,
	0x06, 0x07, 0x06, 0x07, 0x06, 0x23, 0x22, 0x27, 0x26, 0x27, 0x26, 0x27,
	0x26, 0x3D, 0x01, 0x34, 0x27, 0x26, 0x27, 0x26, 0x27, 0x22, 0x0F, 0x01,
	0x06, 0x27, 0x26, 0x27, 0x26, 0x27, 0x26, 0x27, 0x26, 0x27, 0x26, 0x27,
	0x26, 0x27, 0x34, 0x35, 0x34, 0x37, 0x36, 0x3F, 0x01, 0x3E, 0x01, 0x34,
	0x26, 0x27, 0xD3, 0x1D, 0x22, 0x12, 0x11, 0x11, 0x12, 0x22, 0x1D, 0x03,
	0x08, 0x08, 0x08, 0x05, 0x1D, 0x22, 0x26, 0x23, 0x20, 0x1F, 0x12, 0x14,
	0x08, 0x08, 0x08, 0x10, 0x08, 0x08, 0x08, 0x14, 0x12, 0x1F, 0x20, 0x23,
	0x26, 0x22, 0x1D, 0x09, 0x10, 0x07, 0x1D, 0x22, 0x12, 0x11, 0x11, 0x12,
	0x22, 0x1D, 0x03, 0x08, 0x08, 0x08, 0x05, 0x1D, 0x22, 0x26, 0x23, 0x20,
	0x1F, 0x12, 0x14, 0x08, 0x08, 0x08, 0x10, 0x08, 0x08, 0x08, 0x14, 0x12,
	0x1F, 0x20, 0x23, 0x26, 0x22, 0x1D, 0x09, 0x10, 0x64, 0x0C, 0x07, 0x07,
	0x01, 0x01, 0x0F, 0x18, 0x19, 0x21, 0x0D, 0x12, 0x13, 0x10, 0x44, 0x08,
	0x09, 0x08, 0x07, 0x08, 0x04, 0x04, 0x0C, 0x0C, 0x12, 0x18, 0x18, 0x18,
	0x19, 0x18, 0x19, 0x18, 0x18, 0x12, 0x0C, 0x0C, 0x04, 0x04, 0x08, 0x07,
	0x08, 0x09, 0x08, 0x44, 0x10, 0x13, 0x12, 0x0D, 0x10, 0x0F, 0x0E, 0x0D,
	0x0C, 0x0A, 0x0A, 0x07, 0x01, 0x01, 0x07, 0x07, 0x0C, 0x45, 0x08, 0x08,
	0x08, 0x08, 0x45, 0x0C, 0x07, 0x07, 0x01, 0x01, 0x0F, 0x18, 0x19, 0x21,
	0x0D, 0x12, 0x13, 0x10, 0x44, 0x08, 0x09, 0x08, 0x07, 0x08, 0x04, 0x04,
	0x0C, 0x0C, 0x12, 0x18, 0x18, 0x18, 0x19, 0x18, 0x19, 0x18, 0x18, 0x12,
	0x0C, 0x0C, 0x04, 0x04, 0x08, 0x07, 0x08, 0x09, 0x08, 0x44, 0x10, 0x13,
	0x12, 0x0D, 0x10, 0x0F, 0x0E, 0x0D, 0x0C, 0x0A, 0x0A, 0x07, 0x01, 0x01,
	0x07, 0x07, 0x0C, 0x45, 0x08, 0x08, 0x08, 0x08, 0x02, 0x49, 0x11, 0x13,
	0x22, 0x1F, 0x48, 0x1F, 0x22, 0x13, 0x11, 0x07, 0x0E, 0x0E, 0x0E, 0x06,
	0x10, 0x14, 0x01, 0x13, 0x12, 0x1E, 0x21, 0x27, 0x21, 0x01, 0x01, 0x01,
	0x01, 0x21, 0x27, 0x21, 0x1E, 0x12, 0x13, 0x01, 0x14, 0x10, 0x0D, 0x1C,
	0x0E, 0x11, 0x13, 0x22, 0x1F, 0x48, 0x1F, 0x22, 0x13, 0x11, 0x07, 0x0E,
	0x0E, 0x0E, 0x06, 0x10, 0x14, 0x01, 0x13, 0x12, 0x1E, 0x21, 0x27, 0x21,
	0x01, 0x01, 0x01, 0x01, 0x21, 0x27, 0x21, 0x1E, 0x12, 0x13, 0x01, 0x14,
	0x10, 0x0D, 0x1C, 0x54, 0x07, 0x0D, 0x0C, 0x0E, 0x04, 0x04, 0x04, 0x04,
	0x2F, 0x2A, 0x2B, 0x24, 0x0E, 0x03, 0x03, 0x0A, 0x27, 0x05, 0x01, 0x04,
	0x04, 0x07, 0x08, 0x09, 0x4F, 0x12, 0x0F, 0x0E, 0x05, 0x05, 0x03, 0x02,
	0x02, 0x03, 0x06, 0x04, 0x0E, 0x0F, 0x13, 0x4E, 0x09, 0x08, 0x07, 0x04,
	0x04, 0x01, 0x05, 0x27, 0x0A, 0x03, 0x03, 0x0E, 0x11, 0x14, 0x14, 0x15,
	0x16, 0x16, 0x17, 0x17, 0x04, 0x04, 0x04, 0x04, 0x0E, 0x0C, 0x0D, 0x07,
	0x27, 0x05, 0x0E, 0x12, 0x0E, 0x05, 0x27, 0x07, 0x0D, 0x0C, 0x0E, 0x04,
	0x04, 0x04, 0x04, 0x2F, 0x2A, 0x2B, 0x24, 0x0E, 0x03, 0x03, 0x0A, 0x27,
	0x05, 0x01, 0x04, 0x04, 0x07, 0x08, 0x09, 0x4F, 0x12, 0x0F, 0x0E, 0x04,
	0x06, 0x03, 0x02, 0x02, 0x03, 0x06, 0x04, 0x0E, 0x0F, 0x13, 0x4E, 0x09,
	0x08, 0x07, 0x04, 0x04, 0x01, 0x05, 0x27, 0x0A, 0x03, 0x03, 0x0E, 0x11,
	0x14, 0x14, 0x15, 0x16, 0x16, 0x17, 0x17, 0x04, 0x04, 0x04, 0x04, 0x0E,
	0x0C, 0x0D, 0x07, 0x27, 0x05, 0x0E, 0x12, 0x0E, 0x05, 0x00, 0x00, 0x00,
	0x00, 0x02, 0x00, 0xA0, 0x00, 0x60, 0x01, 0xE0, 0x03, 0x20, 0x00, 0x0F,
	0x00, 0x2B, 0x00, 0x00, 0x25, 0x14, 0x16, 0x3B, 0x01, 0x32, 0x36, 0x35,
	0x11, 0x34, 0x26, 0x2B, 0x01, 0x22, 0x06, 0x15, 0x03, 0x11, 0x34, 0x37,
	0x36, 0x37, 0x36, 0x3B, 0x01, 0x32, 0x17, 0x16, 0x17, 0x16, 0x15, 0x11,
	0x14, 0x07, 0x06, 0x07, 0x06, 0x2B, 0x01, 0x22, 0x27, 0x26, 0x27, 0x26,
	0x01, 0x0B, 0x12, 0x0E, 0x2A, 0x0E, 0x12, 0x12, 0x0E, 0x2A, 0x0E, 0x12,
	0x6B, 0x13, 0x12, 0x20, 0x20, 0x26, 0x2A, 0x26, 0x20, 0x20, 0x12, 0x13,
	0x13, 0x12, 0x20, 0x20, 0x26, 0x2A, 0x26, 0x20, 0x20, 0x12, 0x13, 0xEB,
	0x0E, 0x12, 0x12, 0x0E, 0x01, 0xAA, 0x0E, 0x12, 0x12, 0x0E, 0xFE, 0x56,
	0x01, 0xAA, 0x26, 0x20, 0x20, 0x12, 0x13, 0x13, 0x12, 0x20, 0x20, 0x26,
	0xFE, 0x56, 0x26, 0x20, 0x20, 0x12, 0x13, 0x13, 0x12, 0x20, 0x20, 0x00,
	0x00, 0x02, 0x02, 0x20, 0x00, 0x60, 0x03, 0x60, 0x03, 0x20, 0x00, 0x0F,
	0x00, 0x2B, 0x00, 0x00, 0x25, 0x14, 0x16, 0x3B, 0x01, 0x32, 0x36, 0x35,
	0x11, 0x34, 0x26, 0x2B, 0x01, 0x22, 0x06, 0x15, 0x03, 0x11, 0x34, 0x37,
	0x36, 0x37, 0x36, 0x3B, 0x01, 0x32, 0x17, 0x16, 0x17, 0x16, 0x15, 0x11,
	0x14, 0x07, 0x06, 0x07, 0x06, 0x2B, 0x01, 0x22, 0x27, 0x26, 0x27, 0x26,
	0x02, 0x8B, 0x12, 0x0E, 0x2A, 0x0E, 0x12, 0x12, 0x0E, 0x2A, 0x0E, 0x12,
	0x6B, 0x13, 0x12, 0x20, 0x20, 0x26, 0x2A, 0x26, 0x20, 0x20, 0x12, 0x13,
	0x13, 0x12, 0x20, 0x20, 0x26, 0x2A, 0x26, 0x20, 0x20, 0x12, 0x13, 0xEB,
	0x0E, 0x12, 0x12, 0x0E, 0x01, 0xAA, 0x0E, 0x12, 0x12, 0x0E, 0xFE, 0x56,
	0x01, 0xAA, 0x26, 0x20, 0x20, 0x12, 0x13, 0x13, 0x12, 0x20, 0x20, 0x26,
	0xFE, 0x56, 0x26, 0x20, 0x20, 0x12, 0x13, 0x13, 0x12, 0x20, 0x20, 0x00,
	0x00, 0x00, 0x00, 0x0E, 0x00, 0xAE, 0x00, 0x01, 0x00, 0x00, 0x00, 0x00,
	0x00, 0x01, 0x00, 0x08, 0x00, 0x21, 0x00, 0x01, 0x00, 0x00, 0x00, 0x00,
	0x00, 0x02, 0x00, 0x07, 0x00, 0x39, 0x00, 0x01, 0x00, 0x00, 0x00, 0x00,
	0x00, 0x03, 0x00, 0x08, 0x00, 0x4E, 0x00, 0x01, 0x00, 0x00, 0x00, 0x00,
	0x00, 0x04, 0x00, 0x10, 0x00, 0x7E, 0x00, 0x01, 0x00, 0x00, 0x00, 0x00,
	0x00, 0x05, 0x00, 0x0B, 0x00, 0x00, 0x00, 0x01, 0x00, 0x00, 0x00, 0x00,
	0x00, 0x06, 0x00, 0x08, 0x00, 0x66, 0x00, 0x01, 0x00, 0x00, 0x00, 0x00,
	0x00, 0x08, 0x00, 0x0A, 0x00, 0xAE, 0x00, 0x03, 0x00, 0x01, 0x04, 0x09,
	0x00, 0x01, 0x00, 0x10, 0x00, 0x29, 0x00, 0x03, 0x00, 0x01, 0x04, 0x09,
	0x00, 0x02, 0x00, 0x0E, 0x00, 0x40, 0x00, 0x03, 0x00, 0x01, 0x04, 0x09,
	0x00, 0x03, 0x00, 0x10, 0x00, 0x56, 0x00, 0x03, 0x00, 0x01, 0x04, 0x09,
	0x00, 0x04, 0x00, 0x20, 0x00, 0x8E, 0x00, 0x03, 0x00, 0x01, 0x04, 0x09,
	0x00, 0x05, 0x00, 0x16, 0x00, 0x0B, 0x00, 0x03, 0x00, 0x01, 0x04, 0x09,
	0x00, 0x06, 0x00, 0x10, 0x00, 0x6E, 0x00, 0x03, 0x00, 0x01, 0x04, 0x09,
	0x00, 0x08, 0x00, 0x14, 0x00, 0xB8, 0x56, 0x65, 0x72, 0x73, 0x69, 0x6F,
	0x6E, 0x20, 0x31, 0x2E, 0x30, 0x00, 0x56, 0x00, 0x65, 0x00, 0x72, 0x00,
	0x73, 0x00, 0x69, 0x00, 0x6F, 0x00, 0x6E, 0x00, 0x20, 0x00, 0x31, 0x00,
	0x2E, 0x00, 0x30, 0x55, 0x6E, 0x74, 0x69, 0x74, 0x6C, 0x65, 0x64, 0x00,
	0x55, 0x00, 0x6E, 0x00, 0x74, 0x00, 0x69, 0x00, 0x74, 0x00, 0x6C, 0x00,
	0x65, 0x00, 0x64, 0x52, 0x65, 0x67, 0x75, 0x6C, 0x61, 0x72, 0x00, 0x52,
	0x00, 0x65, 0x00, 0x67, 0x00, 0x75, 0x00, 0x6C, 0x00, 0x61, 0x00, 0x72,
	0x55, 0x6E, 0x74, 0x69, 0x74, 0x6C, 0x65, 0x64, 0x00, 0x55, 0x00, 0x6E,
	0x00, 0x74, 0x00, 0x69, 0x00, 0x74, 0x00, 0x6C, 0x00, 0x65, 0x00, 0x64,
	0x55, 0x6E, 0x74, 0x69, 0x74, 0x6C, 0x65, 0x64, 0x00, 0x55, 0x00, 0x6E,
	0x00, 0x74, 0x00, 0x69, 0x00, 0x74, 0x00, 0x6C, 0x00, 0x65, 0x00, 0x64,
	0x55, 0x6E, 0x74, 0x69, 0x74, 0x6C, 0x65, 0x64, 0x20, 0x52, 0x65, 0x67,
	0x75, 0x6C, 0x61, 0x72, 0x00, 0x55, 0x00, 0x6E, 0x00, 0x74, 0x00, 0x69,
	0x00, 0x74, 0x00, 0x6C, 0x00, 0x65, 0x00, 0x64, 0x00, 0x20, 0x00, 0x52,
	0x00, 0x65, 0x00, 0x67, 0x00, 0x75, 0x00, 0x6C, 0x00, 0x61, 0x00, 0x72,
	0x49, 0x63, 0x6F, 0x4D, 0x6F, 0x6F, 0x6E, 0x2E, 0x69, 0x6F, 0x00, 0x49,
	0x00, 0x63, 0x00, 0x6F, 0x00, 0x4D, 0x00, 0x6F, 0x00, 0x6F, 0x00, 0x6E,
	0x00, 0x2E, 0x00, 0x69, 0x00, 0x6F, 0x00, 0x00, 0x00, 0x03, 0x00, 0x00,
	0x00, 0x00, 0x00, 0x00, 0x00, 0x00, 0x00, 0x00, 0x00, 0x00, 0x00, 0x00,
	0x00, 0x00, 0x00, 0x00, 0x00, 0x00, 0x00, 0x00, 0x00, 0x00, 0x00, 0x00,
	0x00, 0x00, 0x00, 0x00, 0x00, 0x01, 0x00, 0x01, 0xFF, 0xFF, 0x00, 0x0F,
	0x00, 0x00, 0x00, 0x01, 0x00, 0x01, 0x00, 0x01, 0x00, 0x00, 0x00, 0x0E,
	0x00, 0x00, 0x29, 0x29, 0x29, 0xFF, 0x00, 0x00, 0x00, 0x00, 0x00, 0x02,
	0x00, 0x00, 0x00, 0x0E, 0x00, 0x00, 0x00, 0x1A, 0x00, 0x04, 0x00, 0x55,
	0x00, 0x00, 0x00, 0x02, 0x00, 0x81, 0x00, 0x02, 0x00, 0x02, 0x00, 0xA7,
	0x00, 0x00, 0x00, 0xA8, 0x00, 0x00, 0x00, 0xA9, 0x00, 0x00, 0x00, 0xAA,
	0x00, 0x00, 0x00, 0x00
};
